:1000000000000420750300005D030000295B000070
:1000100061030000630300006503000000000000AE
:1000200000000000000000000000000041AC0100E2
:10003000690300000000000065AC01006D030000D2
:10004000E5B700006F030000F5B7000005210100CF
:100050001D2101006F03000041B200009D1001004E
:100060003D0D0100550D01006D0D01000D5B0000FF
:100070006F0300006F0300006F0300006F030000B8
:100080006F03000019B101006F0300006F0300004F
:100090006F0300006F0300006F0300006F03000098
:1000A0006F0300006F0300006F0300006F03000088
:1000B0006F0300006F03000000000000000000005C
:1000C0006F0300006F0300006F030000652F010045
:1000D0006F0300006F0300006F03000069F500006C
:1000E0006F03000029B900006F030000000000004A
:1000F000000000006F030000000000006F0300001C
:1001000000000000000000000000000000000000EF
:1001100000000000000000000000000000000000DF
:1001200000000000000000000000000000000000CF
:1001300000000000000000000000000000000000BF
:1001400000000000000000000000000000000000AF
:10015000000000000000000000000000000000009F
:10016000000000000000000000000000000000008F
:10017000000000000000000000000000000000007F
:10018000000000000000000000000000000000006F
:10019000000000000000000000000000000000005F
:1001A000000000000000000000000000000000004F
:1001B000000000000000000000000000000000003F
:1001C000000000000000000000000000000000002F
:1001D000000000000000000000000000000000001F
:1001E000000000000000000000000000000000000F
:1001F00000000000000000000000000000000000FF
:10020000354936480A1A02D0072291438D463449AF
:1002100034480A1A06D00722914381F30988022242
:1002200082F3148830483149314A00F044F83148AB
:100230003149324A00F03FF831483249324A00F041
:100240003AF832483249334A00F035F832483349F7
:10025000334A00F030F833483349344A00F02BF881
:1002600033483449344A00F026F8344834490022EF
:1002700000F02CF833483449002200F027F83348C6
:100280003349091A082902DB002202604160314A21
:1002900090471F481F49884205D00268043003B4C4
:1002A000904703BCF7E700208646EC46002000217B
:1002B000294A9047FEE7884207D0521A05D00378B2
:1002C00001300B700131013AF9D17047884202D0F8
:1002D00002700130FAE770470000042000E00320BC
:1002E000000004200000042010FD02000000002097
:1002F00010010020D0030000D0030000B8D5010099
:1003000010FD020000000020000000208CD601003B
:100310008CD601008CD601008CD601008CD6010051
:100320008CD601008CD601008CD6010010FD020095
:1003300020FE02001001002010010020100100200A
:10034000E85A0020E85A0020EC5A0020EC5A00201D
:10035000EC7A00209D030000E1370100FEE7FEE794
:10036000FEE7FEE7FEE7FEE7FEE7FEE7FEE7FEE765
:1003700000F002B8FFF7FCBF0F484FF007018843B9
:1003800085460E4880470E48016841F470010160BF
:10039000BFF34F8FBFF36F8FFFF732BF09480A4992
:1003A0000A4A884207D0521A05D0037801300B70F0
:1003B0000131013AF9D1704700000420A98D0100F4
:1003C00088ED00E08CD60100000000200000002035
:1003D00000487047E05A002000B5A1B00590049194
:1003E00003920293049806F000FE039B1593029B70
:1003F00016930023179300238DF860300023199380
:10040000229B1A9300231F930FA91F9B0C22049871
:1004100006F0C4FE0C231F93119B1293BDF84030CD
:10042000ADF84C30BDF84230ADF84E3000238DF8B9
:1004300051309DF83C3003F00303DBB2012B26D191
:100440000F9BC3F395231C939DF83C30C3F3C20369
:10045000DBB28DF85030BDF83C30C3F38313DBB210
:100460001B931B9B9A0009A91F9B049806F096FEFC
:100470001B9B9B001F9A13441F9312AA09A915AB3B
:10048000009313461B9A1C9800F098FF2FE09DF8EC
:100490003C3003F00303DBB2022B28D1BDF83E3021
:1004A000C3F389139BB21E939DF83C30C3F3C20380
:1004B000DBB28DF850301E9B082B28BF08231D93FC
:1004C00007A91F9B1D9A049806F068FE1F9A1D9BA2
:1004D00013441F931E9A1D9BD31A1E9315AB12AA89
:1004E00007A81D9901F00CF81E9B002BE3D104987E
:1004F00006F08AFD00BF21B05DF804FB00B583B0B3
:100500000190019B1B781A460C4B9B5C002B05D07D
:10051000019B043318460CF083FC0BE0019B1B7815
:100520001A46064B9B5C002B04D1019B0C331846EA
:100530000BF0FEFD00BF03B05DF804FBD409002002
:1005400000B587B00390029113468DF80730002361
:100550000593039B1B781A46114B9B5C002B09D01B
:10056000039B04339DF80720029918460CF0BAFC4F
:1005700005900FE0039B1B781A46094B9B5C002BF0
:1005800008D1039B0C339DF80720029918460BF005
:1005900047FE0590059B184607B05DF804FB00BFB9
:1005A000D409002082B001900091034B01221A70FF
:1005B00000BF02B0704700BF5001002030B58DB0C1
:1005C00003468DF807301A4B02AC1D460FCD0FC401
:1005D00095E80F0084E80F00062302934FF0FF33E5
:1005E00003934FF0FF3304934FF0FF3305934FF025
:1005F000EB7308939DF80730002B01D00D4A00E003
:10060000002202AB19460C4809F070FC0B900B9BC2
:100610000A930A9B002B04D0084A43210A9801F050
:1006200033F8074A9DF80730137000BF0DB030BD96
:10063000F4D60100A5050000000000208CD60100C2
:100640005101002000B589B0039002910192019BF5
:100650008DF81F30124B00221A709DF81F301A4679
:1006600002991048FFF76CFF0690069B0593059BC7
:10067000002B04D00C4A5321059801F005F800BF67
:100680000A4B1B78002B07D0054B1B78DBB283F09D
:100690000103DBB2002BF3D100BF09B05DF804FB0E
:1006A00050010020000000208CD6010051010020E4
:1006B00000B585B003900291054B00934023054A95
:1006C00002990398FFF788FE00BF05B05DF804FBB0
:1006D000450600001001002082B0019000BF02B06A
:1006E0007047000000B583B001900548FFF706FF92
:1006F0000020FFF763FF00BF03B05DF804FB00BFFD
:100700000000002000B583B001900091019B1B68A0
:100710001B6800990198984700BF03B05DF804FB7F
:1007200000B583B00190019B1B685B6801989847F6
:1007300000BF03B05DF804FB00B583B00190019BDE
:100740001B689B680198984700BF03B05DF804FBE5
:1007500082B00190019BDB6801225A7100BF02B098
:10076000704782B00190019BDB685B79184602B04C
:1007700070470000024A034BD31ADB081846704743
:1007800068D60100B8D5010000B587B001900B46CE
:100790008DF803309DF80330002B1FD0FFF7EAFFE0
:1007A00004900023059313E0059B9B000E4A13441D
:1007B0000393039B1B881A46019B1B689A4204D132
:1007C000019B059A1A60002309E0059B01330593FC
:1007D000059A049B9A42E7D3052300E000231846BC
:1007E00007B05DF804FB00BF0000002000B585B035
:1007F00001900B468DF803309DF8032001AB1146A4
:100800001846FFF7C1FF0346002B07D1019BDB0011
:10081000054A13440393039B1B6800E0002318461A
:1008200005B05DF804FB00BFB8D5010084B00190AD
:100830000B468DF80330019BDB00174A13440293EB
:100840009DF80330013B032B1CD801A252F823F082
:100850006108000069080000710800007B080000C2
:1008600002238DF80F3011E004238DF80F300DE0D6
:10087000029B1B798DF80F3008E0029B5B798DF8A5
:100880000F3003E000238DF80F3000BF9DF80F30CC
:10089000184604B0704700BFB8D5010084B001907D
:1008A000009100238DF80F30019B1B7803F00403A7
:1008B000DBB2002B24D0019B1B78C3F30103DBB216
:1008C000012B02D0022B0CD017E0009B1B68019A71
:1008D0001288C2F38312D2B21344DA1C009B1A604E
:1008E0000BE0009B1B68019A5288C2F3891292B2F6
:1008F0001344DA1C009B1A6000BF01238DF80F30EF
:100900009DF80F30184604B07047000000B58BB05A
:100910000023ADF826303E4805F0BDFB3D4805F00C
:10092000BAFB3D4B9B6804933C4B1B680693049AAF
:10093000069B134002339B00374A13440433089349
:1009400004AB19460898FFF7A9FF0346002B09D00E
:10095000049A069B134002339B002F4A134404332E
:100960000893EDE700BF0023079311E0049B5A1C96
:100970000492069A1340079A920001A90A44264954
:1009800002339B000B445B681360079B01330793A2
:10099000079B022BEAD99DF80430C3F30103DBB2B5
:1009A000012B10D0022B1CD1BDF80A30ADF8263037
:1009B000BDF80630C3F389139BB203339A08049B36
:1009C0001344049313E0BDF80A30ADF82630BDF8A7
:1009D0000430C3F38313DBB21A46049B134404931D
:1009E00005E00F494FF4C27005F0ACF900BF0948AB
:1009F00005F05DFB0590059B002B02D0049B064A89
:100A00009360BDF8263018460BB05DF804FB00BFBC
:100A10003C06002038060020240200201C00002094
:100A2000A4D7010000B585B00021074805F0A2FA5F
:100A30000390039B0293029B83F310030193019B9A
:100A4000184605B05DF804FB4006002010B588B0DC
:100A50000390029101920093039B1B0C0793FFF7F5
:100A6000E1FF0690FFF786FE0246079B934204D300
:100A7000284940F2A91005F065F9069B1904009B6E
:100A80005A1C0A9B1340079A0A43234902339B00CE
:100A90000B445A60204BD3F80C34009A911C0A9AEC
:100AA00001EA0204984702461B49A31C9B000B4421
:100AB0005A60009A0A9B134002339B00164A134463
:100AC00004330593039B03F00703D9B2059A137807
:100AD00061F3C5031370019B03F00F03D9B2059AAC
:100AE000138861F389131380029BC3F31501059AE0
:100AF000136861F39F231360059A1378012161F352
:100B000001031370059A13786FF38203137000BF0B
:100B100008B010BDA4D701002402002000BF704718
:100B200000B58BB00390029113468DF80730039BFC
:100B30000333089301238DF81F30002004F082FF57
:100B40003E4B5A68029B1A603D4B1A683B4B9968B2
:100B50003A4B5B68CB1A13440133099314E001212B
:100B6000384805F04EFAFFF7D1FE05900599354853
:100B700005F047FA324B1A68304B99682F4B5B6887
:100B8000CB1A134401330993089A099B9A42E6D879
:100B90009DF81F30002B48D0002304939DF80730A8
:100BA000002B17D09DF81030012262F301038DF85D
:100BB00010309DF8103043F004038DF81030039B83
:100BC00003F00F03DAB2BDF8103062F38913ADF809
:100BD000103016E09DF81030022262F301038DF808
:100BE00010309DF8103043F004038DF81030039B53
:100BF000C3F309039AB2BDF8123062F38F13ADF854
:100C000012300E4B5A680E4B1B68134002339B0088
:100C10000A4A134404330693049A069B1A60074B4E
:100C20005A68089B1344054A5360002004F01EFFD5
:100C30009DF81F3018460BB05DF804FB240200201D
:100C40001C0000204006002000B58BB005900491E8
:100C500003920293204B1B68079306AB01221946AF
:100C60000298FFF75DFF0346002B24D0069B033359
:100C700009930023089311E0089B9B00039A1A44F0
:100C8000099B591C099107990B40126813490233BB
:100C90009B000B445A60089B01330893089A029BFF
:100CA0009A42E9D3069A079B00931346029A049945
:100CB0000598FFF7CBFE094B1B78002B05D000BF32
:100CC00000F098F80346002BFAD1FFF727FF00BF8A
:100CD0000BB05DF804FB00BF1C00002024020020C4
:100CE00000B583B001900091002300220099019883
:100CF000FFF7AAFF00BF03B05DF804FB00B587B0A3
:100D0000039002910192019B059305AA0123029988
:100D10000398FFF799FF00BF07B05DF804FB00B52B
:100D200087B00390029101920093019B0493009B72
:100D3000059304AA022302990398FFF785FF00BFD9
:100D400007B05DF804FB00B589B0039002910192F1
:100D50000093019B0593009B06930A9B079305AAAA
:100D6000032302990398FFF76FFF00BF09B05DF8F6
:100D700004FB00B589B00390029101920093019B9E
:100D80000493009B05930A9B06930B9B079304AA6D
:100D9000042302990398FFF757FF00BF09B05DF8DD
:100DA00004FB00B58BB00390029101920093019B6C
:100DB0000593009B06930C9B07930D9B08930E9B3A
:100DC000099305AA052302990398FFF73DFF00BF89
:100DD0000BB05DF804FB0000054B9A68044B5B68A0
:100DE0009A420CBF01230023DBB21846704700BFB4
:100DF0002402002000B599B0FFF7EEFF0346002B58
:100E000001D00023B9E19B4B0022C3F81824BFF3A3
:100E10004F8F00BF974B9B680493974B1B681093B1
:100E2000049A109B134002339B00924A13440433EC
:100E30001193002317930023169300230F9304AB01
:100E400019461198FFF72AFD0346002B19D0894B4C
:100E5000D3F81834002B14D1864B5A68049B9A425D
:100E600005D8844B5B68834A9360002385E1049A2C
:100E7000109B134002339B007E4A134404331193AA
:100E8000DDE70023159311E0049B5A1C0492109A8D
:100E90001340159A920001A90A44764902339B0037
:100EA0000B445B681360159B01331593159B022B54
:100EB000EAD99DF8043003F00303DBB2022B40F0C3
:100EC0009C80BDF80630C3F389139BB20D93BDF827
:100ED0000630C3F389139BB2502B28BF50239BB21B
:100EE0000C930C9BC3F309039AB2BDF8063062F36E
:100EF0008F13ADF806300C9B0C330B939DF8043028
:100F0000C3F3C203DBB20F930B995C4805F0DCFF1F
:100F10001790179B002B00F0D380179806F065F808
:100F200001A9169B0C22179806F01AF9169B0C3390
:100F30001693049BDA43109B134001339B000A93E2
:100F40000C9A0A9B9A4242D90A9B002B08D0049A19
:100F5000109B134002339B00464A1344043300E0C5
:100F6000474B08930A9B002B02D00A9BDBB201E09F
:100F70000C9BDBB28DF81F300A9B002B01D0404B3D
:100F800000E0002306930A9B002B06D00C9BDAB2EC
:100F90000A9BDBB2D31ADBB200E000238DF81730D6
:100FA0009DF81F20169B0899179806F0D9F89DF810
:100FB0001F30169A13441693069B002B16D09DF8EB
:100FC0001720169B0699179806F0CAF80EE0049AA7
:100FD000109B134002339B00264A134404330993A9
:100FE000169B0C9A0999179806F0BAF80D9B0333D3
:100FF0009A08049B1344049362E09DF8043003F0C4
:101000000303DBB2012B5BD1BDF80430C3F38313C0
:10101000DBB2062B28BF0623DAB2BDF8043062F338
:101020008913ADF80430BDF80430C3F38313DBB289
:1010300003330E939DF80430C3F3C203DBB20F9366
:101040000E9B9B0019460D4805F03EFF1790179B1D
:10105000002B35D0179805F0C8FF01A9169B0C226C
:10106000179806F07DF8169B0C3316930023159302
:101070001DE000BF240200201C00002078D60100E3
:1010800030020020049B5A1C0492109A1340023331
:101090009B003C4A1344191D169B0422179806F026
:1010A0005FF8169B04331693159B01331593BDF817
:1010B0000430C3F38313DBB21A46159B9342E1D38A
:1010C000179B002B39D02F4BD3F8103414932D4B92
:1010D000D3F81834002B1BD0179805F095FF46E085
:1010E00000238DF84F301498FFF73BFB0346002B8D
:1010F00002D001238DF84F309DF84F30002B03D0E4
:1011000017991498FFF7FEFA149BDB681B68149379
:10111000149B002BE4D1179805F076FF002004F013
:1011200091FC184BD3F81834002B02D1049B154ABC
:101130009360002004F09AFC19E0124BD3F81034AD
:10114000129306E01298FFF7F7FA129BDB681B6810
:101150001293129B002BF5D10B4A0C4BD31ADB08D0
:101160001B0443F002030A491846FFF7B9FDFFF7D5
:1011700033FE034683F00103DBB2184619B05DF875
:1011800004FB00BF2402002010D60100B8D50100E6
:1011900008D8010000B583B00C4BD3F8103401938C
:1011A0000A4B01221A7009E00198FFF7D1FA019861
:1011B000FFF7B6FA019BDB681B680193019B002BCC
:1011C000F2D100BF00BF03B05DF804FB2402002091
:1011D00000B58DB0059004912F4B1B68049AB2FBAB
:1011E000F3F304932D4B1B68049AB2FBF3F30B93B8
:1011F0000B9B2B4AA2FB0323DB0A0A930A9B4FF4A7
:10120000616202FB03F30B9AD31A0B930B9B254AE3
:10121000A2FB03235B090993099A13461B019B1A3E
:101220009B001A460B9B9B1A0B931C4B1A68049B42
:10123000B3FBF2F101FB02F29B1A0893089B4FF4F7
:101240007A7203FB02F2154B1B68B2FBF3F30793B0
:10125000089B4FF47A7203FB02F2104B1B6807994C
:1012600001FB03F3D31A4FF47A7203FB02F20B4B28
:101270001B68B2FBF3F30693069B0293079B019353
:101280000B9B0093099B0A9A0749059805F070FA91
:1012900000BF0DB05DF804FB4806002044060020A6
:1012A000C5B3A2918988888884D8010010B584B01C
:1012B00003900291039BDB88002B0AD0039BDB8801
:1012C0001A461F4B009313461E4A1F49029805F009
:1012D0004FFA039B1B7A052B2ED0039B5B7A002BC6
:1012E00012D0039B9B881A46039B1B7A1946104613
:1012F000FFF79CFA03461A46144B53F822301A465D
:101300001349029805F034FA039B1B6819460298AA
:10131000FFF75EFF039B1B7A1A460E4B53F82240E1
:10132000039B9B8800211846FFF760FA034622467C
:101330000949029805F01CFA00BF04B010BD00BFB7
:101340003CD801004CD80100A0D801003400002096
:10135000B8D8010020000020BCD8010000B585B03D
:101360000390029113468DF80730039B1B7A052BDF
:101370000FD0039B5B7A002B06D00D4B1B681A46DF
:101380000C49029805F0F4F90B49029805F0F0F9C0
:1013900007E09DF80730002B03D00749029805F0BD
:1013A000E7F9029805F0C2F900BF05B05DF804FB4B
:1013B00034000020B8D80100C8D8010030B58BB087
:1013C00007900691059204930E9B1B7B8DF82730A6
:1013D0000E9B00221A730E990498FFF767FF059B76
:1013E000062B7FD801A252F823F000BF0914000099
:1013F00013140000231400003714000055140000DB
:101400007D140000AD14000007990E9805F0B0F9A6
:1014100069E0069B1B681A4607990E9805F0A8F923
:1014200061E0069B1A68069B04331B6807990E98B7
:1014300005F09EF957E0069B1A68069B043319686D
:10144000069B08331B6800930B4607990E9805F01E
:101450008FF948E0069B1968069B04331868069BC1
:1014600008331B68069A0C321268019200930346F7
:101470000A4607990E9805F07BF934E0069B186838
:10148000069B04331C68069B08331B68069A0C32C3
:10149000126806991031096802910192009323465F
:1014A000024607990E9805F063F91CE0069B1C683C
:1014B000069B04331D68069B08331B68069A0C3292
:1014C0001268069910310968069814300068039074
:1014D0000291019200932B46224607990E9805F03F
:1014E00047F900E000BF00220E990498FFF736FF8D
:1014F0000E9B9DF827201A7300BF0BB030BD00BFB4
:1015000000B587B00390029101920093029B082BD3
:1015100060D8009B1B7B8DF81330009B00221A7350
:1015200000990198FFF7C2FE0023059314E0059A85
:10153000029B9A4209D2039A059B13441B781A46D0
:101540002649009805F014F903E02549009805F0B4
:101550000FF9059B01330593059B072BE7D921491B
:10156000009805F005F90023059326E0059A029BF3
:101570009A421BD2039A059B13441B788DF81230B4
:101580009DF812307E2B0AD89DF8123018461AF0BA
:1015900099FE0346002B02D09DF8123000E02E2366
:1015A0001A461149009805F0E3F803E00F49009846
:1015B00005F0DEF8059B01330593059B072BD5D974
:1015C000012200990198FFF7C9FE009B9DF81320A6
:1015D0001A7300E000BF07B05DF804FBCCD801002F
:1015E000D4D80100D8D80100DCD80100E0D801002F
:1015F00086B003900291019201238DF817309DF877
:101600001730204A039B13601E4A029B53601D4AF9
:10161000019B9360039B44F20102934212D0039B0F
:1016200044F20202934220D1019B164AD360154B2B
:10163000DB681B68134A9361124BDB685B68114AD5
:10164000D36112E0019B0F4A13610E4B1B699B682B
:101650000C4A53610B4B1B691B680A4A9361094B87
:101660001B695B68074AD36100BF72B600BF00BF49
:101670009DF81730DBB2002BFAD162B600BF00BF75
:1016800006B070474C06002000B583B00290009170
:10169000019244F2010071466A4600F003F803B07B
:1016A00000BD00BF30B58BB007900691059272B6B1
:1016B00000BFFFF76FFD00BFFFF79CFB0346002B49
:1016C000FAD1079B44F20102934216D0079B44F2E1
:1016D000020293423ED1059B09932C4A2C4BD31A0C
:1016E000DB081B0443F00100099B5B681A46099B59
:1016F0001B682849FFF713FB39E0059B0893234A31
:10170000234BD31ADB081B0443F00104089B9D689C
:10171000089B9B68184605F061FD03461846089B28
:101720005B681946089B1B68069A02920193009118
:1017300003462A4618492046FFF733FB134A144B49
:10174000D31ADB081B0443F0010314491846FFF7C2
:10175000C7FA0CE00D4A0E4BD31ADB081B0443F00A
:101760000103069A0E491846FFF7C8FA00BF0D4B51
:101770001B6803F00103002B00D000BE059A0699F8
:101780000798FFF735FF00BF0BB030BD10D6010042
:10179000B8D501004CD9010068D9010090D90100E9
:1017A000A4D90100F0ED00E000B583B00190019BE9
:1017B0001B68184600F0B1F80346002B04D10B4912
:1017C0004FF4F67004F0BEFA019B1B681F2B02D881
:1017D0004FF0A04306E0019B1B6803F01F02019B32
:1017E0001A60034B184603B05DF804FBBCD9010036
:1017F0000003005000B585B00190084611461A4616
:1018000003468DF803300B468DF8023013468DF8F1
:10181000013001AB1846FFF7C7FF03909DF8032086
:101820009DF802305B001A439DF801309B001A437B
:101830009DF818301B0242EA03019DF81C301B047E
:10184000019A1943039B02F5E07243F8221000BF8E
:1018500005B05DF804FB00B585B00390002301934B
:10186000002300930023012201210398FFF7C2FF08
:1018700000BF05B05DF804FB00B585B003900B46D2
:101880008DF80B309DF80B3000220192002200925F
:10189000002200210398FFF7ADFF00BF05B05DF8FF
:1018A00004FB00B585B0019001AB1846FFF77CFF43
:1018B0000390019B012202FA03F31946039800F0FA
:1018C00018F800BF05B05DF804FB00B585B00190C5
:1018D00001AB1846FFF768FF0390019B012202FA53
:1018E00003F31946039800F00EF800BF05B05DF849
:1018F00004FB82B001900091019B009AC3F8082577
:1019000000BF02B0704782B001900091019B009A25
:10191000C3F80C2500BF02B0704784B00190019B52
:101920005B09029300230393029B002B03D0029BCD
:10193000012B04D007E04FF0FF33039303E04FF691
:10194000FF73039300BF019B03F01F030193039AEE
:10195000019B22FA03F303F00103002B14BF0123C0
:101960000023DBB2184604B0704782B001900091AA
:10197000009A019BC3F8242500BF02B0704700B550
:1019800083B00190019B0433184611F0F3F800BFB7
:1019900003B05DF804FB00B58FB003900291009393
:1019A00013468DF8073000230D93029B09939DF891
:1019B00007300A93009B0B939DF840300C93039BD8
:1019C000043309A90022184611F022FA0D900D9B4C
:1019D00018460FB05DF804FB00B589B0059003927E
:1019E0001A460B468DF8133013468DF812300F4B04
:1019F00093F858301846FFF768FF9DF813209DF8BC
:101A000012300093039B05990948FFF7C4FF079024
:101A1000079B0693069B002B04D0064AF0210698EC
:101A2000FFF732FE00BF09B05DF804FB6C06002032
:101A30003CDA0100E0D9010008B5044B4FF08041C9
:101A40001846FFF792FF00BF08BD00BF00300240FC
:101A500088B00190019B1B789B098DF81F309DF881
:101A60001F30022B06D0022B49DC002B02D0012BA9
:101A700030D044E0019B08331B789B09DBB21A4647
:101A8000019B07331B789B001A44019B06331B788C
:101A90009B0203F4406313440593019B05331B78B9
:101AA00003F00F030493019B0A331B78DB09DBB2BD
:101AB0001A46019B09331B785B0003F006031344AD
:101AC0000393059B5A1C0499039B0B44073B02FAA2
:101AD00003F316E0019B09331B781A46019B083378
:101AE0001B781B021A44019B07331B781B0403F469
:101AF0007C1313440693069B01339B0201E000BF55
:101B00000023184608B0704700B585B00346009121
:101B10008DF8073013468DF80630594B93F8233073
:101B2000002B01D01123A7E000238DF80F30544B78
:101B3000012283F823209DF90730002B1EDA0623AB
:101B40008DF80F304E4B022283F823204C4B772226
:101B500083F828204A4B002283F82920484B002292
:101B600083F82A20464B002283F82B20444B002286
:101B700083F82C20424BFF2283F82D209DF80F3054
:101B80009DF8072002F07F02D1B23D4A13440A4675
:101B900083F82820009B1A0E9DF80F300133D1B234
:101BA000374A13440A4683F82820009B1A0C9DF8F4
:101BB0000F300233D1B2324A13440A4683F8282048
:101BC000009B1A0A9DF80F300333D1B22C4A1344FC
:101BD0000A4683F828209DF80F300433009AD1B2CA
:101BE000274A13440A4683F828209DF80730402BE3
:101BF00002D0482B04D007E095238DF80E3007E083
:101C000087238DF80E3003E0FF238DF80E3000BFE0
:101C10009DF80F3005331A4A13449DF80E2083F8BF
:101C200028209DF80630022B02D0032B05D009E0B6
:101C3000134B052283F8242009E0114B052283F879
:101C4000242004E00E4B012283F8242000BF9DF9DC
:101C50000730002B03DB0A4B93F8243000E001230C
:101C60008DF80D309DF80D300E33DBB2054A06219C
:101C70000548FFF7B1FE0023184605B05DF804FBE8
:101C80006C060020A40600209406002000B589B050
:101C9000039001930B468DF80B301346ADF80830D6
:101CA00001238DF81F30AA4BDB8BB3F5F67F00F0D4
:101CB0003281B3F5F67F00F34081B3F5F07F00F099
:101CC0000B81B3F5F07F00F3388140F2D9129342D3
:101CD00000F0E380B3F5ED7F80F22F81002B05D07B
:101CE00040F2C712934200F09E8026E1BDF8083012
:101CF000002B04D197494FF4C87004F023F8944B9B
:101D00009B8A002B04D1934940F2911004F01AF8F9
:101D10008F4B9A8A8E4BDA82E7E08D4B00221A8431
:101D20008B4BFF2283F82820894B00221A83884B93
:101D3000032283F823207CE0854B1B8C01339AB26D
:101D4000834B1A84824B1B8C44F6206293420FD93A
:101D5000019B02221A707E4B0022DA830223F3E0F9
:101D6000039B013303939DF80B30013B8DF80B303F
:101D70009DF80B30002B03D0039B1B78FF2BEFD07B
:101D80009DF80B30002B41D0039B1B78FE2B35D1E7
:101D9000039B013303939DF80B30013B8DF80B300F
:101DA0006B4B042283F823209DF80B309BB2BDF8C7
:101DB0000820934228BF1346ADF814300023069341
:101DC0000BE0039A069B1A44614BD968069B0B44AF
:101DD00012781A70069B01330693BDF81430069AE8
:101DE0009A42EED35A4ABDF814301383584BDA683E
:101DF000BDF814301344564AD3601AE0019B052203
:101E00001A70534B0022DA8302239DE01023524ABA
:101E100001215248FFF7E0FD00238DF81F304C4BA5
:101E200040F2C712DA839DF81F30002B01D1012345
:101E30008AE0474B93F82330032B3FF47DAF32E029
:101E4000434B1B8BBDF80820D31AADF81630BDF8F4
:101E50001630F02B02D9F023ADF816303C4BDA687F
:101E6000BDF81630DBB201213C48FFF7B5FD384B19
:101E7000DA68BDF816301344354AD360344B1A8BF8
:101E8000BDF8163013449AB2314B1A8300238DF8F3
:101E90001F302F4B40F2D912DA839DF81F30002BF0
:101EA00001D1012350E02A4B1B8BBDF808209A4238
:101EB000C6D8274BDB8A013B9AB2254BDA82022334
:101EC000254A01212548FFF787FD00238DF81F30A3
:101ED0001F4B4FF4F072DA839DF81F30002B01D1B5
:101EE000012331E000238DF80B30194BDB8A002BE6
:101EF0007FF413AF164BFF2283F828200223164AE3
:101F000001211648FFF768FD00238DF81F30104BA4
:101F10004FF4F672DA839DF81F30002B01D10123B4
:101F200012E00B4B002283F82320019B00221A7041
:101F3000074B0022DA83022306E000238DF81F30CE
:101F4000034B0022DA830323184609B05DF804FB33
:101F50006C060020E0D90100A406002094060020B1
:101F600000B593B003900B4601928DF80B30039BA4
:101F70001B788DF84730039B01331B781A06039BAF
:101F800002331B781B041A43039B03331B781B0289
:101F90001343039A043212781343109301238DF8EC
:101FA0004630BE4B9B8BB3F51C7F00F3EB82B3F541
:101FB000137F16DCB3F50E7F00F08C81B3F50E7F36
:101FC00000F3E082002B00F09380002BC0F2DA8255
:101FD00040F22622934200F3D582B3F5047F51DA12
:101FE000D0E2A3F24D23232B00F2CC8201A252F8BF
:101FF00023F000BF95230000852500008525000003
:10200000852500008525000085250000FB230000B4
:102010008525000085250000852500008525000018
:102020008525000085250000852500008525000008
:1020300085250000852500008525000085250000F8
:1020400085250000772400008525000085250000F7
:1020500085250000852500008525000085250000D8
:10206000852500008525000085250000DB24000073
:1020700085250000852500008525000085250000B8
:1020800021250000A3F50473162B00F27B8201A228
:1020900052F823F02121000085250000852500004D
:1020A0005D210000852500008525000085250000B4
:1020B0008525000085250000B7210000852500004A
:1020C0008525000085250000852500008525000068
:1020D0008525000085250000852500008525000058
:1020E000852500008525000085250000452200008B
:1020F000012200214020FFF707FD0F900F9B0E9358
:102100000E9B002B05D0664A40F20F210E98FFF778
:10211000BBFA00238DF84630604B4FF404729A836B
:102120009DF84630002B01D1012332E2012200212B
:102130004020FFF7E9FC0F900F9B0D930D9B002BA8
:1021400005D0574A40F212210D98FFF79DFA00235F
:102150008DF84630514B40F213229A839DF8463059
:10216000002B01D1012314E29DF8473023F0030333
:10217000002B07D0019B04221A70484B00229A833F
:10218000022306E203224FF4D5714820FFF7BCFC7E
:102190000F900F9B0C930C9B002B05D0404A4FF4E3
:1021A00006710C98FFF770FA00238DF846303B4B10
:1021B00040F219229A839DF84630002B01D1012369
:1021C000E7E19DF8473003F00403002B13D1334AB5
:1021D000937A032161F3020393729DF8473023F051
:1021E0000303002B07D0019B04221A702B4B002203
:1021F0009A830223CDE1294B00221A84274B9B7A34
:1022000003F00703DBB2032B02D14FF0804300E061
:1022100000230B9302220B99E920FFF775FC0F9026
:102220000F9B0A930A9B002B05D01D4A40F22521E3
:102230000A98FFF729FA00238DF84630174B40F231
:1022400026229A839DF84630002B01D10123A0E17C
:102250009DF8473003F00403002B56D00F4A937AC1
:10226000012161F3020393729DF8473023F00403C8
:102270008DF84730094B1B8C01339AB2074B1A84F7
:10228000064B1B8CB3F5FA6F0CD9019B02221A7016
:10229000024B00229A8302237BE100BF6C060020E0
:1022A000E0D90100022200214120FFF72DFC0F9010
:1022B0000F9B0793079B002B05D0A64A40F23721BE
:1022C0000798FFF7E1F900238DF84630A24B4FF451
:1022D0000E729A839DF84630002B01D1012358E1FC
:1022E0009DF8473023F00303002B07D0019B042205
:1022F0001A70994B00229A8302234AE19DF84730D5
:1023000003F00103002BB5D195E09DF8473023F091
:102310000303002B52D0019B04221A708E4B002223
:102320009A83022335E18C4B1B8C01339AB28A4B82
:102330001A84894B1B8CB3F5FA6F07D9019B0222D3
:102340001A70854B00229A83022322E1824B9B7AEA
:1023500003F00703DBB2032B02D14FF0804300E010
:1023600000230B9302220B99E920FFF7CDFB0F907E
:102370000F9B0893089B002B05D0764A4FF41371EE
:102380000898FFF781F900238DF84630724B40F230
:102390004D229A839DF84630002B01D10123F8E0AD
:1023A0009DF8473023F00303002B08D0019B042243
:1023B0001A70694B00229A830223EAE000BF9DF85D
:1023C000473003F00103002BADD1022200217A2017
:1023D000FFF79AFB0F900F9B0993099B002B05D0E9
:1023E0005C4A40F252210998FFF74EF900238DF81C
:1023F0004630594B40F253229A839DF84630002BC9
:1024000001D10123C5E09DF8473023F00303002BE1
:1024100007D0019B04221A704F4B00229A8302239B
:10242000B7E0109B03F08043002B04D04A4A937A14
:1024300043F008039372484B9B7A03F00703DBB227
:10244000032B2CD001224FF400715020FFF75CFBCE
:102450000F900F9B0693069B002B05D03D4A4FF42F
:1024600018710698FFF710F900238DF846303A4BA3
:1024700040F261229A839DF84630002B01D101235E
:1024800087E09DF8473023F00303002B07D0019B22
:1024900004221A70304B00229A83022379E02E4BDB
:1024A0002E4ADA602C4B01229A8201220021492017
:1024B000FFF72AFB0F900F9B0593059B002B05D080
:1024C000244A40F26A210598FFF7DEF800238DF8D0
:1024D0004630214B40F26B229A839DF84630002B08
:1024E00001D1012355E09DF8473023F00303002B71
:1024F00007D0019B04221A70174B00229A830223F3
:1025000047E0039B013303939DF80B30013B8DF8AB
:102510000B30114B0022DA830F4B4FF41C729A835D
:102520000DF113039DF80B1010220398FFF7AEFB7B
:102530000346012B01D800232BE09DF81330002B1C
:102540000ED09DF81320019B1A70034B00229A8332
:1025500002231EE0E0D901006C060020B406002032
:102560000E48FFF775FA03460D4A53600C4B4FF4C3
:1025700000721A81019B00221A70094B00229A8373
:10258000022306E000238DF84630054B00229A8393
:102590000323184613B05DF804FB00BFB406002007
:1025A0006C06002000B589B003900B4601928DF8AF
:1025B0000B3001238DF81F30404B9B8B40F2A22241
:1025C000934261D040F2A22293426BDC002B03D0F5
:1025D000B3F5267F21D065E0039B1B788DF81E3074
:1025E0009DF81E3023F00303002B07D0019B04222B
:1025F0001A70324B00229A8302235AE0039B013364
:1026000003939DF80B30013B8DF80B302B4B0022D0
:10261000DA832A4B4FF426729A830DF113039DF847
:102620000B104FF400720398FFF730FB0346012BA9
:1026300001D800233DE09DF81330002B08D09DF811
:102640001320019B1A701D4B00229A83022330E055
:102650001A4B9B8A012B1DD9012200214C20FFF728
:1026600053FA0690069B0593059B002B05D0144A50
:1026700040F2A1210598FFF707F800238DF81F30DD
:102680000E4B40F2A2229A839DF81F30002B01D1FD
:1026900001230EE0019B00221A70084B00229A834E
:1026A000022306E000238DF81F30044B00229A839A
:1026B0000323184609B05DF804FB00BF6C06002038
:1026C000E0D9010000B58DB003900B4601928DF862
:1026D0000B3001238DF82F30AC4B9B8BB3F54C7F27
:1026E00000F0C781B3F54C7F00F3EC81B3F5487F70
:1026F00000F09081B3F5487F00F3E48140F20A32A4
:10270000934200F03A8140F20A32934200F3DA81B8
:10271000B3F53B7F00F0E380B3F53B7F00F3D2815C
:10272000B3F5397F00F0B880B3F5397F00F3CA8183
:1027300040F2D322934200F08180B3F5357F80F2DE
:10274000C181002B04D040F2C322934237D0B9E1BB
:10275000039B1B788DF823309DF8233023F003036F
:10276000002B07D0019B04221A70884B00229A8309
:102770000223AEE1854B9B7A03F00703DBB2012B0A
:1027800035D0824B9B8A012B31D9804B1B690122AA
:1027900019465920FFF7B8F90790079B0693069B47
:1027A000002B05D07A4A40F2C2210698FEF76CFF52
:1027B00000238DF82F30754B40F2C3229A839DF889
:1027C0002F30002B01D1012383E1039B1B788DF86F
:1027D00023309DF8233023F00303002B07D0019B07
:1027E00004221A70694B00229A83022371E1674B1D
:1027F0009A8A664BDA82EFE0644B00221A83634BBD
:10280000042283F82320614BFF2283F828205F4BAA
:102810009B8A012B01D9FC2200E0FE225B4B83F84E
:10282000292002235B4A02215B48FFF7D5F80023E9
:102830008DF82F30554B40F2D3229A839DF82F30DC
:10284000002B2FD1012344E1504B1B8BC3F50073A8
:10285000ADF82C30BDF82C30F02B02D9F023ADF8B8
:102860002C304A4BDB68494A128B9818BDF82C3043
:10287000D9B20123474AFFF7AFF8444B1A8BBDF892
:102880002C3013449AB2414B1A8300238DF82F3019
:102890003E4B4FF439729A839DF82F30002B02D1B2
:1028A000012316E100BF394B1B8BB3F5007FCBD35F
:1028B000364BDB6803F50073344AD360334B032295
:1028C00083F823200323334A01213348FFF784F898
:1028D00000238DF82F302D4B4FF43B729A839DF8D7
:1028E0002F30002B01D10123F3E0284B93F83A302D
:1028F00003F01F038DF817309DF81730052B17D004
:102900009DF817300B2B03D09DF817300D2B07D1F6
:10291000019B05221A701D4B00229A830223D8E0E6
:10292000019B04221A70194B00229A830223D0E0E3
:10293000164B00221A8444E0144B1B8C01339AB2CC
:10294000124B1A84114B1B8C44F62062934207D918
:10295000019B02221A700D4B00229A830223B8E0D9
:1029600010230C4A01210C48FFF736F800238DF89C
:102970002F30064B40F20A329A839DF82F30002BFD
:1029800001D10123A5E000230A9315E06C06002085
:10299000E0D90100A406002094060020039A0A9BB7
:1029A00013441B78002B04D04C4B002283F82320C7
:1029B00007E00A9B01330A939DF80B300A9A9A426A
:1029C000ECD3464B93F82330032BB5D0434BDB8A33
:1029D000013B9AB2414BDA82404BDB8A002B7FF4F9
:1029E0000BAF3E4B9B8A012B64D93C4BFF2283F8F3
:1029F00028203A4BFD2283F829200323384A02215C
:102A00003848FEF7E9FF00238DF82F30334B4FF4A1
:102A100048729A839DF82F30002B01D1012358E092
:102A20002E4B00221A842D4B032283F823203CE0F6
:102A30002A4B1B8C01339AB2284B1A84274B1B8CD0
:102A400044F62062934207D9019B02221A70234B5D
:102A500000229A8302233CE01023214A01212148CD
:102A6000FEF7BAFF00238DF82F301C4B4FF44C7249
:102A70009A839DF82F30002B01D1012329E00023F8
:102A800009930DE0039A099B13441B78002B04D093
:102A9000124B002283F8232007E0099B013309939E
:102AA0009DF80B30099A9A42ECD30C4B93F82330E3
:102AB000032BBDD0019B00221A70084B00229A8381
:102AC000022306E000238DF82F30044B00229A8366
:102AD000032318460DB05DF804FB00BF6C06002010
:102AE000A40600209406002000B58BB00190009150
:102AF000019BDB680993019B1B7C8DF82330A24B63
:102B0000DB8A002B05D1A04B93F858301846FEF70E
:102B1000C8FE9D4B93F82330022B05D09A4B93F8B7
:102B20002330012B40F0C0809DF82330062B04D8C1
:102B3000964940F2573003F005F99DF82330063BE3
:102B40008DF82330099B06330993019B5B681B7842
:102B50004C2B14D19DF82330002B10D09DF823303E
:102B6000013B8DF82330099B0133099307E09DF861
:102B70002330013B8DF82330099B013309939DF8E5
:102B80002330002B03D0099B1B78FF2BEFD09DF83F
:102B90002330002B0FD1019B5B681B784C2B08D195
:102BA0009DF8233001338DF82330099B013B0993B5
:102BB00001E000230993099B002B53D1724B93F83A
:102BC0002230DBB2012B4DD001238DF809306E4B42
:102BD00093F82230DBB2052B21D0052B23DC022B0E
:102BE00002DC002B03DC1EE0042B14D01BE00023CE
:102BF0008DF80830644B032283F8222000F0C2FADB
:102C00000790079B002B1AD0604A40F28331079847
:102C1000FEF73AFD13E001238DF8083012E002239D
:102C20008DF808300EE003230693069B002B08D096
:102C3000564A4FF463710698FEF726FD01E000BF87
:102C400000E000BF504B93F858301846FEF729FEBD
:102C50004D4B032283F822204B4B1B6802AA1046DF
:102C60009847D9E0484B93F82330022B18D1464BB4
:102C7000012283F82320099B1B788DF817309DF8DB
:102C8000173023F00103002B0AD141483E4B93F843
:102C900024300E33DBB23F4A0621FEF79DFEBBE037
:102CA000394B002283F8232006238DF80F30364B52
:102CB00093F82230DBB2013B042B00F2998001A291
:102CC00052F823F0D92C0000E72C0000F12D000071
:102CD000312D0000992D00002B4B022283F8222079
:102CE000294B00229A830DF10F029DF823301946DB
:102CF0000998FFF735F90346012B40F28580002340
:102D00008DF80C309DF80F308DF80D301E4B0322DE
:102D100083F822201C4B93F858301846FEF7C1FD6B
:102D2000FEF78AFE184B1B6803AA104698476BE013
:102D30000DF10F029DF8233019460998FFF732FC78
:102D40000346012B62D901238DF80C309DF80F301A
:102D50008DF80D300C4B032283F822200A4B002201
:102D60009A82094B0022DA82074B002283F8232043
:102D7000054B93F858301846FEF793FD024B1B683D
:102D800003AA1046984741E06C060020E0D90100F4
:102D90009A060020A40600200DF10F029DF82330B2
:102DA00019460998FFF78EFC0346012B30D9022300
:102DB0008DF80C309DF80F308DF80D30184B032234
:102DC00083F82220164B002283F82320144B002284
:102DD0009A82134B0022DA82114B93F8583018462E
:102DE000FEF75FFD0E4B1B6803AA104698470FE0E5
:102DF00003230493049B002B0CD00A4A40F2D331E6
:102E00000498FEF741FC05E000BF04E000BF02E0CB
:102E100000BF00E000BF00BF0BB05DF804FB00BFC7
:102E20006C060020E0D9010000B589B00390029142
:102E30001346ADF80630039B002B04D12E4940F217
:102E4000DD3002F07FFF2D4B93F82230DBB2002BF8
:102E500001D108234CE0294B93F82230DBB2032B3D
:102E600001D0112344E0BDF80630002B01D1072327
:102E70003EE0224B042283F82220204B9B7A03F071
:102E80000803DBB2002B04D1029B5B021B4A1361D7
:102E900002E01A4A029B1361184A039BD360174A47
:102EA000BDF806309382154ABDF80630D382134B25
:102EB00000229A83BDF80630012B01D9522300E08D
:102EC00051238DF81F300D4B19699DF81F300122D9
:102ED0001846FEF719FE0690069B0593059B002BEE
:102EE00005D0054A40F2FD310598FEF7CDFB0023E1
:102EF000184609B05DF804FBE0D901006C0600201B
:102F000000B589B0039002911346ADF80630039BDB
:102F1000002B04D13E4940F2054002F013FF3D4B27
:102F200093F82230DBB2002B01D108236BE0394B40
:102F300093F82230DBB2032B01D0112363E0BDF8FC
:102F40000630002B01D107235DE0324B052283F8C8
:102F50002220304B9B7A03F00803DBB2002B04D114
:102F6000029B5B022B4A136102E02A4A029B136117
:102F7000284A039BD360274ABDF806309382254A2E
:102F8000BDF80630D382234B00229A83BDF8063069
:102F9000012B14D11F4B1B69012219465820FEF743
:102FA000B3FD0790079B0593059B002B05D0184A9E
:102FB0004FF485610598FEF767FB002323E0154B6E
:102FC0009B7A03F00703DBB2012B08D1114B1B697D
:102FD000012219465920FEF797FD079007E0BDF83A
:102FE000063001221946D720FEF78EFD0790079B79
:102FF0000693069B002B05D0054A40F23741069800
:10300000FEF742FB0023184609B05DF804FB00BF41
:10301000E0D901006C06002000B58DB0039002914C
:10302000524B93F82230DBB2002B01D0082398E0FA
:10303000029B002B0FD0039BDB78FF2B0BD0039B55
:103040005B78FF2B07D0039B1B78FF2B03D0039BE0
:103050009B78FF2B01D1072383E0039BDB78002BB8
:103060000BD0039B5B78002B07D0039B1B78002BB6
:1030700003D0039B9B78002B04D13D4940F24C4088
:1030800002F060FE039BDA78384B83F85820374B08
:1030900093F858301846FEF7DEFB344B93F858305F
:1030A0001846FEF7FEFB039B9B788DF81430039BBC
:1030B0001B788DF81530039B5B788DF81630FF2355
:1030C0008DF8173006238DF81830FF238DF819304E
:1030D0004FF08063079300238DF8203000238DF894
:1030E000213005A90023234A234806F059FE0B90FE
:1030F0000B9B0A930A9B002B05D01D4A4FF48C6151
:103100000A98FEF7C1FA194A029B1360174B012275
:1031100083F82220154A937A6FF302039372134ABD
:10312000937A6FF3C3039372104B002283F823202A
:103130000E4BFF2283F828200A2300930F4B012215
:103140000F490D48FEF727FC0B900B9B0993099B39
:10315000002B05D0064A40F26C410998FEF794FA1C
:10316000002318460DB05DF804FB00BF6C0600207C
:10317000E0D90100E92A00003CDA0100A4060020A1
:103180009406002008B5124B93F82230DBB2002BD6
:1031900001D108231AE00E4B93F82230DBB2032B47
:1031A00001D0112312E00B48FEF7E9FB084B93F81E
:1031B000583000211846FEF75FFB054B002283F8CC
:1031C0002320034B002283F822200023184608BD49
:1031D0006C0600203CDA0100094B93F82230DBB288
:1031E000032B07D0064B93F82230DBB2002B01D023
:1031F000012300E0002303F00103DBB2184670470F
:103200006C060020054B93F82230DBB2022B01D96B
:10321000034B00E000231846704700BF6C060020F7
:1032200070060020024BD3F88034DBB2184670479A
:1032300000700240024BD3F88434DBB2184670476A
:103240000070024008B50CF095FA0023184608BD3E
:1032500000B585B003468DF807300B468DF8063073
:1032600013468DF805309DF8073003F01F029DF8D6
:1032700006305B0103F060031A439DF80530DB0163
:10328000DBB213430393039BFF2B04D905494FF48F
:10329000AC7002F057FD039BDBB2184605B05DF839
:1032A00004FB00BFB8DA010082B00190019B1B7AD9
:1032B000184602B07047000000B585B001900B467B
:1032C0008DF80330019B002B04D10F494FF4887017
:1032D00002F038FD0198FFF7E7FF03461A469DF814
:1032E0000330934201D3002309E0019B0933039388
:1032F0009DF8032013465B001344039A13441846B9
:1033000005B05DF804FB00BF18DB010082B001903E
:10331000019B1B78184602B0704782B00190019B58
:103320005B78184602B0704700B585B001900B4637
:103330008DF80330019B002B04D10D4940F243105E
:1033400002F000FD019B5B789DF803209A4201D3B7
:10335000002309E0019B9B781A46019B13440393C9
:103360009DF80330039A1344184605B05DF804FB3A
:1033700018DB010082B00190019B1B78184602B057
:10338000704782B00190019B1B68184602B07047DD
:1033900000B583B00190019B002B04D1064940F297
:1033A000432002F0CFFC0198FFF7EBFF03461B68B8
:1033B000184603B05DF804FB7CDB010000B583B068
:1033C0000190019B002B04D1064940F25F2002F0DE
:1033D000B9FC0198FFF7D5FF03465B68184603B0B8
:1033E0005DF804FB7CDB010000B583B00190019B1C
:1033F000002B04D1064940F27B2002F0A3FC019887
:10340000FFF7BFFF03465B68184603B05DF804FB97
:103410007CDB0100014B1846704700BF5CDD0100FA
:103420004FF08043D3F838341846704708B5FFF79B
:10343000F7FF034603F00103002B14BF0123002311
:10344000DBB2184608BD08B5FFF7EAFF034603F0F4
:103450000203002B14BF01230023DBB2184608BD72
:1034600000B583B001900091019B002B04D111495C
:1034700040F20F1002F066FC019B5B68002B04D148
:103480000C494FF4887002F05DFC019B5B681B687F
:10349000002B04D1074940F2111002F053FC019BAC
:1034A0005B681B680099019898470346184603B06B
:1034B0005DF804FBE0DB010000B583B001900091F2
:1034C000019B002B04D1114940F2191002F03AFC83
:1034D000019B1B68002B04D10C494FF48D7002F046
:1034E00031FC019B1B689B68002B04D1074940F20B
:1034F0001B1002F027FC019B1B689B68009A5288F6
:103500001046984700BF03B05DF804FBE0DB010004
:1035100000B583B001900B468DF80330074B1B6854
:10352000002B06D0054B1B689DF80320114601981F
:10353000984700BF03B05DF804FB00BF8C08002073
:1035400000B583B003468DF80730074B5B68002B4E
:1035500005D0054B5B689DF807201046984700BFD3
:1035600003B05DF804FB00BF8C08002010B58EB0DE
:10357000039001930B468DF80B3013468DF80A30FB
:103580000023099300230D9302E00D9B01330D935B
:10359000039B5B685C6809A8012300220399A0478C
:1035A0000346002BF1D100238DF8233000230C9328
:1035B00000238DF82F30002306934FE0039B5B68B8
:1035C0005C680DF1230206A801230399A047039B21
:1035D0005B685C680DF1170206A801230399A047F8
:1035E0009DF817309DF80B209A4227D19DF82F2087
:1035F0009DF80A309A421CD19DF823301A46109B40
:103600001A60019B5A1C01929DF823201A70019B9D
:103610005A1C01929DF80B201A70039B5B685C6832
:103620009DF82330023B06A8019A0399A047002386
:1036300019E09DF82F3001338DF82F30039B5B6824
:103640005C689DF82330023B06A800220399A0473E
:103650009DF823301A460C9B13440C930C9A0D9B37
:103660009A42ABD3052318460EB010BD00B585B005
:1036700003468DF807309DF90730002B14DA9DF8CA
:10368000073003F00F038DF80E309DF80E30082B35
:1036900004D911494FF4CC7002F054FB9DF80E3060
:1036A000DB000E4A134413E09DF8073003F00F03CC
:1036B0008DF80F309DF80F30082B04D906494FF4D0
:1036C000CF7002F03FFB9DF80F30DB00044A13443B
:1036D000184605B05DF804FBE0DB0100EC070020B4
:1036E0003408002000B583B003468DF807309DF8FC
:1036F00007301846FFF7BAFF03461B68184603B0A9
:103700005DF804FB00B585B0034600918DF80730E5
:103710009DF807301846FFF7A9FF0390039B009A16
:103720001A60009B002B10D19DF80730002B03D0AE
:103730009DF80730802B04D108494FF4E17002F066
:1037400001FB039B00225A6004E0009B5B681A683F
:10375000039B5A6000BF05B05DF804FBE0DB01008D
:1037600000B583B00190064B5B68054A1268019969
:10377000104698470346184603B05DF804FB00BFA7
:103780003408002000B58BB00190019B0993099B80
:103790001B78052B1AD1FFF74DFD03468DF823301A
:1037A000FFF740FD03468DF81B300022002100206A
:1037B000FFF74EFD03461A469DF81B30934205D194
:1037C0009DF82330052B01D1334B0993099B1B78BE
:1037D000002B27D100F036FF079007E009990798E2
:1037E000FFF76AFE0798FFF7FFFD0790079B002B86
:1037F000F4D1002002F026F9284B1B68002B03D1DE
:10380000099B5A88264B1A800121244802F0F9FBB3
:10381000002002F02BF901210998FFF779FE1F4BD8
:103820001B6835E01F4A03AB1946104602F048FBFF
:103830000590059B002B2BD0059A099B1B681360F4
:10384000002002F0FFF8164B1A88144B1B689BB23D
:10385000D31A9BB201339AB2059BDA8000210F483C
:1038600002F088FB03469AB2059B9A80002002F082
:10387000FDF80C4A03AB1946104602F03AFB03462A
:103880008DF813309DF8133019460998FFF740FE64
:103890000BB05DF804FB00BF44DC0100E40700202E
:1038A000E8070020D407002000B583B003468DF858
:1038B00007309DF80730022B0ED0022B10DC002BB6
:1038C00002D0012B04D00BE00A48FFF75BFF0DE0AC
:1038D0000948FFF757FF09E00848FFF753FF05E0E5
:1038E000074940F2622002F02DFA00BF00BF03B08A
:1038F0005DF804FB38DC01003CDC010040DC010029
:10390000E0DB010000B583B001900198FFF73AFFBA
:1039100000BF03B05DF804FB00B583B003468DF82B
:1039200007309DF80730002B04D0064940F27B2079
:1039300002F008FA0448FFF725FF00BF03B05DF866
:1039400004FB00BFE0DB010048DC010082B003465D
:103950008DF807309DF80730082B27D801A252F8C0
:1039600023F000BF893900008D3900009139000033
:1039700095390000993900009D390000A1390000F7
:10398000A5390000A9390000002310E000230EE053
:1039900001230CE000230AE0002308E0012306E0F5
:1039A000012304E0012302E0012300E00023184684
:1039B00002B0704782B003468DF807309DF807309B
:1039C000082B27D801A252F823F000BFF1390000DC
:1039D000F5390000F9390000FD390000013A000016
:1039E000053A0000093A00000D3A0000113A0000C3
:1039F000002310E000230EE001230CE000230AE086
:103A0000002308E0002306E0002304E0002302E096
:103A1000012300E00023184602B07047014B1B78D9
:103A2000184670478808002010B582B003468DF80C
:103A300007309DF807301846FFF788FF03461C46FD
:103A40001C4B1B781846FFF781FF03469C420DD0A4
:103A50009DF807301846FFF779FF0346002B03D087
:103A6000154806F077F801E006F0C4F89DF8073035
:103A70001846FFF79FFF03461C460E4B1B7818465F
:103A8000FFF798FF03469C420CD09DF8073018467C
:103A9000FFF790FF0346002B02D00CF007F801E07F
:103AA0000BF0FAFF034A9DF80730137000BF02B015
:103AB00010BD00BF880800205800002000B587B066
:103AC00001900B468DF8033013468DF802300198B3
:103AD000FFF7EAFB03461A469DF80330934204D9E8
:103AE0001B4940F2F92002F02DF99DF80230002B1D
:103AF00001D0072328E09DF8033019460198FFF70D
:103B0000DBFB04900498FFF708FC03468DF80F30A8
:103B100000238DF8173010E09DF8173019460498EF
:103B2000FFF702FC0290029B1B78184600F052FD42
:103B30009DF8173001338DF817309DF817209DF848
:103B40000F309A42E8D30023184607B05DF804FB13
:103B5000E0DB010000B587B001900B468DF8033023
:103B60000198FFF7A1FB03461A469DF803309342E4
:103B700004D919494FF4467002F0E4F89DF8033077
:103B800019460198FFF798FB04900498FFF7C5FBCE
:103B900003468DF80F3000238DF8173010E09DF8A4
:103BA000173019460498FFF7BFFB0290029B1B7861
:103BB000184600F02DFD9DF8173001338DF81730B1
:103BC0009DF817209DF80F309A42E8D300BF00BF40
:103BD00007B05DF804FB00BFE0DB010000B589B071
:103BE000019005F0F1FE0346002B04D1484940F254
:103BF000313002F0A7F8474808234FF48472464951
:103C000002F02BF90690069B002B01D003237BE0EA
:103C100042480BF02BFD0690069B002B01D0069B23
:103C200072E03F4B00221A703E4B00221A603E4B5E
:103C300000221A60482200213C4818F0C4FB4822A8
:103C400000213B4818F0BFFB019B002B09D1394BE9
:103C500000221A60374B00225A60364B00221A723B
:103C600004E0344B019A07CA83E80700002006F0FD
:103C700031F80690069B002B08D0069B852B05D0BB
:103C8000234A40F25F310698FDF7FEFCFFF7C2FBC6
:103C9000059000238DF81F3018E000238DF81E30AA
:103CA00007E00398FFF766FB034605991846FFF700
:103CB00029FD9DF81E305A1C8DF81E2019460498C7
:103CC000FFF732FB0390039B002BEAD19DF81F30D6
:103CD0005A1C8DF81F2019460598FFF7EDFA04903D
:103CE000049B002BD9D10B238DF8083002AB194669
:103CF0000598FFF7B5FB0690069B002B03D0FFF756
:103D0000A1FA069B00E00023184609B05DF804FB09
:103D1000E0DB0100D4070020CC06002005390000BC
:103D2000880800207C08002080080020EC07002084
:103D3000340800208C08002000B583B00BF012FE80
:103D4000034683F00103DBB2002B04D10BF016FE17
:103D50000346002B01D008230FE00A4805F0DCFFE2
:103D60000190019B0093009B002B05D0064A40F276
:103D7000C2310098FDF788FC0023184603B05DF8B7
:103D800004FB00BF4CDC0100E0DB010008B50BF0D8
:103D900009FD00BF08BD000008B50BF0FBFD0346A0
:103DA00083F00103DBB2002B04D1044940F2D1308F
:103DB00001F0C8FF0BF05EFD00BF08BDE0DB0100B5
:103DC00008B50BF0DBFD0346002B0DD10D494FF478
:103DD000767001F0B7FF07E0FFF728FB034683F09A
:103DE0000103DBB2002B0BD1FFF72DFB034683F061
:103DF0000103DBB2002BEFD10348FFF7C3FC00E067
:103E000000BF08BDE0DB010050DC010000B583B05D
:103E100082238DF8043001AB1846FFF7B3FC00BFD6
:103E200003B05DF804FB000000B587B00190DF4BE4
:103E30001B68002B04D1DE4940F2254001F082FFCF
:103E400001F047FE0346052B04D8D94940F22C4027
:103E500001F078FF019B1B78852B00F25F8201A2A5
:103E600052F823F061410000C541000053420000B8
:103E7000E7410000174200007B4200008B42000037
:103E80001D430000F3420000014300000F43000007
:103E90001D4300001D4300001D4300001D430000A2
:103EA0006D4200001D4300001D4300001D43000043
:103EB0001D4300001D4300001D4300001D43000082
:103EC0001D4300001D4300001D4300001D43000072
:103ED0001D4300001D4300001D4300001D43000062
:103EE0001D4300001D4300001D4300001D43000052
:103EF0001D4300001D4300001D4300001D43000042
:103F00001D4300001D4300001D4300001D43000031
:103F10001D4300001D4300001D4300001D43000021
:103F20001D4300001D4300001D4300001D43000011
:103F30001D4300001D4300001D4300001D43000001
:103F40001D4300001D4300001D4300001D430000F1
:103F50001D4300001D4300001D4300001D430000E1
:103F60001D4300001D4300001D4300001D430000D1
:103F70001D4300001D4300001D4300001D430000C1
:103F80001D4300001D4300001D4300001D430000B1
:103F90001D4300001D4300001D4300001D430000A1
:103FA0001D4300001D4300001D4300001D43000091
:103FB0001D4300001D4300001D4300001D43000081
:103FC0001D4300001D4300001D4300001D43000071
:103FD0001D4300001D4300001D4300001D43000061
:103FE0001D4300001D4300001D4300001D43000051
:103FF0001D4300001D4300001D4300001D43000041
:104000001D4300001D4300001D4300001D43000030
:104010001D4300001D4300001D4300001D43000020
:104020001D4300001D4300001D4300001D43000010
:104030001D4300001D4300001D4300001D43000000
:104040001D4300001D4300001D4300001D430000F0
:104050001D4300001D4300001D4300001D430000E0
:104060001D430000DF4000007D400000A54000002F
:104070001341000033410000834200004D48FFF728
:104080006FFB4C4800F068FB0D20FFF759FA00F079
:1040900087FC01F054FB01200BF00CFC0120FFF722
:1040A000C3FC48E100F07CFC0BF038FC0020FFF77B
:1040B000BBFC414800F050FB3F48FFF751FB0E208E
:1040C000FFF73EFAFFF7AAFC03461846FFF73EFC4F
:1040D0000346002B00F0288105F08CFD24E1FFF75A
:1040E0009DFC0346072B0ED0072B10DC052B02D0BE
:1040F000062B04D00BE00220FFF796FC08E0082016
:10410000FFF792FC04E00220FFF78EFC00E000BF06
:1041100011E1FFF783FC0346032B40F007810BF00E
:104120004DFC0346002B00F001810420FFF77CFCCE
:10413000FCE0FFF773FC0346032B07D10BF03EFCBA
:104140000346002B02D00420FFF76EFC0BF066FC48
:104150000346002B00F0EC800620FFF765FCE7E04B
:10416000019B5A88154B1A80FFF758FC0346032B16
:1041700004D0FFF753FC0346082B02D11048FFF789
:1041800053FE0020FFF7DCF900F056FA059008E036
:1041900001990598FFF764F903900598FFF70EF968
:1041A0000590059B002BF3D1C5E000BF7C080020E3
:1041B000E0DB010054DC010058DC0100C8060020EF
:1041C0005CDC010000F0ECFB01F0B0FA0220FFF72C
:1041D0002BFC0120FFF7B4F90198FFF7C1FA019811
:1041E00000F0BAFAA7E0FFF719FC0346082B05D147
:1041F0000220FFF719FC0BF063FC02E00520FFF73B
:1042000013FC0320FFF79CF90198FFF7A9FA019826
:1042100000F0A2FA8FE00320FFF792F94848FFF779
:104220009FFA474800F098FAFFF7F8FB0346062B81
:1042300002D0082B04D007E00720FFF7F5FB07E0CA
:104240000220FFF7F1FB03E00220FFF7EDFB72E035
:1042500071E00320FFF7E8FB0220FFF771F90198F6
:1042600000F07AFA0198FFF77BFA64E00F20FFF77D
:1042700067F9019800F070FA5DE00198FFF770FAB5
:1042800059E00198FFF76CFA55E0019B9B781846BE
:10429000FFF7ECF90490049B1B68002B04D129491B
:1042A00040F2025001F04EFD049B5B68002B04D1EC
:1042B000244940F2035001F045FD049B5B68049AD9
:1042C00012680199104698470346002B32D0019B93
:1042D0009B7803F00F03002B2CD0019B9B7803F0FD
:1042E0000803002B26D1019B9B7818460BF029FE72
:1042F00020E00820FFF724F9019800F02DFA1AE0D9
:104300000920FFF71DF9019800F026FA13E00A20B2
:10431000FFF716F9019800F01FFA0CE0094940F286
:10432000265001F00FFD06E000BF04E000BF02E0F0
:1043300000BF00E000BF00BF07B05DF804FB00BF96
:1043400060DC0100E0DB010000B583B000230193D5
:10435000354B1B68002B07D1344B3549184601F00B
:10436000DCFD0346304A13602F4B1B68002B32D014
:104370002D4B1B689B88002B1ED02B4B1B68DB88AA
:10438000B3F5006F03D3284B1B680022DA80264B5D
:104390001B68DA88511C89B2D9801346ADF8063003
:1043A000214B1B689A88013A92B29A8001AB184659
:1043B000FFF73AFD012333E01B4B1B681846FFF75C
:1043C00033FD1A4B1A49184601F0C0FD164B002266
:1043D0001A60012324E0174B1B68002B1FD000201C
:1043E00001F030FB144B1B88B3F5006F02D3124B66
:1043F00000221A80104B1B885A1C91B20E4A118061
:10440000ADF8063001210B4801F02BFE002001F031
:104410002DFB01AB1846FFF707FD012300E0002349
:10442000184603B05DF804FB98080020D40700206C
:104430009C080020E4070020E807002000B589B0B0
:104440000190019B002B04D15A4940F26A5001F0BF
:1044500079FC019B5B68002B04D1564940F26B50FC
:1044600001F070FC019B5B681B68002B04D1514973
:1044700040F26C5001F066FC0198FEF782FF0346A3
:104480001B68002B04D04B4940F26D5001F05AFCE0
:104490000BF074FA034683F00103DBB2002B04D067
:1044A0000BF060FA0346002B04D1424940F27150F0
:1044B00001F048FC00238DF81F301CE000238DF82C
:1044C0001E300BE00398FEF755FF03461846FFF732
:1044D00009F90346002B01D0112367E09DF81E3037
:1044E0005A1C8DF81E2019460598FEF71DFF0390F3
:1044F000039B002BE6D19DF81F305A1C8DF81F201E
:1045000019460198FEF7D8FE0590059B002BD5D1E2
:1045100000238DF81F3018E000238DF81D3007E0D0
:104520000498FEF727FF034601991846FFF7EAF8BB
:104530009DF81D305A1C8DF81D2019460598FEF770
:10454000F3FE0490049B002BEAD19DF81F305A1C07
:104550008DF81F2019460198FEF7AEFE0590059BC9
:10456000002BD9D1144B069310E0069B1B68019ACF
:104570009A4204D10F4940F2975001F0E3FB069BA9
:104580001B681846FEF7FDFE03460693069B1B6854
:10459000002BEAD1069B019A1A600B238DF8083094
:1045A00002AB19460198FEF75BFF0346184609B0B7
:1045B0005DF804FBE0DB01007C080020044B1B7865
:1045C000002B14BF01230023DBB21846704700BF45
:1045D0008908002000B583B003468DF807309DF8A8
:1045E000073003F00803002B09D19DF80730184667
:1045F0000BF0EFFC9DF8073018460BF0B4FC9DF86B
:10460000073018460BF0DAFA00BF03B05DF804FB80
:1046100000B583B003468DF807309DF80730184683
:104620000BF01CFB00BF03B05DF804FB014B1B68E3
:10463000184670477C080020014B1B6818467047DD
:1046400080080020014B1B68184670478408002032
:1046500000B587B0034600918DF80730FFF7E6FFFD
:10466000059031E00598FEF71FFE03468DF81230E5
:1046700000238DF813301DE09DF81330194605987E
:10468000FEF71AFE03900398FEF740FE03461A4613
:104690009DF80730934208D1009B002B03D0009B6C
:1046A0009DF813201A70059B12E09DF8133001331A
:1046B0008DF813309DF813209DF812309A42DBD309
:1046C0000598FEF765FE0590059B002BCAD10023D7
:1046D000184607B05DF804FB00B585B003900B46A3
:1046E00001928DF80B3001990398FEF7B9FE03464D
:1046F000184605B05DF804FB00B585B0034600918F
:104700008DF807309DF90730002B05DA9DF807304A
:1047100003F00F03082B09DD9DF90730002B16DB92
:104720009DF8073003F00F03082B10DC9DF80730CD
:104730001846FEF79BFF03461B680393039B002B61
:1047400005D000990398FEF78BFE034600E0102386
:10475000184605B05DF804FB00B585B00190FFF781
:1047600065FF039007E001990398FEF779FE03982F
:10477000FEF70EFE0390039B002BF4D100BF00BF99
:1047800005B05DF804FB00B585B0019006230293E7
:10479000FFF74CFF03900BE001990398FEF760FED2
:1047A0000290029B062B07D10398FEF7F1FD0390C0
:1047B000039B002BF0D100E000BF029B184605B020
:1047C0005DF804FB00B583B0034600918DF8073017
:1047D0009DF8073018460BF0DEF9034683F001031D
:1047E000DBB2002B01D008230CE0084B1B78022B16
:1047F00001D0082306E09DF80730009918460BF019
:104800004DFA0346184603B05DF804FB8808002003
:1048100000B583B0034600918DF807309DF807304E
:1048200018460BF0B8F9034683F00103DBB2002B06
:1048300001D008230CE0084B1B78022B01D0082381
:1048400006E09DF80730009918460BF0F5FA03468C
:10485000184603B05DF804FB8808002000B585B059
:1048600001900B468DF8033013468DF80230062375
:104870000393019B5B689B68002B09D0019B5B68DD
:104880009B689DF802209DF80310019898470390BB
:10489000039B062B08D19DF802209DF80330194692
:1048A0000198FFF70BF90390039B184605B05DF8DC
:1048B00004FB00B583B001900B468DF80330019BDB
:1048C0005B68DB68002B07D0019B5B68DB689DF8A9
:1048D00003201146019898479DF803301946019826
:1048E000FFF738F900BF03B05DF804FB00B585B0F1
:1048F00001900B468DF8033000238DF80F30019B9B
:104900005B681B69002B0AD0019B5B681B699DF8E3
:10491000032011460198984703468DF80F309DF803
:104920000F30184605B05DF804FB000000B585B0F7
:10493000FFF77CFE039028E00398FEF7B5FC0346E2
:104940008DF80A3000238DF80B3014E09DF80B3001
:10495000002219460398FFF781FF0190019B002B6D
:1049600004D00E4940F26A7001F0ECF99DF80B306A
:1049700001338DF80B309DF80B209DF80A309A42D8
:10498000E4D30398FEF704FD0390039B002BD3D1DF
:1049900000BF00BF05B05DF804FB00BFE0DB010015
:1049A00000B583B0FFF742FE01901EE00198FEF7CC
:1049B0007BFC03468DF8023000238DF803300AE0BB
:1049C0009DF8033019460198FFF773FF9DF80330F7
:1049D00001338DF803309DF803209DF802309A4290
:1049E000EED30198FEF7D4FC0190019B002BDDD1A2
:1049F00000BF00BF03B05DF804FB82B00190019BD3
:104A000003F1804303F51C33184602B0704700B52C
:104A100083B003468DF807309DF807301846FFF73E
:104A2000ECFF034601221A60BFF36F8F00BFBFF394
:104A30004F8F00BF00BF03B05DF804FB82B0034698
:104A40008DF807309DF8073003F01F03DBB21846DE
:104A500002B0704782B003468DF807309DF80730EA
:104A60005B0903F00303DBB2184602B0704782B063
:104A700003468DF807309DF80730DB09DBB2184696
:104A800002B0704782B00190019B1B7A184602B0B9
:104A9000704782B00190019B1B68184602B07047B6
:104AA00000B583B00190019B002B04D1064940F270
:104AB000432001F047F90198FFF7EBFF03461B681D
:104AC000184603B05DF804FB64DC010082B001907D
:104AD000019B1B78184602B07047000000B583B0F8
:104AE00003468DF807300E4B1B789DF807209A423D
:104AF00011D00B4A9DF8073013709DF80730052B35
:104B000006D0084B1B7823F00203DAB2054B1A706B
:104B10000548FFF789F900BF03B05DF804FB00BF4B
:104B2000A0080020A10800207CDD0100014B1B78BB
:104B300018467047A00800204FF08043D3F838345F
:104B400003F00103002B14BF01230023DBB218463E
:104B500070470000024B00221A6000BF704700BF80
:104B6000E808002000B585B003468DF807300B4BF0
:104B70001B680393039B002B0AD0FFF7EBFF074B47
:104B800059689DF80720039B10469847034600E0AC
:104B90000E23184605B05DF804FB00BFE8080020AE
:104BA000044B1B68002B14BF01230023DBB2184603
:104BB000704700BFE808002082B0034600918DF8DE
:104BC00007300023184602B07047000010B58EB0C1
:104BD00003900291019201238DF83730029B0993D3
:104BE000099B5B68002B15D1099B1B681846FFF7D2
:104BF00057FF0346002B0DD1099B9B68002B09D161
:104C000000238DF83730039B00221A60039B00229B
:104C10005A60AAE0019B402B04D9564940F29710F4
:104C200001F090F800230C9300238DF82B300BF04B
:104C30006FF90890099BDB68019A934228BF1346DD
:104C40000B9386E0099B9B680B9A934228BF1346FF
:104C50000793099B5B68002B0CD0089A0C9BD0181B
:104C6000099B5B68079A194617F084FB099B002291
:104C70005A6014E0099B9B68002B10D0099B1B68AD
:104C80005B685C68099B03F11000099B1968089A2E
:104C90000C9B1A44079BA04701238DF82B30099BDE
:104CA0009A68079BD21A099B9A60099BDA68079B4E
:104CB000D21A099BDA600B9A079BD31A0B930C9AB2
:104CC000079B13440C93099B9B68002B0BD19DF809
:104CD0002B30002B07D0099B1B681846FFF7E0FE1E
:104CE0000246099B1A60099BDB68002B03D1002355
:104CF0008DF837302DE0099B9B68002B29D1099B4B
:104D00001B68002B0DD1099B00225A600C9B002BC5
:104D100024D00C9A019B9A4220D200238DF8373080
:104D20001CE00023059304E0099B9B685A1C099B27
:104D30009A60099B1B685B685C68099B196805A8F9
:104D400001230022A0470346002BEDD1099B00223E
:104D50001A610B9B002B7FF475AF00E000BF039B33
:104D6000089A1A60039B0C9A5A609DF837301846CF
:104D70000EB010BDCCDC010000B587B00190019BE6
:104D80005B781846FFF766FE0346002B01D006232A
:104D900083E0019B5B798DF81730FFF7C7FE034670
:104DA0008DF81630019B9B78032B29D0032B6EDCEA
:104DB000002B02D0012B44D069E09DF81630052B62
:104DC00005D09DF8173003F00F03002B16D103AB6D
:104DD000184600F029FD04909DF8173018460BF096
:104DE000E5F803469AB2049B1A80019B0133022224
:104DF0000499184600F0ACFC03464EE008234CE052
:104E00009DF8173003F00803002B42D1019BB3F843
:104E100003309BB2002B3CD19DF8173003F00F03F9
:104E2000002B01D1062338E09DF81630052B06D162
:104E30009DF8173018460BF084F800232DE0082366
:104E40002BE09DF8173003F00803002B23D1019BC2
:104E5000B3F803309BB2002B1DD19DF8173003F03F
:104E60000F03002B01D1062317E09DF81630052B08
:104E70000BD19DF8173018460BF0ABF89DF81730A2
:104E800018460BF070F8002307E0082305E000BF88
:104E900002E000BF00E000BF0623184607B05DF83F
:104EA00004FB00B58BB003900B4601928DF80B30DC
:104EB000019B5B781846FFF7CDFD0346002B01D020
:104EC00006236AE0FFF732FE03468DF82730019B88
:104ED0005B781846FFF7CBFD0346012B3BD1019BC6
:104EE0009B78002B02D00A2B17D055E09DF8273075
:104EF000052B01D0082350E006AB184600F094FCC7
:104F00000790079B00221A80019B01330222079918
:104F1000184600F01DFC03463FE09DF82730052BA6
:104F200001D0082339E005AB184600F07DFC08905D
:104F30009DF80B3019460398FFF7D8FC03461A4634
:104F4000089B1A70019B013301220899184600F052
:104F5000FFFB034621E0019B9B780B2B1BD19DF8A7
:104F60002730052B01D0082317E0019BB3F803304D
:104F70009BB2FF2B01D907230FE0019BDB788DF853
:104F800026309DF826209DF80B3019460398FFF730
:104F900065FC034601E000BF062318460BB05DF830
:104FA00004FB000000B585B00190009102AB1846EB
:104FB00000F03AFC0390029B012B04D8184940F200
:104FC0009F2000F0BFFE02220021039817F0FBF99A
:104FD000C02303F04003002B06D0039B1B7843F053
:104FE0000103DAB2039B1A700E4B1B785B08DBB22D
:104FF00003F00103002B06D0039B1B7843F0020350
:10500000DAB2039B1A70009B0133022203991846FF
:1050100000F09EFB0346184605B05DF804FB00BF98
:10502000CCDC0100A108002010B58EB001900091E9
:10503000009B1B79032B00F0BC80032B00F3E7805F
:10504000012B02D0022B11D0E1E0009BB3F8073016
:105050009BB2002B01D10023DBE0009B0133122225
:105060006D49184600F074FB0346D2E0009BB3F88C
:1050700007309BB2002B01D10023CAE0009BB3F89C
:1050800007309BB2092B28BF09239BB20693092343
:105090000D9300238DF83330FFF7C8FA0B9037E0FB
:1050A0000B9B5B68002B04D15C4940F2D12000F0DF
:1050B00049FE0B9B5B685B68002B04D1574940F2AB
:1050C000D22000F03FFE00230A930023029302E067
:1050D0000A9B01330A930B9B5B685C6802A801235F
:1050E00000220B99A0470346002BF1D10D9A0A9B91
:1050F00013440D930B98FFF7C5FC03461A469DF821
:10510000333013448DF833300B98FFF7C9FC0B9004
:105110000B9B002BC4D104AB184600F085FB059017
:10512000049B069A9A4204D93C4940F2E72000F0D9
:1051300009FE069A3A49059817F01CF9059B9DF857
:1051400033201A710D9B9AB2059B5A80FFF736FAED
:105150000346002B06D0059BDB7943F02003DAB22F
:10516000059BDA71FFF762FA03462E4A13602D4A57
:10517000059B53602B4A069B9360009BB3F8073056
:105180009BB21A46274BDA60002000F05BFC2649F0
:105190008020FFF73DFB0990099B002B04D1234998
:1051A000802000F023FB0990002000F05FFC099BA9
:1051B0002FE0009BB3F807309BB2002B01D10023F6
:1051C00027E0009BDB788DF82330009B5A799B7990
:1051D0001B021343ADF82030BDF820209DF823308A
:1051E0001146184600F092FB0790079B002B01D157
:1051F00006230EE0009B5C1C0798FFF767FC034644
:105200001A460799204600F0A3FA034601E000BFC2
:10521000062318460EB010BD28DD0100CCDC0100CD
:105220003CDD0100FC08002074DD01006CDD0100A4
:1052300000B587B00190009103AB184600F0F4FA76
:105240000590FFF773FC03468DF813309DF813307B
:10525000052B03D1059B01221A7009E09DF813303C
:10526000042B03D1059B00221A7001E0062307E0FE
:10527000009B013301220599184600F069FA0346A4
:10528000184607B05DF804FB00B585B001900091A9
:10529000FFF74CFC03468DF80F309DF80F30052BBF
:1052A00005D09DF80F30042B01D0082316E0009B99
:1052B000DB78002B05D1FFF773FB0420FFF70EFC12
:1052C0000BE0009BDB78012B05D1FFF72FFB0520BE
:1052D000FFF704FC01E0072300E00023184605B0B7
:1052E0005DF804FB00B583B001900091019B002B99
:1052F00004D150494FF45A7000F024FD009B002B5C
:1053000004D14C4940F2693000F01CFD009B5B78F1
:105310001846FFF79FFB0346002B01D0062385E0CC
:10532000009B5B781846FFF7A2FB0346012B1FD1B9
:10533000009B9B78082B12D0082B16DC002B02D088
:10534000062B06D011E000990198FFF72BFE0346CB
:105350006CE000990198FFF767FE034666E000994C
:105360000198FFF765FF034660E000BF06235DE09C
:10537000009B9B78013B082B52D801A252F823F0E6
:10538000E353000021540000B153000021540000F9
:10539000A5530000215400002154000021540000B6
:1053A0001554000023494FF4637000F0CBFC3CE03F
:1053B000009BB3F803309BB2012B33D1FFF7FEF80B
:1053C000034683F00103DBB2002B01D00F232DE055
:1053D000194B1B7843F00203DAB2174B1A70002303
:1053E00024E0009BB3F803309BB2012B1CD1FFF7E4
:1053F000E5F8034683F00103DBB2002B01D00F2355
:1054000014E00D4B1B7823F00203DAB20A4B1A703A
:1054100000230BE000990198FFF736FF034605E0F3
:1054200000BF02E000BF00E000BF0623184603B043
:105430005DF804FBCCDC0100A108002000B58BB0B6
:1054400001900623099305238DF8103004AB013336
:1054500018460AF0CDFDFFF7A3FBFFF77BFB9DF895
:1054600011301846FFF7EAFA0346032B63D801A26E
:1054700052F823F085540000A3540000F1540000BA
:105480002B55000004AB19460198FFF72BFF09903C
:10549000099B062B51D104AB1846FFF774F909900C
:1054A0004BE09DF815308DF822300DF10F029DF87C
:1054B000223011461846FFF7CBF80790079B002BC8
:1054C00002D1102309933AE09DF80F3004AA19463F
:1054D0000798FFF701F90990099B062B2FD19DF83A
:1054E0000F3004AA19460798FFF7DBFC099026E065
:1054F000062309939DF815308DF823309DF823304D
:1055000003F00F03002B07D004AA9DF823301146A7
:105510001846FFF7F1F80990099B062B11D104AB4F
:105520001846FFF729FC09900BE004AB1846FFF77B
:105530002AF9099006E000BF04E000BF02E000BFC6
:1055400000E000BF099B002B0FD1FFF729FB0346AA
:10555000002B07D00AF088FD0346002B07D10AF084
:1055600071FD04E00AF074FD01E00AF077FD099B8B
:1055700018460BB05DF804FB00B585B001900091B2
:1055800006230393009B1B780E2B25DC002B40F396
:10559000BD80013B0D2B00F2B98001A252F823F02F
:1055A000DF550000E7550000ED5500000D570000E5
:1055B00033560000B55600000D5700000D5700008F
:1055C0000D5700000D5700003D56000057560000D3
:1055D0007756000095560000852B1DD096E00320DD
:1055E000FFF77CFA99E00023039396E04D4800F022
:1055F0005EFD0346002B02D05C20FFF708FAFFF7A0
:1056000095FA0346002B04D1474940F2424000F08E
:1056100099FB0023039380E0FFF788FA03468DF897
:105620000B309DF80B30032B72D10420FFF756FA94
:105630006EE00198FFF702FF03906EE0FFF776FA45
:105640000346002B04D0384940F2564000F07AFB64
:105650000023039361E0FFF769FA0346012B04D0AE
:10566000314940F25C4000F06DFB0020FFF736FA54
:105670000023039351E0FFF75FFA0346002B03D0AA
:105680000220FFF72BFA02E00120FFF727FA0023A0
:10569000039342E0FFF74AFA0346012B04D822495C
:1056A0004FF48E6000F04EFB0120FFF717FA002345
:1056B000039332E0009BDB78032B2BD0009B9B787D
:1056C000002B08D0009B9B78802B04D0164940F219
:1056D0007E4000F037FB009BDB781846FFF742FA6C
:1056E0000390039B002B0ED1FFF75AFA0346002BC1
:1056F00006D0009B9B78002B0ED10AF0A3FC0BE098
:105700000AF0A6FC08E00AF0A9FC05E000BF04E0EE
:1057100000BF02E000BF00E000BF039B184605B0D9
:105720005DF804FBA4080020CCDC010008B50020D3
:10573000FEF750FF8020FEF74DFF00BF08BD08B503
:105740000020FEF765FF8020FEF762FF00BF08BD66
:1057500000B58DB0039002910192039BDB889BB250
:105760000A93019A0A9B934228BF13460993019A10
:105770000A9B9A420ED280200AF0FCF903461A4690
:10578000019BB3FBF2F101FB02F29B1A002B01D14A
:10579000012300E000238DF823309DF8233003F02F
:1057A00001038DF82330029B0593099B06939DF816
:1057B00023300793002000F045F905AB19468020FF
:1057C000FFF700F80B900B9B002B04D106498020BB
:1057D00000F00CF80B90002000F048F90B9B1846E5
:1057E0000DB05DF804FB00BF6CDD010000B583B0B7
:1057F000034600918DF807300AF036FC03461A463E
:105800009DF80730934201D0102306E0054B009A23
:1058100092E8030083E803000023184603B05DF814
:1058200004FB00BFE808002082B00190019B002B20
:1058300002D0019B40221A60014B184602B070470B
:10584000A808002000B587B003460A468DF8073047
:105850001346ADF804309DF80720BDF804302949FF
:10586000134451F823301B78002B09D19DF80720F1
:10587000BDF804302349134451F8233002333DE08E
:105880000020FFF7D1FF039000238DF817309DF81B
:105890000720BDF804301B49134451F8233004930A
:1058A00018E09DF817301E2B03D91749FC2000F093
:1058B00049FA9DF8173001338DF81730049B197899
:1058C0009DF817305B00039A13448AB21A80049B38
:1058D00001330493049B1B78002BE2D19DF8173011
:1058E00001339BB25B009BB21BB2DBB21BB243F431
:1058F00040731BB29AB2039B1A80039B184607B0F1
:105900005DF804FB60000020D0DE010000B585B02A
:1059100003460A468DF807301346ADF804309DF86B
:105920000730002B05D100210020FFF78BFF034635
:1059300040E000238DF80D3000238DF80F30002358
:105940008DF80E3016E09DF80E301C4A12F8133018
:105950009DF807209A4208D19DF80E30174A5B0047
:1059600013445B788DF80F3008E09DF80E3001335A
:105970008DF80E309DF80E30052BE4D99DF80F30D0
:10598000002B01D1002315E09DF80F209DF80D306C
:105990000B49134451F82330002B01D1002309E0B7
:1059A0009DF80D309AB29DF80F3011461846FFF75A
:1059B00049FF0346184605B05DF804FB60DE0100B0
:1059C0006000002082B003468DF807309DF9073053
:1059D000002B09DB0B4A9DF90730134493F8003381
:1059E000DBB25B09DBB20AE0074A9DF8073003F03F
:1059F0000F03043B13441B7EDBB25B09DBB218468A
:105A000002B0704700E100E000ED00E072B600BFB8
:105A1000034B1B680133024A136000BF704700BF8D
:105A200014090020064B1B68013B054A1360044B18
:105A30001B68002B01D162B600BF00BF704700BFDA
:105A40001409002000B583B0019000F025F803464A
:105A5000012B03D00449432000F074F9FFF7D6FF6F
:105A600000BF03B05DF804FB34DF010000B583B074
:105A700003468DF8073000F00FF80346012B03D0E2
:105A80000449512000F05EF9FFF7CCFF00BF03B0DE
:105A90005DF804FB34DF010084B0EFF3058301936C
:105AA000019BC3F308030393039B002B0DD1EFF37A
:105AB00014830093009B0293029B03F00103002BCD
:105AC0000CBF01230023DBB200E00123184604B021
:105AD000704700B585B0EFF305830193019BC3F3D5
:105AE00008030393039B002B0AD0039B103B0293F4
:105AF000029B5BB21846FFF765FF0346DBB200E08E
:105B00000F23184605B05DF804FB000008B5044BF0
:105B10001B68044A12681046984700BF08BD00BFC2
:105B2000180900201C0900201EF0040F1CBFEFF311
:105B300009800AE0EFF308800549064A884201D847
:105B4000904202D88D464FF00000034B18470000EA
:105B50000000042000E00320955B000000BF00BFB0
:105B6000BFF34F8F00BF064BDB6803F4E0620449CC
:105B7000044B1343CB60BFF34F8F00BF00BFFDE763
:105B800000ED00E00400FA0500B583B00190FFF7D6
:105B9000E7FF000010B588B00390FBF7FBFA00BFE9
:105BA000FBF728F90346002BFAD1039B0693584BC9
:105BB0009B6A0593069B002B35D0564A564BD31A49
:105BC000DB081B0443F00100069B9B691A465349FE
:105BD000FBF794F84F4A504BD31ADB081B0443F0F1
:105BE0000100069B1968069B5C68069B9B68069AE9
:105BF000D2680192009323460A464949FBF7B9F857
:105C0000444A454BD31ADB081B0443F00100069BB2
:105C10001A69069B5969069BDB6900930B4641494B
:105C2000FBF791F80AE03B4A3B4BD31ADB081B0415
:105C300043F001033C491846FBF752F8344BDB6A4A
:105C400003F00203002B0AD0324A334BD31ADB088D
:105C50001B0443F0010335491846FBF741F80023C4
:105C6000079320E00122079B02FA03F31A46059BE3
:105C70001340002B14D02E4A079B52F82330002BE0
:105C80000ED0244A244BD31ADB081B0443F0010036
:105C9000274A079B52F823301A462649FBF72EF86D
:105CA000079B01330793079B192BDBD9059B03F057
:105CB0008003002B0CD0174A174BD31ADB081B04A8
:105CC00043F00103124A526B1B491846FBF716F8C2
:105CD000059B03F40043002B0CD00E4A0E4BD31A45
:105CE000DB081B0443F00103094A926B1349184671
:105CF000FBF704F8124B1B6803F00103002B00D0E4
:105D000000BE0398FFF740FF00BF08B010BD00BF02
:105D100000ED00E050D60100B8D50100A0DF010081
:105D2000B8DF0100F0DF010018E001004CE00100E5
:105D30007800002090E001009CE00100BCE0010040
:105D4000F0ED00E000B585B003460091ADF80630F7
:105D5000BDF806300293009B039302AB1A46002164
:105D600044F20200FBF79EFC00BF05B05DF804FBA7
:105D700086B001900091019B53E8011F8AB2D88937
:105D800002449889824228BF121A1889824202BFAF
:105D9000BFF32F8F002307E0C2EA010243E801208E
:105DA0000028E9D14FF001038DF80F3005900291E2
:105DB0000492029A009B1A609DF80F30DBB21846DD
:105DC00006B0704784B00190019951E8013FC3EAE1
:105DD000034341E80132002AF7D10392029300BF46
:105DE00004B0704786B001900091019B53E8021FF8
:105DF0001FFAA1F2D888824202BFBFF32F8F00237F
:105E00000DE0D88902449889824228BF121AC1EA5B
:105E1000024243E802200028E8D14FF001038DF848
:105E20000F30059002910492029A009B1A609DF82F
:105E30000F30DBB2184606B0704784B0019001996C
:105E400051E8023FC3EA234341E80232002AF7D176
:105E50000392029300BF04B0704784B00390029194
:105E600011461A460B46ADF806301346ADF804301D
:105E7000029B002B01D10E231FE0BDF80630BDF8B8
:105E80000420B3FBF2F101FB02F29B1A9BB2002B40
:105E900001D0092311E0039B029A1A60039B0022A0
:105EA0005A60039B00229A60039BBDF806209A81EA
:105EB000039BBDF80420DA810023184604B0704724
:105EC00000B585B001900091009B19460198FFF73D
:105ED0004FFF0346002B07D0019B1B68009A1288D6
:105EE00013440393039B00E00023184605B05DF8BC
:105EF00004FB00B583B001900091009B1A88009BC1
:105F00005B889A4204D10198FFF75CFF012300E00F
:105F10000023184603B05DF804FB00B585B001907E
:105F20000091009B19460198FFF75CFF0346002B88
:105F300007D0019B1B68009A528813440393039B6C
:105F400000E00023184605B05DF804FB00B583B0FF
:105F500001900091009B1A88009B5B889A4204D1B3
:105F60000198FFF76AFF012300E00023184603B001
:105F70005DF804FB10B487B001900091019B009A7A
:105F800053E8004F104643E8000191F0000FF7D1AD
:105F9000059404900391059B184607B05DF8044BE7
:105FA000704710B487B001900091019B009A53E8AC
:105FB000004F44EA020043E8000191F0000FF6D1DF
:105FC000059404900391049B184607B05DF8044BB8
:105FD000704710B487B001900091019B009A53E87C
:105FE000004F04EA020043E8000191F0000FF6D1EF
:105FF000059404900391059B184607B05DF8044B87
:10600000704710B487B001900091019B009A53E84B
:10601000004F04EB020043E8000191F0000FF6D1BD
:10602000059404900391049B184607B05DF8044B57
:10603000704710B487B001900091019B009A53E81B
:10604000004FA4EB020043E8000191F0000FF6D1ED
:10605000059404900391049B184607B05DF8044B27
:10606000704710B487B001900091019B009A53E8EB
:10607000004F94422CBFA01A204643E8000191F043
:10608000000FF4D1059404900391049B184607B0C7
:106090005DF8044B704700B583B001900121019871
:1060A000FFF77FFF0346184603B05DF804FB00B519
:1060B00083B0019000210198FFF78BFF034618463B
:1060C00003B05DF804FB000000B583B001900B46FF
:1060D0008DF80330019B002B03D10849E820FFF71E
:1060E00031FE019BDA689DF803300199098A01FBB2
:1060F00003F31344184603B05DF804FBACE501005C
:1061000000B583B001900091019B002B03D1084999
:10611000F520FFF717FE009B019AD2689B1A019A9F
:10612000128AB3FBF2F3DBB2184603B05DF804FB4E
:10613000ACE5010000B585B00190019B002B04D1B6
:106140001C494FF49270FFF7FDFD002303930020DC
:10615000FFF778FC019B1B681A68019B5B689A42F9
:106160001FD9019B1B681A68013A1A601B681B78CB
:1061700019460198FFF7A8FF0390019B9A68019BBD
:106180001B681B68D31A8DF80B30019B1B681B79A9
:106190009DF80B209A4204D9019B1B689DF80B20A7
:1061A0001A710020FFF762FC039B184605B05DF8EA
:1061B00004FB00BFACE5010010B584B00190009174
:1061C000019B002B04D1114940F24710FFF7BAFDA3
:1061D000009B002B04D10D494FF4A470FFF7B2FDD2
:1061E000009B03930020FFF72DFC019B1B681C689C
:1061F000621C1A6003990198FFF782FF034623701F
:106200000020FFF733FC00BF04B010BDACE5010077
:1062100000BF704708B501E0FFF7FAFFFCF7DCFFAD
:106220000346002BF8D100BF00BF08BD00B593B0F6
:106230000190019B5A78514B1A70514B1B68119376
:10624000119B9B691093019B1B78022B61D0022B41
:106250007EDC002B02D0012B3CD079E0019B5B78E7
:10626000002B0FD0119B0F930F9800F0F5F80E90B4
:106270000E9B0D930D9B002B04D0424A58210D9884
:10628000FBF702FAFCF7BEFF03461A68109B1A6080
:10629000109B4FF400725A60394B1B689B699B68D6
:1062A000002B60D000238DF82430019B5B78002BFD
:1062B00014BF01230023DBB28DF8253000230A939D
:1062C000109B9B690B93109B9B68119A09A9104620
:1062D000984748E02A4B1B689B699B68002B44D079
:1062E00002238DF81830019B5B78002B14BF01232B
:1062F0000023DBB28DF81930109B0C330793109BF1
:106300009B690893109B9B68119A06A910469847B1
:106310002BE01B4B1B689B699B68002B27D003233A
:106320008DF80C30019B5B78002B14BF01230023F8
:10633000DBB28DF80D30109B0C330493109B9B69DE
:106340000593109B9B68119A03A9104698470EE08D
:1063500003230C930C9B002B0BD00A4A88210C982A
:10636000FBF792F905E000BF04E000BF02E000BFC8
:1063700000E000BF13B05DF804FB00BF240900205B
:106380002809002008E6010000B58BB003900291B7
:106390000192039B002B03D12B499220FFF7D2FCE3
:1063A000039B0893089B9B690793089B1B69B3F5A4
:1063B000007F01D0062343E0244B1B68002B01D053
:1063C00011233DE0079B019A9A61079B029A9A600C
:1063D0001E4A089B136000230993089B14331C4931
:1063E0001846FCF719FE0990099B002B0DD1029B62
:1063F000002B0AD1FFF70EFF164B1B78DBB2002BE8
:1064000001D1002300E00D230993099B002B16D036
:106410000E4B00221A60029B002B10D000238DF837
:10642000103001238DF8113000230593079B9B69E1
:106430000693079B9B6804AA114603989847099BFB
:1064400018460BB05DF804FB08E60100280900209F
:106450002D6200002409002000B589B00190019B45
:10646000002B03D11F49CA20FFF76CFC019B079347
:10647000079B9B6906931C4B1B68079A9A4201D0A5
:1064800011232AE0FCF7A8FE0346002B01D01123BC
:1064900023E0FCF777FE0590059B002B02D1124B01
:1064A00000221A60069B9B68002B15D001238DF8F3
:1064B0000830059B002B14BF01230023DBB28DF8AD
:1064C000093000230393069B9B690493069B9B68FA
:1064D00002AA114601989847059B184609B05DF835
:1064E00004FB00BF08E601002809002000B589B0C0
:1064F00001900091019B002B03D13049F620FFF75A
:1065000021FC009B002B03D12C49F720FFF71AFC3C
:10651000019B0693069B9B69059300230793284BD9
:106520001B68069A9A4201D0112343E0FCF754FEFF
:106530000346002B01D011233CE0059B009A0C334D
:1065400007CA83E80700009B9868009B1968009BB6
:106550005B689BB21A46FCF767FC0790079B002B11
:106560000ED1059B9B68002B0AD1FFF753FE154BFC
:106570001B78DBB2002B01D1002300E00D23079331
:10658000059B9B68002B14D0079B002B11D0022386
:106590008DF8083001238DF80930059B0C330393E7
:1065A000059B9B690493059B9B6802AA1146019871
:1065B0009847079B184609B05DF804FB08E6010000
:1065C000280900202409002000B589B0019000911D
:1065D000019B002B04D131494FF49470FFF7B2FBBB
:1065E000009B002B04D12D4940F22910FFF7AAFB94
:1065F000019B0693069B9B69059300230793284BF9
:106600001B68069A9A4201D0112343E0FCF7E4FD8F
:106610000346002B01D011233CE0059B009A0C336C
:1066200007CA83E80700009B9868009B1968009BD5
:106630005B689BB21A46FCF763FC0790079B002B34
:106640000ED1059B9B68002B0AD1FFF7E3FD154B8C
:106650001B78DBB2002B01D1002300E00D23079350
:10666000059B9B68002B14D0079B002B11D00223A5
:106670008DF8083001238DF80930059B0C33039306
:10668000059B9B690493059B9B6802AA1146019890
:106690009847079B184609B05DF804FB08E601001F
:1066A000280900202409002088B003900B4601929D
:1066B0008DF80B30039B07939DF80B30002B04D013
:1066C000012B0CD000BF062315E0019B0593059B11
:1066D000002B02D0059B00221A7000230BE0019BC7
:1066E000002B01D1072306E0019B0693079B1A1D8F
:1066F000069B1A600023184608B0704700B585B0A5
:106700000190019B002B04D1074940F27D10FFF757
:1067100019FB019B0393039B9B690293029B184601
:1067200005B05DF804FB00BF08E6010000B583B0CA
:106730000190019B002B03D10C493120FFF702FB94
:10674000019B9B68002B0CD0019B5B69019A10692F
:10675000019A1168019A92689847019B00229A60F9
:1067600000E000BF03B05DF804FB00BF88E6010055
:106770000EB400B584B00190019B002B03D11849E1
:106780004220FFF7DFFA019B5B69002B03D114491C
:106790004320FFF7D7FA019B1B68002B03D1104958
:1067A0004420FFF7CFFA019B5B68002B03D10C4913
:1067B0004520FFF7C7FA059B002B0AD0002303935F
:1067C00006AB039303AB1A460599019800F0B8F99C
:1067D00000E000BF04B05DF804EB03B0704700BFF9
:1067E00088E6010000B583B001900B468DF80330B8
:1067F0009DF803300A2B03D10D210198FFF7F2FF1A
:10680000019B1A68019B9B68581C0199886013447E
:106810009DF803201A70019B9A68019B5B689A425D
:1068200002D30198FFF782FF00BF03B05DF804FBBD
:1068300000B587B003900291019200930023059365
:10684000009B03F00103002B24D00BE0029B0133DB
:106850000293059B013305939DF813301946039865
:10686000FFF7C0FF029B1B788DF813309DF81330A3
:10687000002BEBD106E0019B013B01932021039803
:10688000FFF7B0FF019A059B9A422ED9019B002B7E
:10689000F1D12AE0029B002B0BD0029815F0E8FD05
:1068A000059006E0019B013B019320210398FFF72F
:1068B00099FF019A059B9A420FD9019B002BF1D1B8
:1068C0000BE0029B01330293059B013305939DF876
:1068D000133019460398FFF785FF029B1B788DF84C
:1068E00013309DF81330002BEBD100BF07B05DF8DB
:1068F00004FB000000B589B003900291019200935F
:10690000029B07930123069307E0079A019BB2FBC2
:10691000F3F30793069B01330693079A019B9A4270
:10692000F3D2009A069B9A4201D9009B06930B9BD7
:1069300003F00103002B22D10A9B002B1FD00B9BDD
:1069400003F00203002B06D0009B002B03D1302361
:106950008DF8173002E020238DF8173008E00A9BED
:10696000013B0A939DF8173019460398FFF73AFF49
:106970000A9B002B03D0069A0A9B9A42EFD301236D
:106980000793009B012B03D9009B013B009309E077
:10699000029A079BB2FBF3F30493049A019B9A4279
:1069A00000D205E0079B019A02FB03F30793E8E797
:1069B000029A079BB2FBF3F30493049B079A02FB32
:1069C00003F3029AD31A0293154A049B13441B78CB
:1069D00019460398FFF706FF079A019BB2FBF3F3F2
:1069E0000793079B002BE3D10B9B03F00103002BC4
:1069F00011D00A9B002B0ED006E00A9B013B0A93A4
:106A000020210398FFF7EEFE0A9B002B03D0069A85
:106A10000A9B9A42F1D300BF09B05DF804FB00BFA6
:106A200030E7010000B589B005900491039202930C
:106A3000049B002BB8BF5B4206930123079307E03A
:106A4000039B069A92FBF3F30693079B013307938C
:106A5000039B069A9A42F3DA029A079B9A4201D95B
:106A6000029B07930A9B002B0AD0049B002B04DB9C
:106A70000B9B03F00403002B02D00A9B013B0A93FB
:106A80000B9B03F00203002B02D0029B002B16D0BD
:106A90000B9B03F00103002B11D10A9B002B0ED09E
:106AA00006E00A9B013B0A9320210598FFF79AFE16
:106AB0000A9B002B03D0079A0A9B9A42F1D3049BAE
:106AC000002B07DA049B5B4204932D210598FFF706
:106AD00089FE08E00B9B03F00403002B03D02B215D
:106AE0000598FFF77FFE0B9B03F00203002B19D0E4
:106AF0000B9B03F00103002B14D1029B002B11D13F
:106B00000A9B002B0ED006E00A9B013B0A93302122
:106B10000598FFF767FE0A9B002B03D0079A0A9B94
:106B20009A42F1D304990B9B01930A9B0093029B19
:106B3000039A0598FFF7DEFE00BF09B05DF804FB7D
:106B400000B58FB0059004910392059B002B04D1F2
:106B5000AD4940F25220FFF7F5F8059B5B69002B29
:106B600004D1A9494FF41570FFF7ECF8059B1B6899
:106B7000002B04D1A44940F25520FFF7E3F8059B10
:106B80005B68002B04D1A04940F25620FFF7DAF8E9
:106B9000049B002B00F09381049B1B788DF8373009
:106BA000049B013304939DF83730002B00F07E8165
:106BB0009DF83730252B40F06D8100230A93012387
:106BC0000C93049B1B788DF837309DF83730302BB1
:106BD0000DD0302B1BDC2B2B11D02D2B17D10A9B6A
:106BE00043F001030A93049B0133049312E00A9BD0
:106BF00043F002030A93049B013304930AE00A9BC7
:106C000043F004030A93049B0133049302E000233E
:106C10000C9300BF0C9B002BD3D1002309939DF84C
:106C200037302A2B0CD1039B1B68191D039A116066
:106C30001B68099A13440993049B013304931AE0D7
:106C4000049B1B788DF837309DF837302F2B12D9E5
:106C50009DF83730392B0ED8049B01330493099AE1
:106C600013469B0013445B001A469DF837301344CB
:106C7000303B0993D3E700230B93049B1B788DF8DB
:106C800037309DF837302E2B1DD1049B01330493F0
:106C9000049B1B788DF837309DF837302F2B12D995
:106CA0009DF83730392B0ED8049B013304930B9A8F
:106CB00013469B0013445B001A469DF8373013447B
:106CC000303B0B93E4E7049B1B788DF837309DF83D
:106CD00037306C2B03D09DF83730682B07D1049BDD
:106CE00001330493049B1B788DF83730EFE79DF850
:106CF0003730252B00F0C480252BC0F2C680782BBE
:106D000000F3C380582BC0F2C080583B202B00F208
:106D1000BC8001A252F823F00D6E00008B6E0000C3
:106D20008B6E00008B6E00008B6E00008B6E00007F
:106D30008B6E00008B6E00008B6E00008B6E00006F
:106D40008B6E00009D6D0000BF6D00008B6E00001B
:106D50008B6E00008B6E00008B6E0000BF6D00001C
:106D60008B6E00008B6E00008B6E00008B6E00003F
:106D70008B6E00008B6E00004D6E00008B6E00006D
:106D80008B6E0000316E00008B6E0000E36D000022
:106D90008B6E00008B6E00000D6E0000039B1B6865
:106DA000191D039A11601B680C930C9B8DF81F3002
:106DB0009DF81F3019460598FFF714FD66E0039B08
:106DC0001B68191D039A11601B680C930A9B0193A1
:106DD000099B00930B9B0A220C990598FFF722FE52
:106DE00054E0039B1B68191D039A11601B680C93E8
:106DF0000C990A9B0193099B00930B9B0A2205980F
:106E0000FFF778FD42E000BFD8E60100039B1B6856
:106E1000191D039A11601B680C930C990A9B01932E
:106E2000099B00930B9B10220598FFF763FD2DE053
:106E3000039B1B68191D039A11601B6808930A9B2A
:106E4000099A08990598FFF7F3FC1FE0039B1B685C
:106E5000191D039A11601B680C9330210598FFF7E8
:106E6000C1FC78210598FFF7BDFC0C990023019324
:106E700008230093082310220598FFF73BFD05E047
:106E800025210598FFF7AEFC00E000BF049B01330D
:106E9000049305E09DF8373019460598FFF7A2FCEA
:106EA000049B1B78002B7FF477AE00E000BF059BAE
:106EB0001B7B002B04D00598FFF738FC00E000BFD7
:106EC0000FB05DF804FB00BF00B58BB001900091DE
:106ED000019B1B8A043B0793009A079B1344DA1C0F
:106EE000079BB2FBF3F38DF81B300198FFF722F9F3
:106EF0000590059B002B01D1002338E0059B002263
:106F00001A71059B01225A71079B9AB2059BDA8080
:106F1000059B09939DF81B30013B0493099B019A43
:106F20001A60002308931DE00198FFF703F903900E
:106F3000039B002B0ED0059B5B790133DAB2059BD6
:106F40005A71099B039A1A60039B019A1A60039B6A
:106F5000099304E0059800F00EF8002307E0089B71
:106F600001330893089A049B9A42DDD3059B184687
:106F70000BB05DF804FB00B58BB00190019B07934B
:106F8000079B5B798DF81B30019B08939DF81B30A4
:106F9000013B05930023099305E0089B1B680893B8
:106FA000099B01330993099A059B9A42F5D3089BE3
:106FB0001B680493019B0893002309930BE0089B33
:106FC0001B68039308990498FFF7F6F8039B08934E
:106FD000099B013309939DF81B30099A9A42EED31D
:106FE00000BF00BF0BB05DF804FB00B585B0019099
:106FF000019B0393039B043301211846FFF701F81B
:1070000000BF05B05DF804FB00B587B00190019B9F
:107010000593059B043301211846FFF70AF8034640
:10702000039303AB0493049B1B78002B02D10198BC
:10703000FFF7A1FF00BF07B05DF804FB00B591B0FA
:107040000390029101920093039B002B03D14349CB
:10705000B620FEF777FE039B0993039B0F93099BD2
:10706000DB881A46099B5B7902FB03F3043B089318
:10707000009A089B9A4203D33849C420FEF762FE67
:10708000099BDB880793009B1A1D079BB2FBF3F358
:107090000E93009B0433079AB3FBF2F2079901FBAE
:1070A00002F29B1A0D93019B1A68009B1344089AE5
:1070B0009A4203D2089A009BD31A01E0019B1B68F5
:1070C0000C93019B0C9A1A6005E00F9B1B680F93B1
:1070D0000E9B013B0E930E9B002BF6D100230B93CE
:1070E000079A0D9BD31A0A930A9A0C9B934228BFC6
:1070F00013460A932AE0029A0B9B134406930F9AB5
:107100000D9B1344043305939DF84830002B05D0A4
:107110000A9A0599069815F02DF904E00A9A06993D
:10712000059815F027F900230D930F9B1B680F930B
:107130000C9A0A9BD31A0C930B9A0A9B13440B9339
:10714000079A0C9B934228BF13460A930C9B002B73
:10715000D1D100BF00BF11B05DF804FB40E70100D2
:1071600000B589B00590049103920293039B0793A5
:1071700007AA00230093029B04990598FFF75EFF7E
:10718000079B039A9A4203D00349F620FEF7DAFDE3
:1071900000BF09B05DF804FB40E7010000B589B00D
:1071A0000590049103920293039B079307AA01237E
:1071B0000093029B04990598FFF740FF079B039AF1
:1071C0009A4204D004494FF48070FEF7BBFD00BF23
:1071D00009B05DF804FB00BF40E7010000B585B0D1
:1071E0000190019800F00EF80390039B002B01D052
:1071F000039B00E0024B184605B05DF804FB00BF9E
:1072000008E8010086B00190164B0593164B0493D5
:107210001FE0049A059BD31ADB10DA0F13445B10AE
:10722000DB00059A13440393039B1B680293029AA5
:10723000019B9A4202D9039B04930AE0029A019BA4
:107240009A4203D2039B0833059302E0039B5B68D9
:1072500004E0059A049B9A42DBD30023184606B04B
:10726000704700BFDCEB0100F4EC010082B001903C
:107270000B46ADF80230BDF80230019A13441846AF
:1072800002B0704782B00190019BD3F81035DBB299
:10729000184602B0704782B001900B468DF803305B
:1072A0009DF80320019B02F5A87253F8223018467E
:1072B00002B0704782B00190019B9B0003F5A07360
:1072C0009BB2184602B07047F0B587B001900B46EC
:1072D0008DF803309DF803300593019B00221E4674
:1072E00017464FF000024FF000033B0143EA1673CC
:1072F00032010599C1F12006A1F1200022FA01F422
:1073000003FA06F6344323FA00F0044323FA01F5A6
:10731000CDE90245DDE90223012B04D3044940F203
:10732000B920FEF70FFD029B184607B0F0BD00BF65
:10733000F4EC010010B582B001900091019B5B79E3
:107340001A46009B934204D3094940F27110FEF79C
:10735000F9FC019B1C680098FFF7ACFF0346194637
:107360002046FFF783FF0346184602B010BD00BF5A
:1073700018ED010000B583B001900B468DF8033085
:10738000019B1B689DF8032011461846FFF783FFF9
:107390000346184603B05DF804FB00B583B00190C6
:1073A0000091019B1B681846FFF76CFF03461946C6
:1073B0000098FFF789FF0346184603B05DF804FB09
:1073C00000B583B00190019B1B68184600F05AF885
:1073D0000346002B04D10B494FF4F670FEF7B2FCC4
:1073E000019B1B681F2B02D84FF0A04306E0019BB6
:1073F0001B6803F01F02019B1A60034B184603B081
:107400005DF804FB4CED01000003005000B585B0B1
:10741000019001AB1846FFF7D3FF0390019B0122B7
:1074200002FA03F31946039800F018F800BF05B0FC
:107430005DF804FB00B585B0019001AB1846FFF77D
:10744000BFFF0390019B012202FA03F31946039840
:1074500000F00EF800BF05B05DF804FB82B00190AB
:107460000091019B009AC3F8082500BF02B0704745
:1074700082B001900091019B009AC3F80C2500BFD7
:1074800002B0704784B00190019B5B090293002316
:107490000393029B002B03D0029B012B04D007E037
:1074A0004FF0FF33039303E04FF6FF73039300BFE6
:1074B000019B03F01F030193039A019B22FA03F33C
:1074C00003F00103002B14BF01230023DBB2184695
:1074D00004B0704782B001900B468DF8033000BFB6
:1074E00002B0704700B585B00190019B5B681B79C5
:1074F0001A461A4B9B5C8DF80E3001238DF80F3025
:107500009DF80E30FF2B20D09DF80E30FE2B1FD0A3
:10751000019B5B689DF80E2011461846FFF72AFF75
:107520000246019B5B681B7919460D4B53F82130CD
:107530009A420DD1019B5B681B791A46074BFF21CC
:10754000995400238DF80F3002E000238DF80F309E
:107550009DF80F30184605B05DF804FB3009002097
:107560003809002000B583B00190019B5B680221BF
:10757000184609F02FFB00BF03B05DF804FB00B50F
:1075800083B00190019B5B680221184609F05CFB07
:1075900000BF03B05DF804FB00B587B0034600915F
:1075A000ADF80630009B049301238DF817300023BB
:1075B0008DF816303AE09DF816302649049A5200AC
:1075C0000A4413441B78DBB2002B2AD09DF81630F6
:1075D0002049049A52000A441A441278D2B2013A5D
:1075E000D0B21C49049A52000A44134402461A704D
:1075F0009DF816301749049A52000A4413441B7828
:10760000DBB2002B0AD1144A049B52F823301B68CA
:107610000393039BDB690498984702E000238DF8ED
:1076200017309DF8163001338DF816309DF816305E
:10763000012BC0D99DF81730002B06D0064A049BB9
:1076400052F823301846FFF79AFF00BF07B05DF8E5
:1076500004FB00BF4C0900205809002000B585B08C
:107660000190019B1B680293029B93F820301846FF
:1076700008F04CFE00238DF80F306CE000238DF8ED
:107680000E3031E09DF80F209DF80E100298134641
:107690005B0013449B0003440B4408331B78FF2B0F
:1076A0001DD09DF80F209DF80E10029813465B0028
:1076B00013449B0003440B4408331B78184608F01E
:1076C00025FE9DF80F209DF80E10029813465B00D2
:1076D00013449B0003440B440833FF221A709DF8A7
:1076E0000E3001338DF80E309DF80E30012BC9D9C4
:1076F0009DF80F20029913465B0013449B000B4436
:107700001B68B3F1FF3F16D09DF80F200299134676
:107710005B0013449B000B441B68184603F0C6FB38
:107720009DF80F20029913465B0013449B000B4405
:107730004FF0FF321A609DF80F20029913465B004C
:1077400013449B000B440B3300221A709DF80F303A
:1077500001338DF80F309DF80F30012B8ED9019B2E
:107760005B68184609F020F900BF05B05DF804FB1E
:1077700030B587B001900B468DF803301346ADF855
:107780000030019B1B6805939DF8032013465B00A6
:1077900013449B00059A134404939DF803308DF81D
:1077A0000F30059B93F82030184608F047FEBDF8CF
:1077B0000030002B11D1049B5B7A184608F03EFE86
:1077C000049B1B7A184608F004FE019B5B681B793A
:1077D0001A46484BFF21995485E0BDF80020059BCF
:1077E0009B699A4215D3059B9B69ADF80030049BB9
:1077F0001B7A184608F022FE049B5B7A184608F0B4
:10780000E8FD019B5B681B791A463A4BFF219954AE
:1078100069E0049B5A68059B9B699A4249D0049B86
:107820005B68002B45D0BDF80020049B5B689A4242
:107830003FD2019B5868049B5A680023032109F03A
:1078400061F9059B93F82040019B5B680321184672
:10785000FFF770FD0546049B9B7A002B06D0049B26
:107860001B68184603F000FC034605E0049B1B68F8
:10787000184603F0BDFB03461A462946204608F089
:107880006FFD059B93F82030184608F0A2FD019B80
:107890005B681B791946174A9DF803305354019BC6
:1078A0005B681B791946BDF80030134A42F8213055
:1078B00006E0019B5B681B791A460E4BFF21995429
:1078C000019B5868BDF800209DF80F10002309F0B7
:1078D00019F9049B1B7A184608F07BFD049B5B7A20
:1078E000184608F076FDBDF80020049B5A6000BFE2
:1078F00007B030BD300900203809002000B585B040
:1079000001900B468DF803301346ADF80030019B13
:107910001B6803939DF8032013465B0013449B00F0
:10792000039A134402939DF80330012B04D92C4988
:1079300040F25B20FEF706FA029BDB7A012B04D0B3
:1079400027494FF41770FEF7FDF9039B93F8213098
:10795000022B01D008233EE0BDF80020029B5B68AB
:107960009A420CD1039BDB69002B06D0039BDB6999
:10797000019A526812791046984700232BE001982B
:10798000FFF7B0FD0346002B01D0112323E0019B3C
:107990005B681B791A46134BFE219954BDF80020F1
:1079A0009DF8033019460198FFF7E2FE019B1B6822
:1079B000DB69002B0ED0019B5B681B791A469DF892
:1079C0000330094952000A44134402221A700198F4
:1079D000FFF7C8FD0023184605B05DF804FB00BFA3
:1079E00070ED0100300900204C09002084B00190A6
:1079F000019B1B680393039B9B699BB2184604B0D1
:107A00007047000000B585B001900B468DF803303B
:107A10001346ADF800300198FFF7E8FF03461A4619
:107A2000BDF8003002FB03F3084AA2FB03235B0905
:107A30000393039B9AB29DF8033019460198FFF710
:107A40005DFF0346184605B05DF804FB1F85EB514A
:107A500010B58CB0039001921A460B468DF80B308E
:107A600013468DF80A309DF80B30012B04D9684974
:107A70004FF42B70FEF766F9039B1B680A939DF881
:107A80000B2013465B0013449B000A9A134409938E
:107A90000A9B93F82130002B01D00823B4E0099B06
:107AA00000225A60099B9DF80A209A7203238DF8E0
:107AB0001430039B19689DF80B2013465B00134498
:107AC0009B000B440A331B78002B0CBF01230023BF
:107AD000DBB28DF8153001238DF8163005AB194651
:107AE000019803F079F90890089B002B01D004233A
:107AF0008AE09DF80B200A9913465B0013449B0013
:107B00000B44019A1A609DF80A30002B03D00198AB
:107B1000FFF790FC02E00198FFF778FC00238DF856
:107B20002F3011E09DF82F300833099A134418467E
:107B300008F098FB0346002B01D0042364E09DF875
:107B40002F3001338DF82F309DF82F30012BE9D9DC
:107B5000099B1B7A184608F071FC099B5B7A184652
:107B600008F06CFC9DF80A30002B06D0099B1B68BE
:107B7000184603F079FA034605E0099B1B6818468E
:107B800003F036FA034607939DF80A30002B06D01F
:107B9000099B1B68184603F02BFA034605E0099B76
:107BA0001B68184603F060FA03460693099B1C7A8B
:107BB000039B5B689DF80B2011461846FFF7BAFB44
:107BC0000346079A1946204608F0CAFB099B5C7ACF
:107BD000039B5B6802211846FFF7ACFB0346069A3D
:107BE0001946204608F0BCFB099B0122DA72039B70
:107BF0005B681B791A469DF80B30064952000A440F
:107C0000134400221A70002318460CB010BD00BFA8
:107C100070ED01004C09002084B001900023039313
:107C20000923029305E0019B5B080193039B013349
:107C30000393019BB3F5805F03D3039A029B9A429F
:107C4000F1D3074B1B78002B04D0039B002B01D1F1
:107C500001230393039BDBB2184604B0704700BFB7
:107C60002C09002000B58FB0059004910392059B6C
:107C7000002B04D18F4940F21130FEF763F8049BCA
:107C8000002B01D10B2310E1059B1B680C930C9B6F
:107C900093F82130002B01D0082306E109F072F897
:107CA0000B900B9B002B04D00B9B852B01D0042346
:107CB000FBE003F085F8034683F00103DBB2002B01
:107CC00007D003F019F80B900B9B002B01D0032376
:107CD000EBE0794B1B6803F0F003302B03D1774BBB
:107CE00000221A7002E0754B01221A700C9BFF22D1
:107CF00083F8202000238DF8373030E09DF83720BE
:107D00000C9913465B0013449B000B440B33002279
:107D10001A709DF837200C9913465B0013449B00A2
:107D20000B440833FF221A709DF837200C99134634
:107D30005B0013449B000B440933FF221A709DF82B
:107D400037200C9913465B0013449B000B444FF003
:107D5000FF321A609DF8373001338DF837309DF8C7
:107D60003730012BCAD90C9B2033184608F07AFA19
:107D70000346002B04D00598FFF770FC042394E021
:107D800000238DF836302CE09DF83620049B53F804
:107D90002230B3F1FF3F1FD09DF83620049B53F8EB
:107DA00022009DF83630049A13441B7A9DF8361051
:107DB00002460598FFF74CFE0B900B9B002B04D05E
:107DC0000598FFF74BFC0B9B6FE09DF836300022C7
:107DD00019460598FFF792FD9DF8363001338DF86E
:107DE00036309DF83630012BCED9049B1B691846DE
:107DF000FFF712FF03468DF82B309DF82B308DF8DE
:107E00001C3000238DF81D3000238DF81E30072311
:107E10008DF81F30059B5B681B790893059B5B6899
:107E200007A9274A184608F0C3FC0B900B9B002BB0
:107E300004D00598FFF712FC0B9B36E0059B5A68AF
:107E4000049B1B6919461046FFF7A7FA09900C9B83
:107E5000099A9A61059B5B68184608F031FE059BFC
:107E60005868012300930423099A022108F083FE35
:107E7000059B5B680221184608F0E6FE0C9B039AFE
:107E8000DA61059B5B681B7919460E4A059B42F82F
:107E90002130059B5B681B791A460B4BFF219954D7
:107EA0000C9B012283F82120002318460FB05DF8B7
:107EB00004FB00BF70ED0100E80F00F02C0900206A
:107EC00099750000580900203009002000B587B0DE
:107ED0000190019B1B680493049B93F82130002BB5
:107EE00004D1304940F29730FDF72CFF0023059371
:107EF00034E0059A13465B0013449B00049A134434
:107F00000393019B5B681B79274A5B001A44059B1E
:107F1000134400221A70039BDB7A002B1BD0039BB7
:107F20001868019B1968059A13465B0013449B006F
:107F30000B440A331B78002B0CBF01230023DBB258
:107F4000194603F0A5F8039B1B68184602F0F2FFE0
:107F5000039B00225A60059B01330593059B012B6F
:107F6000C7D9019B5B681B791A46104BFF219954B6
:107F7000019B5B681B6801211846FFF7ABFA019B68
:107F80005B68184608F09CFD019B5B68184608F08A
:107F90003BFD049B022283F8212000BF07B05DF85F
:107FA00004FB00BF70ED01004C09002030090020E7
:107FB00082B003468DF807309DF8073003F01F03A9
:107FC000DBB2184602B0704782B003468DF8073026
:107FD0009DF807305B0903F00303DBB2184602B0DB
:107FE000704782B003468DF807309DF80730DB09F3
:107FF000DBB2184602B0704782B00190019B1B7A39
:10800000184602B07047000000B585B001900B46DD
:108010008DF80330019B002B04D10F494FF4887079
:10802000FDF790FE0198FFF7E7FF03461A469DF81B
:108030000330934201D3002309E0019B09330393EA
:108040009DF8032013465B001344039A134418461B
:1080500005B05DF804FB00BFF8ED010082B00190AF
:10806000019B1B78184602B0704782B00190019BBB
:108070005B78184602B0704700B585B001900B469A
:108080008DF80330019B002B04D10D4940F24310C1
:10809000FDF758FE019B5B789DF803209A4201D3BF
:1080A000002309E0019B9B781A46019B134403932C
:1080B0009DF80330039A1344184605B05DF804FB9D
:1080C000F8ED010082B00190019B1B78184602B0C8
:1080D000704782B00190019B184602B070470000C3
:1080E00000B583B00190019B002B03D104495220BD
:1080F000FDF728FE019B184603B05DF804FB00BFA6
:1081000038EE010000B583B00190019B002B03D134
:1081100009495F20FDF716FE019B1B68002B03D168
:1081200005496020FDF70EFE019B1B680C331846C5
:1081300003B05DF804FB00BF38EE010000B585B068
:1081400001900B468DF803300198FFF7C9FF0390AB
:10815000039BDB69002B06D0039BDB699DF80320A2
:1081600011460198984700BF05B05DF804FB00B5C3
:1081700085B0019000210198FFF746FF0390002190
:108180000398FFF779FF02900298FFF79BFF0346E1
:10819000184605B05DF804FB00B585B001900121DB
:1081A0000198FFF731FF039000210398FFF764FF68
:1081B00002900298FFF786FF0346184605B05DF867
:1081C00004FB00B585B0019001210198FFF71CFF69
:1081D000039001210398FFF74FFF02900298FFF7E9
:1081E00071FF0346184605B05DF804FB00B589B081
:1081F00003900291029B5B781846FFF7D9FE034675
:10820000012B28D1029B9B78062B24D100230593B8
:1082100004AB1846FDF708FB0790029B1979029BF7
:10822000DA7805AB0093079B0398FBF79FF906905C
:10823000069B052B0FD0059B3F2B03D90849C9206E
:10824000FDF780FD029B0133059A07991846FDF75B
:108250007FFA034600E00623184609B05DF804FBE8
:1082600038EE010082B00190009100BF062318464D
:1082700002B0704700B585B0019000910198FFF7FA
:108280002FFF03900398FFF73DFF0290009B9B7820
:10829000212B11D1009BB3F807309BB2072B01D0E3
:1082A00006230BE0009B581C029B0C330722194647
:1082B000FDF74EFA034601E000BF0623184605B05D
:1082C0005DF804FB00B585B0034600918DF80730DA
:1082D0009DF80730002B01D0032316E0009B039389
:1082E0000398FFF70FFF0290029B1B78202B0BD106
:1082F000029B03F10C00029B02330722194614F083
:1083000039F800BF002300E00623184605B05DF8E9
:1083100004FB000000B58BB0019000910198FFF7BD
:10832000DFFE08900898FFF7EDFE0790009B9A7813
:10833000079B1A70009BB3F807309BB2DAB2079B19
:108340005A70079B02330493079B5B7805930023C5
:1083500006930020FDF776FB04AB19460020FCF7DE
:1083600031FA0990099B002B09D1094B0293089B14
:10837000039302AB19460020FDF738FA099000205C
:10838000FDF774FB099B18460BB05DF804FB00BFBA
:10839000C582000000B585B001900198FFF7A0FEEE
:1083A00003900398FFF7AEFE0290029B00229A8290
:1083B000029B00229A61029B00221A62029B002209
:1083C000DA66029B00221A67029B00225A67029B10
:1083D00000229A67029B03F12802029B9A6600BF63
:1083E00005B05DF804FB00B587B0019000910198DD
:1083F000FFF776FE05900598FFF784FE0490009B3A
:108400009B78202B04D0222B10D000BF06237BE0CA
:10841000009BB3F807309BB2072B01D0062373E013
:1084200000990198FFF776FF03466DE0009BB3F8D3
:1084300007309BB2002B01D0062365E0049B9B8A8A
:1084400003F00103002B14BF012300238DF80F302C
:10845000009BB3F803309AB2049B9A82049B9B8AD8
:1084600003F00103002B14BF012300238DF80E300D
:108470009DF80F209DF80E309A4201D1002343E071
:108480009DF80E30002B01D0022300E003238DF86D
:108490000D309DF80D3019460198FFF74FFE9DF8FD
:1084A0000E3083F00103DBB2002B2CD00198FFF7D4
:1084B00073FE03468DF80C309DF80C30184606F01C
:1084C000EDF90198FFF77DFE03468DF80C309DF81D
:1084D0000C30184606F0E2F9049B00229A61049BD6
:1084E00000221A62049B0022DA66049B00221A67AB
:1084F000049B00225A67049B00229A67049B03F1A5
:108500002802049B9A660023184607B05DF804FB16
:1085100000B583B001900091019B002B04D1244948
:108520004FF4E470FDF70EFC009B002B04D12049B2
:1085300040F2C910FDF706FC009B5B781846FFF778
:1085400050FD0346012B16D1009B5B781846FFF7C0
:108550003BFD0346002B02D0012B06D022E0009900
:108560000198FFF743FE03461DE000990198FFF7CD
:1085700081FE034617E0009B5B781846FFF724FD59
:108580000346002B02D0012B06D00BE00099019886
:10859000FFF768FE034606E000990198FFF723FF06
:1085A000034600E00623184603B05DF804FB00BF55
:1085B00038EE010086B00390029101920093029B75
:1085C0000593039B009A5A60059BDB69009A9A42C7
:1085D0001DD8059B9A69039B1A60059B9A69009BAD
:1085E0001A44059B9A61059B1A6F009B1A44059BD0
:1085F0001A67059BDA69009BD21A059BDA61059B15
:10860000DB69002B14BF01230023DBB208E0059BCC
:1086100003F12802039B1A60059B009A9A670023C6
:10862000184606B07047000000B58BB00190019865
:10863000FFF756FD08900898FFF764FD0790019832
:10864000FFF7BFFD03468DF81B306C4B0393079B70
:108650000493079BDB69002B26D1079B1A6F079BAE
:108660005A67079B00221A67079B0022DA66079B5E
:108670001B6A002B13D0079B079A1833203292E80D
:10868000030083E80300079B00221A6203AA9DF8F7
:108690001B3011461846FCF7BBF80346A9E0079BC0
:1086A00000229A610023A4E0079B9B6F0593059B22
:1086B0000993079BDB69059A9A4202D9079BDB69FC
:1086C0000993079B9869079B2833099A194613F069
:1086D00051FE079B1A6F099B1A44079B5A67079B19
:1086E00000221A67059A099BD21A079BDA66079B34
:1086F00003F12802099B1A44079B9A66079B1B6A91
:10870000002B65D0079B079A1833203292E80300AC
:1087100083E80300079B00221A6254E0079BDA6E8D
:10872000079BDB699A4232D3079B9869079B996E36
:10873000079BDB691A4613F01DFE079BDA6E079B49
:10874000DB69D21A079BDA66079B9A6E079BDB6987
:108750001A44079B9A66079BDA69079B5A670021B0
:108760000198FFF7EBFC079B1B6A002B0BD0079BC4
:10877000079A1833203292E8030083E80300079B2E
:1087800000221A621FE0079B00229A6123E0079BE8
:108790009869079B996E079BDB6E1A4613F0EAFDFA
:1087A000079BDA6E079B1A67079BDA69079BDB6EEC
:1087B000D21A079BDA61079B9A69079BDB6E1A4402
:1087C000079B9A6107E0079BDB6E002BA6D102E0B6
:1087D000079B00229A61079B9B69002B08D003AA84
:1087E0009DF81B3011461846FCF712F8034600E0CE
:1087F000002318460BB05DF804FB00BFB5850000F0
:1088000000B585B0019000910198FFF7B0FC0346D8
:108810001A46009B9B789A4201D1002334E0009BCA
:108820009B785BB2002B10DA009BDB78002B02D028
:10883000032B06D007E001210198FFF77FFC0023FE
:1088400022E0002320E003231EE0009B9B785BB224
:10885000002B18DB009BDB78032B10D0032B10DCE4
:10886000002B02D0012B0AD00BE00198FFF7DCFEB1
:10887000039000210198FFF761FC039B04E00023B3
:1088800002E0032300E00623184605B05DF804FB70
:1088900000B585B001900091019B002B04D12B49BC
:1088A00040F2DD20FDF74EFA009B002B04D1274952
:1088B00040F2DE20FDF746FA00230393009B1B786D
:1088C0000E2B39D801A252F823F000BF3F890000D7
:1088D000098900003F8900003F89000039890000B4
:1088E000118900001D8900003989000039890000C4
:1088F00029890000398900003F8900003F89000074
:108900003F8900003F8900000198FFF743FD17E011
:1089100000990198FFF7FCFD039011E00099019880
:10892000FFF76EFF03900BE003210198FFF706FCB1
:108930000198FFF72FFD03E00623039300E000BF3B
:10894000039B184605B05DF804FB00BF38EE01003C
:1089500010B58AB003900291019200930298FFF73C
:108960004BFB03461A46C34B1A700298FFF7B8FB3D
:108970000990039B002B04D1BF494FF44470FDF7CD
:10898000E1F9019B059300230693009B0793039B4A
:108990000893089B1B68002B00F00C81B3F5647FE3
:1089A00080F0D98640F213329342C0F0D486A3F20D
:1089B00013337C2B00F2CF8601A252F823F000BFC4
:1089C000D38B0000098C0000418C00007F8C0000DC
:1089D000B58C0000EB8C0000238D0000598D000049
:1089E00057970000579700005797000057970000CF
:1089F0005797000057970000998D0000CF8D000019
:108A000057970000579700005797000057970000AE
:108A1000218E0000578E0000978E000057970000AF
:108A20005797000057970000E18E0000178F000055
:108A30004F8F00005797000057970000579700008E
:108A400057970000998F0000D78F00000B9000000F
:108A5000579700005797000057970000579700005E
:108A600057970000579700004B9000005797000061
:108A70005797000057970000579700009590000007
:108A8000C9900000FD900000319100006591000048
:108A9000579700005797000099910000CD91000072
:108AA0000192000035920000739200005797000079
:108AB00057970000A7920000DB9200000F93000080
:108AC00043930000579700005797000077930000EA
:108AD000AB930000DF930000159400004B9400005E
:108AE00057970000579700005797000057970000CE
:108AF00057970000579700005797000057970000BE
:108B000057970000579700005797000057970000AD
:108B1000579700005797000057970000579700009D
:108B2000579700005797000057970000B99400002E
:108B3000ED940000579700005797000057970000EA
:108B40004195000057970000579700005797000085
:108B5000579700008995000057970000579700002D
:108B60005797000057970000D395000057970000D3
:108B7000579700005797000057970000579700003D
:108B80005797000013960000479600005797000083
:108B900057970000579700005797000093960000E2
:108BA000579700005797000057970000579700000D
:108BB000F3960000089B08221A71069A079B9A42B6
:108BC00006D3089B40F213321A60012300F0C7BDA0
:108BD00000BF059B002B05D0089A0599069B0B4406
:108BE00012791A70069B01330693089B0B221A71A7
:108BF000069A079B9A4206D3089B4FF445721A6067
:108C0000012300F0ACBD00BF059B002B05D0089AE6
:108C10000599069B0B4412791A70069B0133069343
:108C2000089B099A127D1A71069A079B9A4206D3ED
:108C3000089B40F215321A60012300F090BD00BF7E
:108C4000059B002B05D0089A0599069B0B441279C9
:108C50001A70069B01330693089B02221A71069A2A
:108C6000079B9A420AD3089B40F216321A600123EE
:108C700000F075BD6C09002038EE010000BF059BB7
:108C8000002B05D0089A0599069B0B4412791A709F
:108C9000069B01330693089B02221A71069A079BD2
:108CA0009A4206D3089B40F217321A60012300F063
:108CB00056BD00BF059B002B05D0089A0599069B61
:108CC0000B4412791A70069B01330693089B02220B
:108CD0001A71069A079B9A4206D3089B4FF4467274
:108CE0001A60012300F03BBD00BF059B002B05D09F
:108CF000089A0599069B0B4412791A70069B01335A
:108D00000693089B099A527E1A71069A079B9A420B
:108D100006D3089B40F219321A60012300F01FBDF0
:108D200000BF059B002B05D0089A0599069B0B44B4
:108D300012791A70069B01330693089B00221A7160
:108D4000069A079B9A4206D3089B40F21A321A6091
:108D5000012300F004BD00BF059B002B05D0089A3D
:108D60000599069B0B4412791A70069B01330693F2
:108D7000964B00221A7000F0E1BC089B09221A7180
:108D8000069A079B9A4206D3089B40F221321A604A
:108D9000012300F0E4BC00BF059B002B05D0089A1E
:108DA0000599069B0B4412791A70069B01330693B2
:108DB000089B04221A71069A079B9A4206D3089BC5
:108DC00040F222321A60012300F0C9BC00BF059BAB
:108DD000002B05D0089A0599069B0B4412791A704E
:108DE000069B01330693794B1B7819460298FFF7CF
:108DF0000BF90346764A1360754B1B68089C1846AE
:108E0000FFF72CF903462371069A079B9A4206D373
:108E1000089B40F227321A60012300F0A0BC00BF7B
:108E2000059B002B05D0089A0599069B0B441279E7
:108E30001A70069B01330693089B00221A71069A4A
:108E4000079B9A4206D3089B4FF44A721A6001238B
:108E500000F085BC00BF059B002B05D0089A059942
:108E6000069B0B4412791A70069B01330693584BEC
:108E70001B68089C1846FFF7F8F803462371069A0A
:108E8000079B9A4206D3089B40F229321A600123BD
:108E900000F065BC00BF059B002B05D0089A059922
:108EA000069B0B4412791A70069B01330693099BAB
:108EB0001C7D474B1B681846FFF7D0F803469C42C1
:108EC00052D1089B02221A71069A079B9A4206D336
:108ED000089B40F22D321A60012300F040BC00BF15
:108EE000059B002B05D0089A0599069B0B44127927
:108EF0001A70069B01330693089B02221A71069A88
:108F0000079B9A4206D3089B40F22E321A60012337
:108F100000F025BC00BF059B002B05D0089A0599E1
:108F2000069B0B4412791A70069B01330693089B2B
:108F3000099A527E1A71069A079B9A4206D3089B99
:108F400040F22F321A60012300F009BC00BF059BDC
:108F5000002B05D0089A0599069B0B4412791A70CC
:108F6000069B0133069362E0099B9C7D184B1B68AE
:108F70001846FFF773F803469C4253D1089B0A2218
:108F80001A71069A079B9A4205D3089B4FF44D72BB
:108F90001A600123E3E300BF059B002B05D0089A6C
:108FA0000599069B0B4412791A70069B01330693B0
:108FB000089B00221A71069A079B9A420AD3089BC3
:108FC00040F235321A600123C9E300BF6D09002069
:108FD0007009002000BF059B002B05D0089A059959
:108FE000069B0B4412791A70069B01330693089B6B
:108FF00000221A71069A079B9A4205D3089B40F2F9
:1090000036321A600123AAE300BF059B002B05D06E
:10901000089A0599069B0B4412791A70069B013336
:10902000069304E0904940F23A30FCF78BFE089B2F
:1090300000221A71069A079B9A4205D3089B40F2B8
:109040003D321A6001238AE300BF059B002B05D047
:10905000089A0599069B0B4412791A70069B0133F6
:109060000693099B1C7D814B1B681846FEF7F6FF93
:1090700003469C4240F0F681089B05221A71069A2D
:10908000079B9A4205D3089B40F242321A600123A3
:1090900065E300BF059B002B05D0089A0599069B48
:1090A0000B4412791A70069B01330693089B242205
:1090B0001A71069A079B9A4205D3089B40F24332E5
:1090C0001A6001234BE300BF059B002B05D0089AD3
:1090D0000599069B0B4412791A70069B013306937F
:1090E000089B00221A71069A079B9A4205D3089B97
:1090F0004FF451721A60012331E300BF059B002B2E
:1091000005D0089A0599069B0B4412791A70069BA4
:1091100001330693089B10221A71069A079B9A4204
:1091200005D3089B40F245321A60012317E300BFC4
:10913000059B002B05D0089A0599069B0B441279D4
:109140001A70069B01330693089B01221A71069A36
:10915000079B9A4205D3089B40F246321A600123CE
:10916000FDE200BF059B002B05D0089A0599069BE0
:109170000B4412791A70069B01330693089B052253
:109180001A71069A079B9A4205D3089B40F249320E
:109190001A600123E3E200BF059B002B05D0089A6B
:1091A0000599069B0B4412791A70069B01330693AE
:1091B000089B24221A71069A079B9A4205D3089BA2
:1091C00040F24A321A600123C9E200BF059B002B1E
:1091D00005D0089A0599069B0B4412791A70069BD4
:1091E00001330693089B01221A71069A079B9A4243
:1091F00005D3089B40F24B321A600123AFE200BF57
:10920000059B002B05D0089A0599069B0B44127903
:109210001A70069B01330693089B03221A71069A63
:10922000079B9A4205D3089B4FF453721A6001239F
:1092300095E200BF059B002B05D0089A0599069B77
:109240000B4412791A70069B01330693089B099A06
:10925000927D1A71069A079B9A4209D3089B40F2A5
:109260004D321A6001237AE238EE010070090020C5
:1092700000BF059B002B05D0089A0599069B0B445F
:1092800012791A70069B01330693089B04221A7107
:10929000069A079B9A4205D3089B4FF454721A60B2
:1092A00001235CE200BF059B002B05D0089A0599BD
:1092B000069B0B4412791A70069B01330693089B98
:1092C00024221A71069A079B9A4205D3089B40F202
:1092D00051321A60012342E200BF059B002B05D0EA
:1092E000089A0599069B0B4412791A70069B013364
:1092F0000693089B02221A71069A079B9A4205D38D
:10930000089B40F252321A60012328E200BF059BFD
:10931000002B05D0089A0599069B0B4412791A7008
:10932000069B01330693089B02221A71069A079B3B
:109330009A4205D3089B40F253321A6001230EE291
:1093400000BF059B002B05D0089A0599069B0B448E
:1093500012791A70069B01330693089B05221A7135
:10936000069A079B9A4205D3089B40F256321A6030
:109370000123F4E100BF059B002B05D0089A059955
:10938000069B0B4412791A70069B01330693089BC7
:1093900024221A71069A079B9A4205D3089B40F231
:1093A00057321A600123DAE100BF059B002B05D07C
:1093B000089A0599069B0B4412791A70069B013393
:1093C0000693089B06221A71069A079B9A4205D3B8
:1093D000089B4FF456721A600123C0E100BF059B41
:1093E000002B05D0089A0599069B0B4412791A7038
:1093F000069B01330693089B099A127D1A71069AFF
:10940000079B9A4205D3089B40F259321A60012308
:10941000A5E100BF059B002B05D0089A0599069B86
:109420000B4412791A70069B01330693089B099A24
:10943000927D1A71069A079B9A4205D3089B40F2C7
:109440005A321A6001238AE100BF059B002B05D028
:10945000089A0599069B0B4412791A70069B0133F2
:1094600006930EE0099B9C7D9C4B1B681846FEF7FB
:10947000F5FD03469C4204D0994940F26330FCF765
:1094800061FC964B1B681846FEF7EFFD03461A4633
:10949000944B1A70944B00221A7042E1089B0722E9
:1094A0001A71069A079B9A4205D3089B40F26E32C6
:1094B0001A60012353E100BF059B002B05D0089AD9
:1094C0000599069B0B4412791A70069B013306938B
:1094D000089B05221A71069A079B9A4205D3089B9E
:1094E00040F26F321A60012339E100BF059B002B67
:1094F00005D0089A0599069B0B4412791A70069BB1
:1095000001330693754B1B68774A1278114618464B
:10951000FEF7B2FD0346754A1360744B1B68089C46
:109520001846FEF7CFFD03462371069A079B9A4221
:1095300005D3089B40F273321A6001230FE100BF8C
:10954000059B002B05D0089A0599069B0B441279C0
:109550001A70069B01330693099B1C7D5F4B1B68A9
:109560001846FEF77BFD03469C421AD1089B032256
:109570001A71069A079B9A4205D3089B4FF45E72B4
:109580001A600123EBE000BF059B002B05D0089A71
:109590000599069B0B4412791A70069B01330693BA
:1095A00029E0099B9C7D4D4B1B681846FEF756FD34
:1095B00003469C421AD1089B02221A71069A079B05
:1095C0009A4205D3089B40F27D321A600123C6E01F
:1095D00000BF059B002B05D0089A0599069B0B44FC
:1095E00012791A70069B0133069304E03C4940F25D
:1095F0008130FCF7A7FB089B40221A71069A079B53
:109600009A4205D3089B4FF461721A600123A6E0C9
:1096100000BF059B002B05D0089A0599069B0B44BB
:1096200012791A70069B01330693089B00221A7167
:10963000069A079B9A4205D3089B40F285321A602E
:1096400001238CE000BF059B002B05D0089A0599EB
:10965000069B0B4412791A70069B01330693099BF3
:109660001C7D1E4B1B681846FEF7F8FC03469C4207
:109670001CD1099B1A6A089B12781A71069A079BDB
:109680009A4205D3089B40F28A321A60012366E0B1
:1096900000BF059B002B05D0089A0599069B0B443B
:1096A00012791A70069B0133069334E0099B9C7D66
:1096B0000A4B1B681846FEF7D1FC03469C4225D195
:1096C000089B00221A71069A079B9A4210D3089BA6
:1096D00040F28F321A60012341E000BF7009002080
:1096E00038EE010074090020750900207809002077
:1096F00000BF059B002B05D0089A0599069B0B44DB
:1097000012791A70069B0133069304E0154940F262
:109710009330FCF717FB144B1B780133DAB2124B72
:109720001A70114B1A78114B1B789A42FFF4B6AE9F
:109730000F4B1B780133DAB20D4B1A700C4B1A78B1
:109740000C4B1B789A42FFF418AB089B40F29A32FC
:109750001A60012303E0089B00221A6000231846C8
:109760000AB010BD38EE0100750900207409002010
:109770006D0900206C09002000B585B001900198AA
:10978000FEF7C0FC0390039B5B6F184605B05DF8C5
:1097900004FB00B585B001900198FEF7B3FC03907F
:1097A000039BDB6E184605B05DF804FB00B58BB07B
:1097B000039002910192029B002B04D1454940F293
:1097C000D730FCF7BFFA0398FEF79CFC0890089B83
:1097D0009B8A03F00103002B01D1082375E0089B4D
:1097E0009B69002B61D1089BDB6E019A9A4218D8C5
:1097F000089B9B6E019A1946029812F0BBFD089BCC
:10980000DA6E019BD21A089BDA66089B9A6E019B5E
:109810001A44089B9A66089B019A5A670023099389
:1098200052E0089B029A9A61089B019ADA610398B8
:10983000FEF74FFC03461846FEF7C3FC03468DF8BF
:109840001F30254B0593089B0693089BDB6E002B6E
:109850001DD0089B9869089B996E089BDB6E1A4681
:1098600012F088FD089BDA69089BDB6ED21A089B10
:10987000DA61089B9A69089BDB6E1A44089B9A611F
:10988000089BDA6E089B1A67089B0022DA6605AA15
:109890009DF81F3011461846FAF7BAFF0990099B48
:1098A000002B11D1922309930EE0089B1B6A002B19
:1098B00008D1089B029A1A62089B019A5A62922365
:1098C000099301E011230993099B18460BB05DF839
:1098D00004FB00BF38EE0100B585000000B585B07F
:1098E0000190002303930BE0019A039B1344197822
:1098F000094A039B13440A461A70039B01330393DE
:10990000019812F0B5FD0246039B9342ECD300BFD1
:1099100000BF05B05DF804FB7C09002000B589B0EC
:109920004FF08053D3F8A8309BB26FEA83436FEABD
:109930009343ADF81E304FF08053D3F8A430069314
:10994000BDF81E2002A8069B00931346054A0D2170
:1099500012F0C8FC02AB1846FFF7C0FF00BF09B009
:109960005DF804FBB8EE01004FF08043D3F81834E3
:109970001B0C03F00103002B14BF01230023DBB2F7
:109980001846704708B5FFF7EFFF0346184608BDB5
:10999000044BD3F80034002B14BF01230023DBB2A7
:1099A000184670470000014008B500F0AFFC00BF4A
:1099B00008BD000008B500F0C3FC024B00225A703D
:1099C00000BF08BD8C090020014B1B78184670476A
:1099D0008C09002000B583B000230193144B1B7841
:1099E000002B02D08523019314E0114B00229A60D2
:1099F0000F4B00225A600E4B00221A610C4B0022C2
:109A0000DA600C4800F028FC019000F04BFC084B99
:109A100001221A70FFF7BCFF0346002B02D0044B53
:109A200001229A70019B184603B05DF804FB00BF49
:109A30008C090020959C000084B001900091019B4E
:109A40001B68039306E0039A009B9A420DD0039B88
:109A50001B680393039B002BF5D1019B1A68009BA5
:109A60001A60019B009A1A6000E000BF04B07047C2
:109A700084B00190019B1B680393039B002B03D0D0
:109A8000039B1A68019B1A60039B184604B0704739
:109A900000B583B00190224B1B78002B03D12149E4
:109AA000F620FCF74FF91E4B9B78DBB2002B12D04F
:109AB000019B002B03D0019B5B680120984700208D
:109AC000FBF7C0FF164BDB680133154AD36000205B
:109AD000FBF7CCFF17E00020FBF7B4FF019B002B46
:109AE00003D001991048FFF7A7FF0D4BDB68002B4F
:109AF00001D100F0F1FB0A4BDB680133084AD36067
:109B00000020FBF7B3FF064BDB68002B04D10549AF
:109B10004FF48970FCF716F900BF03B05DF804FB41
:109B20008C090020CCEE01009C09002008B5074BF1
:109B30001B78002B04D1064940F22510FCF702F9EE
:109B4000FFF720FF0346184608BD00BF8C09002020
:109B5000CCEE010000B583B00190234B1B78002BA5
:109B600004D1224940F23310FCF7ECF81E4B5B782D
:109B7000DBB2002B12D0019B002B03D0019B5B6852
:109B8000002098470020FBF75DFF174B5B6801330F
:109B9000154A53600020FBF769FF17E00020FBF730
:109BA00051FF019B002B03D001991148FFF744FF9F
:109BB0000D4B5B68002B01D1FFF7F6FE0A4B5B688B
:109BC0000133094A53600020FBF750FF064B5B68E6
:109BD000002B04D1054940F24F10FCF7B3F800BF49
:109BE00003B05DF804FB00BF8C090020CCEE01003F
:109BF0009409002008B5124B1B78002B04D11149A1
:109C00004FF4AA70FCF79EF80D4B5B68002B04D153
:109C10000C4940F25510FCF795F80020FBF712FFB5
:109C2000074B5B68013B064A5360054B5B68002BA2
:109C300001D1FFF7BFFE0020FBF718FF00BF08BDF2
:109C40008C090020CCEE010000B585B003468DF8EC
:109C500007309DF80730002B02D10C4B039301E035
:109C60000B4B03930398FFF703FF0290029B002B1B
:109C700006D0029B5B689DF8072010469847F1E7E5
:109C800000BF00BF05B05DF804FB00BF94090020D1
:109C90009C09002000B583B003468DF807309DF87D
:109CA0000730002B05D10A4B01225A700020FFF724
:109CB000CBFF9DF80730012B05D1054B01229A708F
:109CC0000120FFF7C1FF00BF03B05DF804FB00BF38
:109CD0008C09002000B585B001900D4B1B78002B3E
:109CE00001D085230FE0019B002B01D1094B01938B
:109CF000019801F071FC0390039B002B02D1044BEF
:109D000001221A70039B184605B05DF804FB00BFE2
:109D1000A009002028EF010000B583B0019000F0F9
:109D20000AF8019801F086FC01F0A0FC0023184617
:109D300003B05DF804FB08B501F09FFC01F0A4FC42
:109D400000BF08BD00B589B001900091009B07934A
:109D5000019B1B788DF80830019B5B680393019B86
:109D60009B68DBB28DF81030019BDB680593019B8B
:109D70001B69DBB28DF81830074A079B52F8233075
:109D80000649079A51F8221002AA1046984700BFC8
:109D900009B05DF804FB00BFA4090020B40900204D
:109DA00010B58AB00390029101920093039B1B7837
:109DB00009932249099B019A41F823202049099BD4
:109DC000009A41F82320002308931E4B04AC0FCBCC
:109DD00084E80F00029B1B788DF81030029B5B78A3
:109DE0008DF81130029B9B788DF81230029BDB7846
:109DF0008DF81330029B1B798DF81530029B5B792F
:109E00008DF81630029B9B680693029B1B7B8DF896
:109E10001C30029B5B7B8DF81D30039B181D019B42
:109E2000002B01D0084A00E00022099B04A908F099
:109E3000B9FD0890089B18460AB010BDA40900207F
:109E4000B40900202CEF0100459D000000B589B049
:109E500001900091009B0793019B1B788DF80C30BB
:109E6000019B5B680493019B9B68DBB28DF8143007
:109E7000019BDB680693074A079B52F8233006498B
:109E8000079A51F8221003AA1046984700BF09B05C
:109E90005DF804FBC4090020CC09002000B589B09E
:109EA00001900091009B0793019B1B788DF80C306B
:109EB000019B5B680493019B9B68DBB28DF81430B7
:109EC000019BDB680693074A079B52F8233006493B
:109ED000079A51F8221003AA1046984700BF09B00C
:109EE0005DF804FBC4090020CC09002030B58FB018
:109EF000039002910192039B1B780C932C490C9BBD
:109F0000019A41F82320029B1A692A490C9B41F8C7
:109F100023200C9B012B07D1029B5B7F002B03D1DD
:109F200025497620FBF70EFF029B5B7F1946234AEB
:109F30000C9B13440A461A70029B04AC1D460FCDBD
:109F40000FC495E80F0084E80F000C9B08930023D2
:109F50000D93039B1B781A46184B9B5C002B0DD06E
:109F6000039B181D019B002B01D0154A00E0002225
:109F700004AB194602F0EEFE0D9014E0039B1B7833
:109F80001A460E4B9B5C002B0DD1039B03F10C007A
:109F9000019B002B01D00B4A00E0002204AB1946C4
:109FA00002F05CF80D900D9B18460FB030BD00BF5D
:109FB000C4090020CC0900203CEF0100D409002096
:109FC0004D9E00009D9E000010B487B0019000914E
:109FD000019B009A53E8004F04EA020043E80001A5
:109FE00091F0000FF6D1059404900391059B18465B
:109FF00007B05DF8044B704782B003468DF8073018
:10A000009DF90730002B0CDB9DF8073003F01F0291
:10A0100005499DF907305B09012000FA02F241F879
:10A02000232000BF02B0704700E100E082B0034689
:10A0300000918DF807309DF90730002B0ADB009B5B
:10A04000DAB20C499DF907305201D2B20B4483F8C1
:10A0500000230BE0009BDAB207499DF8073003F0BC
:10A060000F03043B5201D2B20B441A7600BF02B078
:10A07000704700BF00E100E000ED00E082B0019019
:10A08000019B1B0B5BB2184602B0704700B583B052
:10A0900003460A468DF8073013468DF806309DF8C2
:10A0A0000630072B03D908496B20FBF74BFE9DF8C0
:10A0B00006209DF9073011461846FFF7B7FF00BF8D
:10A0C00003B05DF804FB00BF94EF010000B583B05E
:10A0D00003468DF807309DF907301846FFF78CFFCF
:10A0E00000BF03B05DF804FB82B003468DF8073073
:10A0F0000F4A9DF90730002B00DA1F335B115BB26A
:10A1000052F823209DF90730594203F01F0301F054
:10A110001F0158BF4B425BB222FA03F303F0010365
:10A12000002B14BF01230023DBB2184602B0704796
:10A1300000E100E082B001904FF08042019BC2F844
:10A14000043300BF02B0704782B001904FF08042EC
:10A15000019BC2F8083300BF02B0704782B00346CB
:10A160008DF807309DF8073003F1804301221A6013
:10A1700000BF02B0704784B00346ADF80630BDF8AA
:10A18000063003F1804300221A60BDF8063003F167
:10A1900080431B680393039B00BF04B0704782B0E9
:10A1A0000346ADF80630BDF8063003F180431B6866
:10A1B000002B14BF01230023DBB2184602B0704706
:10A1C00082B001904FF08042019BC2F8183500BF69
:10A1D00002B0704782B003468DF807304FF08043DD
:10A1E000D3F80C3403F001129DF8073043F48033A8
:10A1F0009A420CBF01230023DBB2184602B070471D
:10A2000000B583B006238DF807304FF08040FFF78C
:10A2100035FF03461846FFF767FF034683F0010347
:10A22000DBB2002B13D04FF08040FFF727FF03462F
:10A230001A469DF8073019461046FFF727FF4FF0E2
:10A240008040FFF71BFF03461846FFF73FFF00BFA4
:10A2500003B05DF804FB000000B585B00190019BE0
:10A26000002B03D10D49A420FBF76CFD00230393C1
:10A270000B4B1B79002B02D08523039308E0084A7F
:10A28000019B1360064B01221A71054B00225A7183
:10A29000039B184605B05DF804FB00BFC0EF01004A
:10A2A000D809002008B5094B1B79002B03D10849B8
:10A2B000BD20FBF747FDFFF7A3FF0120FFF780FF5D
:10A2C000044B01221A7000BF08BD00BFD80900204E
:10A2D000C0EF0100E009002008B50A4B1B79002BF4
:10A2E00003D10949EA20FBF72DFD4FF48270FFF7F7
:10A2F00042FF0220FFF71EFF0820FFF72FFF00BFDD
:10A3000008BD00BFD8090020C0EF010008B50A4B06
:10A310001B79002B04D109494FF48170FBF712FD22
:10A320004FF48070FFF727FF0120FFF703FF0020A5
:10A33000FFF714FF00BF08BDD8090020C0EF0100DF
:10A3400008B50F4B1B79002B04D10E494FF48570D3
:10A35000FBF7F8FC0120FFF7F7FE4FF48070FFF7E2
:10A360000AFF0420FFF7FAFE00BF0120FFF732FFCB
:10A370000346002BF9D1024B00225A7100BF08BDE1
:10A38000D8090020C0EF010008B54FF48070FFF736
:10A3900006FF0346002B14D04FF48070FFF7EBFE4E
:10A3A0000120FFF7D1FE114B5B7983F00103DBB293
:10A3B000002B06D00D4B01225A710C4B1B6800205C
:10A3C00098474FF48270FFF7EAFE0346002B0AD04D
:10A3D0004FF48270FFF7CFFE0220FFF7B5FE034B6C
:10A3E0001B680120984700BF08BD00BFD8090020A6
:10A3F00082B003468DF807309DF90730002B0CDB47
:10A400009DF8073003F01F0205499DF907305B09ED
:10A41000012000FA02F241F8232000BF02B0704789
:10A4200000E100E082B0034600918DF807309DF90D
:10A430000730002B0ADB009BDAB20C499DF907308C
:10A440005201D2B20B4483F800230BE0009BDAB236
:10A4500007499DF8073003F00F03043B5201D2B2C5
:10A460000B441A7600BF02B0704700BF00E100E065
:10A4700000ED00E082B00190019B1B0B5BB218461F
:10A4800002B0704700B583B003460A468DF8073026
:10A4900013468DF806309DF80630072B03D908497E
:10A4A0006B20FBF74FFC9DF806209DF90730114605
:10A4B0001846FFF7B7FF00BF03B05DF804FB00BF0D
:10A4C00018F0010000B583B003468DF807309DF900
:10A4D00007301846FFF78CFF00BF03B05DF804FBA0
:10A4E00082B003468DF807309DF8073003F18043B2
:10A4F00003F5C043184602B0704700B583B0034669
:10A50000ADF80630BDF80630184600F026F80346D0
:10A510001B68012B0CBF01230023DBB2184603B0DC
:10A520005DF804FB00B585B00346ADF80630BDF814
:10A530000630184600F011F803461A46002313604F
:10A54000BDF80630184600F008F803461B68039370
:10A55000039B00BF05B05DF804FB82B00346ADF875
:10A560000630BDF8063003F1804303F5C0431846BA
:10A5700002B0704782B00190034A019BC2F80433D5
:10A5800000BF02B0704700BF0060004082B0019081
:10A59000034BD3F80423019B1340184602B07047C5
:10A5A0000060004082B00190054A019B03F5A27350
:10A5B00052F823301B0A03F03F03184602B07047DD
:10A5C0000060004082B00190064A019B03F5A2732F
:10A5D00052F823301B0C03F00303DBB2184602B021
:10A5E000704700BF0060004084B00190094A019BA1
:10A5F00003F5A27352F8233043F003030393054994
:10A60000019B03F5A273039A41F8232000BF04B015
:10A61000704700BF0060004084B003900291114673
:10A620001A460B468DF8073013468DF80630184A47
:10A63000039B03F5A27352F82330154923F49913B1
:10A6400023F4F853039A02F5A27241F82230104A1B
:10A65000039B03F5A27352F82320029B1B0203F411
:10A660007C519DF807301B0403F4403319439DF8D7
:10A6700006301B0503F480130B4305491A43039B63
:10A6800003F5A27341F8232000BF04B0704700BF58
:10A690000060004082B001900B468DF803300B4AF9
:10A6A000019B03F5A27352F8233023F480129DF826
:10A6B00003301B0503F4801304491A43019B03F57F
:10A6C000A27341F8232000BF02B070470060004031
:10A6D00082B00190044A019B03F5A273002142F865
:10A6E000231000BF02B070470060004000B583B087
:10A6F0000190019B1B68184600F03AF90346002BB5
:10A7000004D10B494FF4F670FBF71CFB019B1B684F
:10A710001F2B02D84FF0A04306E0019B1B6803F0FB
:10A720001F02019B1A60034B184603B05DF804FB3F
:10A730003CF001000003005000B585B001900846D0
:10A7400011461A4603468DF803300B468DF8023049
:10A7500013468DF8013001AB1846FFF7C7FF039091
:10A760009DF803209DF802305B001A439DF80130EC
:10A770009B001A439DF818301B0242EA03019DF822
:10A780001C301B04019A1943039B02F5E07243F845
:10A79000221000BF05B05DF804FB00B585B0039042
:10A7A0000023019300230093002301220121039839
:10A7B000FFF7C2FF00BF05B05DF804FB00B585B030
:10A7C0000390002301930023009300230122002122
:10A7D0000398FFF7B1FF00BF05B05DF804FB00B5BB
:10A7E00085B001900B468DF8033001AB1846FFF79A
:10A7F0007DFF0390019A039B02F5E07253F822302B
:10A80000019A23F44031039B02F5E07243F82210D1
:10A81000019A039B02F5E07253F822309DF8032061
:10A8200012041146019A1943039B02F5E07243F8A2
:10A83000221000BF05B05DF804FB00B585B00190A3
:10A8400001AB1846FFF752FF0390019B012202FA69
:10A8500003F31946039800F02EF800BF05B05DF829
:10A8600004FB00B585B0019001AB1846FFF73EFF31
:10A870000390019B012202FA03F31946039800F0AA
:10A8800024F800BF05B05DF804FB00B585B0019069
:10A8900001AB1846FFF72AFF0390019A039B02F5CC
:10A8A000E07253F822301B0C03F00303DBB21846AE
:10A8B00005B05DF804FB82B001900091019B009A05
:10A8C000C3F8082500BF02B0704782B00190009124
:10A8D000019B009AC3F80C2500BF02B0704700002E
:10A8E00088B0039002910192164A05AB92E80300EA
:10A8F00083E80300039B079319E0079B9B0008AACA
:10A90000134453F80C3CD3F82025019B1A60079B95
:10A910009B0008AA134453F80C3C019A1268C3F830
:10A920002025019B04330193079B01330793039A6E
:10A93000029B1344079A9A42DFD300BF00BF08B0BE
:10A94000704700BF60F0010000B585B0019001AB19
:10A950001846FFF7CBFE0390019B012202FA03F396
:10A960001A46039BC3F8202500BF05B05DF804FB21
:10A9700084B00190019B5B09029300230393029B27
:10A98000002B03D0029B012B04D007E04FF0FF33D4
:10A99000039303E04FF6FF73039300BF019B03F0A3
:10A9A0001F030193039A019B22FA03F303F00103AF
:10A9B000002B14BF01230023DBB2184604B07047FC
:10A9C00084B001900091009B0393019BDB080293EC
:10A9D000019B03F0070301930122019B02FA03F399
:10A9E0000399029A0A4412781340184604B070473B
:10A9F00084B001900091009B0393019BDB080293BC
:10AA0000019B03F007030193039A029B13441B78F5
:10AA10005AB20121019B01FA03F35BB2134359B20D
:10AA2000039A029B1344CAB21A7000BF04B0704765
:10AA300084B001900091009B0393019BDB0802937B
:10AA4000019B03F007030193039A029B13441B78B5
:10AA50005AB20121019B01FA03F35BB2DB435BB203
:10AA6000134059B2039A029B1344CAB21A7000BF32
:10AA700004B0704782B00190074A019B1344303301
:10AA800093F90030B3F1FF3F14BF01230023DBB281
:10AA9000184602B0704700BFE409002082B0019060
:10AAA0000C4A019B1344303393F90030002B09DB2F
:10AAB000084A019B1344303393F90030072B01DC23
:10AAC000012300E0002303F00103DBB2184602B0CB
:10AAD000704700BFE409002084B003900291019206
:10AAE0008DF80330029B59B20E4A039B1344303356
:10AAF0000A461A700B49029B019A41F823209DF8DF
:10AB0000033083F00103DBB2002B08D0029B083B2B
:10AB1000039A51B2034A13440A4683F8602000BFE7
:10AB200004B07047E409002082B00190044A019B00
:10AB300013443033FE221A7000BF02B0704700BFCA
:10AB4000E409002082B00190044A019B1344303391
:10AB5000FF221A7000BF02B0704700BFE409002056
:10AB600000B583B0019004490198FFF741FF00BF91
:10AB700003B05DF804FB00BF480A002000B583B0B5
:10AB8000019004490198FFF753FF00BF03B05DF83F
:10AB900004FB00BF480A002000B583B001900749BC
:10ABA0000198FFF70DFF0346002B14BF012300237C
:10ABB000DBB2184603B05DF804FB00BF480A002072
:10ABC00082B00190044A019B1344303393F9003062
:10ABD000184602B0704700BFE409002082B001901F
:10ABE000034A019B52F82330184602B0704700BF59
:10ABF000E409002084B00190074A019B13446033AC
:10AC000093F900308DF80F309DF80F3023F0C0031A
:10AC1000184604B0704700BFE409002084B00190DA
:10AC2000074A019B1344603393F900308DF80F30CD
:10AC30009DF80F309B09DBB2184604B0704700BF87
:10AC4000E409002000B589B00390029113468DF805
:10AC50000730FF238DF81F309DF80730002B01D0FF
:10AC6000002300E0082305939DF80730002B01D056
:10AC7000082300E00C230493059B069314E00F4A7D
:10AC8000069B52F82330B3F1FF3F0AD19DF80730FD
:10AC9000029A06990398FFF71FFF069B8DF81F3055
:10ACA00006E0069B01330693069A049B9A42E6D37C
:10ACB0009DF91F30184609B05DF804FBE409002037
:10ACC00082B003468DF807309DF80730094A4FF0EF
:10ACD000FF3142F823109DF80730072B07D99DF864
:10ACE0000730083B034A1344FF2283F8602000BF6B
:10ACF00002B07047E409002000B583B02D4B93F8F3
:10AD00006A30002B03D008230093009B4EE0002301
:10AD10008DF8073011E09DF807301846FFF728FE40
:10AD20000346002B04D09DF807301846FFF70AFFB2
:10AD30009DF8073001338DF807309DF807302F2B31
:10AD4000E9D900238DF8073009E09DF8073018464F
:10AD5000FFF7B6FF9DF8073001338DF807309DF8F7
:10AD600007300B2BF1D906220021134811F02BFBE1
:10AD70001248FFF77FFB034606211846FFF782FBC8
:10AD80000E48FFF777FB03461846FFF79BFB4FF48F
:10AD9000BE70FFF7C7FB4FF00040FFF7EBFB054B22
:10ADA000012283F86A2000230093009B184603B019
:10ADB0005DF804FBE4090020480A00200060004020
:10ADC000044B93F86A30002B14BF01230023DBB23D
:10ADD00018467047E409002000B585B00190009145
:10ADE0000198FFF7C5FD0346002B04D12D4940F221
:10ADF0004910FAF7A7FF2C4B93F86A30012B04D0C7
:10AE000028494FF4A570FAF79DFF009B002B04D151
:10AE1000244940F24B10FAF795FF00230393019861
:10AE2000FFF728FE0346002B02D00823039334E0EB
:10AE3000009B9B78002B19D0012200210198FFF77D
:10AE400001FF03468DF80B309DF90B30B3F1FF3F46
:10AE500009D09DF90B00009B1A78009B5B78019943
:10AE6000FFF7DAFB05E00423039302E00198FFF704
:10AE70005BFE039B002B10D1009B5B78012B03D161
:10AE80000198FFF7DAFC02E00198FFF7EAFC01986D
:10AE9000FFF783FC0198FFF763FE039B184605B09C
:10AEA0005DF804FB70F00100E409002000B583B0F8
:10AEB00001900198FFF75CFD0346002B04D11C496B
:10AEC00040F28110FAF73EFF0198FFF7D3FD0346E9
:10AED000002B04D116494FF4C170FAF733FF0198E3
:10AEE000FFF7DCFD0346002B0ED00198FFF768FE4C
:10AEF0000346DBB21846FFF7E3FE0198FFF760FE5A
:10AF000003461846FFF7E4FB0198FFF71BFE019884
:10AF1000FFF742FE0346002B05D00198FFF74EFCD9
:10AF20000198FFF72BFE00BF03B05DF804FB00BFE4
:10AF300070F0010000B583B001900198FFF718FD93
:10AF40000346002B04D1144940F2B310FAF7FAFE7D
:10AF50000198FFF78FFD0346002B04D10E494FF4F3
:10AF6000DA70FAF7EFFE0198FFF798FD0346002B21
:10AF700004D1094940F2B510FAF7E4FE074A019BF3
:10AF80001344303393F900301846FFF72DFB00BF10
:10AF900003B05DF804FB00BF70F00100E40900207D
:10AFA00000B583B001900198FFF7E2FC0346002B47
:10AFB00004D10E494FF4EC70FAF7C4FE0198FFF784
:10AFC0006DFD0346002B04D1084940F2D910FAF771
:10AFD000B9FE0198FFF7F4FD0346DBB20C33DBB298
:10AFE0009B00DBB2184603B05DF804FB70F0010073
:10AFF00000B585B001900198FFF7D2FF03468DF8A8
:10B000000F309DF80F301846FFF76AFA03461846CE
:10B0100005B05DF804FB000000B583B00190019815
:10B02000FFF7A6FC0346002B04D10E494FF4F57040
:10B03000FAF788FE0198FFF731FD0346002B04D193
:10B04000084940F2EB10FAF77DFE0198FFF7B8FDD2
:10B050000346DBB21833DBB29B00DBB2184603B009
:10B060005DF804FB70F0010000B585B00190019817
:10B07000FFF7D2FF03468DF80F309DF80F301846CA
:10B08000FFF72EFA0346184605B05DF804FB0000F2
:10B0900000B585B001900B468DF803300198FFF79D
:10B0A00067FC0346002B04D11A4940F2FB10FAF763
:10B0B00049FE0198FFF7DEFC0346002B04D1154939
:10B0C0004FF4FE70FAF73EFE0198FFF7E7FC0346E7
:10B0D000002B04D10F4940F2FD10FAF733FE9DF822
:10B0E0000330002B14BF01230023DBB28DF80F3097
:10B0F000094A019B1344303393F900301A469DF8F6
:10B100000F3019461046FFF7C5FA00BF05B05DF8CD
:10B1100004FB00BF70F00100E409002000B585B019
:10B120000190019A02210020FFF7DAFB002303932C
:10B130000BE0039B9B00019A13441B68002B01D07A
:10B14000012306E0039B01330393039B012BF0D9FA
:10B150000023184605B05DF804FB000000B587B079
:10B160000190002305935BE0344A059B1344603350
:10B1700093F90030B3F1FF3F4ED00598FFF73AFD49
:10B18000049001990498FFF71BFC0346002B44D060
:10B190000598FFF743FD03468DF80F300498FFF73D
:10B1A00074FB03468DF80E309DF80E30022B01D152
:10B1B000032300E002238DF80D309DF80D30194671
:10B1C0000498FFF70CFB0498FFF7BEFB0498FFF709
:10B1D000F7FC03461846FFF701FD0290029B002B87
:10B1E0001BD09DF80F30032B0FD09DF80E30022B93
:10B1F00003D19DF80F30012B07D09DF80E30032BA3
:10B200000BD19DF80F30022B07D19DF80F20029B28
:10B2100011460498984700E000BF059B0133059351
:10B22000059B032BA0D90198FFF778FF0346002B5D
:10B2300097D100BF00BF07B05DF804FBE409002010
:10B2400000B58BB00023089301AB00221A605A604E
:10B250004FF48073ADF81A3001230993002307934C
:10B2600021E0BDF81A301846FFF747F90346002BD6
:10B270000ED00998FFF78AF90346002B08D0BDF8D5
:10B280001A301846FFF74EF9089A099B13430893A2
:10B29000099B5B000993BDF81A300433ADF81A30EE
:10B2A000079B01330793079B072BDAD94FF4BE7036
:10B2B000FFF723F90346002B0DD04FF4BE70FFF7C4
:10B2C00031F9089B43F00043089301AB1A46022171
:10B2D0000020FFF705FB089BDBB2002B29D00123E0
:10B2E00009930023079321E0099A089B1340002B40
:10B2F00016D00798FFF756F905900798FFF762F9FF
:10B3000003468DF813300798FFF768FC0390039B02
:10B31000002B05D09DF81320039B114605989847F4
:10B32000099B5B000993079B01330793079B072B3E
:10B33000DAD9089B002B03DA01AB1846FFF70EFFA2
:10B3400000BF0BB05DF804FB82B003468DF80730F8
:10B350009DF90730002B0CDB9DF8073003F01F022E
:10B3600005499DF907305B09012000FA02F241F816
:10B37000232000BF02B0704700E100E082B0034626
:10B3800000918DF807309DF90730002B0ADB009BF8
:10B39000DAB20C499DF907305201D2B20B4483F85E
:10B3A00000230BE0009BDAB207499DF8073003F059
:10B3B0000F03043B5201D2B20B441A7600BF02B015
:10B3C000704700BF00E100E000ED00E082B00190B6
:10B3D000019B1B0B5BB2184602B0704700B583B0EF
:10B3E00003460A468DF8073013468DF806309DF85F
:10B3F0000630072B03D908496B20FAF7A3FC9DF808
:10B4000006209DF9073011461846FFF7B7FF00BF29
:10B4100003B05DF804FB00BFC8F0010000B583B0C5
:10B4200003468DF807309DF907301846FFF78CFF6B
:10B4300000BF03B05DF804FB82B003468DF807300F
:10B440000F4A9DF90730002B00DA1F335B115BB206
:10B4500052F823209DF90730594203F01F0301F0F1
:10B460001F0158BF4B425BB222FA03F303F0010302
:10B47000002B14BF01230023DBB2184602B0704733
:10B4800000E100E084B00346ADF80630BDF80630B8
:10B4900003F1804300221A60BDF8063003F18043B7
:10B4A0001B680393039B00BF04B0704782B0034640
:10B4B000ADF80630BDF8063003F180431B68002B61
:10B4C00014BF01230023DBB2184602B0704700B559
:10B4D00085B00346ADF80630BDF806301846FFF7D4
:10B4E000E5FF03468DF80F309DF80F30002B04D098
:10B4F000BDF806301846FFF7C5FF9DF80F30184617
:10B5000005B05DF804FB82B001904FF08042019BD2
:10B51000C2F8043300BF02B070474FF08043D3F845
:10B5200004331846704782B001904FF08042019B6F
:10B53000C2F8083300BF02B0704782B003468DF8EE
:10B5400007309DF80730002B01D0012300E00023D5
:10B550004FF08042C2F8783500BF02B0704782B029
:10B5600003468DF807309DF80730002B01D00123EA
:10B5700000E000234FF08042C2F8803500BF02B0E7
:10B58000704700B583B006238DF807304FF0804038
:10B59000FFF71CFF03461846FFF74EFF034683F0F4
:10B5A0000103DBB2002B13D04FF08040FFF70EFFFA
:10B5B00003461A469DF8073019461046FFF70EFF5E
:10B5C0004FF08040FFF702FF03461846FFF726FFC3
:10B5D00000BF03B05DF804FB00B583B00190019B90
:10B5E000002B03D111497020FAF7ACFB104B1B78EC
:10B5F000002B01D0852315E0019B1B78C3F340038A
:10B60000DBB21846FFF7ABFF019B1B78C3F30003C7
:10B61000DBB21846FFF791FFFFF7B3FF044B01229F
:10B620001A700023184603B05DF804FB10F1010006
:10B63000500A002000B583B00190019B002B03D17C
:10B640000849ED20FAF77EFB00F01EF8019B1B680D
:10B65000002B03D0019B1B68034A136000BF03B09B
:10B660005DF804FB10F101005C0A002008B54FF4FE
:10B670006070FFF748FF00BF08BD08B54FF4607069
:10B68000FFF751FF00BF08BD024B00221A6000BF48
:10B69000704700BF5C0A002000B583B0FFF73DFF94
:10B6A0000190019B03F00403002B12D04FF484702F
:10B6B000FFF70DFF0346002B0BD0464B1B68002BFA
:10B6C00004D145494FF48B70FAF73CFB414B1B68A2
:10B6D0009847019B03F02003002B13D04FF48A708E
:10B6E000FFF7F5FE0346002B0CD03C4B1B68002BEC
:10B6F00004D1394940F21F10FAF724FB374B1B687D
:10B7000000209847019B03F04003002B13D04FF417
:10B710008C70FFF7DCFE0346002B0CD02F4B1B6810
:10B72000002B04D12C494FF49370FAF70BFB2B4BF1
:10B730001B6801209847019B03F08003002B13D066
:10B740004FF48E70FFF7C3FE0346002B0CD0244B42
:10B750001B68002B04D1204940F22F10FAF7F2FAAF
:10B760001F4B1B6800209847019B03F48073002B3C
:10B7700013D04FF49070FFF7AAFE0346002B0CD0B5
:10B78000174B1B68002B04D113494FF49B70FAF739
:10B79000D9FA134B1B6801209847019B03F40073EF
:10B7A000002B13D04FF49270FFF791FE0346002B4D
:10B7B0000CD00B4B1B68002B04D1074940F23D1005
:10B7C000FAF7C0FA064B1B680220984700BF03B087
:10B7D0005DF804FB540A002010F10100580A002013
:10B7E0005C0A002008B5FFF757FFFEF7CDFD00BF4C
:10B7F00008BD000008B5064B1B68002B03D10549A6
:10B800005120FAF79FFA024B1B68984700BF08BD0A
:10B81000600A00206CF1010082B00190019B044A93
:10B82000934201D1034B00E00023184602B0704759
:10B8300000200040600A002000B587B00190009110
:10B84000019B002B03D118497720FAF77BFA019866
:10B85000FFF7E2FF0590059B002B1ED000238DF81B
:10B8600013300020FAF7EEF8059B1B79002B03D06C
:10B8700001238DF8133005E0059B009A1A60059BA3
:10B8800001221A710020FAF7F1F89DF81330002B0D
:10B8900003D011230393039B02E000230393039B34
:10B8A000184607B05DF804FB6CF1010000B585B0E7
:10B8B0000190019B002B03D10A499B20FAF742FA21
:10B8C0000198FFF7A9FF0390039B002B05D0039B72
:10B8D00000221A60039B00221A7100BF05B05DF8B8
:10B8E00004FB00BF6CF1010082B001900B46ADF883
:10B8F0000230BDF80230019A134400221A6000BFE2
:10B9000002B0704782B001900B46ADF80230BDF82E
:10B910000230019A13441B68002B14BF012300233B
:10B92000DBB2184602B0704708B54FF480710B487F
:10B93000FFF7E8FF0346002B0ED0094B00225A7197
:10B940004FF480710548FFF7CFFF054B1B68044A91
:10B95000926811460020984700BF08BD0090024041
:10B96000680A002082B003468DF807309DF9073041
:10B97000002B0CDB9DF8073003F01F0205499DF9F1
:10B9800007305B09012000FA02F241F8232000BFD2
:10B9900002B0704700E100E082B003468DF8073046
:10B9A0009DF90730002B13DB9DF8073003F01F02D1
:10B9B00009499DF907305B09012000FA02F22033A2
:10B9C00041F82320BFF34F8F00BFBFF36F8F00BF3D
:10B9D00000BF02B0704700BF00E100E082B0034644
:10B9E00000918DF807309DF90730002B0ADB009B92
:10B9F000DAB20C499DF907305201D2B20B4483F8F8
:10BA000000230BE0009BDAB207499DF8073003F0F2
:10BA10000F03043B5201D2B20B441A7600BF02B0AE
:10BA2000704700BF00E100E000ED00E082B001904F
:10BA3000019B1B0B5BB2184602B0704700B583B088
:10BA400003460A468DF8073013468DF806309DF8F8
:10BA50000630072B03D908496B20FAF773F99DF8D4
:10BA600006209DF9073011461846FFF7B7FF00BFC3
:10BA700003B05DF804FB00BFC8F1010000B583B05E
:10BA800003468DF807309DF907301846FFF76AFF27
:10BA900000BF03B05DF804FB00B583B003468DF82A
:10BAA00007309DF907301846FFF776FF00BF03B057
:10BAB0005DF804FB84B001900B46ADF80230BDF890
:10BAC0000230019A134400221A60BDF80230019A34
:10BAD00013441B680393039B00BF04B0704782B0FC
:10BAE00001900B46ADF80230BDF80230019A1344C4
:10BAF0001B68002B14BF01230023DBB2184602B0E1
:10BB0000704782B001900091019B009AC3F8042312
:10BB100000BF02B0704782B001900091019BD3F842
:10BB20000423009B1340002B14BF01230023DBB22E
:10BB3000184602B0704782B001900091019B009AB4
:10BB4000C3F8082300BF02B0704784B00190019B86
:10BB5000D3F880340393019B039AC3F88024039B9A
:10BB6000184604B0704782B00190019B0422C3F8CC
:10BB7000002500BF02B0704782B00190019B0022F7
:10BB8000C3F8002500BF02B0704784B00390029153
:10BB90000192039B019AC3F81425039B029AC3F8F0
:10BBA0000C2500BF04B0704700B583B001904FF082
:10BBB000FF324FF0FF310198FFF7E7FF00BF03B0FE
:10BBC0005DF804FB82B00190019BD3F80C35184658
:10BBD00002B0704782B00190019BD3F8143518462B
:10BBE00002B0704782B00190019BD3F80835184627
:10BBF00002B0704782B00190019BD3F8103518460F
:10BC000002B0704784B0039002910192039B029AA4
:10BC1000C3F80825039B019AC3F8102500BF04B0A0
:10BC2000704700B583B001904FF0FF324FF0FF3105
:10BC30000198FFF7E7FF00BF03B05DF804FB82B097
:10BC40000190019BD3F81835DBB2184602B070475B
:10BC500082B001900B468DF803309DF80320019BC4
:10BC6000C3F81C2500BF02B0704782B001900B469C
:10BC70008DF803309DF80330019A134401221A60B5
:10BC800000BF02B0704782B001900B468DF80330C0
:10BC900013468DF802309DF803209DF802301343BF
:10BCA000DBB21A46019BC3F86C2500BF02B0704797
:10BCB00082B001900091019B009AC3F8242500BF37
:10BCC00002B0704700B583B00190019B1B68184615
:10BCD00000F0A4F80346002B04D10B494FF4F67092
:10BCE000FAF730F8019B1B681F2B02D84FF0A043D6
:10BCF00006E0019B1B6803F01F02019B1A60034BC7
:10BD0000184603B05DF804FBECF10100000300509D
:10BD100000B585B00190084611461A4603468DF8D5
:10BD200003300B468DF8023013468DF8013001AB1D
:10BD30001846FFF7C7FF03909DF803209DF80230D7
:10BD40005B001A439DF801309B001A439DF81830A0
:10BD50001B0242EA03019DF81C301B04019A19439F
:10BD6000039B02F5E07243F8221000BF05B05DF8B6
:10BD700004FB00B585B003900023019300230093DA
:10BD80000023012201210398FFF7C2FF00BF05B085
:10BD90005DF804FB00B585B003900B468DF80B30C1
:10BDA0009DF80B3000220192002200920022002117
:10BDB0000398FFF7ADFF00BF05B05DF804FB00B5C9
:10BDC00085B00390002301930023009300230122F8
:10BDD00000210398FFF79CFF00BF05B05DF804FB4E
:10BDE00000B585B0019001AB1846FFF76BFF0390DB
:10BDF000019B012202FA03F31946039800F004F8AC
:10BE000000BF05B05DF804FB82B001900091019B7A
:10BE1000009AC3F8082500BF02B0704784B00190B3
:10BE2000019B5B09029300230393029B002B03D029
:10BE3000029B012B04D007E04FF0FF33039303E094
:10BE40004FF6FF73039300BF019B03F01F030193A1
:10BE5000039A019B22FA03F303F00103002B14BFA2
:10BE600001230023DBB2184604B0704700B583B04D
:10BE700001900091009B1B68B3F1FF3F09D0009B2C
:10BE80001B681846FFF7ACFF009B1B681846FFF7BE
:10BE900070FF009B5B68B3F1FF3F05D0009B5B68C0
:10BEA00000211846FFF776FF019B1A68009B9B69EB
:10BEB00019461046FFF7FCFE019B1868009B597D50
:10BEC000009B1B7D1A46FFF7DEFE019B1868009B56
:10BED0001968009B5B681A46FFF757FE009B1B7DA5
:10BEE000012B22D1009B9B68B3F1FF3F05D0009B43
:10BEF0009B6800211846FFF74DFF009BDB68B3F1FC
:10BF0000FF3F09D0009BDB681846FFF769FF009BE5
:10BF1000DB681846FFF72DFF019B1868009BD96866
:10BF2000009B9B681A46FFF76DFE00BF03B05DF8EB
:10BF300004FB000000B583B001900B468DF8033080
:10BF4000019B1B684FF48E711846FFF7B3FD019BF0
:10BF50001B684FF4A2711846FFF7ACFD019B1B68EC
:10BF60000E491846FFF7CDFD019B1B681846FFF7E9
:10BF70005DFD03461A469DF8033019461046FFF74B
:10BF80005DFD019B1B681846FFF750FD03461846F0
:10BF9000FFF774FD00BF03B05DF804FB80000200F2
:10BFA00000B583B00190019B1B6808491846FFF754
:10BFB000C2FD019B1B681846FFF738FD0346184673
:10BFC000FFF76AFD00BF03B05DF804FB84020200C6
:10BFD00000B587B00190019B1B681846FFF7F2FD82
:10BFE0000590019B1B681846FFF7F4FD0490019B28
:10BFF0001B681846FFF7F6FD0390019B1B68184667
:10C00000FFF7F8FD0290019B1B681846FFF7CCFD77
:10C01000019B1B681846FFF704FE059BB3F1FF3F29
:10C0200002D00598FFF7CBFE049BB3F1FF3F02D08F
:10C030000498FFF7C4FE029BB3F1FF3F02D00298C1
:10C04000FFF7BDFE039BB3F1FF3F02D00398FFF75C
:10C05000B6FE00BF07B05DF804FB000000B587B076
:10C06000039002910192029B002B03D12D49AA203B
:10C07000F9F768FE039B1B791A462C2302FB03F396
:10C08000294A1344049300230593049B93F82A3010
:10C09000002B03D008230593059B3EE0039B1A6801
:10C0A000039B1B791946214B53F821301946104642
:10C0B000FFF7C2FB0346002B03D011230593059B1A
:10C0C0002BE002990398FFF7D1FE049B019A5A6076
:10C0D000029B1A69049B1A60049B5B68002B05D0C5
:10C0E000029B1B7F19460398FFF724FF039B1B68E5
:10C0F0001846FFF738FD049B00229A61049B00223A
:10C10000DA61049B002283F82920049B00225A61F3
:10C11000049B012283F82A20059B184607B05DF88E
:10C1200004FB00BF18F20100740A002070F2010045
:10C1300000B585B00190019B1B791A462C2302FBA8
:10C1400003F3114A13440393019B1B681846FFF73E
:10C1500013FD039B5B68002B02D00198FFF720FFC3
:10C160000198FFF735FF019B1B681846FFF79EFB00
:10C17000039B002283F82A20039B00225A6000BF01
:10C1800005B05DF804FB00BF740A002000B585B05F
:10C19000019000914FF48E710198FFF78BFC009B8A
:10C1A0009A68009B1B6A13441B788DF80F30009B24
:10C1B0001B6A5A1C009B1A629DF80F3019460198A1
:10C1C000FFF746FD00BF05B05DF804FB00B585B084
:10C1D00001900091009B5B69039316E0009B93F82C
:10C1E0002830DBB2002B01D0002314E04FF48E7115
:10C1F0000198FFF774FC034683F00103DBB2002BC8
:10C20000ECD100990198FFF7C1FF009B1B6A039ACC
:10C210009A42EBD80123184605B05DF804FB0000F4
:10C2200000B587B0039002910192039B1B791A46D7
:10C230002C2302FB03F33C4A13440493049B93F81E
:10C240002A30012B04D039494FF48C70F9F77AFD6C
:10C25000029B002B04D1354940F21910F9F772FD09
:10C26000019B002B04D131494FF48D70F9F76AFD21
:10C27000039800F05DF80346002B03D011230593CB
:10C28000059B4CE0049B019A5A61049B029A9A60B8
:10C29000049B00221A62049B002283F828200023BA
:10C2A0000593039B1B684FF48E711846FFF702FC41
:10C2B000039B1B6808211846FFF7D7FC039B1B68EC
:10C2C00004991846FFF762FF049B5B68002B25D199
:10C2D000039B1B6804991846FFF778FF034683F019
:10C2E0000103DBB2002B02D00F23059313E000BF44
:10C2F000039B1B684FF48E711846FFF7F0FB034653
:10C3000083F00103DBB2002BF2D1039B1B680C21ED
:10C310001846FFF7AAFC049B00225A61059B1846A9
:10C3200007B05DF804FB00BF740A002018F201009A
:10C3300082B00190019B1B791946074A2C2301FB0F
:10C3400003F3134414331B68002B14BF0123002391
:10C35000DBB2184602B07047740A002010B582B0F4
:10C3600001900091009B9B69002B08D14FF48471D0
:10C370000198FFF79FFB0198FFF761FC13E04FF472
:10C3800084710198FFF796FB009BDA68009B5B6A5B
:10C39000D4180198FFF753FC03462370009B5B6A97
:10C3A0005A1C009B5A6202B010BD00B589B00390C0
:10C3B0000291019201238DF81030029B0693019B9C
:10C3C0000593039B5B68039A116804AA104698477B
:10C3D00000BF09B05DF804FB00B587B00190009183
:10C3E00000238DF80830009B0493019B9B68039306
:10C3F000019B00225A61019B5B68019A116802AAA5
:10C400001046984700BF07B05DF804FB00B58BB03D
:10C41000019000914FF400710198FFF77CFB0346F7
:10C42000002B39D04FF492710198FFF758FB034667
:10C43000002B31D04FF492710198FFF73BFB4FF482
:10C4400001710198FFF777FB009B93F8293083F087
:10C450000103DBB2002B03D004210198FFF705FC98
:10C4600002238DF80C300198FFF76FFB034606930B
:10C47000009B9B690593009BDB680493009B002253
:10C480009A61009B0022DA61009B5B68009A116848
:10C4900003AA1046984752E004210198FFF73BFB9E
:10C4A0000346002B4BD04FF484710198FFF717FB24
:10C4B0000346002B43D000990198FFF74FFF009BE4
:10C4C0009A69009B5B6A9A4239D1009BDB69002B19
:10C4D00019D0009BDB680993009B5B6A0893009B63
:10C4E000DA69009B9A61009B1A69009BDA60009BE5
:10C4F0000022DA61009B00225A62099A089900988A
:10C50000FFF753FF1BE0009B93F8293083F00103F2
:10C51000DBB2002B03D004210198FFF7A6FB4FF4F8
:10C5200001710198FFF707FB009B00229A61009BB5
:10C53000596A009BDB681A460098FFF736FF4FF4F4
:10C540008E710198FFF7CBFA0346002B24D0009B95
:10C550005B690793009B1B6A079A9A420DD9009B5F
:10C5600093F82830DBB283F00103DBB2002B04D058
:10C5700000990198FFF70AFE0EE04FF48E710198C2
:10C58000FFF798FA009B5B69002B05D0009B5B6965
:10C5900019460098FFF720FF4FF4A2710198FFF7AA
:10C5A0009EFA0346002B1CD04FF4A2710198FFF7AE
:10C5B00081FA009B93F82930002B03D000210198C9
:10C5C000FFF753FB009B9B69002B0AD0009B0022C6
:10C5D0009A61009B596A009BDB681A460098FFF736
:10C5E000E4FE00BF0BB05DF804FB000008B5034992
:10C5F0000348FFF70BFF00BF08BD00BF740A00200F
:10C600000020004082B003468DF807309DF90730C6
:10C61000002B0CDB9DF8073003F01F0205499DF944
:10C6200007305B09012000FA02F241F8232000BF25
:10C6300002B0704700E100E082B003468DF8073099
:10C640009DF90730002B13DB9DF8073003F01F0224
:10C6500009499DF907305B09012000FA02F22033F5
:10C6600041F82320BFF34F8F00BFBFF36F8F00BF90
:10C6700000BF02B0704700BF00E100E082B0034697
:10C6800000918DF807309DF90730002B0ADB009BE5
:10C69000DAB20C499DF907305201D2B20B4483F84B
:10C6A00000230BE0009BDAB207499DF8073003F046
:10C6B0000F03043B5201D2B20B441A7600BF02B002
:10C6C000704700BF00E100E000ED00E082B00190A3
:10C6D000019B03F06043B3F1005F0CBF0123002313
:10C6E000DBB2184602B0704782B00190019B1B0B71
:10C6F0005BB2184602B0704700B583B003460A46E5
:10C700008DF8073013468DF806309DF80630072B5C
:10C7100003D908496B20F9F715FB9DF806209DF910
:10C72000073011461846FFF7A9FF00BF03B05DF8B8
:10C7300004FB00BF74F2010000B583B003468DF81E
:10C7400007309DF907301846FFF75CFF00BF03B0C4
:10C750005DF804FB00B583B003468DF807309DF902
:10C7600007301846FFF768FF00BF03B05DF804FB11
:10C7700084B001900B46ADF80230BDF80230019A4A
:10C78000134400221A60BDF80230019A13441B685A
:10C790000393039B00BF04B0704782B001900B4627
:10C7A000ADF80230BDF80230019A13441B68002B2B
:10C7B00014BF01230023DBB2184602B0704782B0D9
:10C7C00001900091019BD3F80022009BDB431A40AB
:10C7D000019BC3F8002200BF02B0704782B00190F5
:10C7E0000091019B009AC3F8042300BF02B0704778
:10C7F00082B001900091019B009AC3F8082300BF0A
:10C8000002B0704784B00190019BD3F88034039349
:10C81000019B039AC3F88024039B184604B0704719
:10C8200082B00190019B0822C3F8002500BF02B02E
:10C83000704782B00190019B0022C3F8002500BF21
:10C8400002B0704784B0039002910192039B029A58
:10C85000C3F80C25039B019AC3F8142500BF04B04C
:10C86000704700B583B001904FF0FF324FF0FF31B9
:10C870000198FFF7E7FF00BF03B05DF804FB82B04B
:10C880000190019BD3F80C35184602B0704782B076
:10C890000190019BD3F81435184602B0704782B05E
:10C8A0000190019BD3F80835184602B0704782B05A
:10C8B0000190019BD3F81035184602B0704784B040
:10C8C000039002910192039B029AC3F80825039BEF
:10C8D000019AC3F8102500BF04B0704700B583B0BB
:10C8E00001904FF0FF324FF0FF310198FFF7E7FF63
:10C8F00000BF03B05DF804FB82B001900B468DF8D9
:10C9000003309DF80330019A134401221A6000BFDE
:10C9100002B0704782B001900B468DF80330134689
:10C920008DF802309DF803209DF802301343DBB2EE
:10C930001A46019BC3F86C2500BF02B0704782B055
:10C9400001900091019B009AC3F8242500BF02B01A
:10C95000704784B0039002910192029A039BC3F83E
:10C960004425039B019AC3F8482500BF04B07047D3
:10C9700082B00190019BD3F84C35184602B0704745
:10C9800082B00190019BD3F83C35184602B0704745
:10C9900000B583B00190019B1B68184600F0A4F815
:10C9A0000346002B04D10B494FF4F670F9F7CAF98E
:10C9B000019B1B681F2B02D84FF0A04306E0019B90
:10C9C0001B6803F01F02019B1A60034B184603B05B
:10C9D0005DF804FB98F201000003005000B585B03B
:10C9E0000190084611461A4603468DF803300B465F
:10C9F0008DF8023013468DF8013001AB1846FFF771
:10CA0000C7FF03909DF803209DF802305B001A4396
:10CA10009DF801309B001A439DF818301B0242EA32
:10CA200003019DF81C301B04019A1943039B02F576
:10CA3000E07243F8221000BF05B05DF804FB00B5BA
:10CA400085B003900023019300230093002301226B
:10CA500001210398FFF7C2FF00BF05B05DF804FB9A
:10CA600000B585B003900B468DF80B309DF80B3068
:10CA70000022019200220092002200210398FFF779
:10CA8000ADFF00BF05B05DF804FB00B585B00390B5
:10CA90000023019300230093002301220021039827
:10CAA000FFF79CFF00BF05B05DF804FB00B585B043
:10CAB000019001AB1846FFF76BFF0390019B012229
:10CAC00002FA03F31946039800F004F800BF05B01A
:10CAD0005DF804FB82B001900091019B009AC3F8BD
:10CAE000082500BF02B0704784B00190019B5B092C
:10CAF000029300230393029B002B03D0029B012B84
:10CB000004D007E04FF0FF33039303E04FF6FF73C9
:10CB1000039300BF019B03F01F030193039A019B42
:10CB200022FA03F303F00103002B14BF01230023B7
:10CB3000DBB2184604B0704700B583B00190009195
:10CB4000009B1B68B3F1FF3F09D0009B1B68184690
:10CB5000FFF7ACFF009B1B681846FFF770FF009BB8
:10CB60005B68B3F1FF3F05D0009B5B68002118466E
:10CB7000FFF776FF019B1A68009B9B6919461046D8
:10CB8000FFF7DDFE019B1868009B597D009B1B7D14
:10CB90001A46FFF7BFFE019B1868009B1968009BAF
:10CBA0005B681A46FFF74EFE009B1B7D012B22D1CE
:10CBB000009B9B68B3F1FF3F05D0009B9B68002161
:10CBC0001846FFF74DFF009BDB68B3F1FF3F09D02C
:10CBD000009BDB681846FFF769FF009BDB6818467F
:10CBE000FFF72DFF019B1868009BD968009B9B688D
:10CBF0001A46FFF764FE00BF03B05DF804FB0000B7
:10CC000000B583B001900B468DF80330019B1B6883
:10CC10004FF488711846FFF7ABFD019B1B684FF47A
:10CC200090711846FFF7A4FD019B1B684FF49271A9
:10CC30001846FFF79DFD019B1B684FF4A271184633
:10CC4000FFF796FD019B1B684FF4AC711846FFF788
:10CC50008FFD019B1B680F491846FFF7BFFD019B25
:10CC60001B681846FFF740FD03461A469DF803303F
:10CC700019461046FFF740FD019B1B681846FFF759
:10CC800033FD03461846FFF757FD00BF03B05DF8BC
:10CC900004FB00BF1003420000B583B00190019B6C
:10CCA0001B6808491846FFF7A3FD019B1B6818463F
:10CCB000FFF71AFD03461846FFF74CFD00BF03B00F
:10CCC0005DF804FB1003420000B587B00190019BA2
:10CCD0001B681846FFF7D3FD0590019B1B6818469B
:10CCE000FFF7D5FD0490019B1B681846FFF7D7FDA1
:10CCF0000390019B1B681846FFF7D9FD0290019B2A
:10CD00001B681846FFF7ADFD019B1B681846FFF72F
:10CD1000E5FD059BB3F1FF3F02D00598FFF7B5FE97
:10CD2000049BB3F1FF3F02D00498FFF7AEFE029BD5
:10CD3000B3F1FF3F02D00298FFF7A7FE039BB3F1C8
:10CD4000FF3F02D00398FFF7A0FE00BF07B05DF8D9
:10CD500004FB000000B587B0039002910192029B92
:10CD6000002B03D12B49CF20F8F7ECFF039B1B7955
:10CD70001A461346DB0013449B00274A13440493CE
:10CD800000230593049B93F82030002B03D0082345
:10CD90000593059B3AE0039B1A68039B1B79194690
:10CDA0001E4B53F8213019461046FEF745FD034649
:10CDB000002B03D011230593059B27E002990398CC
:10CDC000FFF7BAFE049B019A5A60029B1A69049B02
:10CDD0001A60049B5B68002B05D0029B1B7F1946E1
:10CDE0000398FFF70DFF039B1B681846FFF718FD1C
:10CDF000049B00229A61049B0022DA61049B0022BA
:10CE00005A61049B012283F82020059B184607B035
:10CE10005DF804FBC4F20100A00A00201CF301002D
:10CE200000B585B00190019B1B791A461346DB00C3
:10CE300013449B002A4A13440393019B1B680293EB
:10CE4000039B5B68002B02D00198FFF725FF202190
:10CE50000298FFF7B4FC039B9B69002B08D04FF4AA
:10CE6000A2710298FFF784FC04210298FFF744FDA9
:10CE70004FF4AC710298FFF77BFC0C210298FFF78E
:10CE80003BFD00BF4FF4AC710298FFF786FC0346F0
:10CE900083F00103DBB2002BF4D1039B9B69002BD1
:10CEA0000AD04FF4A2710298FFF777FC034683F093
:10CEB0000103DBB2002BE5D10298FFF7BAFC019821
:10CEC000FFF702FF0298FEF7F1FC039B002283F8B4
:10CED0002020039B00225A6000BF05B05DF804FBD0
:10CEE000A00A002000B589B0039002910192039B33
:10CEF0001B791A461346DB0013449B00574A134420
:10CF00000593059B93F82030012B04D0544940F23F
:10CF10005310F8F717FF029B002B04D150494FF430
:10CF2000AA70F8F70FFF019B002B04D14C4940F287
:10CF30005510F8F707FF039B1B79002B03D1019BCA
:10CF4000B3F5803F04D346494FF4AB70F8F7FAFECF
:10CF50000298FFF7BBFB034683F00103DBB2002B13
:10CF600003D010230793079B73E0039800F07AF82F
:10CF70000346002B03D011230793079B69E0059B11
:10CF8000019A5A61059B029A9A6000230793039BBA
:10CF90001B684FF490711846FFF7EAFB039B1B6870
:10CFA0004FF4AC711846FFF7E3FB039B1868059B31
:10CFB0009968059B5B691A46FFF7CBFC039B1B68CE
:10CFC00008211846FFF798FC059B5B68002B3FD1B2
:10CFD000039B1B684FF490711846FFF7DEFB034676
:10CFE0008DF81B30039B1B684FF4AC711846FFF79C
:10CFF000D4FB03468DF81A309DF81B3083F00103F3
:10D00000DBB2002B06D09DF81A3083F00103DBB2AF
:10D01000002BDDD19DF81A30002B02D00F2307938F
:10D0200013E0039B1B680C211846FFF765FC00BF4B
:10D03000039B1B684FF4AC711846FFF7AEFB034629
:10D0400083F00103DBB2002BF2D1059B00225A6171
:10D05000079B184609B05DF804FB00BFA00A00203A
:10D06000C4F2010082B00190019B1B791946084A65
:10D070000B46DB000B449B00134414331B68002B4E
:10D0800014BF01230023DBB2184602B0704700BF73
:10D09000A00A002000B589B00390029101920123FB
:10D0A0008DF81030029B0693019B0593039B5B68F0
:10D0B000039A116804AA1046984700BF09B05DF8AA
:10D0C00004FB00B587B00190009100238DF8083073
:10D0D000009B0493019B9B680393019B00225A6170
:10D0E000019B5B68019A116802AA1046984700BF2D
:10D0F00007B05DF804FB00B589B0019000914FF4D2
:10D1000092710198FFF749FB0346002B22D04FF4A0
:10D1100092710198FFF72CFB02238DF808300198DB
:10D12000FFF770FB034605930198FFF729FC0346C0
:10D130000493009BDB680393009B00229A61009B91
:10D140000022DA61009B5B68009A116802AA10460F
:10D1500098473BE04FF488710198FFF71EFB0346A8
:10D16000002B33D04FF488710198FFF701FB019831
:10D17000FFF706FC0790009B9B69079A9A4225D10E
:10D18000009BDB69002B17D0009BDB6806932021F6
:10D190000198FFF714FB009BDA69009B9A61009BE2
:10D1A0001A69009BDA60009B0022DA61069A0799EF
:10D1B0000098FFF76FFF09E0009B00229A61009B37
:10D1C000DB681A4607990098FFF764FF4FF4A271D5
:10D1D0000198FFF7E2FA0346002B18D04FF4A27132
:10D1E0000198FFF7C5FA009B9B69002B0FD0009BAD
:10D1F00000229A61009B0022DA610198FFF7C0FBD0
:10D200000146009BDB681A460098FFF743FF4FF486
:10D2100090710198FFF7C1FA0346002B14D04FF428
:10D2200090710198FFF7A4FA0C210198FFF764FBB5
:10D23000009B5B69002B07D00198FFF799FB034621
:10D2400019460098FFF73DFF4FF4AC710198FFF7C6
:10D25000A4FA0346002B10D04FF4AC710198FFF7ED
:10D2600087FA009B5B69002B07D00198FFF780FBD2
:10D27000034619460098FFF724FF00BF09B05DF888
:10D2800004FB000008B503490348FFF734FF00BF63
:10D2900008BD00BFA00A00200020004082B0034665
:10D2A0008DF807309DF90730002B0CDB9DF8073017
:10D2B00003F01F0205499DF907305B09012000FAC0
:10D2C00002F241F8232000BF02B0704700E100E005
:10D2D00082B003468DF807309DF90730002B13DB31
:10D2E0009DF8073003F01F0209499DF907305B09DB
:10D2F000012000FA02F2203341F82320BFF34F8FC0
:10D3000000BFBFF36F8F00BF00BF02B0704700BF08
:10D3100000E100E082B003468DF807309DF9073048
:10D32000002B0DDB9DF8073003F01F0206499DF925
:10D3300007305B09012000FA02F2403341F8232054
:10D3400000BF02B0704700BF00E100E082B00346BA
:10D350008DF807309DF90730002B0DDB9DF8073065
:10D3600003F01F0206499DF907305B09012000FA0E
:10D3700002F2603341F8232000BF02B0704700BFC3
:10D3800000E100E082B0034600918DF807309DF97E
:10D390000730002B0ADB009BDAB20C499DF90730FD
:10D3A0005201D2B20B4483F800230BE0009BDAB2A7
:10D3B00007499DF8073003F00F03043B5201D2B236
:10D3C0000B441A7600BF02B0704700BF00E100E0D6
:10D3D00000ED00E082B00190019B03F06043B3F1E7
:10D3E000005F0CBF01230023DBB2184602B0704778
:10D3F00082B00190019B9A00024B1B6813441846AF
:10D4000002B0704754F4010000B583B003460A46E9
:10D410008DF8073013468DF806309DF80630072B3F
:10D4200003D908496B20F8F78DFC9DF806209DF97B
:10D43000073011461846FFF7A5FF00BF03B05DF89F
:10D4400004FB00BF20F3010000B583B003468DF854
:10D4500007309DF907301846FFF720FF00BF03B0E3
:10D460005DF804FB82B003468DF807300F4A9DF942
:10D470000730002B00DA1F335B115BB252F8232018
:10D480009DF90730594203F01F0301F01F0158BFF7
:10D490004B425BB222FA03F303F00103002B14BFEB
:10D4A00001230023DBB2184602B0704700E100E020
:10D4B00000B583B003468DF807309DF90730184654
:10D4C000FFF706FF00BF03B05DF804FB00B583B0B3
:10D4D00003468DF807309DF907301846FFF71AFF0D
:10D4E00000BF03B05DF804FB00B583B003468DF8C0
:10D4F00007309DF907301846FFF728FF00BF03B03B
:10D500005DF804FB82B00190019B03F1804303F5B9
:10D510001C33184602B0704782B00190019B03F1A2
:10D52000804303F51C33184602B0704700B583B042
:10D5300003468DF807309DF807301846FFF7E2FFE5
:10D54000034601221A60BFF36F8F00BFBFF34F8FF6
:10D5500000BF00BF03B05DF804FB00B583B0034615
:10D56000ADF80630BDF806301846FFF7CBFF03468E
:10D5700000221A60BFF36F8F00BFBFF34F8F00BF51
:10D5800000BF03B05DF804FB00B583B00346ADF8FF
:10D590000630BDF806301846FFF7BEFF03461B688D
:10D5A000002B14BF01230023DBB2184603B05DF843
:10D5B00004FB00B585B00346ADF80630BDF8063073
:10D5C0001846FFF7E1FF03468DF80F309DF80F3046
:10D5D000002B04D0BDF806301846FFF7BEFF9DF8BB
:10D5E0000F30184605B05DF804FB000082B00190D2
:10D5F000034A019BC2F8043300BF02B0704700BF6A
:10D6000000700240024BD3F804331846704700BF45
:10D610000070024082B00190034A019BC2F80833B7
:10D6200000BF02B0704700BF00700240054B0122EE
:10D63000C3F80025BFF36F8F00BFBFF34F8F00BF4C
:10D6400000BF704700700240054B0022C3F8002560
:10D65000BFF36F8F00BFBFF34F8F00BF00BF704796
:10D6600000700240024BD3F800341846704700BFE8
:10D670000070024082B00190064A019BC2F800345B
:10D68000BFF36F8F00BFBFF34F8F00BF00BF02B06B
:10D69000704700BF0070024000B583B0FFF7E2FFA3
:10D6A00001900198FFF7E6FFBFF36F8F00BFBFF354
:10D6B0004F8F00BF019B184603B05DF804FB0000CC
:10D6C00000B585B003468DF807309DF8073003F0AC
:10D6D0000F038DF80F309DF90730002B10DA9DF8FD
:10D6E0000F30072B04D911494FF48160F8F72AFB5A
:10D6F0000F4A9DF80F3003F5847352F8233010E081
:10D700009DF80F30072B04D9084940F20D40F8F777
:10D7100019FB074A9DF80F3003F588739B001344EB
:10D720005B68184605B05DF804FB00BF44F30100D8
:10D730000070024000B583B003468DF807309DF8B5
:10D74000073003F00803002B01D000230AE09DF806
:10D7500007301846FFF7B4FF0346012B0CBF012327
:10D760000023DBB2184603B05DF804FB024BD3F88C
:10D770006C341846704700BF0070024082B00190C0
:10D78000064A019BC2F86C34BFF36F8F00BFBFF332
:10D790004F8F00BF00BF02B0704700BF0070024053
:10D7A00000B583B0FFF7E2FF01900198FFF7E6FFB5
:10D7B000019B184603B05DF804FB0000024BD3F850
:10D7C0008034DBB21846704700700240024BD3F839
:10D7D0008434DBB2184670470070024082B0094BB7
:10D7E000D3F88834ADF80630064BD3F88C349BB2AE
:10D7F0001B029AB2BDF8063013439BB2184602B022
:10D80000704700BF0070024082B0094BD3F89034DB
:10D81000ADF80630064BD3F894349BB21B029AB293
:10D82000BDF8063013439BB2184602B0704700BFE4
:10D830000070024082B0094BD3F89834ADF806303E
:10D84000064BD3F89C349BB21B029AB2BDF806304B
:10D8500013439BB2184602B0704700BF00700240ED
:10D8600000B585B003468DF807309DF90730002BD1
:10D8700005DA9DF8073003F00F03082B0EDD9DF944
:10D880000730002B05DB9DF8073003F00F03082B52
:10D8900004DD1C4940F25F40F8F754FA9DF9073067
:10D8A000002B04DA17494FF48C60F8F74BFA9DF817
:10D8B000073003F00803002B0CD0134BD3F8C0340F
:10D8C0000393039B03F48033002B01D000230393C5
:10D8D000039B13E09DF8073003F00803002B04D0EE
:10D8E000084940F26B40F8F72DFA074A9DF80730D7
:10D8F00003F00F0303F5947352F82330184605B074
:10D900005DF804FB44F301000070024000B585B0EF
:10D9100003468DF807309DF90730002B05DA9DF896
:10D92000073003F00F03082B0EDD9DF90730002BA5
:10D9300005DB9DF8073003F00F03082B04DD1849C1
:10D9400040F27140F8F7FEF99DF90730002B04DA38
:10D95000134940F27240F8F7F5F99DF8073003F0EB
:10D960000803002B04D10E4940F27340F8F7EAF99E
:10D970000C4BD3F8C0340393039B002B03D14FF01F
:10D98000FF33039306E0039B03F48033002B01D0A5
:10D9900000230393039B184605B05DF804FB00BF0A
:10D9A00044F301000070024000B583B003468DF8D7
:10D9B00007309DF90730002B05DB9DF8073003F099
:10D9C0000803002B04D00C4940F28340F8F7BAF961
:10D9D0000A4A9DF8073003F00F0303F59473002102
:10D9E00042F82310BFF36F8F00BFBFF34F8F00BF0C
:10D9F00000BF03B05DF804FB44F301000070024077
:10DA0000054B0122C3F80425BFF36F8F00BFBFF39E
:10DA10004F8F00BF00BF704700700240054B0022CF
:10DA2000C3F80425BFF36F8F00BFBFF34F8F00BF54
:10DA300000BF70470070024082B003468DF8073087
:10DA4000034A9DF80730C2F8083500BF02B070479E
:10DA50000070024000B583B003460A468DF80730D7
:10DA600013468DF806309DF90730002B05DA9DF836
:10DA7000073003F00F03082B0EDD9DF90730002B54
:10DA800005DB9DF8073003F00F03082B04DD154973
:10DA900040F2A340F8F756F99DF8073003F0080369
:10DAA000002B04D00F4940F2A440F8F74BF90E4A7E
:10DAB0009DF80730C2F80C35BFF34F8F00BF9DF8BB
:10DAC00007209DF806301B021A43074BC3F80C25AC
:10DAD000BFF36F8F00BFBFF34F8F00BF00BF03B016
:10DAE0005DF804FB44F301000070024000B585B00E
:10DAF00003468DF807309DF90730002B05DA9DF8B5
:10DB0000073003F00F03082B0EDD9DF90730002BC3
:10DB100005DB9DF8073003F00F03082B04DD1849DF
:10DB200040F2B740F8F70EF99DF8073003F00F0305
:10DB30008DF80F309DF90730002B0EDA114BD3F81A
:10DB400010259DF80F3022FA03F303F00103002B98
:10DB500014BF01230023DBB20DE00A4BD3F81425D8
:10DB60009DF80F3022FA03F303F00103002B14BFDA
:10DB700001230023DBB2184605B05DF804FB00BFAB
:10DB800044F301000070024000B585B003468DF8F3
:10DB900007309DF90730002B05DA9DF8073003F0B8
:10DBA0000F03082B0EDD9DF90730002B05DB9DF8D8
:10DBB000073003F00F03082B04DD194940F2C6407B
:10DBC000F8F7C0F89DF8073003F00F038DF80F3019
:10DBD0009DF90730002B0CDA124BD3F810259DF875
:10DBE0000F30012101FA03F30E491343C1F8103538
:10DBF0000BE00C4BD3F814259DF80F30012101FAEE
:10DC000003F308491343C1F81435BFF36F8F00BF06
:10DC1000BFF34F8F00BF00BF05B05DF804FB00BF2E
:10DC200044F301000070024000B585B003468DF852
:10DC300007309DF90730002B05DA9DF8073003F017
:10DC40000F03082B0EDD9DF90730002B05DB9DF837
:10DC5000073003F00F03082B04DD1A4940F2D740C8
:10DC6000F8F770F89DF8073003F00F038DF80F30C8
:10DC70009DF90730002B0DDA134BD3F810259DF8D2
:10DC80000F30012101FA03F3DB430F491340C1F8C0
:10DC900010350CE00C4BD3F814259DF80F30012102
:10DCA00001FA03F3DB4308491340C1F81435BFF30D
:10DCB0006F8F00BFBFF34F8F00BF00BF05B05DF88F
:10DCC00004FB00BF44F301000070024000B583B0C4
:10DCD00003468DF807309DF8073003F00803002B4A
:10DCE00004D00B494FF49E60F8F72CF89DF80730EC
:10DCF000084A43F48073C2F81835BFF36F8F00BF32
:10DD0000BFF34F8F00BF00BF03B05DF804FB00BF3F
:10DD100044F301000070024000B583B003468DF863
:10DD200007309DF8073003F00803002B04D00A49A0
:10DD30004FF49F60F8F706F8084A9DF80730C2F8DC
:10DD40001835BFF36F8F00BFBFF34F8F00BF00BF09
:10DD500003B05DF804FB00BF44F301000070024013
:10DD600082B003468DF80730034A9DF80730C2F8A9
:10DD70001C3500BF02B0704700700240024BD3F860
:10DD80001C35DBB21846704700700240024BD3F8D6
:10DD900020351846704700BF00700240024B012238
:10DDA000C3F82C2500BF704700700240024B0022D0
:10DDB000C3F82C2500BF704700700240044BD3F815
:10DDC0002C35002B14BF01230023DBB2184670470B
:10DDD0000070024082B003468DF80730034A9DF878
:10DDE0000730C2F8303500BF02B070470070024003
:10DDF00000B587B00346029101928DF80F309DF96E
:10DE00000F30002B36DA9DF80F3003F00803002B9B
:10DE100008D0354A029BC2F8A036334A019BC2F8AB
:10DE2000A4365DE09DF80F3003F00F038DF8163037
:10DE30009DF81630072B04D92C4940F23450F7F7DF
:10DE400081FF29499DF8162013469B0013449B002F
:10DE50000B4403F5C063029A1A6023499DF816200B
:10DE600013469B0013449B000B4403F20463019A86
:10DE70001A6035E09DF80F3003F00803002B08D03E
:10DE8000194A029BC2F8A037174A019BC2F8A4376F
:10DE900026E09DF80F3003F00F038DF817309DF842
:10DEA0001730072B04D9114940F24350F7F74AFFC6
:10DEB0000D499DF8172013469B0013449B000B440B
:10DEC00003F5E063029A1A6007499DF8172013468C
:10DED0009B0013449B000B4403F20473019A1A60E5
:10DEE00000BF07B05DF804FB0070024044F301007E
:10DEF00082B0164B1B680193154B1B680093019B66
:10DF0000082B1FD1009B052B1AD801A252F823F031
:10DF100029DF00002DDF000031DF000035DF0000C9
:10DF200039DF00003DDF000001230CE001230AE09F
:10DF3000012308E0012306E0012304E0012302E0BD
:10DF4000012300E00023184602B0704730010010A2
:10DF50003401001082B0164B1B680193154B1B68EF
:10DF60000093019B082B1FD1009B052B1AD801A2FF
:10DF700052F823F08DDF000091DF000095DF0000F4
:10DF800099DF00009DDF0000A1DF000001230CE00D
:10DF900001230AE0012308E0012306E0012304E055
:10DFA000012302E0012300E00023184602B070477D
:10DFB000300100103401001082B0164B1B68019331
:10DFC000154B1B680093019B082B1FD1009B052B51
:10DFD0001AD801A252F823F0F1DF0000F5DF0000AB
:10DFE000F9DF0000FDDF000001E0000005E00000B7
:10DFF00000230CE001230AE0012308E0012306E0EE
:10E00000012304E0012302E0012300E0002318467D
:10E0100002B07047300100103401001082B0164B7E
:10E020001B680193154B1B680093019B082B1FD1A4
:10E03000009B052B1AD801A252F823F055E00000EE
:10E0400059E000005DE0000061E0000065E00000D4
:10E0500069E0000001230CE001230AE0012308E04D
:10E06000012306E0012304E0012302E0012300E094
:10E070000023184602B07047300100103401001030
:10E0800000231846704708B5FFF732FF03461846CD
:10E0900008BD08B5FFF75EFF0346184608BD08B582
:10E0A000FFF78AFF0346184608BD08B5FFF7B6FF1D
:10E0B0000346184608BD08B5FFF7E2FF03461846B9
:10E0C00008BD000000B583B003468DF807309DF908
:10E0D0000730002B05DA9DF8073003F00F03082BFB
:10E0E0000EDD9DF90730002B05DB9DF8073003F0AE
:10E0F0000F03082B04DD0B494FF4B970F7F722FE2C
:10E100009DF90730002B01DA074A00E0074A9DF825
:10E11000073003F00F035B0013441B88184603B05D
:10E120005DF804FB70F301002CF4010040F40100E1
:10E1300000B583B003468DF807309DF90730002BFA
:10E1400005DA9DF8073003F00F03082B0EDD9DF96B
:10E150000730002B05DB9DF8073003F00F03082B79
:10E1600004DD0C4940F29B10F7F7ECFD9DF90730F8
:10E17000002B01DA084A00E0084A9DF8073003F056
:10E180000F0313441B781A4601239340184603B02B
:10E190005DF804FB70F3010058F4010064F4010021
:10E1A00000B587B00390029101920093029B049303
:10E1B000019A009B9A4204D224494FF4E970F7F780
:10E1C000C1FD049B1B68002B0CD0049B1B681846E8
:10E1D000FFF700F90346002B04D11C4940F2D3108D
:10E1E000F7F7B0FD049B5B680593059A009B9A4284
:10E1F00007D2039B00225A60039B049A12681A609C
:10E2000013E0039B009A5A60039B049A12681A60F9
:10E21000059A009BD31A0593049B059A5A60049BA8
:10E220001A68009B1A44049B1A60019A009B9A4248
:10E2300004D1059B002B01D0012300E0002303F053
:10E240000103DBB2184607B05DF804FB70F3010070
:10E2500000B587B0039002910192029B0493049B46
:10E260001B681846FFF7B6F80346002B04D1164981
:10E2700040F2F910F7F766FD049B5B680593059A79
:10E28000019B9A4201D9019B0593039B049A126852
:10E290001A60039B059A5A60049B5A68059BD21A20
:10E2A000049B5A60049B1A68059B1A44049B1A60DD
:10E2B000049B5B68002B14BF01230023DBB21846CC
:10E2C00007B05DF804FB00BF70F3010000B587B034
:10E2D000039002910192029B0493049B1B681846D1
:10E2E000FFF778F80346002B04D1184940F21A20B2
:10E2F000F7F728FD049B5B680593059A019B9A42FA
:10E3000001D9019B0593059B002B02D0049B1B6840
:10E3100000E00023039A1360039B059A5A60049B54
:10E320005A68059BD21A049B5A60049B1A68059B85
:10E330001A44049B1A60059B002B14BF0123002381
:10E34000DBB2184607B05DF804FB00BF70F30100B4
:10E3500000B589B0039002910192029B0693069B3F
:10E360001B681846FFF736F8034683F00103DBB25B
:10E37000002B04D11E494FF40E70F7F7E3FC069B07
:10E380005B68079301F0C4FD0590079A019B9A42D0
:10E3900001D9019B0793079B402B04D9144940F2F4
:10E3A0004220F7F7CFFC069B1B68079A1946059891
:10E3B0000DF0E0FF039B059A1A60039B079A5A60D1
:10E3C000069B5A68079BD21A069B5A60069B1A68DE
:10E3D000079B1A44069B1A60069B5B68002B14BFC0
:10E3E00001230023DBB2184609B05DF804FB00BF2F
:10E3F00070F3010000B589B0039002910192029B75
:10E400000693069B1B681846FEF7E4FF034683F05D
:10E410000103DBB2002B04D1214940F25B20F7F766
:10E4200091FC069B5B68079301F072FD0590079ACB
:10E43000019B9A4201D9019B0793079B402B04D96A
:10E44000174940F26520F7F77DFC079B002B0AD0A7
:10E45000069B1B68079A194605980DF08BFF039BD6
:10E46000059A1A6002E0039B00221A60039B079A38
:10E470005A60069B5A68079BD21A069B5A60069BF5
:10E480001A68079B1A44069B1A60079B002B14BF4F
:10E4900001230023DBB2184609B05DF804FB00BF7E
:10E4A00070F3010000B583B003468DF807309DF985
:10E4B0000730002B05DA9DF8073003F00F03082B17
:10E4C0000EDD9DF90730002B05DB9DF8073003F0CA
:10E4D0000F03082B04DD054940F28520F7F732FCD5
:10E4E0009DF80730184603B05DF804FB70F3010097
:10E4F00000B583B003468DF807309DF90730002B37
:10E5000005DA9DF8073003F00F03082B0EDD9DF9A7
:10E510000730002B05DB9DF8073003F00F03082BB5
:10E5200004DD0C4940F29220F7F70CFC9DF907300E
:10E53000002B01DA042200E028229DF8073003F0C6
:10E540000F03DBB29B00DBB21344DBB2184603B00F
:10E550005DF804FB70F3010000B583B003468DF84D
:10E5600007309DF90730002B05DA9DF8073003F0DE
:10E570000F03082B0EDD9DF90730002B05DB9DF8FE
:10E58000073003F00F03082B04DD0B4940F2A220F3
:10E59000F7F7D8FB9DF90730002B01DA074A00E0B6
:10E5A000074A9DF8073003F00F031B011344184678
:10E5B00003B05DF804FB00BF70F301006C0B00209A
:10E5C000DC0A002000B583B003468DF807309DF9C2
:10E5D0000730002B05DA9DF8073003F00F03082BF6
:10E5E0000EDD9DF90730002B05DB9DF8073003F0A9
:10E5F0000F03082B04DD0B4940F2B520F7F7A2FB0F
:10E600009DF90730002B01DA002200E010229DF86E
:10E61000073003F00F03DBB21344DBB2184603B03C
:10E620005DF804FB70F3010082B003468DF80730FB
:10E630009DF807300F2B04D99DF80730103BDBB253
:10E6400004E09DF8073063F07F03DBB2184602B0A8
:10E650007047000008B5FFF728FD0346002B02D0E5
:10E66000034B82221A60034B01221A7000BF08BDBF
:10E670001C7C0240D80A002008B5FFF716FD0346AF
:10E68000002B02D0034B00221A60034B00221A70A9
:10E6900000BF08BD1C7C0240D80A002000B583B032
:10E6A00003468DF807309DF807301846FFF720FF26
:10E6B00003461846FEF73AFF00BF03B05DF804FBBF
:10E6C00000B583B003468DF807309DF80730184633
:10E6D000FFF780FB00BF03B05DF804FB10B586B008
:10E6E00003468DF807300020F7F7ACF99DF80730A6
:10E6F0001846FFF731FF05909DF90730002B39DBF5
:10E70000614B1B68DC439DF807301846FFF75AFF42
:10E7100003461A46012393402340002B05D09DF861
:10E720000730184601F0A6FC20E0059B00221A6085
:10E730009DF807301846FFF745FF03461A460123A8
:10E740009340DA43504B1B6813404F4A13609DF8C7
:10E7500007301846FFF736FF03461A460123934059
:10E76000DA434A4B1B681340484A1360059B032257
:10E770009A7383E09DF8073003F00803002B37D12C
:10E780009DF80730802B1CD09DF8073003F00F0355
:10E7900003F2DA333E4A5B0013603E4B1B688DF890
:10E7A00012309DF8123043F002038DF81230394BCD
:10E7B0001A689DF81230374913430B60354B1B68BC
:10E7C00016E0334B40F2B4721A60324B1B688DF87E
:10E7D00013309DF8133043F004038DF813302D4BA4
:10E7E0001A689DF813302B4913430B60294B1B68A3
:10E7F000264B1B68DA43244B1B6842EA03049DF84E
:10E8000007301846FFF7DEFE03461A460123934001
:10E810002340002B32D09DF807301846FFF7D2FE78
:10E8200003461A4601239340DA43174B1B681340F3
:10E83000154A13609DF807301846FFF7C3FE0346DC
:10E840001A46012303FA02F2104B1B6813430F4AC6
:10E850001360059B00221A60059B03229A7306230E
:10E860008DF80C309DF807308DF80E3003238DF8AD
:10E870000F30094B1B6803AA104698470020F7F792
:10E88000F5F800BF06B010BDD40A0020D00A002061
:10E890000078024004780240C80A002000B583B026
:10E8A00003468DF807309DF807301846FFF716FF2E
:10E8B00000BF03B05DF804FB00B587B0214B1B68B7
:10E8C0001B0C1B04204A1268134305932EE0059B82
:10E8D0000293029B93FAA3F30193019B0393039B7F
:10E8E000002B01D1202303E0039BB3FA83F3DBB2B7
:10E8F0008DF813309DF813301846FFF795FE034648
:10E9000003F00803002B08D19DF813301846FFF7D9
:10E910008BFE03461846FFF7E1FE9DF813300122F7
:10E9200002FA03F3DB43059A13400593059B002B82
:10E93000CDD1044B40F2FF121A6000BF07B05DF862
:10E9400004FB00BFD00A0020D40A002008B527200D
:10E95000FEF7BCFD00BF08BD00B583B0094B002227
:10E960001A70094B00221A700023019301238DF8BD
:10E970000430064B1B6801AA1046984700BF03B03D
:10E980005DF804FBCC0A0020CD0A0020C80A002054
:10E9900000BF704700B583B080238DF80730FFF7C4
:10E9A0006BFE9DF807301846FFF7D6FD0090009BE0
:10E9B0009B7B032B0ED19DF807301846FFF702FE14
:10E9C00003461A4601239340DB4319460C48FBF7E4
:10E9D000FBFA11E0009B1B68002B0DD19DF807305E
:10E9E0001846FFF7EFFD03461A4601239340DB4329
:10E9F00019460348FBF7E8FA00BF03B05DF804FBD3
:10EA0000D40A002000B585B003468DF807309DF983
:10EA10000730002B04DB264940F2B630F7F792F9B5
:10EA20009DF8073003F00803002B04D0204940F282
:10EA3000B730F7F787F99DF8073003F00F03002B85
:10EA400004DC1B494FF46E70F7F77CF9FFF714FEF6
:10EA50009DF807301846FFF77FFD0390039B9B7BD3
:10EA6000032B0ED19DF807301846FFF7ABFD034688
:10EA70001A4601239340DB4319460E48FBF7A4FADC
:10EA800011E0039B1B68002B0DD19DF80730184641
:10EA9000FFF798FD03461A4601239340DB431946CE
:10EAA0000448FBF791FA00BF05B05DF804FB00BF16
:10EAB00070F30100D40A002000B585B003468DF83C
:10EAC00007309DF90730002B04DB28494FF475709F
:10EAD000F7F738F99DF8073003F00803002B04D14D
:10EAE000224940F2D530F7F72DF9FFF7C5FD9DF823
:10EAF00007301846FFF730FD0390039B9B7B032BE9
:10EB00000ED19DF807301846FFF75CFD03461A4604
:10EB100001239340DB4319461548FBF755FA20E0E3
:10EB2000039B1B68002B1CD19DF807301846FFF78C
:10EB300049FD03461A4601239340DB4319460C481E
:10EB4000FBF742FA06238DF808309DF807308DF860
:10EB50000A3000238DF80B30064B1B6802AA1046C2
:10EB6000984700BF05B05DF804FB00BF70F30100DB
:10EB7000D40A0020C80A002000B585B000238DF813
:10EB80000F30FFF779FD9DF80F301846FFF7E4FCD2
:10EB90000290029B9B7B032B0ED19DF80F301846F1
:10EBA000FFF710FD03461A4601239340DB43194645
:10EBB0001548FBF709FA23E0029B1B68002B1DD1C7
:10EBC0009DF80F301846FFF7FDFC03461A46012357
:10EBD0009340DB4319460C48FBF7F6F906238DF802
:10EBE00004309DF80F308DF8063000238DF8073083
:10EBF000064B1B6801AA1046984701E001F022FA73
:10EC000000BF05B05DF804FBD40A0020C80A00204C
:10EC100000B585B003468DF807309DF90730002B0D
:10EC200004DA2E4940F21440F7F78CF89DF80730CB
:10EC300003F00803002B04D0284940F21540F7F7F1
:10EC400081F89DF8073003F00F03002B04DC234903
:10EC500040F21640F7F776F8FFF70EFD9DF8073003
:10EC60001846FFF779FC0390039B9B7B032B0ED187
:10EC70009DF807301846FFF7A5FC03461A46012306
:10EC80009340DB4319461648FBF79EF920E0039BAF
:10EC90001B68002B1CD19DF807301846FFF792FC2B
:10ECA00003461A4601239340DB4319460C48FBF701
:10ECB0008BF906238DF808309DF807308DF80A305F
:10ECC00000238DF80B30074B1B6802AA10469847AB
:10ECD00000F096FA00BF05B05DF804FB70F3010088
:10ECE000D40A0020C80A002000B585B003468DF87C
:10ECF00007309DF8073003F00803002B04D11B49AF
:10ED000040F23A40F7F71EF8FFF7B6FC9DF80730DF
:10ED10001846FFF721FC0390039B9B7B032B20D01D
:10ED2000039B1B68002B1CD19DF807301846FFF78A
:10ED300049FC03461A4601239340DB4319460C481D
:10ED4000FBF742F906238DF808309DF807308DF85F
:10ED50000A3000238DF80B30064B1B6802AA1046C0
:10ED6000984700BF05B05DF804FB00BF70F30100D9
:10ED7000D40A0020C80A002008B5FFF70BFE00BF28
:10ED800008BD08B58120FFF73DFE00BF08BD08B5EE
:10ED90008220FFF737FE00BF08BD08B58320FFF7CC
:10EDA00031FE00BF08BD08B58420FFF72BFE00BF71
:10EDB00008BD08B58520FFF725FE00BF08BD08B5D2
:10EDC0008620FFF71FFE00BF08BD08B58720FFF7AC
:10EDD00019FE00BF08BD08B58820FFF76DFE00BF13
:10EDE00008BD08B5FFF7C8FE00BF08BD08B5012083
:10EDF000FFF70EFF00BF08BD08B50220FFF708FFB0
:10EE000000BF08BD08B50320FFF702FF00BF08BD23
:10EE100008B50420FFF7FCFE00BF08BD08B50520BB
:10EE2000FFF7F6FE00BF08BD08B50620FFF7F0FEAD
:10EE300000BF08BD08B50720FFF7EAFE00BF08BD08
:10EE400008B50820FFF750FF00BF08BD00B583B02C
:10EE500000238DF80030FEF799FF03469BB2ADF812
:10EE600002308820FFF7AEFB03461A460123934089
:10EE700001930820FEF74AFD0346B3F1FF3F09D096
:10EE80000820FFF79FFB03461A4601239340019A8F
:10EE900013430193074B1A68019B1343054A136000
:10EEA000054B1B686A461046984700BF03B05DF8E3
:10EEB00004FB00BFD00A0020C80A002000B585B0BE
:10EEC00003460A468DF8073013468DF806309DF844
:10EED000063001229A402B4B1B681343294A1360CA
:10EEE0009DF90730002B30DA9DF807301846FFF700
:10EEF000E9F803461846FEF75CFB0346002B0BD0EF
:10EF00009DF80730802B05D09DF807301846FFF795
:10EF100079FD01E0FFF73EFD9DF8063001229A40A1
:10EF2000194B1B681340002B27D106238DF80C309A
:10EF30009DF807308DF80E3000238DF80F30134BFD
:10EF40001B6803AA1046984717E09DF80630012277
:10EF50009A400D4B1B681340002B0ED106238DF8F1
:10EF600008309DF807308DF80A3001238DF80B30FA
:10EF7000064B1B6802AA1046984700BF05B05DF813
:10EF800004FB00BFD00A0020D40A0020C80A0020D9
:10EF900010B5074B1C78064B1B781846FFF712FB81
:10EFA000034619462046FFF789FF00BF10BD00BF8A
:10EFB000CD0A002010B582B0FEF700FC03468DF8A4
:10EFC0000730284B1B68DB439AB2274B1B6842EA89
:10EFD0000304264B1B781846FFF7F4FA03461A463B
:10EFE000012393402340002B04D0204B1B7818466C
:10EFF000FFF774FB9DF90730002B01DB002200E0D6
:10F0000080221A4B1A700020FFF7DCFA03461A46DA
:10F01000012303FA02F48020FFF7D4FA03461A46CC
:10F02000012393402343DB4319460F48FAF7CCFFF3
:10F030008020FFF7C7FA03461A46012303FA02F2BB
:10F04000084B1B681343074A1360002300930523F2
:10F050008DF80030064B1B686A461046984700BF83
:10F0600002B010BDD00A0020D40A0020CD0A002032
:10F07000C80A002000B585B0FEF70EFB0390039B85
:10F0800003F48073002B0CD0264B01221A7000234E
:10F09000029302238DF80830234B1B6802AA104606
:10F0A0009847039B03F40073002B0CD01D4B0022E8
:10F0B0001A700023019303238DF804301A4B1B6848
:10F0C00001AA10469847039B03F48063002B24D0C9
:10F0D000144B1B78DBB2002B1FD0FEF76FFE0346EC
:10F0E00083F00103DBB2002B04D1104940F2F5405C
:10F0F000F6F728FE0B4B00221A700120FEF79CFC4D
:10F100005820FEF713FA0023009304238DF80030F3
:10F11000054B1B686A461046984700BF05B05DF86E
:10F1200004FB00BFCC0A0020C80A002070F30100D5
:10F1300000B587B0FEF734FB05902BE0059B0293EA
:10F14000029B93FAA3F30193019B0393039B002B70
:10F1500001D1202303E0039BB3FA83F3DBB28DF8E4
:10F1600013309DF813301846FFF75EFA03468DF80A
:10F1700012309DF81330012202FA03F3DB43059AA3
:10F18000134005939DF813209DF812301146184640
:10F19000FFF794FE059B002BD0D100F031F800BFA3
:10F1A00007B05DF804FB86B00190019B0493049BBB
:10F1B00093FAA3F30393039B0593059B002B01D1C3
:10F1C000202303E0059BB3FA83F3DBB2184606B0B5
:10F1D000704700B585B003468DF80730FEF7CEFDC9
:10F1E00003468DF80F309DF80F30802B02D14FF47D
:10F1F000007301E04FF48063184605B05DF804FB2E
:10F2000010B588B0754B1B7883F00103DBB2002B7F
:10F2100000F0E180D3E0049B03F00123002B09D030
:10F22000049B03F001231846FFF7BDFF03468DF84A
:10F230001A3005E00498FFF7B6FF03468DF81A3040
:10F240009DF81A301846FFF7EFF903468DF819308C
:10F250009DF819301846FFF77FF90590059B1B684C
:10F26000002B04D15E4940F26150F6F76BFD9DF929
:10F270001930002B15DA059B1B68059A5168059A11
:10F28000928902A8984703468DF81B309DF81B30E1
:10F2900083F00103DBB2002B56D0059B00221A60DD
:10F2A00052E09DF81930184600F038FE0790059B93
:10F2B0001C68059B5968059B9B891A4602A8079BF9
:10F2C000A04703468DF81B30029B002B08D1039BFF
:10F2D000002B2FD0424940F27D50F6F733FD29E054
:10F2E000039B079A9A421CD9059B02229A739DF8A8
:10F2F0001A30012202FA03F3DB4319463948FAF7C0
:10F3000063FE06238DF804309DF819308DF8063021
:10F3100002238DF80730344B1B6801AA104698472A
:10F320004DE0039B079A9A4204D02D4940F28C503D
:10F33000F6F708FD9DF81B3083F00103DBB2002BCC
:10F3400002D0059B00221A60FFF784F99DF81A305D
:10F35000012202FA03F3DA43244B1B681340234AC9
:10F360001360059B9A68039B1A44059B9A60029957
:10F37000039A9DF819301846FEF73AFD9DF81930AA
:10F380001846FFF78BF900BF9DF819301846FEF7B5
:10F3900099FE03461846FEF7F7F8034683F001038B
:10F3A000DBB2002B16D04FF48070FEF7EDF8034669
:10F3B00083F00103DBB2002BE6D100BF0BE0094B69
:10F3C0001A680A4B1B6813400493049B002B7FF4BC
:10F3D00022AF00E000BF00BF08B010BDD80A002077
:10F3E00070F30100D40A0020C80A0020D00A0020CF
:10F3F00010B582B00346ADF8063000BFBDF8064038
:10F40000FEF730F903462340002BF7D0BDF8063055
:10F410001846FEF72FF900BF02B010BD08B5002056
:10F42000F6F710FB0B4B1B68002B0BD1094B49F275
:10F4300075321A60084BC0221A60064B49F27532C9
:10F440001A6002E0044BC0221A600020F6F70EFB9F
:10F4500000BF08BD00EC064014EC064008B50020D3
:10F46000F6F7F0FA0B4B1B68002B0BD1094B49F256
:10F4700075321A60084B00221A60064B49F2753249
:10F480001A6002E0044B00221A600020F6F7EEFA40
:10F4900000BF08BD00EC064014EC064008B5002093
:10F4A000F6F7D0FA0B4B1B68002B0BD1094B49F236
:10F4B00075321A60084B03221A60064B49F2753206
:10F4C0001A6002E0044B03221A600020F6F7CEFA1D
:10F4D00000BF08BD00EC064014ED064008B5002052
:10F4E000F6F7B0FA0B4B1B68002B0BD1094B49F216
:10F4F00075321A60084B00221A60064B49F27532C9
:10F500001A6002E0044B00221A600020F6F7AEFAFF
:10F5100000BF08BD00EC064014ED064008B5FEF73C
:10F52000BEFD0346002B01D0FFF7B8FFFEF7B1FD8B
:10F530000346002B01D0FFF771FFFEF777F84FF479
:10F540000060FFF755FFFEF7A4FD0346002B01D036
:10F55000FFF784FFFEF7A3FD0346002B01D0FFF762
:10F56000BDFF00BF08BD000000B58BB0FEF74AF834
:10F570000790079B09930023089330E0099B0493AD
:10F58000049B93FAA3F30393039B0593059B002B22
:10F5900001D1202303E0059BB3FA83F3DBB28DF89E
:10F5A00019309DF819301846FDF722FF03469BB22B
:10F5B0001846FDF7FEFF0346002B07D09DF81930D3
:10F5C000012202FA03F3089A134308939DF81930B5
:10F5D000012202FA03F3DB43099A13400993099BC2
:10F5E000002BCBD1089B03F40003002B14BF012395
:10F5F00000238DF81B30089B23F40003089321E0BF
:10F60000089B0193019B93FAA3F30093009B029341
:10F61000029B002B01D1202303E0029BB3FA83F36A
:10F62000DBB28DF81A309DF81A300E4A52F82330AA
:10F6300098479DF81A30012202FA03F3DB43089A37
:10F6400013400893089B002BDAD1FFF7D9FD9DF8F2
:10F650001B30002B01D0044B984700BF0BB05DF866
:10F6600004FB00BFC8F30100B5EF000000B587B090
:10F670000190019B002B04D13B4940F28560F6F7D5
:10F6800061FB3A4B1B78002B01D0082368E0384A15
:10F69000019B1360354B01221A7000238DF817303F
:10F6A00029E09DF8173063F07F038DF80F309DF847
:10F6B0000F3003F00803002B02D04FF4007200E07B
:10F6C00040229DF80F301146184600F001FA9DF8CF
:10F6D0000F301846FEF740FF0290029B00229A73FB
:10F6E000029B00221A60029B00229A609DF817304C
:10F6F00001338DF817309DF81730082BD1D900232E
:10F700008DF8173027E09DF817308DF816309DF8EA
:10F71000163003F00803002B02D04FF4007200E013
:10F7200040229DF816301146184600F0D1F99DF898
:10F7300016301846FEF710FF0490049B00229A73BF
:10F74000049B00221A60049B00229A609DF81730E7
:10F7500001338DF817309DF81730082BD3D90023CB
:10F76000184607B05DF804FB70F30100C40A0020DE
:10F77000C80A002008B5084B1B78012B04D00749A4
:10F7800040F2AA60F6F7DEFA054B00221A60024B3F
:10F7900000221A7000BF08BDC40A002070F30100E7
:10F7A000C80A002008B52B4B1B78012B04D02A492E
:10F7B00040F2B360F6F7C6FA4FF40060FDF75AFF67
:10F7C000FFF7ACFEFEF777FC0346002B0AD0234B75
:10F7D0001B78002B06D0FDF737FFFFF79FFE1F4B6E
:10F7E00000221A70FEF75BFC0346002B01D0FFF7E6
:10F7F00055FEFEF748FC0346002B0CD0184B40F298
:10F80000E3721A60174B40221A60BFF36F8F00BF7C
:10F81000BFF34F8F00BF8020FEF7A2FA0020FEF753
:10F820004FFF114B40F2FF121A60104B00221A607A
:10F83000FEF722FF0E4B00221A70064B02221A70AE
:10F84000FEF72DFC0346002B01D0FFF747FE00BF5B
:10F8500008BD00BFC40A002070F30100E0000020D2
:10F860000078024004780240D00A0020D40A002028
:10F87000CD0A002008B50D4B1B78002B04D10C4994
:10F8800040F2F260F6F75EFA00F048F8FDF7BAFED3
:10F8900003461846FDF7BEFEFDF7D6FEFEF7ECFE6A
:10F8A000024B01221A7000BF08BD00BFC40A00202D
:10F8B00070F3010000B585B003468DF80730134B97
:10F8C0001B78022B04D0124940F20770F6F73AFA7F
:10F8D000104B00221A70104B03939DF80730002B39
:10F8E00003D0039B43F4001303930398FDF77EFEBC
:10F8F00006212720FDF788FD2720FDF7A5FDFEF74F
:10F900007FF800BF05B05DF804FB00BFC40A00200B
:10F9100070F30100CC0A00200714C00108B50F4B9A
:10F920001B78022B04D00E4940F22670F6F70AFA33
:10F930002720FDF7D9FD2720FDF794FD0346002B76
:10F940000AD0FEF7B9FFFEF769F82720FDF7B0FDF2
:10F950004FF0FF30FDF75EFE00BF08BDC40A002077
:10F9600070F30100044B1B78002B14BF012300230C
:10F97000DBB21846704700BFC40A0020044B1B7856
:10F98000012B8CBF01230023DBB21846704700BF58
:10F99000C40A002008B5FFF7F1FF0346002B07D08B
:10F9A0002720FDF75FFD0346002B01D0012300E077
:10F9B000002303F00103DBB2184608BD00B583B095
:10F9C00000238DF807300020F6F73CF8124B1B7827
:10F9D000DBB2002B17D0FEF76FFFFDF743FE0346A7
:10F9E00003F40073002B0ED1FEF7D8F9FDF73AFEB1
:10F9F000034603F40073002B02D0FEF7D7F902E0B0
:10FA000001238DF807300020F6F730F89DF8073015
:10FA1000184603B05DF804FBCC0A002000B583B0A3
:10FA200000238DF807300020F6F70CF8174B1B78F1
:10FA3000DBB2002B21D0FEF7C1F90346002B1CD00E
:10FA4000FEF7B4F901238DF80730FEF722FB0346D9
:10FA5000002B12D00E4B1B68002B0BD10C4B49F224
:10FA600075321A600B4BC0221A60094B49F275328D
:10FA70001A6002E0074BC0221A600020F5F7F6FF7B
:10FA80009DF80730184603B05DF804FBCC0A00204F
:10FA900000EC064014EC064008B5034B1846FDF791
:10FAA000B9FD00BF08BD00BF0414800108B5034BB9
:10FAB0001846FDF79BFD00BF08BD00BF0414800180
:10FAC000024B00221A7000BF704700BFCC0A002012
:10FAD00010B584B003460A468DF807301346ADF8DA
:10FAE0000430BDF8043003F00103002B04D020499A
:10FAF00040F29F70F6F726F9BDF80430002B0AD1CA
:10FB00009DF8073003F00803002B04D1184940F298
:10FB1000A170F6F717F99DF8073003F00803002BE2
:10FB200009D0BDF804409DF807301846FFF751FB97
:10FB300003469C420ED99DF8073003F00803002BC2
:10FB400003D1BDF80430402B04D9094940F2A37019
:10FB5000F6F7F8F89DF807301846FEF7FDFC03901D
:10FB6000039BBDF804209A8100BF04B010BD00BF04
:10FB700070F3010000B585B003468DF807309DF89D
:10FB800007301846FEF7E8FC0390039B9B89184654
:10FB900005B05DF804FB00B583B003468DF807306F
:10FBA0009DF807301846FEF77DFC03461846FDF722
:10FBB0009DFF0346184603B05DF804FB00B583B013
:10FBC00003468DF807309DF807301846FEF7B0FA67
:10FBD00003461846FDF70AFD9DF807301846FDF765
:10FBE00085FF0346002B33D19DF807301846FEF7FA
:10FBF00059FC03461846FDF7C7FF9DF8073003F090
:10FC00000F03002B25D09DF90730002B21DB9DF839
:10FC1000073003F00803002B1BD10020F5F712FF7B
:10FC20009DF80730184600F025FA9DF80730184671
:10FC3000FEF7C8FC03461A4601239340DA43064BFD
:10FC40001B681340044A13600020F5F70FFF00E023
:10FC500000BF03B05DF804FBD40A002000B583B0F8
:10FC600003468DF807309DF807301846FEF736FD3D
:10FC70009DF807301846FEF715FC03461846FDF7B9
:10FC8000D3FF9DF807301846FEF752FA0346184690
:10FC9000FDF7C0FC00BF03B05DF804FB00B587B002
:10FCA000034600918DF807309DF807301846FEF79F
:10FCB00089FC03468DF80F30009B002B04D153497B
:10FCC00040F2EE70F6F73EF80020F5F7BBFE9DF827
:10FCD000073003F00F03002B08D14D4B1B789DF824
:10FCE00007209A4202D01023059386E0494B1B68F7
:10FCF000DB439AB2484B1B681A439DF80F30012131
:10FD000001FA03F31340002B02D01123059374E092
:10FD10009DF807301846FEF71FFC02909DF907304A
:10FD2000002B2FDA9DF8073003F00F0213465B001B
:10FD300013449B001A46394B13440493009B1B68E1
:10FD40001846FDF747FB0346002B0DD0009B9B6830
:10FD500003F00103002B03D1029B314A1A6031E00A
:10FD6000029B304A1A602DE0009B9B6803F0010360
:10FD7000002B03D1029B2C4A1A6023E0029B2B4AE2
:10FD80001A601FE09DF8073003F00F0213465B0076
:10FD900013449B001A46264B13440493009B1B6894
:10FDA000002B0CD0009B1B681846FDF713FB034685
:10FDB000002B04D1154940F64800F5F7C3FF029B1C
:10FDC0001C4A1A60049B009A07CA83E80700029B3A
:10FDD000049A5A60029B00229A60029B00229A7346
:10FDE0009DF80F3001229A400B4B1B6813430A4ABF
:10FDF000136000230593FEF7A9FD0020F5F736FEFA
:10FE0000059B184607B05DF804FB00BF70F30100C6
:10FE1000CD0A0020D00A0020D40A0020FC0B0020CC
:10FE200051E20000CDE2000051E30000F5E30000E4
:10FE3000680C0020A1E1000000B587B003460091E6
:10FE40008DF807309DF807301846FEF7BBFB0346D8
:10FE50008DF80F30009B002B04D1294940F65E003D
:10FE6000F5F770FF0020F5F7EDFD9DF8073003F082
:10FE70000F03002B08D1234B1B789DF807209A42D3
:10FE800002D01023059332E01F4B1B68DB439AB26C
:10FE90001E4B1B681A439DF80F30012101FA03F332
:10FEA0001340002B02D01123059320E09DF807306A
:10FEB0001846FEF751FB0490049B00229A60049BB5
:10FEC000009A12681A60009B5A68049B5A60049B4F
:10FED00000229A739DF80F3001229A400B4B1B6849
:10FEE00013430A4A136000230593FEF72FFD0020F9
:10FEF000F5F7BCFD059B184607B05DF804FB00BF95
:10FF000070F30100CD0A0020D00A0020D40A00209E
:10FF1000014B1846704700BFD40C002000B583B0D9
:10FF200003468DF807309DF807301846FEF7BAFAF9
:10FF300003461846FDF794FC0346184603B05DF8E7
:10FF400004FB00B583B003468DF807309DF80730F9
:10FF50001846FEF7A7FA03461846FDF7B7FE00BF9E
:10FF600003B05DF804FB00B583B003468DF807309D
:10FF70009DF90730002B0CDB9DF80730184600F088
:10FF800015F80346002B04D09DF80730184600F002
:10FF900071F89DF807301846FEF784FA03461846B4
:10FFA000FDF7BAFE00BF03B05DF804FB00B583B0F7
:10FFB00003468DF807309DF807301846FEF772FAB1
:10FFC00003461846FDF7B6FB0346184603B05DF836
:10FFD00004FB00B583B003468DF807309DF8073069
:10FFE00001211846FDF736FD00BF03B05DF804FBA4
:10FFF00000B583B001900822002101980CF0E3F9CC
:020000021000EC
:10000000FDF7DCFB03461A46019B1A70FDF7DEFB89
:1000100003461A46019B5A70FDF7E0FB03461A4659
:10002000019B5A80FDF7F0FB03461A46019B9A801C
:10003000FDF700FC03461A46019BDA8000BF03B0BF
:100040005DF804FB08B54C20FDF770FA00BF08BD51
:1000500008B55020FDF76AFA00BF08BD08B5542066
:10006000FDF764FA00BF08BD014B1B7818467047C6
:10007000CD0A002000B583B003468DF807309DF906
:100080000730002B04DA144940F6DF00F5F75AFE7A
:100090000020F5F7D7FC9DF807301846FEF792FAD6
:1000A00003461A4601239340DA430C4B1B68134066
:1000B0000A4A13609DF8073003F00803002B04D1AF
:1000C0009DF807301846FDF76FFC0020F5F7CEFCD1
:1000D00000BF03B05DF804FB70F30100D00A0020FC
:1000E00082B003468DF807309DF80730044A01219D
:1000F00001FA03F3C2F8043500BF02B0704700BF35
:1001000000F0014082B003468DF807309DF80730BB
:10011000044A012101FA03F3C2F8083500BF02B016
:10012000704700BF00F0014084B003460291019285
:100130008DF80F3008499DF80F30A233029A41F82C
:100140003320054A9DF80F30A233DB001344019A97
:100150005A6000BF04B0704700F0014082B003460F
:100160008DF807309DF80730012202FA03F3184694
:1001700002B0704700B583B003468DF807309DF894
:1001800007301846FFF7EAFF0346C3F31303002BBB
:1001900014BF01230023DBB2184603B05DF804FB53
:1001A00082B001900123184602B0704700B583B0B9
:1001B00003468DF807309DF807301846FFF7CEFF4D
:1001C00003461846FFF7ECFF0346184603B05DF8F8
:1001D00004FB000000B583B003468DF807309DF89E
:1001E00007301846FFF7BAFF0246064B1B6813405C
:1001F000002B14BF01230023DBB2184603B05DF8C7
:1002000004FB00BF140D002000B583B003468DF839
:1002100007309DF807301846FFF7A0FF0246044B51
:100220001B681343024A136000BF03B05DF804FB70
:10023000140D002000B583B003468DF807309DF8FB
:1002400007301846FFF78AFF0346DA43044B1B6862
:100250001340034A136000BF03B05DF804FB00BF06
:10026000140D002000B587B00190002304930023F3
:10027000059304230493244B059300238DF80F303A
:1002800037E00020F5F7DEFB9DF80F301846FFF74A
:1002900065FF0246059B1340002B15D09DF80F30DB
:1002A0001846FFF797FF034683F00103DBB2002BEC
:1002B0000AD09DF80F301846FFF7A6FF019B9DF866
:1002C0000F201A70002304930020F5F7CFFB049B46
:1002D000002B12D09DF80F301846FFF73FFF034662
:1002E000DB43059A134005939DF80F3001338DF8D9
:1002F0000F30059B002BC4D100E000BF049B1846C3
:1003000007B05DF804FB00BFFFFF0F0000B585B02C
:1003100003468DF80730002303939DF807301846F5
:10032000FFF728FF034683F00103DBB2002B02D066
:10033000072303930FE09DF807301846FFF7E2FE0E
:100340000020F5F77FFB9DF807301846FFF772FF96
:100350000020F5F78BFB039B184605B05DF804FB06
:1003600000B587B00346029101928DF80F30029BD1
:10037000002B02D0019B002B01D10E2325E000238E
:1003800005939DF80F301846FFF7F4FE034683F0FF
:100390000103DBB2002B02D00723059314E09DF884
:1003A0000F301846FFF716FF034683F00103DBB258
:1003B000002B02D00823059306E09DF80F30019A28
:1003C00002991846FFF7B0FE059B184607B05DF886
:1003D00004FB00B585B003468DF807300023039376
:1003E0009DF807301846FFF7E1FE034683F001034E
:1003F000DBB2002B02D0072303931AE09DF80730ED
:100400001846FFF7B7FE0346002B0DD09DF80730C6
:100410001846FFF7DFFE034683F00103DBB2002B33
:1004200002D00823039304E09DF807301846FFF735
:1004300057FE039B184605B05DF804FB00B585B078
:1004400003468DF80730002303939DF807301846C4
:10045000FFF7ACFE034683F00103DBB2002B02D0B2
:10046000072303931CE09DF807301846FFF782FE30
:100470000346002B0DD09DF807301846FFF7AAFE63
:10048000034683F00103DBB2002B02D00823039361
:1004900006E09DF807301846FFF734FE002303936B
:1004A000039B184605B05DF804FB000082B00346CC
:1004B0008DF807309DF90730002B0CDB9DF80730D5
:1004C00003F01F0205499DF907305B09012000FA7E
:1004D00002F241F8232000BF02B0704700E100E0C3
:1004E00082B003468DF807309DF90730002B13DBEF
:1004F0009DF8073003F01F0209499DF907305B0999
:10050000012000FA02F2203341F82320BFF34F8F7D
:1005100000BFBFF36F8F00BF00BF02B0704700BFC6
:1005200000E100E082B0034600918DF807309DF9AC
:100530000730002B0ADB009BDAB20C499DF907302B
:100540005201D2B20B4483F800230BE0009BDAB2D5
:1005500007499DF8073003F00F03043B5201D2B264
:100560000B441A7600BF02B0704700BF00E100E004
:1005700000ED00E082B00190019B1B0B5BB21846BE
:1005800002B0704700B583B003460A468DF80730C5
:1005900013468DF806309DF80630072B03D908491D
:1005A0006B20F5F7CFFB9DF806209DF9073011462B
:1005B0001846FFF7B7FF00BF03B05DF804FB00BFAC
:1005C00074F4010000B583B003468DF807309DF93F
:1005D00007301846FFF76AFF00BF03B05DF804FB61
:1005E00000B583B003468DF807309DF907301846F3
:1005F000FFF776FF00BF03B05DF804FB82B0019007
:100600000B468DF803309DF80330019A1344012204
:100610001A6000BF02B0704784B001900B46ADF87D
:100620000230BDF80230019A134400221A60BDF86E
:100630000230019A13441B680393039B00BF04B06C
:10064000704782B001900B46ADF80230BDF8023021
:10065000019A13441B68002B14BF01230023DBB253
:10066000184602B0704782B001900091019BD3F808
:100670000022009B1A43019BC3F8002200BF02B076
:10068000704782B001900091019BD3F80022009B3B
:10069000DB431A40019BC3F8002200BF02B0704741
:1006A00082B001900091019B009AC3F8042300BF1F
:1006B00002B0704782B001900091019B009AC3F88C
:1006C000082300BF02B0704782B001900091019BE7
:1006D000D3F80423009B1340002B14BF01230023F5
:1006E000DBB2184602B0704782B001900B468DF81D
:1006F0000330019BD3F8043523F003029DF8033047
:1007000003F003031A43019BC3F8042500BF02B0A2
:10071000704782B001900B468DF80330019BD3F8EF
:10072000083523F003029DF8033003F003031A4356
:10073000019BC3F8082500BF02B0704782B001904A
:100740000B468DF80330019BD3F8103523F00F02D0
:100750009DF8033003F00F031A43019BC3F81025E3
:1007600000BF02B0704784B003900B4601928DF831
:100770000B309DF80B20039B02F5A872019943F8FA
:10078000221000BF04B0704782B00190019B9B0013
:1007900003F5A0739BB2184602B0704782B0019077
:1007A0004FF48032019B02FA03F3184602B07047FF
:1007B00010B588B0039002910192039B1B791A46F1
:1007C00013465B0013449B00704A13440793029B3B
:1007D000002B03D16E494A20F5F7B4FA019B002B98
:1007E00003D16B494B20F5F7ADFA079B1B7A002B21
:1007F00003D008230593059BC4E0039B1B68654A4F
:1008000093420FD1029B9B78012B64D0029B9B7873
:10081000002B60D0029B9B78022B5CD0029B9B78C4
:10082000032B58D0039B1B685B4A93420FD1029B5A
:100830009B78012B4FD0029B9B78002B4BD0029BC7
:100840009B78022B47D0029B9B78032B43D0039BC2
:100850001B68524A93420FD1029B9B78012B3AD0DE
:10086000029B9B78002B36D0029B9B78022B32D0C8
:10087000029B9B78032B2ED0039B1B68484A934214
:100880000FD1029B9B78012B25D0029B9B78002BDC
:1008900021D0029B9B78022B1DD0029B9B78032BBF
:1008A00019D0039B1B683F4A93420FD1029B9B7850
:1008B000012B10D0029B9B78002B0CD0029B9B78C5
:1008C000022B08D0029B9B78032B04D030495F2079
:1008D000F5F738FA00E000BF079B019A1A60029B07
:1008E0005A68079B5A6000238DF81B3010E0039B69
:1008F0001C689DF81B301846FFF746FF0346194653
:100900002046FFF789FE9DF81B3001338DF81B3020
:10091000039B5B799DF81B209A42E8D3039B1B68DD
:100920001846FFF727FE03461A46029BDB78194656
:100930001046FFF727FE039B1B681846FFF71AFEB9
:1009400003461846FFF73EFE039B1A68029B5B783E
:1009500019461046FFF7C8FE039B1A68029B9B7856
:1009600019461046FFF7D5FE039B1A68029B1B78B9
:1009700019461046FFF7E2FE079B01221A72002378
:100980000593059B184608B010BD00BF180D002048
:10099000A0F40100008000400090004000A0004052
:1009A00000A0014000B0014000B583B00190019B60
:1009B0001B681846FFF7DEFD03461846FFF710FEDA
:1009C000019B1B684FF0FF311846FFF75AFE019B51
:1009D0001B684FF0FF311846FFF76CFE019800F0DE
:1009E00041F8019B1B791946064A0B465B000B44F4
:1009F0009B001344083300221A7000BF03B05DF857
:100A000004FB00BF180D002000B583B00190019BCE
:100A10001B791946114A0B465B000B449B0013449B
:100A200008331B78012B03D00D498F20F5F78AF985
:100A3000019B1B6800211846FFF7E0FD019B1B7915
:100A40001946064A0B465B000B449B0013440833CF
:100A500002221A7000BF03B05DF804FB180D0020DD
:100A6000A0F4010000B583B00190019B1B791946E9
:100A7000114A0B465B000B449B00134408331B7860
:100A8000002B03D10D499720F5F75CF9019B1B68FA
:100A900010211846FFF7B2FD019B1B791946064A43
:100AA0000B465B000B449B001344083301221A7071
:100AB00000BF03B05DF804FB180D0020A0F4010096
:100AC00000B583B00190019B1B7919460B4A0B4678
:100AD0005B000B449B00134408331B78002B03D1AD
:100AE0000749B320F5F72EF9019B1B680C21184626
:100AF000FFF784FD00BF03B05DF804FB180D002074
:100B0000A0F4010010B586B0039001921A460B467E
:100B10008DF80B3013468DF80A309DF80B301846CF
:100B2000FFF73CFE05909DF80A30002B12D0039B86
:100B30001C689DF80B301846FFF726FE0346194641
:100B40002046FFF769FD039B1B6805991846FFF7D0
:100B5000A7FD05E0039B1B6805991846FFF7AAFD52
:100B6000039B1B689DF80B10019A1846FFF7FBFDCD
:100B700000BF06B010BD00B585B0039001921A46C3
:100B80000B468DF80B301346ADF80830039B186800
:100B90009DF80B304FF480729A409DF80B30012184
:100BA00001FA03F313431946FFF76BFD039B1B6820
:100BB000BDF8082011461846FFF755FD9DF818307E
:100BC0009DF80B10019A0398FFF79CFF00BF05B03A
:100BD0005DF804FB10B582B001900091019B1B7978
:100BE0001946174A0B465B000B449B00134408331D
:100BF0001B78002B03D11349FB20F5F7A3F8019BC9
:100C00005B791A46009B934203D30E49FC20F5F70B
:100C100099F8019B1C680098FFF7B6FD034619463A
:100C20002046FFF7F9FC019B1C680098FFF7B6FD12
:100C3000034619462046FFF733FD00BF02B010BD42
:100C4000180D0020A0F4010010B582B001900091B1
:100C5000019B1B791946134A0B465B000B449B0012
:100C6000134408331B78002B04D10F4940F20710BE
:100C7000F5F768F8019B5B791A46009B934204D311
:100C800009494FF48470F5F75DF8019B1C680098E2
:100C9000FFF784FD034619462046FFF70BFD00BF12
:100CA00002B010BD180D0020A0F4010000B587B0FF
:100CB0000390029113468DF8073000238DF817300A
:100CC00030E09DF817301846FFF75EFD0346ADF89B
:100CD00014309DF817301846FFF760FD0490BDF8FA
:100CE000143019460398FFF7ACFC0346002B14D0D0
:100CF00004990398FFF7E8FC0346002B0DD0BDF8DC
:100D0000143019460398FFF787FC029B1B68029A70
:100D10005168BDF81420104698479DF817300133EC
:100D20008DF817309DF817209DF807309A42C8D3E8
:100D300000BF00BF07B05DF804FB000008B5042247
:100D400002490348FFF7B2FF00BF08BD180D00209D
:100D50000080004008B5042202490348FFF7A6FFBF
:100D600000BF08BD240D00200090004008B50422FB
:100D700002490348FFF79AFF00BF08BD300D00206D
:100D800000A00040054B1B78002B04D1034B01222F
:100D90001A70002300E08523184670473C0D0020A0
:100DA00082B003468DF807309DF90730002B0CDB2D
:100DB0009DF8073003F01F0205499DF907305B09D4
:100DC000012000FA02F241F8232000BF02B0704770
:100DD00000E100E082B0034600918DF807309DF9F4
:100DE0000730002B0ADB009BDAB20C499DF9073073
:100DF0005201D2B20B4483F800230BE0009BDAB21D
:100E000007499DF8073003F00F03043B5201D2B2AB
:100E10000B441A7600BF02B0704700BF00E100E04B
:100E200000ED00E000B583B003460A468DF80730B8
:100E300013468DF806309DF80630072B03D9084974
:100E40006B20F4F77FFF9DF806209DF907301146CF
:100E50001846FFF7BFFF00BF03B05DF804FB00BFFB
:100E6000F8F4010000B583B003468DF807309DF912
:100E700007301846FFF794FF00BF03B05DF804FB8E
:100E800000B585B00190019B002B0AD0074B43F0C1
:100E900001030393019B9B010293039B02989847D4
:100EA00000E000BF05B05DF804FB00BFA0F5010045
:100EB00082B003468DF807309DF8073003F1804378
:100EC00003F5E04301221A6000BF02B0704782B010
:100ED0000346ADF80630BDF8063003F1804303F554
:100EE000E0431B68002B14BF01230023DBB218462C
:100EF00002B0704784B00346ADF80630BDF8063046
:100F000003F1804303F5E04300221A60BDF8063088
:100F100003F1804303F5E0431B680393039B00BF89
:100F200004B0704782B003468DF807300B468DF849
:100F3000063013468DF805300A499DF807309DF8B4
:100F4000052051331B010B4404331A6005499DF8F9
:100F500007309DF8062051331B010B441A6000BF77
:100F600002B070470070004082B00190034A019BBC
:100F7000C2F8043300BF02B0704700BF00700040E9
:100F800082B00190034A019BC2F8083300BF02B04F
:100F9000704700BF00700040024B0122C3F80025DB
:100FA00000BF70470070004082B001900091054A78
:100FB000019BC2F82C36034A009BC2F8303600BFB2
:100FC00002B070470070004082B003468DF80730D1
:100FD000034A9DF80730C2F8F03500BF02B07047F1
:100FE0000070004082B003468DF80730034A9DF838
:100FF0000730C2F8F43500BF02B0704700700040FF
:10100000024BD3F8F435DBB218467047007000404D
:1010100000B583B0034600918DF80730009B1B7824
:1010200003F00302009B5B781B0103F030031A43BB
:10103000009B9B781B0203F4E0631A43009BDB7860
:101040001B0303F480531A43009B1B791B0403F416
:10105000E0231A43009B5B791B0503F4801342EAEB
:101060000301009B9B791B0603F080720A489DF8E0
:1010700007300A431B01034403F5A3631A60009B76
:10108000D979009B1A7A9DF807301846FFF74AFF76
:1010900000BF03B05DF804FB0070004000B58FB0E6
:1010A0004FF48270FFF713FF0346002B46D04FF436
:1010B0008270FFF71FFF904B93F82E3083F00103EF
:1010C000DBB2002B04D18C4B93F82F30002B35D0A2
:1010D00000238DF81C30884B5B680893864B1B8976
:1010E0009BB2ADF82430844BDB68002B03D1824BDC
:1010F00000221A7419E0804B1A8B7F4B5A837E4B67
:10110000DB687D4A53607C4B1A8B7B4B1A817A4B90
:101110000022DA60784B93F82E3083F00103DBB2C3
:10112000002B02D00020FFF7C3FE734B1B6807AAF9
:1011300010469847704B002283F82F206E4B93F88F
:101140002E30002B62D04FF48070FFF7C0FE0346B4
:10115000002B5BD04FF48070FFF7CCFE664B5A8BB0
:10116000654B93F82D309BB29A421CD9624B5A8B37
:10117000614B93F82D309BB2D31A9AB25E4B5A83CF
:101180005D4B5A685C4B1B899BB219465A4B5B8B73
:10119000CB1A5B001344584A92F82D20114618468A
:1011A000FFF702FF2BE0544B5A8B534B93F82D3033
:1011B0009BB29A4214D1504BDB68002B10D04E4B9F
:1011C000012283F82F204C4B00225A834A4BDB68C4
:1011D000494A92F82D2011461846FFF7E5FE0EE029
:1011E000454B5A8B444B93F82D309BB29A4206D113
:1011F000414B012283F82F203F4B00225A834FF4AA
:101200008270FFF777FE0420FFF752FE4FF48870DC
:10121000FFF75DFE0346002B0ED04FF48870FFF7FA
:1012200069FE354B00221A7402238DF81030324BC0
:101230001B6804AA104698474FF48A70FFF747FED0
:101240000346002B07D04FF48A70FFF753FE2A4B5A
:1012500000221A744CE0284B5B690D9345E00D9B0E
:101260000A930A9B002B01D1202303E00A9BB3FAC7
:1012700083F3DBB20C934FF000420C9B22FA03F392
:10128000DB430D9A13400D930C9B9BB246339BB2EC
:101290009B00ADF82E30BDF82E301846FFF717FE34
:1012A0000346002B21D0BDF82E301846FFF722FE52
:1012B00001238DF80430BDF82E30A3F58C73DB08C4
:1012C000DBB28DF80830BDF82E30A3F58C7303F037
:1012D0000403002B0CBF01230023DBB28DF809307F
:1012E000054B1B6801AA104698470D9B002BB6D1F1
:1012F00000BF0FB05DF804FB400D002000B585B0C5
:1013000001900091019B002B03D13249D820F4F7C2
:1013100019FD009B002B03D12E49D920F4F712FDB3
:101320002D4B93F82C30002B03D008230393039B01
:101330004CE0294A009B1360019B1B781846FFF77D
:1013400043FE019B5B781846FFF74CFE019BDA7861
:10135000214B83F82E20204B012283F82C201E4B9A
:1013600000221A741C4B002283F82D201A4B0022F5
:101370005A61194B002283F82F206FF00040FFF7CD
:10138000FFFD4FF48270FFF7B5FD4FF48070FFF75B
:10139000B1FD4FF48A70FFF7ADFD019B9B781946B4
:1013A0000720FFF73FFD0720FFF75CFD0220FFF756
:1013B000DBFD094B93F82E30002B02D00120FFF704
:1013C000D3FDFFF7E9FD00230393039B184605B007
:1013D0005DF804FB48F50100400D002000B585B024
:1013E000034600918DF80730394B93F82C30002BD1
:1013F00004D1384940F22510F4F7A4FC9DF80730D9
:10140000072B04D933494FF49370F4F79BFCFFF793
:10141000F7FD0346002B09D02D4B93F82D30002B00
:1014200004D02C494FF49470F4F78CFC009BDB79CA
:101430000D2B03D8009BDB79002B04D125494FF4F9
:101440009670F4F77FFC009B1B7A0D2B04D9214981
:101450004FF49770F4F776FC1D4B1B7CDBB2002B2E
:1014600003D011230393039B2DE09DF80730184A06
:101470000C335B0013441B79002B07D1144B93F8FA
:101480002D300133DAB2124B83F82D209DF807304E
:10149000009AD1790E4A0C335B0013440A461A7144
:1014A0009DF80730009A117A094A0C335B00134407
:1014B0000A465A719DF8073000991846FFF7A8FDB3
:1014C00000230393039B184605B05DF804FB00BF9F
:1014D000400D002048F5010000B589B00346009199
:1014E0008DF80730504B1B7CDBB2002B03D011234F
:1014F0000393039B93E04C4B01221A740320FFF7E4
:101500003FFD01210098FFF74FFD474B93F82D3029
:10151000012B0FD90023079309E0079BDBB20022C0
:1015200000211846FFF7FEFC079B01330793079B3A
:10153000072BF2D99DF807303B4A0C335B0013446C
:1015400019799DF80730384A0C335B0013445A79F7
:101550009DF807301846FFF7E5FC0020FFF7A8FCD0
:101560000420FFF7A5FC00238DF81B3042F2107316
:1015700005934FF48270FFF7AAFC0346002B03D0BB
:1015800001238DF81B3008E00020FFF779FC059B54
:10159000013B0593059B002BEBD19DF81B30002BE5
:1015A00004D122494FF4D270F4F7CCFB4FF4807091
:1015B000FFF7A0FC4FF48270FFF79CFC1A4B93F8E6
:1015C0002D30012B19D90023049313E0049BD8B2CA
:1015D000154A049B0C335B0013441979124A049B8F
:1015E0000C335B0013445B791A46FFF79BFC049BAA
:1015F00001330493049B072BE8D90B4B93F82E304F
:10160000002B03D00320FFF7AFFC02E00220FFF71E
:10161000ABFC054B00221A7400230393039B18466E
:1016200009B05DF804FB00BF400D002048F5010043
:1016300082B003468DF807309DF90730002B0CDB94
:101640009DF8073003F01F0205499DF907305B093B
:10165000012000FA02F241F8232000BF02B07047D7
:1016600000E100E082B0034600918DF807309DF95B
:101670000730002B0ADB009BDAB20C499DF90730DA
:101680005201D2B20B4483F800230BE0009BDAB284
:1016900007499DF8073003F00F03043B5201D2B213
:1016A0000B441A7600BF02B0704700BF00E100E0B3
:1016B00000ED00E082B00190019B1B0B5BB218466D
:1016C00002B0704700B583B003460A468DF8073074
:1016D00013468DF806309DF80630072B03D90849CC
:1016E0006B20F4F72FFB9DF806209DF9073011467B
:1016F0001846FFF7B7FF00BF03B05DF804FB00BF5B
:10170000A8F5010000B583B003468DF807309DF9B8
:1017100007301846FFF78CFF00BF03B05DF804FBED
:1017200082B001900B468DF803309DF80330019A8A
:10173000134401221A6000BF02B0704784B00190C8
:101740000B46ADF80230BDF80230019A1344002276
:101750001A60BDF80230019A13441B680393039B7F
:1017600000BF04B0704782B001900B46ADF8023064
:10177000BDF80230019A13441B68002B14BF0123EB
:101780000023DBB2184602B0704782B0019000918E
:10179000019B009AC3F8042300BF02B0704782B0D7
:1017A0000190019B0522C3F8002500BF02B07047DD
:1017B00082B00190019B0022C3F8002500BF02B057
:1017C000704784B0039002910192039B029AC3F880
:1017D0000825039B019AC3F80C2500BF04B070478D
:1017E00082B001900091019B009AC3F8242500BFAC
:1017F00002B0704784B00190019BD3F8C4340393C6
:10180000019B039AC3F8C424039B184604B0704795
:1018100082B00190019BD3F81835DBB2184602B0B4
:10182000704782B001900B468DF803309DF803207D
:10183000019BC3F81C2500BF02B0704782B0019025
:101840000091019B009AC3F8002200BF02B07047CC
:1018500000B583B00190019B1B68184600F04FF85B
:101860000346002B04D10B494FF4F670F4F76AFAE3
:10187000019B1B681F2B02D84FF0A04306E0019B81
:101880001B6803F01F02019B1A60034B184603B04C
:101890005DF804FBCCF501000003005000B585B0F5
:1018A0000190084611461A4603468DF803300B4650
:1018B0008DF8023013468DF8013001AB1846FFF762
:1018C000C7FF03909DF803209DF802305B001A4388
:1018D0009DF801309B001A439DF818301B0242EA24
:1018E00003019DF81C301B04019A1943039B02F568
:1018F000E07243F8221000BF05B05DF804FB84B02D
:101900000190019B5B09029300230393029B002B30
:1019100003D0029B012B04D007E04FF0FF33039369
:1019200003E04FF6FF73039300BF019B03F01F0317
:101930000193039A019B22FA03F303F00103002BA6
:1019400014BF01230023DBB2184604B0704784B0F3
:10195000019003230393019B03F00103002B02D0AA
:101960004FF402430393019B03F00203002B02D0C8
:1019700048F201230393019B03F00403002B02D0E0
:1019800048F202230393039B184604B0704700B546
:1019900083B001900091009B5A6B009B9B6A9A4216
:1019A00007D00198FFF704FF0198FFF7F8FE002326
:1019B00000E00123184603B05DF804FB00B58BB0CE
:1019C0000590049103920293049B002B03D14D498F
:1019D000AA20F4F7B7F9049B1A68049B5B689A4243
:1019E00003D14849AB20F4F7ADF9059B1B791A46A2
:1019F00013461B019B1A9B00434A13440893089B00
:101A000093F82E30002B03D008230793079B74E034
:101A1000059B1A68059B1B7919463C4B53F82130EE
:101A200019461046F9F708FF0346002B03D011238F
:101A30000793079B61E0089B039A1A60089B029A30
:101A40005A60089B00229A60089B002283F82D2090
:101A5000089B002283F83120089B002283F8302065
:101A6000049B5A7B089B83F83820049B186800234A
:101A7000019306230093032300220021FFF70EFFAA
:101A8000049B58680023019306230093032300223C
:101A90000021FFF703FF059B1B680993049B19684E
:101AA000049B5B681A460998FFF78BFE049B9B68B2
:101AB00019460998FFF794FE089B1B68002B15D068
:101AC000059B1B681846FFF7F5FD03461A46049B65
:101AD0001B7B19461046FFF7F5FD059B1B68184652
:101AE000FFF7E8FD03461846FFF70CFE089B0122AE
:101AF00083F82E2000230793079B18460BB05DF850
:101B000004FB00BFF4F50100700D00204CF601004D
:101B100000B583B001900091009B5A6B009B9B6ABB
:101B20009A420AD2009B5A6A009B5B6B13441B7853
:101B300019460198FFF775FE1EE0009B93F82C30C4
:101B4000002B05D01C210198FFF7EAFD002314E0CB
:101B5000009B1B6A03F04003002B09D01C21019855
:101B6000FFF7DEFD009B012283F82D20002304E017
:101B700014210198FFF7D4FD0123184603B05DF846
:101B800004FB10B582B001900091009B5A6B009B42
:101B90009B6A9A4244D2009B5A6A009B5B6BD418A2
:101BA0000198FFF735FE03462370009B5B6B5A1CC0
:101BB000009B5A63009B5A6B009B9B6A013B9A42B5
:101BC0000AD1009B1B6A03F04003002B04D10221C1
:101BD0000198FFF733FE1FE0009B5A6B009B9B6A46
:101BE0009A4207D1009B1B6A03F04003002B01D1EE
:101BF000012316E0009B5A6B009B9B6A9A420BD113
:101C0000009B1B6A03F04003002B05D0009B0222BF
:101C100083F82D20002304E020210198FFF780FDA8
:101C20000123184602B010BD00B585B001900091A7
:101C300000238DF80F304FF482710198FFF793FD68
:101C40000346002B07D04FF482710198FFF776FD11
:101C500001238DF80F30009B93F82F30002B0FD00D
:101C60004FF492710198FFF769FD4FF48E7101985E
:101C7000FFF764FD4FF484710198FFF75FFD78E092
:101C80004FF492710198FFF76EFD0346002B0DD0C3
:101C90004FF492710198FFF751FD14210198FFF75D
:101CA0003FFD009B012283F82F2062E04FF48E71EC
:101CB0000198FFF758FD0346002B2BD04FF48E718F
:101CC0000198FFF73BFD009B5B6B5A1C009B5A631E
:101CD0004FF492710198FFF746FD0346002B0DD09B
:101CE0004FF492710198FFF729FD14210198FFF735
:101CF00017FD009B012283F82F203AE000990198FC
:101D0000FFF706FF034683F00103DBB2002B30D060
:101D1000002354E04FF484710198FFF724FD03463B
:101D2000002B26D04FF484710198FFF707FD4FF484
:101D300092710198FFF717FD0346002B0DD04FF469
:101D400092710198FFF7FAFC14210198FFF7E8FC63
:101D5000009B012283F82F200BE000990198FFF7E8
:101D600010FF034683F00103DBB2002B01D00023F8
:101D700025E09DF80F30002B20D0009B002283F837
:101D80002D20009B93F82F3083F00103DBB2002B52
:101D900012D000990198FFF7FAFD0346002B14BFFB
:101DA00001230023DBB283F00103DBB203F0010364
:101DB000DAB2009B83F82F20002300E001231846AD
:101DC00005B05DF804FB000000B587B001900091FC
:101DD00000230593384B03934FF482710198FFF76A
:101DE000ADFC4FF492710198FFF7A8FC4FF48E718F
:101DF0000198FFF7A3FC4FF484710198FFF79EFC54
:101E000000210198FFF71AFD009B00225A63009BF6
:101E1000002283F82F2020210198FFF781FC009BEE
:101E200093F82D30012B03D008210198FFF778FC9F
:101E300000990198FFF76CFE009B1B68002B0DD0EA
:101E4000009B40F286229A60009B9B68194601988D
:101E5000FFF79BFC2AE0039B013B0393039B002BB2
:101E600006DD00990198FFF7DFFE0346002BF2D153
:101E7000009B93F82F30002B0DD00198FFF7BAFC90
:101E80000490049B002B04D00498FFF760FD05909C
:101E900001E003230593039B002B07DC0198FFF768
:101EA00087FC0198FFF77BFC03230593059B1846ED
:101EB00007B05DF804FB00BFA086010000B587B045
:101EC00001900091002305933D4B03934FF48271E1
:101ED0000198FFF733FC4FF492710198FFF72EFC45
:101EE0004FF48E710198FFF729FC4FF4847101982B
:101EF000FFF724FC009B00225A63009B002283F81A
:101F00002F20009B9B6A012B0AD1009B1B6A03F0C8
:101F10004003002B04D102210198FFF78FFC03E05E
:101F200001210198FFF78AFC20210198FFF7F8FBB7
:101F3000009B93F82D30022B03D000210198FFF76E
:101F4000EFFB009B1B68002B0DD0009B40F286220C
:101F50009A60009B9B6819460198FFF716FC2AE0DF
:101F6000039B013B0393039B002B06DD0099019823
:101F7000FFF75AFE0346002BF2D1009B93F82F3057
:101F8000002B0DD00198FFF735FC0490049B002B2B
:101F900004D00498FFF7DBFC059001E003230593D0
:101FA000039B002B07DC0198FFF702FC0198FFF769
:101FB000F6FB03230593059B184607B05DF804FB69
:101FC000A086010030B58BB001900091009B1B688A
:101FD000002B04D14A4940F2BA20F3F7B3FE00992E
:101FE0000198FFF721FE0346002B40F08680009BFE
:101FF00093F82F3083F00103DBB2002B33D0009B2A
:102000001B7B022B03D0009B1B7B032B2BD1009B44
:102010005A6A009B9B699A4225D1009BDA69009B12
:102020005A62009B5A69009B9A62009B1B6A03F0EC
:102030002003002B14BF01230023DAB2009B83F896
:102040002C20009B002283F82D20009B1B7B032B60
:1020500004D100990198FFF7B7FE4FE0009901986D
:10206000FFF72CFF4AE0009B04AC03F10C050FCDF9
:102070000FC42B682360009B93F82F30002B22D0D5
:102080000198FFF7B7FB0990099B03F00203002BAF
:1020900003D001238DF80C3018E0099B03F00403F2
:1020A000002B03D002238DF80C300FE0099B03F0C6
:1020B0000103002B03D003238DF80C3006E004232A
:1020C0008DF80C3002E000238DF80C30009B0022CC
:1020D00083F83020009B1B6A03F00403002B04D01C
:1020E000009B93F82F30002B08D0009B1B68009AB0
:1020F000516803AA1046984700E000BF0BB030BDFE
:10210000F4F5010008B503490348FFF75BFF00BF82
:1021100008BD00BF700D00200030004008B5034925
:102120004FF04020FFF74EFF00BF08BDAC0D002070
:1021300000B585B00190019B002B0AD0074B43F0FE
:1021400001030393019B9B010293039B0298984711
:1021500000E000BF05B05DF804FB00BF80F60100A1
:1021600000B583B00190019B1B68184600F077F81A
:102170000346002B04D10B494FF4F670F3F7E2FD50
:10218000019B1B681F2B02D84FF0A04306E0019B68
:102190001B6803F01F02019B1A60034B184603B033
:1021A0005DF804FB54F601000003005000B585B053
:1021B000019001AB1846FFF7D3FF0390019B01226A
:1021C00002FA03F31946039800F035F800BF05B092
:1021D0005DF804FB00B585B0019001AB1846FFF730
:1021E000BFFF0390019B012202FA03F319460398F3
:1021F00000F02BF800BF05B05DF804FB00B585B01A
:10220000019001AB1846FFF7ABFF0390039800F075
:102210000AF80246019B22FA03F303F00103184671
:1022200005B05DF804FB82B00190019BD3F8103536
:10223000184602B0704782B001900091019B009A4D
:10224000C3F8082500BF02B0704782B0019000912A
:10225000019B009AC3F80C2500BF02B0704784B000
:102260000190019B5B09029300230393029B002BC7
:1022700003D0029B012B04D007E04FF0FF33039300
:1022800003E04FF6FF73039300BF019B03F01F03AE
:102290000193039A019B22FA03F303F00103002B3D
:1022A00014BF01230023DBB2184604B0704700B509
:1022B00085B001904FF0A042019B1B6803F5E073CD
:1022C00040F20C6142F823104FF0A042019B5B6882
:1022D00003F5E07340F20C6142F82310019B1B6888
:1022E0001846FFF763FF019B5B681846FFF75EFF28
:1022F0004FF0A042019B1B6803F5E07340F20D61B3
:1023000042F823104FF0A042019B5B6803F5E07395
:1023100040F20D6142F823100420FFF709FF00236B
:1023200003931EE0019B5B681846FFF767FF0346B7
:10233000002B03D0039B002B17D124E0019B1B68CB
:102340001846FFF747FF0420FFF7F2FE019B1B68CA
:102350001846FFF72BFF0420FFF7EAFE039B01332B
:102360000393039B082BDDDD00E000BF019B5B684E
:102370001846FFF72FFF0420FFF7DAFE019B5B688A
:102380001846FFF713FF05B05DF804FB00B589B0F0
:1023900001900091009B0793019B1B788DF80C30F6
:1023A000019B1B798DF81030019B5B798DF8113002
:1023B000019B9B68DBB28DF81230019BDB68DBB2BE
:1023C0008DF81330019B1B690593019B5B69069394
:1023D000074A079B52F823300649079A51F8221002
:1023E00003AA1046984700BF09B05DF804FB00BF80
:1023F000E80D0020F00D002000B587B00390029199
:1024000001920093039B1B7805931249059B019A47
:1024100041F823201049059B009A41F82320029B94
:102420005B7B002B02D00298FFF741FF002304934F
:10243000039B181D019B002B01D0084A00E00022DD
:10244000059B0299FFF7BAFA0490049B184607B05F
:102450005DF804FBE80D0020F00D00208D23010045
:1024600082B003468DF807309DF90730002B0CDB56
:102470009DF8073003F01F0205499DF907305B09FD
:10248000012000FA02F241F8232000BF02B0704799
:1024900000E100E082B003468DF807309DF9073077
:1024A000002B13DB9DF8073003F01F0209499DF94B
:1024B00007305B09012000FA02F2203341F82320A3
:1024C000BFF34F8F00BFBFF36F8F00BF00BF02B0DD
:1024D000704700BF00E100E082B0034600918DF834
:1024E00007309DF90730002B0ADB009BDAB20C495C
:1024F0009DF907305201D2B20B4483F800230BE060
:10250000009BDAB207499DF8073003F00F03043B44
:102510005201D2B20B441A7600BF02B0704700BF1E
:1025200000E100E000ED00E082B00190019B03F0CB
:102530006043B3F1005F0CBF01230023DBB21846F8
:1025400002B0704782B00190019B1B0B5BB2184632
:1025500002B0704700B583B003460A468DF80730D5
:1025600013468DF806309DF80630072B03D908492D
:102570006B20F3F7E7FB9DF806209DF90730114625
:102580001846FFF7A9FF00BF03B05DF804FB00BFCA
:1025900088F6010000B583B003468DF807309DF939
:1025A00007301846FFF75CFF00BF03B05DF804FB7F
:1025B00000B583B003468DF807309DF90730184603
:1025C000FFF768FF00BF03B05DF804FB82B0019025
:1025D0000B468DF803309DF80330019A1344012215
:1025E0001A6000BF02B0704784B001900B46ADF88E
:1025F0000230BDF80230019A134400221A60BDF87F
:102600000230019A13441B680393039B00BF04B07C
:10261000704782B001900B46ADF80230BDF8023031
:10262000019A13441B68002B14BF01230023DBB263
:10263000184602B0704782B001900091019B009A49
:10264000C3F8042300BF02B0704782B0019000912C
:10265000019B009AC3F8082300BF02B0704782B004
:102660000190019B0722C3F8002500BF02B070470C
:1026700082B00190019B0022C3F8002500BF02B088
:10268000704784B00390029101920093039B029AD9
:10269000C3F80825039B019AC3F80C25039B009AF5
:1026A000C3F8102500BF04B0704782B001900091BC
:1026B000009A019BC3F8242500BF02B0704784B084
:1026C000039002910192029A039BC3F84425039B55
:1026D000019AC3F8482500BF04B0704784B0039046
:1026E00002910192029A039BC3F83425039B019A3D
:1026F000C3F8382500BF04B0704784B001900B4682
:102700008DF8033013468DF802309DF80230002B0F
:1027100014BF01230023DBB203939DF80330032B86
:1027200010D0032B13DC012B02D0022B05D00EE0BE
:10273000039B43F0020303930AE0039B43F004036B
:10274000039305E0039B43F00603039300E000BFFF
:10275000019B039AC3F8542500BF04B0704782B0B0
:1027600001900B468DF803309DF80320019BC3F8C0
:10277000C02500BF02B0704782B00190019B0122CA
:10278000C3F8502500BF02B0704782B00190019B92
:102790000022C3F8502500BF02B0704782B00190FC
:1027A000019B0122C3F8402500BF02B0704782B0F0
:1027B0000190019B0022C3F8402500BF02B0704782
:1027C00000B583B00190019B1B68184600F0C2F869
:1027D0000346002B04D10B494FF4F670F3F7B2FA1D
:1027E000019B1B681F2B02D84FF0A04306E0019B02
:1027F0001B6803F01F02019B1A60034B184603B0CD
:102800005DF804FBACF601000003005000B585B094
:102810000190084611461A4603468DF803300B46D0
:102820008DF8023013468DF8013001AB1846FFF7E2
:10283000C7FF03909DF803209DF802305B001A4308
:102840009DF801309B001A439DF818301B0242EAA4
:1028500003019DF81C301B04019A1943039B02F5E8
:10286000E07243F8221000BF05B05DF804FB00B52C
:1028700085B00390002301930023009300230122DD
:1028800001210398FFF7C2FF00BF05B05DF804FB0C
:1028900000B585B003900B468DF80B309DF80B30DA
:1028A0000022019200220092002200210398FFF7EB
:1028B000ADFF00BF05B05DF804FB00B585B0039027
:1028C0000023019300230093002301220021039899
:1028D000FFF79CFF00BF05B05DF804FB00B585B0B5
:1028E000019001AB1846FFF76BFF0390019B01229B
:1028F00002FA03F31946039800F018F800BF05B078
:102900005DF804FB00B585B0019001AB1846FFF7F8
:1029100057FF0390019B012202FA03F31946039823
:1029200000F00EF800BF05B05DF804FB82B0019026
:102930000091019B009AC3F8082500BF02B07047C0
:1029400082B001900091019B009AC3F80C2500BF52
:1029500002B0704784B00190019B5B090293002391
:102960000393029B002B03D0029B012B04D007E0B2
:102970004FF0FF33039303E04FF6FF73039300BF61
:10298000019B03F01F030193039A019B22FA03F3B7
:1029900003F00103002B14BF01230023DBB2184610
:1029A00004B0704700B58DB0059004910392029376
:1029B000049B002B03D16C49AD20F3F7C3F9059BB1
:1029C0001B791A461346DB0013449B00674A1344E5
:1029D0000A930A9B1B7F002B03D008230793079BB6
:1029E000BDE0059B1B680993059B1A68059B1B7935
:1029F00019465F4B53F8213019461046F8F71CFF73
:102A00000346002B03D011230793079BA7E00A9BE3
:102A1000039A1A600A9B029A5A60049B1B7B012B43
:102A200005D8049B1B781846FFF76CFF04E0049B55
:102A30001B781846FFF752FF049B1B7818460023AB
:102A4000019300230093002300220121FFF7DEFE03
:102A5000049B5B78FF2B09D0049B5B780B930B984E
:102A6000FFF750FF0B98FFF702FF02E04FF0FF3334
:102A70000B93049B9B78FF2B07D0049B9B780893B8
:102A800001210898FFF704FF02E04FF0FF3308939D
:102A9000049B9A780A9B83F82020049BDA780A9B8F
:102AA000DA77049BDB78FF2B17D0049B1B79002B74
:102AB00005D0049BDB781846FFF724FF04E0049B55
:102AC000DB781846FFF70AFF049BDB781846FFF710
:102AD000CEFE049B1A790A9B9A77049B1B781946B1
:102AE000089B0B9A0998FFF7CCFD049B9B6819463D
:102AF0000998FFF7DAFD049B197B049B5B7B1A4660
:102B00000998FFF7FAFD049B9B7919460998FFF78E
:102B100026FE0998FFF7A3FD0A9B1B68002B15D022
:102B2000059B1B681846FFF70DFD03461A46049BDC
:102B30005B7919461046FFF70DFD059B1B6818468B
:102B4000FFF700FD03461846FFF724FD0A9B00220D
:102B50005A770A9B01221A7700230793079B18468E
:102B60000DB05DF804FB00BFD8F60100F80D0020A1
:102B700030F7010000B585B00190019B1B791A4622
:102B80001346DB0013449B002A4A13440393039B20
:102B90001B7F002B04D128494FF4AE70F3F7D2F815
:102BA000039B1B68002B08D0019B1B681846FFF78E
:102BB000C9FC03461846FFF7FBFC019B1B68029308
:102BC000039B1B68002B1BD01C490298FFF73DFD9F
:102BD000039B5B7FDBB2002B12D014210298FFF71E
:102BE000F5FC00BF4FF482710298FFF712FD034617
:102BF00083F00103DBB2002BF4D1039B00225A7750
:102C0000039B93F82030FF2B05D0039B93F82030D3
:102C10001846FFF752FE0298FFF72AFD019B1B683A
:102C20001846F8F743FE039B00221A7700BF05B051
:102C30005DF804FBF80D0020D8F6010052010800F1
:102C400000B583B00190019BDB7FFF2B0ED0019B71
:102C50009B7F002B05D0019BDB7F1846FFF752FEC0
:102C600004E0019BDB7F1846FFF738FE019B002242
:102C70005A77019B00221A72019B1B68019A02F18C
:102C80000800019A52681146984700BF03B05DF8EA
:102C900004FB00B583B001900B468DF803309DF81E
:102CA000033083F00103DBB2002B04D040210198F4
:102CB000FFF7CBFC03E040210198FFF7BCFC00BF0D
:102CC00003B05DF804FB00B583B001900091009B58
:102CD00003F00103002B03D00198FFF74DFD02E044
:102CE0000198FFF752FD009B03F00203002B03D075
:102CF0000198FFF753FD02E00198FFF758FD00BF70
:102D000003B05DF804FB00B587B003900291019217
:102D10000093019B1B68002B0AD0019B1B6818467F
:102D2000FFF702FC034683F00103DBB2002B0ED158
:102D3000019B9B68002B11D0019B9B681846FFF7F5
:102D4000F3FB034683F00103DBB2002B06D0029BAA
:102D500000225A7710230593059B54E0019B1968C4
:102D6000019B5B681A460398FFF7A9FC019B9968D1
:102D7000019BDB681A460398FFF7B0FC4FF48C7197
:102D80000398FFF731FC00990398FFF79CFF009B25
:102D900003F00803002B03D110210398FFF716FC62
:102DA000029B1B68002B1FD100BF4FF48C7103984E
:102DB000FFF72FFC034683F00103DBB2002BF4D1B5
:102DC000029BDB7FFF2B1BD0029B9B7F002B05D040
:102DD000029BDB7F1846FFF795FD11E0029BDB7F2E
:102DE0001846FFF77BFD0BE0009B03F00403002B6C
:102DF0000CBF01230023DBB219460398FFF749FFFC
:102E000000230593059B184607B05DF804FB0000FE
:102E100010B586B0039002910192039B1B791A466C
:102E20001346DB0013449B003A4A13440593059B69
:102E30001B7F002B04D1384940F22D20F2F782FF8E
:102E4000029B1B68002B08D1029B5B68002B04D0FF
:102E5000314940F22E20F2F775FF029B9B68002B50
:102E600008D1029BDB68002B04D02B4940F22F20B5
:102E7000F2F768FF039B1B79002B09D1029BDB68EB
:102E8000B3F5803F04D2029B5B68B3F5803F04D367
:102E900021494FF40C70F2F755FF00230493059B72
:102EA0005B7FDBB2002B03D011230493049B2EE045
:102EB000059B1B68002B07D0019B03F01403002B1C
:102EC00002D1059B01225A77059B029A03F10C045B
:102ED00013460FCB84E80F00059BDB7FFF2B0ED042
:102EE000059B9B7F002B05D0059BDB7F1846FFF7DA
:102EF000F5FC04E0059BDB7F1846FFF703FD039B11
:102F00001868019B029A0599FFF7FDFE03461846D3
:102F100006B010BDF80D0020D8F6010000B583B052
:102F2000019000914FF48C710198FFF772FB0346FA
:102F3000002B10D04FF48C710198FFF755FB009BCC
:102F40001B68002B04D1064940F29720F2F7FAFEE5
:102F50000098FFF775FE00BF03B05DF804FB00BFEB
:102F6000D8F6010008B503490348FFF7D7FF00BFB3
:102F700008BD00BFF80D00200030024000B58BB046
:102F8000019000238DF81F3000238DF81E300023A0
:102F90008DF8273001238DF80F30002308939DF81A
:102FA0000F30022B52D0022B00F31F81002B00F0B8
:102FB0001E81012B40F019819DF82730002B02D093
:102FC00000238DF827308D4B1B6804A9002218467A
:102FD00007F01CF90346012B0BD1049B132B08DCD3
:102FE00000238DF80F309DF80F30184600F016F9C9
:102FF00002E1834B1B6805A94FF0FF32184607F02A
:1030000005F90690069B012B02D07E4802F022FAB9
:103010009DF814308DF81F309DF815308DF81E3056
:103020009DF81F30002B00F0E4809DF81E30002B2F
:1030300000F0DF8002238DF80F309DF80F30184626
:1030400000F0ECF8642006F067F9D2E0662006F0A4
:1030500063F900F055F96A4B1B6805A94FF0FF3280
:10306000184607F0D3F806909DF814308DF81F30FD
:103070009DF815308DF81E309DF81F3083F0010348
:10308000DBB2002B06D19DF81E3083F00103DBB2CA
:10309000002B19D05C4B1868002300225B4906F016
:1030A00063FF0690069B012B02D0594802F0D2F92B
:1030B00001238DF80F309DF80F30184600F0AEF860
:1030C00001238DF8273005E0089B01330893089B06
:1030D000312BC0DD0023089300F040F90A2006F0F0
:1030E0001BF900F069F99DF82730002B05D00A2064
:1030F00006F012F900F08EF97EE0414B1B6805A93D
:103100004FF0FF32184607F081F806909DF8143012
:103110008DF81F309DF815308DF81E309DF81F304A
:1031200083F00103DBB2002B06D19DF81E3083F043
:103130000103DBB2002B19D0334B186800230022A7
:10314000324906F011FF0690069B012B02D0304851
:1031500002F080F901238DF80F309DF80F301846EA
:1031600000F05CF801238DF8273005E0089B01335F
:103170000893089B312BC0DD0023089300F04AF927
:103180009DF82730002B36D101238DF80F30214BCD
:1031900018680DF10F010023002206F0E5FE0690ED
:1031A000069B012B02D01C4802F054F9144B1B68FB
:1031B00005A94FF0FF32184607F028F806909DF851
:1031C00014308DF81F309DF815308DF81E309DF8A5
:1031D0001F30002B03D09DF81E30002BE6D19DF848
:1031E0000F30184600F01AF806E000BFD7E600BF1F
:1031F000D5E600BFD3E600BFD1E600BF380E002001
:103200003C0E002090F80100000F00201400020086
:10321000D0F80100240F002018F9010000B585B096
:1032200003468DF807309DF80730022B08D12A4A53
:1032300002AB1268114619800233120C1A700BE0AF
:103240009DF80730012B07D1244A02AB12681146C2
:1032500019800233120C1A70214B18680DF1070106
:103260000023002206F080FE0390039B012B02D076
:103270001C4802F0EFF81C4B186802A9002300223A
:1032800006F072FE0390039B012B02D0174802F058
:10329000E1F8174B18680DF107010023002206F032
:1032A00063FE0390039B012B02D0124802F0D2F878
:1032B000114B18680DF107010023002206F054FE9F
:1032C0000390039B012B02D00C4802F0C3F800BF0F
:1032D00005B05DF804FB00BFA4000200A0000200DE
:1032E000440E002060F90100480F0020A8F90100F9
:1032F000040F0020F0F90100240F002018F901004C
:1033000000B583B00F4B1868002300220E4906F069
:103310002BFE0190019B012B02D00C4802F09AF881
:103320000B4B1868002300220A4906F01DFE01908D
:10333000019B012B02D0084802F08CF800BF03B0BB
:103340005DF804FB4C0E00200400020040FA01006E
:10335000000F0020680002007CFA010000B583B075
:103360000F4B1868002300220E4906F0FDFD019066
:10337000019B012B02D00C4802F06CF80B4B186833
:10338000002300220A4906F0EFFD0190019B012B6A
:1033900002D0084802F05EF800BF03B05DF804FBFD
:1033A0004C0E002008000200C8FA0100000F0020A7
:1033B00030000200FCFA010000B583B00F4B186822
:1033C000002300220E4906F0CFFD0190019B012B46
:1033D00002D00C4802F03EF80B4B18680023002284
:1033E0000A4906F0C1FD0190019B012B02D008485B
:1033F00002F030F800BF03B05DF804FB4C0E002073
:103400000C00020040FB0100000F002084000200BD
:103410007CFB010000B583B00F4B1868002300222D
:103420000E4906F0A1FD0190019B012B02D00C4832
:1034300002F010F80B4B1868002300220A4906F02E
:1034400093FD0190019B012B02D0084802F002F885
:1034500000BF03B05DF804FB4C0E0020100002001A
:10346000C8FB0100000F00204C000200FCFB010023
:1034700000B585B0544B01930023009300234FF413
:1034800096725249524805F0A3FD0390039B012B0D
:1034900008D003994F4801F0DDFF4B4B1B681846DD
:1034A00005F0CAFE4C4B01930023009300234FF418
:1034B00096724A494A4805F08BFD0390039B012B05
:1034C00008D00399474801F0C5FF434B1B681846D5
:1034D00005F0B2FE444B01930023009300234FF408
:1034E00096724249424805F073FD0390039B012BFD
:1034F00008D003993F4801F0ADFF3B4B1B681846CD
:1035000005F09AFE3C4B01930023009300234FF4F7
:1035100096723A493A4805F05BFD0390039B012BF4
:1035200008D00399374801F095FF334B1B681846C4
:1035300005F082FE344B01930023009300236422A4
:103540003249334805F044FD0390039B012B08D01A
:103550000399304801F07EFF2B4B1B68184605F09D
:103560006BFE2D4B01930223009300234FF49672C0
:103570002A492B4805F02CFD0390039B012B08D012
:103580000399284801F066FF234B1B68184605F095
:1035900053FE254B0193002300930023642223490B
:1035A000234805F015FD0390039B012B08D00399D8
:1035B000204801F04FFF1C4B1B68184605F03CFEED
:1035C00000BF05B05DF804FB1C0E002040FC0100AC
:1035D0007D2F01004CFC0100200E002074FC010036
:1035E0004939010080FC0100240E0020A8FC0100E4
:1035F000693C0100B4FC0100280E0020DCFC010045
:103600008D410100E8FC01002C0E002010FD01009E
:103610004D3801001CFD0100300E002050FD01005E
:103620009D45010058FD0100340E002088FD010079
:10363000D548010090FD010008B5002204210120B9
:1036400006F03AFC0346504A13604F4B1B68002BB0
:1036500002D14E4801F0FEFE00220221012006F0B8
:103660002BFC03464A4A1360494B1B68002B02D1CE
:10367000484801F0EFFE00220221012006F01CFC68
:103680000346454A1360444B1B68002B02D1434854
:1036900001F0E0FE00221021012006F00DFC03469F
:1036A0003F4A13603E4B1B68002B02D13D4801F09E
:1036B000D1FE00220121012006F0FEFB03463A4A1A
:1036C0001360394B1B68002B02D1384801F0C2FE51
:1036D00000220121012006F0EFFB0346344A13606B
:1036E000334B1B68002B02D1324801F0B3FE00229D
:1036F0000121012006F0E0FB03462F4A13602E4B08
:103700001B68002B02D12D4801F0A4FE00220321EA
:10371000012006F0D1FB0346294A1360284B1B68A1
:10372000002B02D1274801F095FE00220421012040
:1037300006F0C2FB0346244A1360234B1B68002B90
:1037400002D1224801F086FE00221C21022006F050
:10375000B3FB03461E4A13601D4B1B68002B02D1AE
:103760001C4801F077FE00220121012006F0A4FB95
:103770000346194A1360184B1B68002B02D11748E7
:1037800001F068FE00BF08BD380E0020B4FD010046
:103790003C0E0020E4FD01004C0E002010FE010054
:1037A000500E00203CFE0100240F002070FE01009E
:1037B000400E0020A0FE0100440E0020D4FE0100B7
:1037C000480F002004FF0100FC0E002034FF010020
:1037D000000F002068FF0100040F002098FF010087
:1037E00000B583B0F6F7F6F80190019B0093009BBB
:1037F000002B05D0144A40F21B210098EDF744FF3E
:103800000020F6F745F900BFF6F790F9034683F07C
:103810000103DBB2002BF7D101F050F900F08EFD6F
:10382000012311221021002001F0F8F901F072FAB1
:10383000FFF71EFEFFF700FF05F0A0FD002318466E
:1038400003B05DF804FB00BFCCFF010000B587B0FA
:10385000019000238DF81730304B01221A70304B45
:103860001B68184606F09CFD0346002B0ED02C4B1F
:103870001B6800222B49184606F0C8FC0490049BE4
:10388000012B48D0284801F0E5FD44E0254B1B788A
:10389000012B0FD1254B186800234FF47A7224496D
:1038A00006F062FB0490049B012B03D0049921488D
:1038B00001F0D0FD204B1B68184606F071FD034651
:1038C000002B03D1642005F027FD25E01A4B1B686F
:1038D00003A94FF0FF32184606F098FC0490049BB1
:1038E000012B02D0154801F0B5FD9DF80C30032BDB
:1038F0000DD1134B1868002300220D4906F034FB4C
:103900000490049B012B02D00E4801F0A3FD64201B
:1039100005F002FDA3E700BFA1E700BF480E0020AD
:10392000440E0020E8000020A8000200380E00200D
:10393000E4000020F0000200400E00203C010200E4
:10394000FC0E00208001020030B587B00390F7EE36
:10395000001AB7EE001AF1EE040A9FED940A94489B
:1039600000F07CFEF7EE001A9FED921ADFED920A4E
:103970009FED920A924800F071FEF7EE001AB7EE42
:10398000001AF1EE040A9FED8D0A8E4800F066FEE3
:10399000F7EE001AB7EE001AF1EE040A9FED870A5F
:1039A000894800F05BFE894B1B68184606F0F8FC5E
:1039B0000346002B11D1642005F0AEFC844B1B782C
:1039C00083F00103DBB21A46824B1B7883F00103BC
:1039D000DBB21340002B1ED0E6E07C4B1B680022BC
:1039E0007D49184606F012FC0590059B012B02D07C
:1039F0007A4801F02FFD784B5B78002B04D1764B91
:103A00001A78734B1A7006E0734B01225A70724B8E
:103A10001A78704B1A706E4B1B7883F00103DBB27F
:103A20001A466C4B1B7883F00103DBB21340002B6A
:103A300040F0B9806A4B1B684FF0FF326949184665
:103A400006F0E4FB0590059B012B02D0664801F0CF
:103A500001FD5F4B1B78002B32D0624BD3ED007A17
:103A6000B0EE670A564800F02BFE554BD3ED077AAF
:103A7000FDEEE77A17EE900A00F014FF594BD3EDF4
:103A8000017AB0EE670A4F4800F01AFE4D4BD3EDB5
:103A9000077AFDEEE77A17EE900A00F003FF514B2C
:103AA000D3ED027AB0EE670A474800F009FE464BB4
:103AB000D3ED077AFDEEE77A17EE900A00F0F2FEFA
:103AC000444B1B78002B10D0464BD3ED037AB0EE5D
:103AD000670A374800F0F4FD354BD3ED077AFDEE69
:103AE000E77A17EE900A00F0DDFE394B1B78002BC9
:103AF0003ED03C4B1B68184608F0ACF804460D4617
:103B00002F4BDB69184608F0A5F802460B46CDE9B5
:103B1000002322462B46354801F09CFC314B5B6864
:103B2000184608F097F804460D46264BDB69184600
:103B300008F090F802460B46CDE9002322462B46BA
:103B40002B4801F087FC274B9B68184608F082F849
:103B500004460D461C4BDB69184608F07BF802460C
:103B60000B46CDE9002322462B46224801F072FC89
:103B7000184B1B78002B3FF416AF1A4BDB68184626
:103B800008F068F804460D46094BDB69184608F052
:103B900061F802460B46CDE9002322462B46164823
:103BA00001F058FCFFE600BFFDE600BF0000AA429E
:103BB0006C0E00209A99993E000028420000824233
:103BC000900E0020B40E0020D80E00204C0E0020D5
:103BD000540E0020550E0020580E0020C401020093
:103BE000500E00205C0E0020100202006402020051
:103BF00084020200A4020200C402020010B586B0D2
:103C00000590154801F098FA034683F00103DBB2F2
:103C1000002B06D0114801F01DFC1149059808F051
:103C200075FB0D4B5B7918460B4BDB781C460A4B3A
:103C30009B791A46084B9B781946074B5B78029391
:103C400001910092234602460649059808F05EFB62
:103C500000BF06B010BD00BF080F0020F802020030
:103C60002C030200380302002DE9F04FF1B070ABD5
:103C7000A3F5C673186001238DF8AD3100238DF8CC
:103C8000BF3100238DF8B63100238DF8B731002302
:103C90008DF8B731A44B1B680DF2AD114FF0FF3218
:103CA000184606F0B3FA6C906C9B012B02D09F482B
:103CB00001F0D0FB9DF8AD31022B40F027814FABD6
:103CC0001846FFF79BFF4FAB184601F0D7F80346A5
:103CD0008DF8AF319DF8AF31082B03D1944801F036
:103CE000B9FB13E19DF8AF31002B00F00F81914833
:103CF00001F0B0FB0AE100238DF8BF318A4B1B684D
:103D0000184606F04DFB0346002B0ED0864B1B6871
:103D10000DF2AD110022184606F078FA6C906C9BFB
:103D2000012B02D0814801F095FB834B18680023DA
:103D30000022824906F018F96C906C9B012B02D08E
:103D40007F4801F087FB7F4B1B685CA94FF0FF3277
:103D5000184606F05BFA6C906C9B012B00F0C78054
:103D6000794801F077FBC2E0784B1B6864A94FF0FB
:103D7000FF32184606F04AFA6C906C9B012B02D079
:103D8000734801F067FB734801F0D6F9034683F0EE
:103D90000103DBB2002B02D06F4801F05BFB9DF802
:103DA0009031002B40D101238DF8BF31694B9B78B6
:103DB0009A46684B5B789B46664B1B780C93689BD6
:103DC000184607F047FF04460D46659B184607F066
:103DD00041FF06460F46669B184607F03BFF8046AC
:103DE0008946679B184607F035FF02460B465C99EB
:103DF0000FA80A91CDE90823CDE90689CDE904672A
:103E0000CDE902450C9B00935B465246534908F0AE
:103E10007DFA03466E935DAC64AD0FCD0FC495E89B
:103E2000070084E8070047E09DF89031012B43D15B
:103E3000484B9B789A46474B5B789B46454B1B7893
:103E40000C93619B184607F005FF04460D465E9BE8
:103E5000184607F0FFFE06460F465F9B184607F020
:103E6000F9FE80468946609B184607F0F3FE02463D
:103E70000B465C996A980DF13C0C0B900A91CDE9C8
:103E80000823CDE90689CDE90467CDE902450C9BFD
:103E900000935B4652463249604608F037FA0346C3
:103EA0006E939DF8A431012B03D09DF8A431022B11
:103EB00002D101238DF8B7319DF8B63183F00103AB
:103EC000DBB2002B13D00FA94FAB6E9A184601F04E
:103ED0002BF803468DF8AE319DF8AE31002B03D0A0
:103EE000204801F0B7FA02E01F4801F0B3FA9DF84C
:103EF000BF3183F00103DBB2002B07D09DF8B7314F
:103F000083F00103DBB2002B7FF42EAF9DF8AD31BF
:103F1000022B7FF4BCAE9DF8B73183F00103DBB216
:103F2000002B7FF4E8AEB2E6040F00205403020039
:103F3000A0030200F8030200400E0020F00502007A
:103F400040040200FC0E002098040200000F002034
:103F5000E8040200080F00202C05020050050200B2
:103F60007C050200A4050200D005020000B583B064
:103F70000190019B1B68184600F0E0F80346002BF7
:103F800004D10B494FF4F670F1F7DCFE019B1B687E
:103F90001F2B02D84FF0A04306E0019B1B6803F0E3
:103FA0001F02019B1A60034B184603B05DF804FB27
:103FB000F40502000003005000B585B001900846EA
:103FC00011461A4603468DF803300B468DF8023031
:103FD00013468DF8013001AB1846FFF7C7FF039079
:103FE0009DF803209DF802305B001A439DF80130D4
:103FF0009B001A439DF818301B0242EA03019DF80A
:104000001C301B04019A1943039B02F5E07243F82C
:10401000221000BF05B05DF804FB00B585B0039029
:104020000023019300230093002301220121039820
:10403000FFF7C2FF00BF05B05DF804FB00B585B017
:1040400003900B468DF80B309DF80B300022019247
:1040500000220092002200210398FFF7ADFF00BF6D
:1040600005B05DF804FB00B585B0019001AB1846C2
:10407000FFF77CFF0390019B012202FA03F319462C
:10408000039800F047F800BF05B05DF804FB00B5E9
:1040900085B0019001AB1846FFF768FF0390019BC4
:1040A000012202FA03F31946039800F03DF800BF1D
:1040B00005B05DF804FB00B583B001900091009B52
:1040C000002B03D10198FFF7E2FF02E00198FFF710
:1040D000CAFF00BF03B05DF804FB00B585B00190D6
:1040E00001AB1846FFF742FF0390039800F00AF86F
:1040F0000246019B22FA03F303F00103184605B0C0
:104100005DF804FB82B00190019BD3F8103518468E
:1041100002B0704782B001900091019B009AC3F8F1
:10412000082500BF02B0704782B001900091019B4A
:10413000009AC3F80C2500BF02B0704784B001900C
:10414000019B5B09029300230393029B002B03D086
:10415000029B012B04D007E04FF0FF33039303E0F1
:104160004FF6FF73039300BF019B03F01F030193FE
:10417000039A019B22FA03F303F00103002B14BFFF
:1041800001230023DBB2184604B0704710B586B097
:1041900001900023059319230493564B1B6818467E
:1041A00006F0FEF80346002B0FD0524B1B6800228E
:1041B0005149184606F02AF80290029B012B00F0A4
:1041C00097804E4801F046F992E04D4B5B788DF8B0
:1041D0000F3000F05EFC03461A46494B5A70484BBC
:1041E0005B789DF80F209A420AD0454B5B78002BF4
:1041F00003D0444801F02EF902E0434801F02AF9C7
:104200003F4B1B788DF80F300220FFF766FF034607
:10421000002B03D03A4B00221A7002E0384B0122E7
:104220001A70374B1B789DF80F209A420AD0344BF6
:104230001B78002B03D0354801F00CF902E034481C
:1042400001F008F9334B344ADA60324B334A1A60D2
:10425000304B324A5A602F4B304A9A60312005F079
:104260005BF82F4B186800230022254905F07CFEDF
:104270000290029B012B02D02A4801F0EBF81E4B62
:104280001B78022B0ED1284B1868002300222149ED
:1042900005F06AFE0290029B012B03D0029923488D
:1042A00001F0D8F8144B1B78022B02D1059B013387
:1042B0000593059A049B9A4216D31D4B154A1C1D63
:1042C00013460FCB84E80F001A4B18680023002216
:1042D000174905F049FE0290029B012B02D01648B7
:1042E00001F0B8F8002305939C2005F015F854E779
:1042F00000BF52E7240F0020E9000020180602004A
:10430000100F0020600602007C060200A4060200D6
:10431000BC060200140F00200000AA4200008242E6
:104320003C0E0020E0060200500E00202007020094
:10433000280F0020000F00207C07020008B5012193
:104340000220FFF77BFE2720FFF767FE01212720D1
:10435000FFF7B1FE00BF08BD82B00190019B184677
:1043600002B0704782B00190019B184602B07047BE
:1043700010B586B001900B468DF803300198FFF719
:10438000F1FF05909DF80330032B3DD801A252F8B0
:1043900023F000BFB343010009440100A54301001D
:1043A0000944010001221A491A48F5F7FFF904905F
:1043B0002BE0194A194BD31ADB081B0443F0030402
:1043C0000598F5F7E6F903461A4615492046ECF735
:1043D00095FC0598F5F7D0F903900F4A0F4BD31AC7
:1043E000DB081B0443F00300094B1B78039A0D49BB
:1043F000ECF795FC012206490648F5F7D7F902903B
:10440000029B002BE5D000E000BF00BF06B010BD4E
:10441000440F00205809020010D60100B8D5010051
:10442000040802001808020000B583B003468DF8A6
:1044300007309DF80730023B0C2B4CD801A252F8F4
:1044400023F000BF7944010081440100D7440100FA
:10445000D7440100D7440100D7440100A344010020
:10446000BF440100CB440100D7440100D744010000
:1044700089440100974401001A4800F0EBFF2DE049
:10448000194800F0E7FF29E0184800F0E3FF184B57
:1044900001221A7022E0174800F0DCFFEFF77CFCE5
:1044A0001CE0154800F0D6FFFBF768FA034683F0DE
:1044B0000103DBB2002B10D0EFF768FC0DE00F48D2
:1044C00000F0C8FFEFF7A2FC08E00D4800F0C2FFC3
:1044D000EFF776FC02E000BF00E000BF00BF03B0D2
:1044E0005DF804FB3008020040080200500802009A
:1044F000510F0020600802007008020084080200CA
:104500009808020000B587B0F5F708FA1F48EFF7E2
:1045100065FB0590059B0493049B002B04D01C4A6B
:10452000BB210498EDF7B0F81A48FFF715FF039088
:104530000398EFF783FF0590059B0293029B002BE6
:1045400004D0134ABF210298EDF79EF8EFF7F4FB71
:104550000590059B0193019B002B0BD00C4AC421B5
:104560000198EDF791F805E000BFEFF7EDFE034687
:10457000002BFAD1084B1B7883F00103DBB2002B30
:10458000F2D100BF00BF07B05DF804FB7C09020058
:10459000DC08020058090200510F002000B585B068
:1045A000019000238DF80F3000238DF80E30254B3D
:1045B00001221A70244B01221A70244B1B7883F0BD
:1045C0000103DBB2002B01D0FFF79CFF00BFEFF728
:1045D000BBFE0346002BFAD11D4B1B68184605F0A5
:1045E000DFFE0346002B0ED0194B1B680022194931
:1045F000184605F00BFE0290029B012B07D01648CF
:1046000000F028FF03E0662004F086FE19E0114B5D
:104610001B78002B04D10F4B9A780B4B1A7007E0D4
:104620000C4B1B78012B03D10A4B5A78054B1A709F
:10463000054B1B78002B03D1024B1B78012BBCE7E9
:1046400000BFBAE7500F00204F0F0020510F00208D
:10465000480F00204C0F00201409020086B005907E
:104660008DED040ACDED030A8DED021ACDED011A90
:10467000059B4FF000025A61059B4FF000029A61C2
:10468000059B4FF000025A61059B4FF00002DA6172
:10469000059B049A1A62059B039A1A60059B029A6D
:1046A0005A60059B019A9A60059B044ADA60059B53
:1046B0004FF07E521A6100BF06B0704700001643EB
:1046C00086B001908DED000A019B93ED087ADDED37
:1046D000007A77EE677ACDED047A019BD3ED007A0C
:1046E0009DED047A67EE277ACDED037A019B93ED79
:1046F000057A019BD3ED016ADDED047A66EEA77AB7
:1047000077EE277A019BC3ED057A019B93ED057A3D
:10471000019BD3ED037AB4EEE77AF1EE10FA04DDF3
:10472000019BDA68019B5A610EE0019B93ED057ACB
:10473000019BD3ED047AB4EEE77AF1EE10FA03D5DB
:10474000019B1A69019B5A61019BD3ED067A9DED8D
:10475000007A77EE677ACDED027A019B93ED007ACD
:10476000DDED047A27EE277A019BD3ED057A37EE4B
:10477000277A019BD3ED026ADDED027A66EEA77A15
:1047800077EE677ACDED057A019BD3ED037A9DED47
:10479000057AB4EEE77AF1EE10FA03DD019BDB68EF
:1047A00005930CE0019BD3ED047A9DED057AB4EE00
:1047B000E77AF1EE10FA02D5019B1B690593019B84
:1047C000059ADA61019B009A9A6100BF06B07047B2
:1047D00082B00190024B01221A7000BF02B07047F4
:1047E0002410002082B00190024B01221A7000BFF9
:1047F00002B070472510002030B58FB0224B06ACB8
:104800001D460FCD0FC42B68236001238DF8203087
:1048100001238DF821301D4B01AC1D460FCD0FC477
:104820002B68236001238DF80C3001238DF80D30A7
:1048300006AB174A19461748F3F714FA0D900D9B6B
:104840000C930C9B002B04D0134A2C210C98ECF7F2
:104850001BFF01AB114A19461148F3F703FA0D90FB
:104860000D9B0B930B9B002B04D00B4A2F210B9815
:10487000ECF70AFF0748F3F729FB0948F3F726FB93
:1048800000BF0FB030BD00BFE0090200F409020014
:10489000D147010090090200A8090200E547010084
:1048A000A009020082B00190084A019B1360074BE7
:1048B0001B68002B03DD064B01221A7002E0044B3B
:1048C00000221A7000BF02B0704700BF2C100020F9
:1048D0003910002000B583B00190FFF78DFF544BD5
:1048E0001B689BB21A4600215248F3F78BF8524BD3
:1048F0001B689BB21A4601214E48F3F783F84F4BD1
:104900001B689BB21A4600214D48F3F77BF84D4BCC
:104910001B689BB21A4601214948F3F773F84A4BCA
:104920001B7883F00103DBB2002B17D0474B1B78B9
:1049300083F00103DBB2002B10D0454B1B7883F0D2
:104940000103DBB2002B09D0424B1B7883F001033B
:10495000DBB2002B02D0642004F0DEFC3E4B1B785F
:10496000DBB2002B1BD03C4B00221A70364B1B785D
:10497000002B07D02E4B1B689BB21A4600212D48F6
:10498000F3F740F8314B1B78002B1BD02A4B1B68E8
:104990009BB21A4601212748F3F734F812E02E4B58
:1049A0001B78DBB283F00103DBB2002B0AD0264B6D
:1049B0001B78002B03D1254B1B78002B02D0052040
:1049C00004F0AAFC254B1B78DBB2002B1BD0234B39
:1049D00000221A701E4B1B78002B07D0174B1B6848
:1049E0009BB21A4600211648F3F70CF8194B1B78B6
:1049F000002B94D0134B1B689BB21A460121104820
:104A0000F3F700F88BE7154B1B78DBB283F001035B
:104A1000DBB2002B83D00E4B1B78002B04D10D4B47
:104A20001B78002B3FF47BAF052004F075FC76E784
:104A300028100020900902002C10002030100020C7
:104A4000A009020034100020381000203910002086
:104A50003A1000203B1000202410002025100020D8
:104A600000B583B001900091019B002B01D1054B53
:104A7000019300990198FCF741FC0346184603B0E6
:104A80005DF804FB4C0A020082B0019000BF02B046
:104A9000704700B583B00DF1060319460020FCF7FE
:104AA0001BFDBDF90630B3F5FA7F01DA012300E002
:104AB0000023184603B05DF804FB000000B587B082
:104AC000134A6B4607CA03C31A7012490020FFF746
:104AD000C7FF0590059B0493049B002B04D00E4A4E
:104AE0001B210498ECF7D0FD6B4619460020FCF71B
:104AF00075FC0590059B0393039B002B04D0064A8D
:104B00001F210398ECF7C0FD00BF07B05DF804FB60
:104B1000400A0200894A0100080A020000B583B079
:104B20000190019B1B68184600F04FF80346002BCC
:104B300004D10B494FF4F670F1F704F9019B1B689F
:104B40001F2B02D84FF0A04306E0019B1B6803F027
:104B50001F02019B1A60034B184603B05DF804FB6B
:104B6000500A02000003005000B585B001900846CD
:104B700011461A4603468DF803300B468DF8023075
:104B800013468DF8013001AB1846FFF7C7FF0390BD
:104B90009DF803209DF802305B001A439DF8013018
:104BA0009B001A439DF818301B0242EA03019DF84E
:104BB0001C301B04019A1943039B02F5E07243F871
:104BC000221000BF05B05DF804FB84B00190019B8A
:104BD0005B09029300230393029B002B03D0029BEB
:104BE000012B04D007E04FF0FF33039303E04FF6AF
:104BF000FF73039300BF019B03F01F030193039A0C
:104C0000019B22FA03F303F00103002B14BF0123DD
:104C10000023DBB2184604B07047000010B58EB018
:104C2000049103921A4603468DF8173013468DF807
:104C300016309DF81730012B63D89DF81630002BE5
:104C400003D14FF0CC730D9302E04FF0CD630D9381
:104C5000039B0793049B08930D9B099302238DF8F4
:104C6000283000238DF8293000238DF82A309DF854
:104C700017301B01244A981807A900230022FDF7CA
:104C8000BBFB0C900C9B0B930B9B002B04D01F4A7F
:104C900032210B98ECF7F8FC0023019300230093DA
:104CA0000323002200210398FFF75EFF00230193F6
:104CB000002300930323002200210498FFF754FFF0
:104CC0009DF8174003220021012005F0F5F8034666
:104CD0000F4A42F824309DF817300D4A52F823301D
:104CE000002B03D109494420F1F72CF89DF8173027
:104CF000074A52F8230000230022002105F034F96E
:104D000000E000BF0EB010BDB80A0200740A020035
:104D10003C10002000B583B00121274800F074FF4B
:104D20000323019309E0002000F0B2FC03461A4679
:104D3000224B1A70019B013B0193019B002B03D076
:104D40001E4B1B78002BEED11C4B1B78002B02D086
:104D50001B4800F07FFB1B4B5B691B4898470346D1
:104D60005B684FF48012B2FBF3F3184A1360154BE3
:104D70005B691548984703461A68144B1B68B2FBD9
:104D8000F3F3134A1360124B1B681946114800F0E5
:104D900061FB00F025F803461A460F4B1A700E4BC4
:104DA0001B78002B02D00D4800F054FB00F026F8D1
:104DB00000BF03B05DF804FBEC000020EB00002016
:104DC000EC0A020070E60100FC0C0200F414002062
:104DD000F81400200C0B0200F0140020340B020029
:104DE00008B501220349044802F050FF0346184663
:104DF00008BD00BF500B02006010002000B583B05A
:104E0000184803F0D7FB03468DF807309DF80730AC
:104E1000002B02D1144800F01DFB144803F0CAFB1C
:104E200003468DF807309DF80730002B02D110485B
:104E300000F010FB00F000F903468DF807309DF8F4
:104E40000730002B03D10B4800F004FB06E09DF86F
:104E50000730082B02D0084800F0FCFA00BF03B06E
:104E60005DF804FB540B02005C0B0200740B0200A3
:104E70007C0B0200980B0200EC0B020000B585B021
:104E8000019000F0A5F803468DF80F309DF80F3023
:104E9000002B02D09DF80F303AE0062201991E48FF
:104EA00002F038FF03468DF80F309DF80F30002BCD
:104EB00002D09DF80F302BE0184B352218491648C8
:104EC00003F0BEF803468DF80F309DF80F30002B2D
:104ED00002D09DF80F301BE00F4803F09DFA034607
:104EE0008DF80F309DF80F30002B02D09DF80F3059
:104EF0000EE00C4803F0B3FA03468DF80F309DF82E
:104F00000F30002B02D09DF80F3001E09DF80F30DC
:104F1000184605B05DF804FBC8120020FC14002000
:104F20001C0C0200540C020000B587B003900291E3
:104F3000019200F04DF803468DF817309DF81730B8
:104F4000002B02D09DF817303AE0322203991E4818
:104F500002F0E0FE03468DF817309DF81730002B65
:104F600002D09DF817302BE004AB019A0299164845
:104F700003F066F803468DF817309DF81730002BC4
:104F800002D09DF817301BE00F4803F045FA0346A6
:104F90008DF817309DF81730002B02D09DF8173090
:104FA0000EE00A4803F05BFA03468DF817309DF8CF
:104FB0001730002B02D09DF8173001E09DF8173014
:104FC000184607B05DF804FBC8120020540C02001C
:104FD00000B583B0FFF704FF03468DF807309DF856
:104FE0000730002B02D09DF807301AE00F49104817
:104FF00003F07CFA03468DF807309DF80730002B4C
:1050000002D09DF807300CE00A4803F028FA034666
:105010008DF807309DF80730002B02D09DF807303F
:10502000FFE7184603B05DF804FB00BF740C0200F4
:1050300098120020540B020000B591B0384803F0DC
:105040000EFA03468DF83F309DF83F30002B02D01A
:105050009DF83F305CE006223249334802F05AFEA8
:1050600003468DF83F309DF83F30082B02D19DF864
:105070003F304DE001A828A3D3E900232B4907F0D6
:1050800045F903460E936B4601A90E9A264802F095
:10509000D7FF03468DF83F309DF83F30002B02D0FC
:1050A0009DF83F3034E001A81BA3D3E90023204939
:1050B00007F02CF903460E936B4601A90E9A1A4885
:1050C00002F0BEFF03468DF83F309DF83F30002BC5
:1050D00002D09DF83F301BE0134803F09DF90346D2
:1050E0008DF83F309DF83F30002B02D09DF83F30C7
:1050F0000EE0104803F0B3F903468DF83F309DF8F9
:105100003F30002B02D09DF83F3001E09DF83F304A
:10511000184611B05DF804FB9A9999999999C93F7D
:10512000740B0200C80C0200C8120020D40C02004C
:10513000E80C0200540C020084B00190019B3B2259
:105140001A70019B3B225A70019B0C229A70019BA2
:105150001E22DA70019B06221A71019B0C225A71E1
:10516000019B18229A710123184604B07047000071
:1051700000B583B01F4B0193019B02221A61019B72
:1051800002225A61019B1C4A9A61019B1B4ADA6107
:10519000019B4FF400721A62019B00229A62019BEC
:1051A00000225A62019B0022DA62019B124A9A6431
:1051B000019B134ADA64019B10221A65019B0022AD
:1051C0009A65019B00225A65019B0022DA65019BCA
:1051D00007330C49184607F029F9019B0A4918467C
:1051E00007F024F9019B20229A7100BF03B05DF8FB
:1051F00004FB00BF00150020180D020078150020E8
:1052000078170020240D0200280D020000B589B097
:1052100003900291019200230693039BDB680593A0
:10522000039B1B690493049A059B9A4205D9049A2F
:10523000059BD31A013B079307E0039B9A680499E7
:10524000059BCB1A1344013B0793039B9A68059B6C
:10525000D31A079A934228BF13460793079A019BD4
:10526000934228BF13460793039B5A68059B134438
:10527000079A0299184607F07DF8069A079B13448F
:105280000693029A079B13440293019A079BD31A31
:105290000193059A079B13440593039B9B68059A0A
:1052A0009A4201D100230593039B059ADA60019B82
:1052B000002BB5D1069B184609B05DF804FB00B57C
:1052C00089B0039002910192039BDB680793039BD3
:1052D0009A68079BD31A0693069A019B9A420ED9A5
:1052E000039B5A68079B1344019A0299184607F0DA
:1052F00041F8079A019B1A44039BDA601AE0069B67
:105300000593039B5A68079B1344059A0299184614
:1053100007F030F8019A069BD31A0593039B58684F
:10532000029A069B1344059A194607F023F8039B3B
:10533000059ADA6000BF09B05DF804FB86B0019001
:10534000019B1B690493019BDB680393049A039BF5
:105350009A4208D8019B9A68039BD21A049B134473
:10536000013B059304E0049A039BD31A013B059388
:10537000059B184606B0704700B589B003900291AE
:105380000192029B0693039B5A1C13465B00134435
:10539000DB00204A13440593059B5B69022B29D04F
:1053A000022B2ED8002B02D0012B13D029E0059818
:1053B000FFF7C4FF0490049A019B9A4202D2002393
:1053C000079321E0019B0793019A06990598FFF73F
:1053D00076FF19E00598FFF7B1FF0490019A049B4E
:1053E000934228BF13460793079A06990598FFF73B
:1053F00066FF09E0019A06990598FFF707FF0790F5
:1054000002E00023079300BF079B184609B05DF830
:1054100004FB00BF0015002000B587B00390029187
:1054200001920B4B1B78002B01D1FFF7A1FE00204E
:10543000F0F708FB019A02990398FFF79DFF05908A
:105440000020F0F713FB059B184607B05DF804FB3E
:10545000001500200FB400B5A3B025AB009301A840
:10546000009B249A802106F077FF2190219B802BBE
:1054700006DD01AB802219460020FFF7CDFF08E0D2
:10548000219B002B05DD219A01AB19460020FFF777
:10549000C3FF219B184623B05DF804EB04B07047AE
:1054A00000B585B0039002910192039B1B681B68B5
:1054B000002B03D10749F020F0F744FC039B1B6845
:1054C0001B68019A0299039898470346184605B04D
:1054D0005DF804FB300D020010B582B00190009120
:1054E000019B1B689B68002B04D113494FF4897002
:1054F000F0F728FC019B1B685B69002B04D10E4967
:1055000040F21310F0F71EFC009B1C68019B1B6807
:105510005B690198984703461B689C4201D30723A7
:1055200006E0019B1B689B68009901989847034619
:10553000184602B010BD00BF300D020010B582B099
:1055400001900091019B1B68DB68002B04D113497B
:105550004FF49770F0F7F6FB019B1B685B69002B1B
:1055600004D10E4940F22F10F0F7ECFB009B1C68B1
:10557000019B1B685B690198984703461B689C4226
:1055800001D3072306E0019B1B68DB6800990198A3
:1055900098470346184602B010BD00BF300D020008
:1055A00000B585B003900B4601928DF80B30039B3C
:1055B0001B681B69002B04D108494FF4A370F0F756
:1055C000C1FB039B1B681B699DF80B10019A039894
:1055D00098470346184605B05DF804FB300D0200FD
:1055E00000B583B00190019B1B685B69002B04D15F
:1055F00007494FF4AA70F0F7A5FB019B1B685B6994
:10560000019898470346184603B05DF804FB00BFB5
:10561000300D020000B585B001900091009B9B68A1
:105620008DF80F30154B1B789DF80F209A4203D34D
:1056300013493F20F0F786FB009B1B78032B17D8FC
:10564000104B19689DF80F2013465B0013449B0014
:105650000B44009A52781A720A4B19689DF80F2071
:1056600013465B0013449B000B4400229A7200E037
:1056700000BF00BF05B05DF804FB00BF8C17002021
:10568000680D02008817002020BF00BF704700008F
:1056900000B585B003468DF807305D4B1B68002BC5
:1056A00003D15C495920F0F74DFB5B4B1B789DF80B
:1056B00007209A4201D30323A6E0554B19689DF8B1
:1056C000072013465B0013449B000B441B68002B10
:1056D00001D1032398E04E4B19689DF8072013462B
:1056E0005B0013449B000B445B7ADBB203F00103C5
:1056F000002B0BD1464B19689DF8072013465B0021
:1057000013449B000B445B7ADBB27DE0404B19688D
:105710009DF8072013465B0013449B000B445B6815
:10572000002B0AD13A4B19689DF8072013465B00FD
:1057300013449B000B44394A5A60354B19689DF855
:10574000072013465B0013449B000B4401229A720E
:105750002F4B19689DF8072013465B0013449B00EC
:105760000B441B689DF807202D491846FFF798FE4B
:105770000390039B002B3CD10AE0254B19689DF850
:10578000072013465B0013449B000B445B6898475B
:105790001F4B19689DF8072013465B0013449B00BC
:1057A0000B449B7ADBB2002BE7D1194B19689DF8AB
:1057B000072013465B0013449B000B441B7A002B0D
:1057C00017D1134B19689DF8072013465B0013444B
:1057D0009B000B445B7AD9B20D4B18689DF80720EB
:1057E00013465B0013449B00034421F00102D2B234
:1057F0005A72074B19689DF8072013465B00134443
:105800009B000B445B7ADBB2184605B05DF804FBE5
:1058100088170020680D02008C17002089560100AF
:105820001556010000B583B003468DF807300F4BC5
:105830001B68002B03D10E49B320F0F783FA0D4B00
:105840001B789DF807209A4201D301230AE0074BF9
:1058500019689DF8072013465B0013449B000B4416
:105860005B7ADBB2184603B05DF804FB88170020B2
:10587000680D02008C17002000B589B002910192DA
:10588000009303468DF80F303F4B1B68002B03D16C
:105890003E49BE20F0F756FA3D4B1B789DF80F208D
:1058A0009A4202D2009B002B01D1042368E0364BC0
:1058B00019689DF80F2013465B0013449B000B44AE
:1058C0001B68002B0ED0304B19689DF80F20134633
:1058D0005B0013449B000B445B7ADBB203F00103D3
:1058E000002B01D003234BE0019B0493009B059305
:1058F000029B0693244B19689DF80F2013465B000A
:1059000013449B000B4401229A721F4B19689DF8A7
:105910000F2013465B0013449B000B441B6804AA32
:1059200011461846FFF7D8FD0790079B002B26D19C
:105930000AE0154B19689DF80F2013465B001344CD
:105940009B000B445B6898470F4B19689DF80F202C
:1059500013465B0013449B000B449B7ADBB2002B85
:10596000E7D1094B19689DF80F2013465B001344DB
:105970009B000B441B7A002B01D1002300E0012384
:10598000184609B05DF804FB88170020680D020076
:105990008C17002000B589B0029101920093034654
:1059A0008DF80F30484B1B68002B03D14749E52089
:1059B000F0F7C8F9464B1B789DF80F209A4202D2A7
:1059C000009B002B01D1042379E03F4B19689DF81F
:1059D0000F2013465B0013449B000B441B68002BF5
:1059E0000ED0394B19689DF80F2013465B00134405
:1059F0009B000B445B7ADBB203F00103002B01D068
:105A000003235CE0304B19689DF80F2013465B00C0
:105A100013449B000B445B7ADBB203F00403002BBE
:105A200001D002234BE0019B0493009B0593029B52
:105A30000693254B19689DF80F2013465B0013440D
:105A40009B000B4401229A721F4B19689DF80F208E
:105A500013465B0013449B000B441B6804AA1146C9
:105A60001846FFF76BFD0790079B002B26D10AE035
:105A7000154B19689DF80F2013465B0013449B00DB
:105A80000B445B689847104B19689DF80F2013462C
:105A90005B0013449B000B449B7ADBB2002BE7D1E5
:105AA000094B19689DF80F2013465B0013449B00B7
:105AB0000B441B7A002B01D1002300E00123184680
:105AC00009B05DF804FB00BF88170020680D0200D4
:105AD0008C17002000B587B0034600928DF8073080
:105AE0000B468DF80630454B1B68002B04D144490A
:105AF0004FF48870F0F726F9424B1B789DF8072089
:105B00009A4201D3042375E09DF80630022B4BD056
:105B1000022B6DDC002B02D0012B22D068E0012388
:105B20008DF80B30354B19689DF8072013465B0044
:105B300013449B000B441B680DF10B020021184617
:105B4000FFF72EFD0390039B002B02D0039B112B2C
:105B500004D19DF80B30002BE4D100E000BF0023FE
:105B600048E0264B19689DF8072013465B00134454
:105B70009B000B441B68002B01D103233AE0009BE0
:105B800004931E4B19689DF8072013465B001344CD
:105B90009B000B441B681846FFF722FD03461A685A
:105BA000049B1A60002325E0144B19689DF8072018
:105BB00013465B0013449B000B441B68002B01D170
:105BC000032317E0009B05930C4B19689DF80720F1
:105BD00013465B0013449B000B441B681846FFF7F9
:105BE000FFFC03465B689AB2059B1A80002301E024
:105BF00000BF0123184607B05DF804FB881700209A
:105C0000680D02008C17002000B583B00190009150
:105C1000019B002B04D108494FF4A470F0F792F8CF
:105C2000064A019B1360009BDAB2054B1A7000BF55
:105C300003B05DF804FB00BF680D02008817002068
:105C40008C17002084B00190019B01331B78ADF8C4
:105C50000E30BDF80E301B021AB2019B1B781BB22E
:105C600013431BB2ADF80E30BDF80E30184604B029
:105C7000704784B00190019B03331B780393039B0F
:105C80001B02019A0232127813430393039B1B02F7
:105C9000019A0132127813430393039B1B02019A6A
:105CA000127813430393039B184604B0704782B0E5
:105CB00001900B46ADF80230019B5A1C0192BDF8D1
:105CC0000220D2B21A70BDF802301B0AADF80230C1
:105CD000019B5A1C0192BDF80220D2B21A7000BF7B
:105CE00002B0704782B001900091019B5A1C019252
:105CF000009AD2B21A70009B1B0A0093019B5A1C97
:105D00000192009AD2B21A70009B1B0A0093019B69
:105D10005A1C0192009AD2B21A70009B1B0A00937F
:105D2000019B5A1C0192009AD2B21A7000BF02B0B5
:105D3000704786B0039002910192039B0593029BEA
:105D40000493019B002B0DD0049A531C0493059BD4
:105D5000591C059112781A70019B013B0193019B1C
:105D6000002BF1D100BF06B0704786B003900291BE
:105D70000192039B0593059B5A1C0592029AD2B28D
:105D80001A70019B013B0193019B002BF3D100BFD3
:105D900000BF06B0704788B0039002910192039B48
:105DA0000793029B069300230593079B5A1C0792B7
:105DB0001B781946069B5A1C06921B78CB1A059332
:105DC000019B013B0193019B002B02D0059B002B03
:105DD000EBD0059B184608B0704782B00190009147
:105DE00002E0019B01330193019B1B78002B05D03E
:105DF000019B1B781A46009B9342F2D1019B1B78B2
:105E0000184602B0704700B587B0019000238DF8A6
:105E10000F30019BDB78002B35D0019B5B6B05932A
:105E2000019B5878019B03F138010123059AFFF784
:105E3000B1FD0346002B03D001238DF80F3022E083
:105E4000019B0022DA70019B9B6A059AD21A019B82
:105E50001B6A9A4217D2019B9B78049310E0019B26
:105E60001B6A059A13440593019B5878019B03F123
:105E700038010123059AFFF78DFD049B013B049334
:105E8000049B012BEBD89DF80F30184607B05DF846
:105E900004FB00B585B00190009100238DF80F3010
:105EA000019B5B6B009A9A421ED00198FFF7ABFFF3
:105EB00003468DF80F309DF80F30002B14D1019B55
:105EC0005878019B03F138010123009AFFF7D4FCB5
:105ED0000346002B05D04FF0FF33009301238DF8CC
:105EE0000F30019B009A5A639DF80F30184605B099
:105EF0005DF804FB00B585B001900198FFF783FFC2
:105F000003468DF80F309DF80F30002B59D1019BBF
:105F10001B78032B48D1019B1B79012B44D1019B9A
:105F200038334FF4007200211846FFF71EFF019B23
:105F3000383303F5FF734AF655211846FFF7B7FECD
:105F4000019B383322491846FFF7CCFE019B3833BA
:105F500003F5F2731F491846FFF7C4FE019B38335F
:105F600003F5F472019B5B6919461046FFF7BAFE10
:105F7000019B383303F5F672019B1B6919461046E5
:105F8000FFF7B0FE019B5B6A5A1C019B5A63019BA1
:105F90005878019B03F13801019B5A6B0123FFF7ED
:105FA000F9FC019B00221A71019B5B780022002101
:105FB0001846FFF78FFD0346002B02D001238DF812
:105FC0000F309DF80F30184605B05DF804FB00BF98
:105FD000525261417272416182B001900091009B06
:105FE000023B0093019BDB69023B009A9A4201D37A
:105FF000002308E0019B5B891A46009B03FB02F229
:10600000019B1B6B1344184602B0704700B587B064
:1060100001900091019B1B680493009B012B04D904
:10602000049BDB69009A9A4202D3012305938FE017
:106030004FF0FF330593049B1B78032B62D0032B97
:106040007CDC012B02D0022B42D077E0009B039333
:10605000039B5B08039A13440393049B9A6A039B74
:106060005B0A134419460498FFF713FF0346002BFD
:1060700067D1039B5A1C0392C3F30803049A134489
:1060800093F838300293049B9A6A039B5B0A13448B
:1060900019460498FFF7FDFE0346002B53D1039BDE
:1060A000C3F30803049A134493F838301B021A46CA
:1060B000029B13430293009B03F00103002B02D0C9
:1060C000029B1B0902E0029BC3F30B0305933FE015
:1060D000049B9A6A009B1B0A134419460498FFF715
:1060E000D8FE0346002B30D1049B03F13802009BFD
:1060F0005B0003F4FF7313441846FFF7A3FD034648
:10610000059325E0049B9A6A009BDB09134419461A
:106110000498FFF7BEFE0346002B18D1049B03F141
:106120003802009B9B0003F4FE7313441846FFF7EC
:10613000A0FD034623F07043059309E00123059376
:1061400006E000BF04E000BF02E000BF00E000BFC7
:10615000059B184607B05DF804FB10B588B00390A6
:106160000291019202238DF81F30029B012B40F215
:10617000DA80039BDB69029A9A4280F0D480039B09
:106180001B78032B00F09C80032B00F3D580012BA0
:1061900002D0022B72D0CFE0029B0693069B5B08D5
:1061A000069A13440693039B9A6A069B5B0A134460
:1061B00019460398FFF76DFE03468DF81F309DF8D2
:1061C0001F30002B40F0B180039B03F13802069B87
:1061D000591C0691C3F3080313440593029B03F073
:1061E0000103002B0DD0059B1B785BB203F00F035E
:1061F0005AB2019BDBB21B015BB213435BB2DBB251
:1062000001E0019BDBB2059A1370039B0122DA7057
:10621000039B9A6A069B5B0A134419460398FFF78F
:1062200038FE03468DF81F309DF81F30002B7ED1BD
:10623000039B03F13802069BC3F308031344059341
:10624000029B03F00103002B03D0019B1B09DBB26F
:106250000EE0059B1B785BB223F00F035AB2019B43
:106260001B0A5BB203F00F035BB213435BB2DBB2FA
:10627000059A1370039B0122DA705DE0039B9A6A12
:10628000029B1B0A134419460398FFF702FE0346BC
:106290008DF81F309DF81F30002B4AD1039B03F16E
:1062A0003802029B5B0003F4FF731344019A92B21D
:1062B00011461846FFF7FBFC039B0122DA703BE016
:1062C000039B9A6A029BDB09134419460398FFF764
:1062D000E0FD03468DF81F309DF81F30002B2AD1BA
:1062E000019B23F07044039B03F13802029B9B0047
:1062F00003F4FE7313441846FFF7BBFC034603F098
:10630000704323430193039B03F13802029B9B00DC
:1063100003F4FE73134401991846FFF7E3FC039B53
:106320000122DA7008E000BF06E000BF04E000BF11
:1063300002E000BF00E000BF9DF81F30184608B023
:1063400010BD00B589B003900291019200238DF831
:106350001F30039B1B680693029B012B04D9069BED
:10636000DB69029A9A4201D3022351E0019B002B80
:106370000FD04FF0FF3201990698FFF7EEFE03466B
:106380008DF81F309DF81F30002B02D09DF81F3074
:106390003EE002990398FFF739FE0590059B002B1C
:1063A00034D0059B012B01D1022331E0059BB3F1D1
:1063B000FF3F01D101232BE0002202990698FFF74D
:1063C000CCFE03468DF81F309DF81F30002B02D005
:1063D0009DF81F301CE0069B5A69069BDB69023B57
:1063E0009A420BD2069B5B695A1C069B5A61069B1C
:1063F0001B7943F00103DAB2069B1A71059B0293E5
:10640000069BDB69029A9A42C3D300E000BF0023D7
:10641000184609B05DF804FB00B589B00190009101
:10642000019B1B680493009B002B0DD1049B1B69EF
:106430000693069B002B04D0049BDB69069A9A42C4
:106440001BD30123069318E000990198FFF7DEFDA6
:106450000390039B012B01D8012375E0039BB3F14B
:10646000FF3F01D1039B6FE0049BDB69039A9A42D3
:1064700001D2039B68E0009B0693069B0793079B52
:1064800001330793049BDB69079A9A4207D30223DF
:106490000793079A069B9A4201D9002354E0079973
:1064A0000198FFF7B3FD0390039B002B0ED0039BD5
:1064B000012B03D0039BB3F1FF3F01D1039B43E0CA
:1064C000079A069B9A42DAD100233DE000BF4FF0C5
:1064D000FF3207990498FFF740FE03468DF8173006
:1064E0009DF81730002B0AD1009B002B07D0079A8C
:1064F00000990498FFF731FE03468DF817309DF898
:106500001730002B16D1049B079A1A61049B5A6915
:10651000049BDB69023B9A4204D2049B5B695A1ECE
:10652000049B5A61049B1B7943F00103DAB2049B7C
:106530001A7108E09DF81730012B02D14FF0FF339C
:1065400000E001230793079B184609B05DF804FBA0
:1065500000B587B001900091019B1B680493009BDC
:10656000B3F5001F04D2009B03F01F03002B01D0E2
:10657000022363E0019B009A1A61019B9B680593CB
:10658000059B002B06D1049B1B78022B02D9049B90
:10659000DB6A0593059B002B0CD1009B5B09049AD9
:1065A0001289934201D3022348E0049BDA6A019BDB
:1065B0009A6129E0049B5B895B02039319E0019BCC
:1065C00005991846FFF722FD0590059BB3F1FF3FA3
:1065D00001D1012332E0059B012B04D9049BDB6927
:1065E000059A9A4201D3022328E0009A039BD31A0A
:1065F0000093009A039B9A42E1D205990498FFF711
:10660000EBFC0246019B9A61019B059A5A61019B32
:106610009B69002B01D1022310E0019B9A69009B2A
:106620005B0A1A44019B9A61049B03F13802009BA8
:10663000C3F308031A44019BDA610023184607B02C
:106640005DF804FB00B587B001900091019B1B68C9
:106650000393019B1B6920330293019B9B69002BD1
:1066600003D0029BB3F5001F01D30423AAE0029BD1
:10667000C3F30803002B40F09880019B9B695A1CD0
:10668000019B9A61019B5B69002B0BD1029B5B090B
:10669000039A12899342C0F08880019B00229A617C
:1066A00004238FE0029B5B0A039A5289013A13404C
:1066B000002B7AD1019A019B5B6919461046FFF7BE
:1066C000A5FC0590059B012B01D802237AE0059BD0
:1066D000B3F1FF3F01D1012374E0039BDB69059A0D
:1066E0009A4258D3009B002B04D1019B00229A614F
:1066F000042367E0019A019B5B6919461046FFF786
:106700008BFE0590059B002B01D107235AE0059BCA
:10671000012B01D1022355E0059BB3F1FF3F01D1CD
:1067200001234FE00398FFF76EFB0346002B01D0D7
:10673000012347E0039B38334FF4007200211846D1
:10674000FFF713FB0023049305990398FFF744FC1C
:106750000246039B5A6312E0039B0122DA700398FE
:10676000FFF751FB0346002B01D001232AE0049BD5
:1067700001330493039B5B6B5A1C039B5A63039B7B
:106780005B891A46049B9342E6D3039B5A6B049B96
:10679000D21A039B5A63019B059A5A610599039883
:1067A000FFF71AFC0246019B9A61019B029A1A614B
:1067B000039B03F13802029BC3F308031A44019BB5
:1067C000DA610023184607B05DF804FB00B587B016
:1067D00001900091019B1B68039300210198FFF732
:1067E000B7FE03468DF817309DF81730002B2FD1D8
:1067F00000230493019B9B6919460398FFF749FB0B
:1068000003468DF817309DF81730002B1FD1019BE0
:10681000DB691B78E52B04D0019BDB691B78002B1F
:1068200007D1049B01330493049A009B9A4202D13E
:106830000EE00023049301210198FFF703FF0346B4
:106840008DF817309DF81730002BD3D000E000BF33
:106850009DF81730042B02D107238DF817309DF8CF
:106860001730184607B05DF804FB00B585B00190FD
:106870000091009B1A331846FFF7E4F9034603938F
:10688000019B1B78032B09D1009B14331846FFF79B
:10689000D9F903461B04039A13430393039B184639
:1068A00005B05DF804FB00B585B00390029101923C
:1068B000029B1A33019A92B211461846FFF7F7F974
:1068C000039B1B78032B09D1029B03F11402019B4C
:1068D0001B0C9BB219461046FFF7E9F900BF05B043
:1068E0005DF804FB10B586B001900091009B1A334F
:1068F0001846FFF7A7F90346002B01D0002361E0FB
:10690000009B1B7803F03F035A1E13465B001344A1
:106910009B00134405930123ADF80E30002304932C
:1069200039E02A4A049B13441B781A46009B1344FF
:106930001846FFF787F90346ADF80C30BDF80E3066
:10694000002B1DD0059BFE2B13D8BDF80C3018462C
:1069500001F0A0FF03461C46059B5A1C05925B00F4
:10696000019A13441B88184601F094FF03469C4289
:1069700001D0002326E0BDF80C30ADF80E3007E062
:10698000BDF80C304FF6FF72934201D0002319E09E
:10699000049B01330493049B0C2BC2D9009B1B78EE
:1069A00003F04003002B0CD0BDF80E30002B08D0B4
:1069B000059B5B00019A13441B88002B01D0002328
:1069C00000E00123184606B010BD00BFC00D020054
:1069D00000B589B00390029111461A460B468DF816
:1069E000073013468DF80630029B0D339DF80620C4
:1069F0001A70029B0B330F221A70029B0C33002279
:106A00001A70029B1A3300211846FFF750F99DF8BF
:106A100007305A1E13465B0013449B001344079330
:106A20000023ADF8163000230693BDF816304FF65C
:106A3000FF72934208D0079B5A1C07925B00039A8F
:106A400013441B88ADF816301A4A069B13441B7872
:106A50001A46029B1344BDF8162011461846FFF74C
:106A600026F9BDF81630002B03D14FF6FF73ADF8B1
:106A70001630069B01330693069B0C2BD5D9BDF827
:106A800016304FF6FF72934206D0079B5B00039AC5
:106A900013441B88002B05D19DF8073043F04003B9
:106AA0008DF80730029B9DF807201A7000BF09B0CF
:106AB0005DF804FBC00D020000B58DB0039002919B
:106AC000019200930B2202990398FFF732F9009B81
:106AD000052B2FD9009B079326E0019B9A1C01925E
:106AE0001B88ADF8223000230A931AE0079B5A0056
:106AF000BDF8223003F0010313440793BDF82230A0
:106B00005B08ADF82230079B03F48033002B05D0DF
:106B1000079B83F4883383F0210307930A9B013397
:106B20000A930A9B0F2BE1D9019B1B88002BD4D120
:106B3000079B009307230A93009BDBB203F00F032C
:106B4000DBB230338DF82F309DF82F30392B04D93C
:106B50009DF82F3007338DF82F300A9B5A1E0A926A
:106B60000CAA13449DF82F2003F81C2C009B1B0932
:106B70000093009B002BDFD105AA0A9B13447E22C1
:106B80001A700023099322E0039A099B13441B788F
:106B9000802B05D9039A099B13441B789F2B0BD993
:106BA000039A099B13441B78DF2B0DD9039A099B89
:106BB00013441B78FC2B07D80A9B013B099A9A4285
:106BC00010D0099B01330993099B01330993099A5A
:106BD0000A9B9A4207D2039A099B13441B78202BE5
:106BE000D2D100E000BF0A9B072B07D80A9B5A1C92
:106BF0000A920CAA134413F81C1C00E02021099BE4
:106C00005A1C0992039A13440A461A70099B072BCF
:106C1000E9D900BF00BF0DB05DF804FB84B001905E
:106C200000238DF80F300B2302939DF80F30DAB25A
:106C30005208DB011343DAB2019B591C01911B7806
:106C400013448DF80F30029B013B0293029B002BF3
:106C5000EBD19DF80F30184604B0704700B587B0EF
:106C60000190019B1B68049300210198FFF770FCC1
:106C700003468DF817309DF81730002B02D09DF891
:106C80001730C9E0FF238DF814309DF814308DF8CB
:106C90001530019B4FF0FF32DA62019B9B69194668
:106CA0000498FFF7F6F803468DF817309DF8173073
:106CB000002B40F0AA80019BDB691B788DF8163011
:106CC0009DF81630002B03D104238DF81730A1E076
:106CD000019BDB690B331B7803F03F038DF80F300A
:106CE000019B9DF80F209A719DF81630E52B09D075
:106CF0009DF80F3003F00803002B0BD09DF80F30E8
:106D00000F2B07D0FF238DF81530019B4FF0FF327A
:106D1000DA626DE09DF80F300F2B41D1019B93F8A3
:106D20002B3003F04003002B62D19DF8163003F0A6
:106D30004003002B12D0019BDB695B7B8DF8143084
:106D40009DF8163023F040038DF816309DF816306C
:106D50008DF81530019B1A69019BDA629DF81620A7
:106D60009DF815309A4217D1019BDB690D331B78D2
:106D70009DF814209A420FD1049BDA68019BDB69CD
:106D800019461046FFF7AEFD0346002B04D09DF8D0
:106D90001530013BDBB200E0FF238DF8153027E012
:106DA0009DF81530002B0AD1019BDB691846FFF7CF
:106DB00035FF03461A469DF81430934227D0019BB5
:106DC00093F82B3003F00103002B0AD1019BD86903
:106DD000019B20330B221946FEF7DDFF0346002BF3
:106DE00017D0FF238DF81530019B4FF0FF32DA6288
:106DF00000210198FFF726FC03468DF817309DF817
:106E00001730002B3FF449AF04E000BF02E000BFA1
:106E100000E000BF9DF81730184607B05DF804FB8E
:106E200000B58DB00190019B1B680793019B93F8FF
:106E30002B3003F0A003002B01D00623E3E0002356
:106E4000099302E0099B01330993079BDA68099BC8
:106E50005B0013441B88002BF4D1019B03F120013C
:106E600003AB0C221846FEF764FF9DF8173003F0C1
:106E70000103002B32D0019B402283F82B200123F9
:106E80000A9315E0019B03F12000079BDA6803A930
:106E90000A9BFFF711FE0198FFF7E0FE03468DF80D
:106EA0002F309DF82F30002B06D10A9B01330A9317
:106EB0000A9B632BE6D900E000BF0A9B642B01D13B
:106EC0000723A0E09DF82F30042B02D09DF82F302F
:106ED00099E09DF81720019B83F82B209DF817302F
:106EE00003F00203002B07D0099B0C33484AA2FB96
:106EF00003239B08013300E00123089308990198BC
:106F0000FFF764FC03468DF82F309DF82F30002BDF
:106F10004AD1089B013B0893089B002B44D0019B5E
:106F20001A69089B5B01D31A19460198FFF710FBF9
:106F300003468DF82F309DF82F30002B34D1019B64
:106F400020331846FFF76AFE03468DF81B30019B7D
:106F50009B6919460798FEF79CFF03468DF82F3072
:106F60009DF82F30002B1ED1079BD868019BD96953
:106F7000089BDAB29DF81B30FFF72AFD079B012220
:106F8000DA7000210198FFF75DFB03468DF82F3082
:106F90009DF82F30002B07D1089B013B0893089BDD
:106FA000002BD4D100E000BF9DF82F30002B28D15A
:106FB000019B9B6919460798FEF76BFF03468DF806
:106FC0002F309DF82F30002B1BD1019BDB69202235
:106FD00000211846FEF7C9FE019BD869019B2033AA
:106FE0000B221946FEF7A5FE019B93F82B20019B6F
:106FF000DB690C3302F01802D2B21A70079B01222F
:10700000DA709DF82F3018460DB05DF804FB00BF14
:107010004FECC44E00B58BB001900091009B1B68F3
:107020000493019B1B68DB68039300230593059B76
:107030000693069B5A1C0692049A13441B78ADF8DB
:107040002430BDF824301F2B40F28380BDF824305B
:107050002F2B07D0BDF824305C2B10D102E0069B0B
:1070600001330693049A069B13441B782F2BF6D00A
:10707000049A069B13441B785C2BF0D06AE0059BB6
:10708000FE2B01D9062338E2BDF82430DBB2ADF87F
:107090002430BDF82430DBB2802B04D9BDF8243075
:1070A000DBB29F2B09D9BDF82430DBB2DF2B28D906
:1070B000BDF82430DBB2FC2B23D8069B5A1C069269
:1070C000049A13441B788DF82730BDF824301B0236
:1070D0009AB29DF827309BB21344ADF824309DF846
:1070E00027303F2B03D99DF827307E2B09D99DF9F6
:1070F0002730002B03DA9DF82730FC2B01D906231B
:10710000FBE1BDF824300121184601F063FB034682
:10711000ADF82430BDF82430002B01D10623ECE17A
:10712000BDF824307F2B0AD8BDF824301946AA4870
:10713000FEF753FE0346002B01D00623DDE1059B3D
:107140005A1C05925B00039A1344BDF824201A8050
:107150006FE700BF049A069B1A44009B1A60BDF8B3
:1071600024301F2B01D8042300E000238DF82630A3
:10717000059B012B09D1059B03F10043013B5B00FB
:10718000039A13441B882E2B16D0059B022B51D13A
:10719000059B03F10043013B5B00039A13441B88EA
:1071A0002E2B47D1059B03F10043023B5B00039A62
:1071B00013441B882E2B3DD1059B5B00039A13447F
:1071C00000221A80002308930FE0089A059B9A4238
:1071D00001D22E2100E02021019A089B1344203384
:1071E0000A461A70089B01330893089B0A2BECD9B6
:1071F0009DF8263043F02003D9B2019A089B13442E
:1072000020330A461A70002377E1059B03F10043FF
:10721000013B5B00039A13441B88ADF82430BDF892
:107220002430202B03D0BDF824302E2B06D1059B13
:10723000013B0593059B002BE7D100E000BF059BB8
:107240005B00039A134400221A80059B002B01D196
:10725000062352E1019B20330B2220211846FEF722
:1072600084FD0023069302E0069B01330693069BF0
:107270005B00039A13441B88202BF5D0069B5B0010
:10728000039A13441B882E2BEED0069B002B09D0AB
:107290009DF8263043F003038DF8263002E0059B6D
:1072A000013B0593059B002B09D0059B03F100438F
:1072B000013B5B00039A13441B882E2BEFD1002364
:1072C0008DF827300023089308230793069B5A1C48
:1072D00006925B00039A13441B88ADF82430BDF876
:1072E0002430002B00F0BF80BDF82430202B07D0C5
:1072F000BDF824302E2B0AD1069A059B9A4206D05F
:107300009DF8263043F003038DF82630AAE0089A52
:10731000079B9A4203D2069A059B9A4224D1079B67
:107320000B2B06D19DF8263043F003038DF8263051
:107330009CE0069A059B9A4205D09DF8263043F0C2
:1073400003038DF82630069A059B9A4200F28D8041
:10735000059B0693082308930B2307939DF827307A
:107360009B008DF827307DE0BDF824307F2B12D9AB
:10737000BDF82430184601F08DFA03460021184666
:1073800001F028FA0346ADF824309DF8263043F08A
:1073900002038DF82630BDF82430FF2B1ED9079B41
:1073A000013B089A9A4208D39DF8263043F0030324
:1073B0008DF82630079B089354E0BDF824301B0A53
:1073C00099B2089B5A1C0892C9B2019A13440A4602
:1073D00083F820203BE000BFD00D0200BDF8243030
:1073E000002B08D0BDF8243019464648FEF7F5FCBE
:1073F0000346002B09D05F23ADF824309DF82630DA
:1074000043F003038DF8263021E0BDF82430402BF3
:107410000AD9BDF824305A2B06D89DF8273043F0FE
:1074200002038DF8273012E0BDF82430602B0ED90E
:10743000BDF824307A2B0AD89DF8273043F0010399
:107440008DF82730BDF82430203BADF82430089B60
:107450005A1C0892BDF82420D1B2019A13440A465E
:1074600083F8202032E700BF00E000BF019B93F8C3
:107470002030E52B03D1019B052283F82020079BB8
:10748000082B04D19DF827309B008DF827309DF8FC
:10749000273003F00C030C2B05D09DF8273003F0A8
:1074A0000303032B05D19DF8263043F002038DF82A
:1074B00026309DF8263003F00203002B17D19DF8EB
:1074C000273003F00303012B05D19DF8263043F04C
:1074D00010038DF826309DF8273003F00C03042BA1
:1074E00005D19DF8263043F008038DF82630019B26
:1074F0009DF8262083F82B20002318460BB05DF85A
:1075000004FB00BFDC0D020000B587B001900091C4
:10751000019B0493049B1B680393009B1B782F2BF8
:107520000BD0009B1B785C2B07D0039B9A69049BB4
:107530009A600DE0009B01330093009B1B782F2B7A
:10754000F8D0009B1B785C2BF4D0049B00229A603F
:10755000009B1B781F2B0BD8019B802283F82B20CC
:1075600000210198FEF7F4FF03468DF8173063E021
:107570006B4619460198FFF74DFD03468DF817300D
:107580009DF81730002B52D10198FFF767FB034697
:107590008DF81730019B93F82B308DF80B309DF848
:1075A0001730002B21D09DF81730042B41D19DF8C6
:1075B0000B3003F02003002B0DD09DF80B3003F0AF
:1075C0000403002B31D0019B802283F82B20002361
:1075D0008DF817302DE09DF80B3003F00403002BDD
:1075E00027D105238DF8173023E09DF80B3003F0E9
:1075F0000403002B1FD1049B9B7903F01003002B85
:1076000003D105238DF8173016E0039B03F13802F0
:10761000019B1B69C3F30803134419460398FFF742
:1076200024F90246049B9A60A2E700BFA0E700BFCE
:1076300002E000BF00E000BF9DF81730184607B019
:107640005DF804FB86B001904FF0FF330493019B7B
:107650001B68002B31D0019B1B68059302E0059B42
:1076600001330593059B1B781F2B03D9059B1B78C2
:107670003A2BF4D1059B1B783A2B1CD1019B1B683C
:107680000393039B5A1C03921B78303B0293029B8B
:10769000092B0ED8039A059B9A420AD1029B002B14
:1076A00007D1029B0493059B01330593019B059A27
:1076B0001A60049B02E000230493049B184606B062
:1076C0007047000000B583B001900091019B00223B
:1076D000DA70019B4FF0FF325A6300990198FEF770
:1076E000D8FB0346002B01D0042338E0019B38333C
:1076F00003F5FF731846FEF7A5FA03461A464AF645
:1077000055239A4201D0032329E0019B93F8383096
:10771000E92B09D0019B93F83830EB2B1ED1019B4C
:1077200093F83A30902B19D1019B383336331846F1
:10773000FEF79FFA034623F07F430B4A934201D1A1
:1077400000230CE0019B383352331846FEF791FAC0
:107750000346064A934201D1002300E00223184663
:1077600003B05DF804FB00BF46415400464154336A
:1077700000B597B00390029113468DF80730029B35
:1077800000221A600398FFF75DFF0F900F9B002BFC
:1077900001DA0B2337E2A44A0F9B52F823300E93F1
:1077A0000E9B002B01D10C232DE2029B0E9A1A6036
:1077B0009DF8073023F001038DF807300E9B1B78EE
:1077C000002B1BD00E9B5B781846FEF72BF8034668
:1077D0008DF837309DF8373003F00103002B0DD1C1
:1077E0009DF80730002B07D09DF8373003F00403D5
:1077F000002B01D00A2306E2002304E20E9B0022A4
:107800001A700F9BDAB20E9B5A700E9B5B7818466B
:10781000FDF73EFF03468DF837309DF8373003F013
:107820000103002B01D00323EDE19DF80730002B6D
:1078300007D09DF8373003F00403002B01D00A2352
:10784000E1E10023149314990E98FFF73BFF0346E0
:107850008DF857309DF85730022B49D100231093F3
:107860001EE00E9B03F13802109B1B0103F5DF7332
:1078700013440C930C9B04331B78002B06D00C9BF9
:1078800008331846FEF7F5F9024600E00022109B87
:107890009B0016A90B4443F8442C109B0133109312
:1078A000109B032BDDD900231093109B002B02D0DB
:1078B000109B013B1093109B9B0016AA134453F896
:1078C000443C1493149B002B05D014990E98FFF799
:1078D000F9FE034600E003238DF857309DF857303A
:1078E000012B05D9109B01331093109B032BE2D978
:1078F0009DF85730042B01D1012384E19DF85730C6
:10790000012B01D90D237EE10E9B38330B33184632
:10791000FEF798F90346B3F5007F01D00D2372E11D
:107920000E9B383316331846FEF78CF90346139333
:10793000139B002B06D10E9B383324331846FEF7D9
:1079400098F913900E9B139A1A620E9B93F8482095
:107950000E9B9A700E9B9B78012B05D00E9B9B78FB
:10796000022B01D00D234EE10E9B9B781A46139BF0
:1079700002FB03F313930E9B93F845309AB20E9BD0
:107980005A810E9B5B89002B08D00E9B5B891A469F
:107990000E9B5B89013B1340002B01D00D2332E18C
:1079A0000E9B383311331846FEF74CF903461A463E
:1079B0000E9B1A810E9B1B8903F00F039BB2002BB9
:1079C00001D00D231FE10E9B383313331846FEF709
:1079D00039F903461293129B002B06D10E9B3833C4
:1079E00020331846FEF745F912900E9B38330E33BC
:1079F0001846FEF727F90346ADF82E30BDF82E30B5
:107A0000002B01D10D23FEE0BDF82E20139B134463
:107A10000E9A1289120992B213440A93129A0A9B7F
:107A20009A4203D20D23EEE090170020129A0A9B8F
:107A3000D31A0E9A5289B3FBF2F30993099B002BD8
:107A400001D10D23DFE003238DF85730099B4FF65A
:107A5000F572934202D802238DF85730099B40F605
:107A6000F572934202D801238DF85730099B9A1C76
:107A70000E9BDA610E9B149A5A62BDF82E20149B5D
:107A80001A440E9B9A62149A0A9B1A440E9B1A631C
:107A90009DF85730032B1ED10E9B38332A331846DE
:107AA000FEF7D0F80346002B01D00D23ABE00E9B70
:107AB0001B89002B01D00D23A5E00E9B38332C33FE
:107AC0001846FEF7D6F802460E9BDA620E9BDB697B
:107AD0009B0011931FE00E9B1B89002B01D10D23EE
:107AE00091E00E9B9A6A139B1A440E9BDA629DF8F2
:107AF0005730022B03D10E9BDB695B000AE00E9B23
:107B0000DA6913465B0013445A080E9BDB6903F0E5
:107B10000103134411930E9B1A6A119B03F2FF1386
:107B20005B0A9A4201D20D236DE00E9B4FF0FF32AB
:107B30005A610E9B5A690E9B1A610E9B80221A7124
:107B40009DF85730032B49D10E9B383330331846FC
:107B5000FEF778F80346012B40D1149B01331946F8
:107B60000E98FEF796F90346002B37D10E9B0022A4
:107B70001A710E9B383303F5FF731846FEF762F84F
:107B800003461A464AF655239A4227D10E9B3833AC
:107B90001846FEF76EF803461D4A93421ED10E9B0F
:107BA000383303F5F2731846FEF763F80346194AB3
:107BB000934213D10E9B383303F5F4731846FEF746
:107BC00058F802460E9B5A610E9B383303F5F67344
:107BD0001846FEF74EF802460E9B1A610E9B9DF862
:107BE00057201A700C4B1B8801339AB20A4B1A802B
:107BF000094B1A880E9BDA800E9B084ADA600E9BAE
:107C000000229A610023184617B05DF804FB00BFFC
:107C100052526141727241619417002098170020FE
:107C200000B585B001900091019B002B1AD0019BFB
:107C30001B68002B16D0019B1B681B78002B11D0F2
:107C4000019B1B68DA88019B9B889A420AD1019BA1
:107C50001B685B781846FDF7E5FD034603F001035A
:107C6000002B06D0009B00221A6009238DF80F30EC
:107C700006E0019B1A68009B1A6000238DF80F3004
:107C80009DF80F30184605B05DF804FB00B589B0CB
:107C90000390029113468DF80730029B049304ABC6
:107CA0001846FFF7CFFC0790079B002B01DA0B2348
:107CB00029E0174A079B52F823300693069B002BB6
:107CC00002D0069B00221A70039B002B02D0039B5C
:107CD00000221A70039A0E49079B41F82320039B48
:107CE000002B03D09DF80730012B01D000230AE0C0
:107CF00003A902AB00221846FFF73AFD03468DF8B0
:107D000017309DF81730184609B05DF804FB00BF26
:107D10009017002000B599B00390029113468DF89A
:107D20000730039B002B01D1092382E19DF8073026
:107D300003F03F038DF807309DF8072004A902AB3C
:107D40001846FFF715FD03468DF85F309DF85F304C
:107D5000002B40F06581049B0593029A05AB114608
:107D60001846FFF7D1FB03468DF85F309DF85F3072
:107D7000002B07D19DF83F305BB2002B02DA0623BF
:107D80008DF85F309DF8073003F01C03002B7AD08C
:107D90009DF85F30002B11D09DF85F30042B06D189
:107DA00005AB1846FFF73CF803468DF85F309DF8A9
:107DB000073043F008038DF8073012E09DF81A30C1
:107DC00003F01103002B03D007238DF85F3008E088
:107DD0009DF8073003F00403002B02D008238DF830
:107DE0005F309DF85F30002B6AD19DF8073003F0BB
:107DF0000803002B64D0914B14930C9B0E33149901
:107E00001846FDF76FFF0C9B163314991846FDF7C3
:107E100069FF0C9B0B3320221A70049B0C9A1146AD
:107E20001846FEF722FD1390049B0C990022184679
:107E3000FEF739FD0C9B1C3300211846FDF752FF5D
:107E4000049B0122DA70139B002B39D0049B5B6BDF
:107E5000149305AB002213991846FEF772FA0346F5
:107E60008DF85F309DF85F30002B29D1049B149969
:107E70001846FEF70EF803468DF85F30049B139A00
:107E8000013A1A611CE09DF85F30002B18D19DF873
:107E90001A3003F01003002B03D004238DF85F3059
:107EA0000EE09DF8073003F00203002B08D09DF888
:107EB0001A3003F00103002B02D007238DF85F3046
:107EC0009DF85F30002B12D19DF8073003F00803B6
:107ED000002B05D09DF8073043F040038DF80730A4
:107EE000049B5A6B039B1A620C9A039B5A629DF87F
:107EF0005F30002B40F09480049B0C9A114618468A
:107F0000FEF7B3FC0246039B9A600C9B1C33184699
:107F1000FDF7AFFE0246039BDA60049A039B1A60EA
:107F2000049BDA88039B9A80039B9DF807201A74B0
:107F3000039B00225A74039B0022DA61039B0022F8
:107F40005A61039B28334FF4007200211846FDF755
:107F50000CFF9DF8073003F02003002B60D0039B3B
:107F6000DB68002B5CD0039BDA68039B5A61049B9F
:107F70005B895B021293039B9B681693039BDB68F0
:107F8000159316E0039B16991846FEF73FF81690D6
:107F9000169B012B02D802238DF85F30169BB3F19C
:107FA000FF3F02D101238DF85F30159A129BD31A3F
:107FB00015939DF85F30002B03D1159A129B9A42BE
:107FC000E0D8039B169A9A619DF85F30002B27D169
:107FD000159BC3F30803002B22D0049B1699184667
:107FE000FDF7FAFF1190119B002B03D102238DF8AE
:107FF0005F3015E0159B5A0A119B1A44039BDA6106
:10800000049B5878039B03F12801039BDA69012341
:10801000FDF732FC0346002B02D001238DF85F30C0
:108020009DF85F30002B02D0039B00221A609DF860
:108030005F30184619B05DF804FB00BF000021480E
:1080400000B58DB00390029101920093029B0793BB
:10805000009B00221A60039B04AA11461846FFF7F2
:10806000DFFD03468DF82F309DF82F30002B07D110
:10807000039B5B7C8DF82F309DF82F30002B02D0B6
:108080009DF82F303FE1039B1B7C03F00203002B84
:1080900001D1072337E1039B5A69019B1A44039BD3
:1080A0005B699A4280F02181039B5B69DB4301930A
:1080B0001BE1039B5B69C3F30803002B40F0D780EF
:1080C000039B5B695B0A049A5289013A1340069349
:1080D000069B002B37D1039B5B69002B0CD1039BC4
:1080E0009B680A930A9B002B0ED1039B0021184624
:1080F000FEF792F90A9007E0039A039B9B691946E1
:108100001046FEF789F90A900A9B002B00F0F280D6
:108110000A9B012B04D1039B02225A740223F2E032
:108120000A9BB3F1FF3F04D1039B01225A74012340
:10813000E9E0039B0A9A9A61039B9B68002B02D19A
:10814000039B0A9A9A60039B1B7C5BB2002B18DA94
:10815000049B5878039B03F12801039BDA690123F0
:10816000FDF718FC0346002B04D0039B01225A7430
:108170000123C8E0039B1B7C03F07F03DAB2039B5F
:108180001A74049A039B9B6919461046FDF724FF55
:108190000590059B002B04D1039B02225A740223F5
:1081A000B1E0059A069B13440593019B5B0A089373
:1081B000089B002B3CD0069A089B1344049A5289D2
:1081C000934205D9049B5B891A46069BD31A0893F0
:1081D000049B5878089B059A0799FDF7DBFB03463B
:1081E000002B04D0039B01225A7401238BE0039BD4
:1081F000DA69059BD31A089A9A4215D9039B03F1B1
:108200002800039BDA69059BD31A5B02079A134483
:108210004FF400721946FDF78CFD039B1B7C03F0A5
:108220007F03DAB2039B1A74089B5B0209933FE059
:10823000039BDB69059A9A4216D0039B5A69039BFC
:10824000DB689A4210D2049B5878039B03F1280103
:108250000123059AFDF710FB0346002B04D0039B76
:1082600001225A7401234EE0039B059ADA61039BB5
:108270005B69C3F30803C3F500730993099A019B73
:108280009A4201D9019B0993039B03F12802039BA6
:108290005B69C3F308031344099A07991846FDF76D
:1082A00048FD039B1B7C63F07F03DAB2039B1A74C7
:1082B000079A099B13440793039B5A69099B1A4425
:1082C000039B5A61039BDA68039B5B699A4238BF40
:1082D0001A46039BDA60009B1A68099B1A44009BAC
:1082E0001A60019A099BD31A0193019B002B7FF41A
:1082F000E0AE00E000BF039B1B7C43F04003DAB21A
:10830000039B1A74002318460DB05DF804FB0000AF
:1083100000B587B00190019B02AA11461846FFF7ED
:108320007FFC03468DF817309DF81730002B6AD17B
:10833000019B1B7C03F04003002B64D0019B1B7C42
:108340005BB2002B15DA029B5878019B03F12801E0
:10835000019BDA690123FDF71DFB0346002B01D0C9
:10836000012352E0019B1B7C03F07F03DAB2019BE7
:108370001A74284B0493029A019B1B6A19461046F3
:10838000FDF787FD03468DF817309DF81730002B59
:1083900039D1019B5B6A0393039B0B331A78039BD0
:1083A0000B3342F02002D2B21A70019B1868019B75
:1083B0009B681A460399FEF776FA039B03F11C02A9
:1083C000019BDB6819461046FDF78CFC039B1633B6
:1083D00004991846FDF786FC039B123300211846CA
:1083E000FDF765FC029B0122DA70029B1846FDF73F
:1083F00081FD03468DF81730019B1B7C23F0400361
:10840000DAB2019B1A749DF81730184607B05DF870
:1084100004FB00BF0000214800B585B00190019821
:10842000FFF776FF03468DF80F309DF80F30002BD5
:108430000FD1019B02AA11461846FFF7F1FB034634
:108440008DF80F309DF80F30002B02D1019B0022D8
:108450001A609DF80F30184605B05DF804FB10B5A2
:1084600090B0019002A901AB00221846FFF780F9F5
:1084700003468DF83F309DF83F30002B31D1029BF1
:108480000393019A03AB11461846FFF73DF80346E4
:108490008DF83F309DF83F30002B1BD19DF83730D1
:1084A0005BB2002B03DA029B059A9A6112E09DF8F9
:1084B000123003F01003002B09D0029B0A9A029C91
:1084C00011461846FEF7D1F90346A36102E00523E1
:1084D0008DF83F309DF83F30042B02D105238DF8F5
:1084E0003F309DF83F30184610B010BD00B587B042
:1084F00001900091019B002B01D1092356E0019BC3
:10850000049303A96B4600221846FFF731F903468E
:108510008DF817309DF81730002B3ED1039A049B3D
:108520001A60009B19460198FEF7EEFF03468DF88E
:1085300017309DF81730002B28D1019B93F82B3072
:108540005BB2002B13DB049B9B7903F01003002B21
:108550000AD0039A019BDB6919461046FEF785F99C
:108560000246049B9A6002E005238DF817309DF8BF
:108570001730002B0AD1039BDA88049B9A800021D4
:108580000198FDF7E5FF03468DF817309DF8173089
:10859000042B02D105238DF817309DF81730002BDE
:1085A00002D0049B00221A609DF81730184607B0CD
:1085B0005DF804FB00B597B0019002A901AB02225F
:1085C0001846FFF7D5F803468DF85730029B039302
:1085D0009DF85730002B40F0F480019A03AB114610
:1085E0001846FEF791FF03468DF857309DF8573037
:1085F000002B02D108238DF857309DF85730042BFB
:1086000008D19DF8373003F02003002B02D0062359
:108610008DF857309DF85730042B40F0D28003ABD3
:1086200000211846FDF7F8FE1190029B5B895B0262
:10863000069300238DF85730119B002B02D107239E
:108640008DF85730119B012B02D102238DF8573042
:10865000119BB3F1FF3F02D101238DF857309DF8F4
:108660005730002B06D1029B1846FDF7CCFB034682
:108670008DF85730564B10939DF85730002B6AD128
:10868000029B11991846FDF7A7FC1390029B383303
:108690000F934FF4007200210F98FDF766FB0B2239
:1086A00020210F98FDF761FB0F9B2E221A700F9B64
:1086B0000B3310221A700F9B163310991846FDF7D2
:1086C00011FB029B119A0F991846FEF7ECF80F9BCD
:1086D000203320220F991846FDF72BFB0F9B2133E7
:1086E0002E221A70059B1293029B1B78032B06D136
:1086F000029BDB6A129A9A4201D1002312930298DC
:108700000F9B2033129A1946FEF7CDF8029B5B8926
:1087100014931BE0139B5A1C1392029A5363029BFF
:108720000122DA70029B1846FDF76DFB03468DF8B7
:1087300057309DF85730002B0CD14FF400720021B8
:108740000F98FDF712FB149B013B1493149B002B15
:10875000E0D100E000BF9DF85730002B06D103ABFD
:108760001846FEF75DFB03468DF857309DF85730ED
:10877000002B20D10A9B0F930F9B1633109918469C
:10878000FDF7B0FA029B119A0F991846FEF78BF885
:108790000F9B0B3310221A70029B0122DA709DF896
:1087A0005730002B0DD1029B1846FDF7A3FB034663
:1087B0008DF8573005E003AB002211991846FDF7FC
:1087C000C0FD9DF85730184617B05DF804FB00BF98
:1087D0000000214888B003460091ADF80630BDF88E
:1087E0000630802B04D8BDF80630ADF81A3048E0CA
:1087F000009B002B05D0254B079341F6DD430293E8
:1088000004E0234B079341F6DD43029300230393D7
:108810001023049323E0029A039BD31ADA0F134424
:108820005B101A46039B13440593059B9B00079A14
:1088300013441B88BDF806209A4214D0059B9B0068
:10884000079A13441B88BDF806209A4202D9059B5B
:10885000039301E0059B0293049B013B0493049B5B
:10886000002BD8D100E000BF049B002B06D0059B55
:108870009B000233079A13441B8800E00023ADF8E5
:108880001A30BDF81A30184608B0704790810200BF
:10889000180E020086B00346ADF80630BDF806306B
:1088A000B3F5805F01D2514B00E0514B0593059B1E
:1088B0009A1C05921B88ADF81230BDF81230002BBF
:1088C00000F08E80BDF80620BDF812309A42C0F04C
:1088D0008780059B9A1C05921B88ADF81030BDF867
:1088E00010301B0AADF80E30BDF81030DBB2ADF819
:1088F0001030BDF80620BDF81210BDF810300B4442
:108900009A4260DABDF80E30082B68D801A252F8FE
:1089100023F000BF39890100518901006F890100EE
:108920007B89010087890100938901009F890100EB
:10893000AB890100B7890100BDF80620BDF81230EF
:10894000D31A5B00059A13441B88ADF8063039E052
:10895000BDF80620BDF81230D31A9BB203F0010314
:108960009BB2BDF80620D31AADF806302AE0BDF858
:108970000630103BADF8063024E0BDF80630203B51
:10898000ADF806301EE0BDF80630303BADF80630DD
:1089900018E0BDF806301A3BADF8063012E0BDF81D
:1089A00006300833ADF806300CE0BDF80630503B19
:1089B000ADF8063006E0BDF80630A3F5E353ADF898
:1089C000063000BF0BE0BDF80E30002B7FF46FAF18
:1089D000BDF810305B00059A1344059367E700BFAC
:1089E000BDF80630184606B0704700BF08F5020013
:1089F000FCF60200BFF34F8F00BF064BDB6803F4A9
:108A0000E0620449044B1343CB60BFF34F8F00BFB8
:108A100000BFFDE700ED00E00400FA0582B0164B50
:108A20001B680193154B1B680093019B082B1FD1FA
:108A3000009B052B1AD801A252F823F0558A010099
:108A4000598A01005D8A0100618A0100658A01007E
:108A5000698A010001230CE001230AE0012308E0F8
:108A6000012306E0012304E0012302E0012300E0EA
:108A70000023184602B07047300100103401001086
:108A800082B0164B1B680193154B1B680093019B2A
:108A9000082B1FD1009B052B1AD801A252F823F0F6
:108AA000B98A0100BD8A0100C18A0100C58A01009E
:108AB000C98A0100CD8A010001230CE001230AE0EC
:108AC000012308E0012306E0012304E0012302E082
:108AD000012300E00023184602B070473001001067
:108AE0003401001082B0164B1B680193154B1B68B4
:108AF0000093019B082B1FD1009B052B1AD801A2C4
:108B000052F823F01D8B0100218B0100258B010001
:108B1000298B01002D8B0100318B010001230CE01A
:108B200000230AE0002308E0002306E0002304E01D
:108B3000002302E0002300E00023184602B0704743
:108B4000300100103401001082B0164B1B680193F5
:108B5000154B1B680093019B082B1FD1009B052B15
:108B60001AD801A252F823F0818B0100858B0100F5
:108B7000898B01008D8B0100918B0100958B010089
:108B800001230CE000230AE0002308E0002306E0B4
:108B9000002304E0002302E0002300E00023184645
:108BA00002B07047300100103401001082B0164B43
:108BB0001B680193154B1B680093019B082B1FD169
:108BC000009B052B1AD801A252F823F0E58B010077
:108BD000E98B0100ED8B0100F18B0100F58B0100A9
:108BE000F98B010001230CE000230AE0002308E0D8
:108BF000002306E0002304E0002302E0002300E05D
:108C00000023184602B070473001001034010010F4
:108C100082B0164B1B680193154B1B680093019B98
:108C2000082B1FD1009B052B1AD801A252F823F064
:108C3000498C01004D8C0100518C0100558C0100C4
:108C4000598C01005D8C010001230CE000230AE037
:108C5000002308E0002306E0002304E0002302E0F4
:108C6000002300E00023184602B0704730010010D6
:108C70003401001082B0164B1B680193154B1B6822
:108C80000093019B082B1FD1009B052B1AD801A232
:108C900052F823F0AD8C0100B18C0100B58C0100BD
:108CA000B98C0100BD8C0100C18C010001230CE0D6
:108CB00001230AE0012308E0012306E0012304E088
:108CC000012302E0012300E00023184602B07047B0
:108CD000300100103401001082B0164B1B68019364
:108CE000154B1B680093019B082B1FD1009B052B84
:108CF0001AD801A252F823F0118D0100158D010040
:108D0000198D01001D8D0100218D0100258D0100AF
:108D100000230CE000230AE0002308E0002306E023
:108D2000012304E0012302E0012300E000231846B0
:108D300002B07047300100103401001008B5FFF791
:108D4000CBFF0346002B07D04FF010234FF080429B
:108D5000D3F80832C2F8583500BF08BD00BF044B35
:108D6000D3F80034002BFAD000BF00BF704700BF1B
:108D700000E0014000B583B00190054A019BC2F8B4
:108D80000435FFF7EBFF00BF03B05DF804FB00BF45
:108D900000E00140024B034A1A6000BF704700BF69
:108DA000F80000200090D00308B5FFF737FE034617
:108DB000002B0ED04FF080430022C3F80C214FF05F
:108DC00080430022C3F810214FF080430022C3F8F3
:108DD0003825FFF755FE0346002B76D04FF0805321
:108DE000734AD3F80434C2F820354FF08053704AE8
:108DF000D3F80834C2F824354FF080536C4AD3F8C6
:108E00000C34C2F828354FF08053694AD3F8103437
:108E1000C2F82C354FF08053654AD3F81434C2F8A9
:108E200030354FF08053624AD3F81834C2F83435E5
:108E30004FF080535E4AD3F81C34C2F840354FF0EF
:108E400080535B4AD3F82034C2F844354FF0805346
:108E5000574AD3F82434C2F848354FF08053544A67
:108E6000D3F82834C2F84C354FF08053504AD3F829
:108E70002C34C2F850354FF080534D4AD3F830347B
:108E8000C2F854354FF08053494AD3F83434C2F80D
:108E900060354FF08053464AD3F83834C2F8643511
:108EA0004FF08053424AD3F83C34C2F868354FF053
:108EB00080533F4AD3F84034C2F86C354FF08053AA
:108EC0003B4AD3F84434C2F87035FFF70BFE034633
:108ED000002B02D0374B384A1A60FFF735FE0346A5
:108EE000002B03D0354BFB22C3F81825FFF75EFE9D
:108EF0000346002B0AD0324B1B6823F00F02314B84
:108F00001B6803F00F032E4913430B60FFF780FE2D
:108F10000346002B03D02C4B4FF400721A60FFF76E
:108F2000A9FE0346002B0DD04FF08043D3F8003448
:108F300003F00103002B05D04FF080436FF00102D6
:108F4000C3F80024214BD3F88830204A43F470033F
:108F5000C2F88830BFF34F8F00BFBFF36F8F00BFE1
:108F6000FFF7ECFE4FF01023D3F80032002B05DBA7
:108F70004FF01023D3F80432002B15DA0120FFF74D
:108F8000F9FE4FF010231222C3F80022FFF7E6FE8D
:108F90004FF010231222C3F80422FFF7DFFE002057
:108FA000FFF7E8FEFFF726FDFFF7F4FE00BF08BD60
:108FB00000C000408C5600404881030000F0004093
:108FC000E40E0040580200104096024000ED00E020
:108FD00000B58DB00790069104931346ADF8163096
:108FE000BDF816309B00184602F0FEF80990099B68
:108FF000002B0ED0482002F0F7F80B900B9B002BB3
:1090000003D00B9B099A1A6305E0099802F09CF9BA
:1090100001E000230B930B9B002B14D0BDF816200E
:10902000002303930B9B02930F9B01930E9B0093D2
:10903000049B0699079800F00FF80B9800F08EF843
:1090400001230A9302E04FF0FF330A930A9B18466C
:109050000DB05DF804FB000000B587B003900291ED
:10906000019200930A9B186B019B9B001A46A52155
:1090700003F0A9F90A9B1A6B019B03F18043013BA2
:109080009B0013440493049B23F007030493049B65
:1090900003F00703002B04D02F4940F26330ECF7B4
:1090A00051FE0023059312E0029A059B13441978A0
:1090B0000A9A059B134434330A461A70029A059B98
:1090C00013441B78002B06D0059B01330593059BA9
:1090D000032BE9D900E000BF0A9B002283F8372068
:1090E000089B022B01D9022308930A9B089ADA6293
:1090F0000A9B089A9A630A9B0022DA630A9B04334C
:10910000184600F0E4FD0A9B1833184600F0DFFD16
:109110000A9B0A9A1A61089BC3F103020A9B9A618F
:109120000A9B0A9A5A620A9B00221A640A9B00222E
:1091300083F84420009A0399049801F0F7FD024651
:109140000A9B1A60099B002B02D0099B0A9A1A609D
:1091500000BF07B05DF804FBB8F7020000B583B0AC
:10916000019001F09DFE2D4B1B6801332B4A1360CB
:109170002B4B1B68002B09D1294A019B1360274BFD
:109180001B68012B10D100F01DFC0DE0254B1B6866
:10919000002B09D1224B1B68DA6A019BDB6A9A42D9
:1091A00002D81F4A019B13601F4B1B6801331E4AE4
:1091B0001360019BDA6A1D4B1B689A4203D9019B1D
:1091C000DB6A1A4A1360019BDA6A13469B00134458
:1091D0009B00174A1A44019B04331946104600F0BD
:1091E0007EFD01F083FE0F4B1B68002B11D00C4B52
:1091F0001B68DA6A019BDB6A9A420AD20D4B4FF078
:1092000080525A6040BFBFF34F8F00BFBFF36F8FD4
:1092100000BF00BF03B05DF804FB00BF481A002088
:1092200098190020541A0020641A0020501A0020B7
:109230009C19002000ED00E000B585B0019001F020
:109240002FFE019B002B02D12A4B1B6800E0019BE3
:109250000393039B0433184600F094FD039B9B6A21
:10926000002B04D0039B1833184600F08BFD224BD3
:109270001B680133204A13601E4B1B68039A9A42F5
:109280000BD1039B043319461C4800F028FD1C4BEE
:109290001B6801331A4A136009E01A4B1B68013B33
:1092A000184A1360039800F0F7FB00F005FC01F08A
:1092B0001DFE154B1B68002B18D00E4B1B68039A24
:1092C0009A4213D1114B1B68002B04D0104940F275
:1092D000A540ECF737FD0F4B4FF080525A6040BF6E
:1092E000BFF34F8F00BFBFF36F8F00BF00BF05B04C
:1092F0005DF804FB98190020641A00201C1A002055
:10930000301A0020481A0020541A0020701A002039
:10931000B8F7020000ED00E000B585B00190002331
:109320000393019B002B11D0114B1B68002B04D021
:10933000104940F20F50ECF705FD00F063F80021F2
:10934000019800F055FC00F067F80390039B002B98
:109350000AD1094B4FF080525A6040BFBFF34F8F84
:1093600000BFBFF36F8F00BF00BF05B05DF804FB07
:10937000701A0020B8F7020000ED00E000B585B0DB
:10938000194B01930023009300233C2217491848EE
:10939000FFF71EFE0390039B012B02D101F084F91D
:1093A0000390039B012B12D140230293029B83F372
:1093B000118800BF0F4B4FF0FF321A600E4B012295
:1093C0001A600E4B00221A6001F0F6FC08E0039BC5
:1093D000B3F1FF3F04D10A4940F2DC70ECF7B2FC74
:1093E00000BF05B05DF804FB6C1A002004F8020011
:1093F00091990100681A0020541A00204C1A00208C
:10940000B8F70200034B1B680133024A136000BF28
:10941000704700BF701A002000B585B00023039389
:1094200000230293404B1B68002B04D13F494FF4AB
:109430000460ECF787FC01F033FD3B4B1B68013BFC
:10944000394A1360384B1B68002B65D1384B1B68B9
:10945000002B61D02FE0374BDB68DB680393039B65
:109460001833184600F08EFC039B0433184600F0B6
:1094700089FC039BDA6A304B1B689A4203D9039B31
:10948000DB6A2D4A1360039BDA6A13469B00134480
:109490009B002A4A1A44039B04331946104600F0E5
:1094A0001EFC039BDA6A264B1B68DB6A9A4202D3D6
:1094B000244B01221A601F4B1B68002BCBD1039B4E
:1094C000002B01D000F0F8FA1F4B1B680193019BA1
:1094D000002B10D000F046F80346002B02D0194BA9
:1094E00001221A60019B013B0193019B002BF1D1EA
:1094F000154B00221A60134B1B68002B0CD0012364
:109500000293124B4FF080525A6040BFBFF34F8F0F
:1095100000BFBFF36F8F00BF01F0E8FC029B18464D
:1095200005B05DF804FB00BF701A0020B8F7020018
:10953000481A0020081A0020501A00209C19002008
:10954000981900205C1A0020581A002000ED00E055
:1095500082B0034B1B680193019B184602B0704711
:109560004C1A002000B587B000230593464B1B68BA
:10957000002B78D1454B1B6801330493434A049B6D
:109580001360049B002B1AD1414B1B681B68002BF6
:1095900004D0404940F63320ECF7D4FB3C4B1B6829
:1095A00003933D4B1B683A4A13603B4A039B13608D
:1095B0003A4B1B680133394A136000F07DFA384B8F
:1095C0001B68049A9A4253D3314B1B681B68002BCB
:1095D00001D1012300E00023002B04D0304B4FF0D9
:1095E000FF321A6044E02A4B1B68DB68DB68029399
:1095F000029B5B680193049A019B9A4203D2284A1A
:10960000019B136034E0029B0433184600F0BAFB60
:10961000029B9B6A002B04D0029B1833184600F073
:10962000B1FB029BDA6A1F4B1B689A4203D9029B6B
:10963000DB6A1C4A1360029BDA6A13469B001344E0
:109640009B00194A1A44029B04331946104600F045
:1096500046FB029BDA6A154B1B68DB6A9A42B3D35E
:1096600001230593B0E7124B1B680133104A1360C6
:10967000104B1B68002B01D001230593059B184656
:1096800007B05DF804FB00BF701A00204C1A0020E0
:10969000001A0020B8F70200041A0020601A002007
:1096A000681A0020501A00209C19002098190020E8
:1096B000581A00205C1A002000B583B0234B1B68A9
:1096C000002B03D0224B01221A603BE0204B0022EA
:1096D0001A60204B1B6801930AE0019B002B04D108
:1096E0001D494FF43560ECF72DFB019B013B0193C5
:1096F0001A49019A13469B0013449B000B441B68B4
:10970000002BEAD0019A13469B0013449B00134A96
:1097100013440093009B5B685A68009B5A60009B4F
:109720005A68009B08339A4204D1009B5B685A68D0
:10973000009B5A60009B5B68DB68094A1360054A1E
:10974000019B136000BF03B05DF804FB701A00209A
:109750005C1A0020501A0020B8F702009C19002063
:109760009819002000B583B001900091019B002B57
:1097700004D10A494FF43660ECF7E4FA084B1B6851
:1097800018331946019800F0C9FA0121009800F039
:109790002FFA00BF03B05DF804FB00BFB8F702006A
:1097A0009819002000B585B0039002910192039BA7
:1097B000002B04D10C4940F68B30ECF7C3FA0B4B6D
:1097C0001B6818331946039800F089FA019B002B97
:1097D00002D04FF0FF3302930199029800F008FA8B
:1097E00000BF05B05DF804FBB8F70200981900202F
:1097F00000B585B00190019BDB68DB680293029B9A
:10980000002B04D1224940F6BB30ECF79BFA029BB7
:109810001833184600F0B6FA1E4B1B68002B1DD1FA
:10982000029B0433184600F0ADFA029BDA6A1A4B29
:109830001B689A4203D9029BDB6A174A1360029B9A
:10984000DA6A13469B0013449B00144A1A44029B95
:1098500004331946104600F042FA05E0029B183323
:1098600019460F4800F03BFA029BDA6A0D4B1B6861
:10987000DB6A9A4205D9012303930B4B01221A603C
:1098800001E000230393039B184605B05DF804FB39
:10989000B8F70200701A0020501A00209C1900200E
:1098A000081A0020981900205C1A002082B001904C
:1098B000054B1A68019B1A60044B1A68019B5A6099
:1098C00000BF02B0704700BF601A00204C1A002091
:1098D00000B587B001900091019B002B04D1254970
:1098E00040F62640ECF72EFA009B002B04D12149CC
:1098F00040F62740ECF726FA01F0D2FA1E4B1B681F
:109900000493019B5B68049AD31A0393009B1B6822
:10991000B3F1FF3F02D10023059323E0019B1A68B6
:10992000164B1B689A4207D0019B5B68049A9A42C7
:1099300002D30123059315E0009B1B68039A9A420A
:109940000BD2009B1A68039BD21A009B1A600198E5
:10995000FFF7ACFF0023059304E0009B00221A6090
:109960000123059301F0C2FA059B184607B05DF884
:1099700004FB00BFB8F702004C1A0020601A002058
:10998000024B01221A6000BF704700BF5C1A002022
:1099900000B583B0019000F053F8084B1B68012B11
:1099A000F9D9074B4FF080525A6040BFBFF34F8F39
:1099B00000BFBFF36F8F00BFEDE700BF9C19002011
:1099C00000ED00E000B583B0002301930CE0019AA4
:1099D00013469B0013449B00114A1344184600F0A1
:1099E0005BF9019B01330193019B022BEFD90D48D9
:1099F00000F052F90C4800F04FF90C4800F04CF917
:109A00000B4800F049F90B4800F046F90A4B054AAB
:109A10001A600A4B044A1A6000BF03B05DF804FBE9
:109A20009C190020D8190020EC190020081A0020E9
:109A30001C1A0020341A0020001A0020041A0020EA
:109A400000B583B019E001F02BFA104BDB68DB683E
:109A50000193019B0433184600F094F90C4B1B68EA
:109A6000013B0B4A13600B4B1B68013B094A136017
:109A700001F03CFA019800F00FF8064B1B68002B30
:109A8000E1D100BF00BF03B05DF804FB1C1A002049
:109A9000481A0020301A002000B583B00190019BC5
:109AA0001B6B184601F050FC019801F04DFC00BF03
:109AB00003B05DF804FB000082B00D4B1B681B680F
:109AC000002B01D1012300E00023002B04D0094B1F
:109AD0004FF0FF321A6008E0054B1B68DB68DB685B
:109AE0000193019B5B68034A136000BF02B070479B
:109AF000001A0020681A002082B00A4B1B68002B55
:109B000002D10123019308E0074B1B68002B02D10F
:109B10000223019301E000230193019B184602B048
:109B2000704700BF541A0020701A002000B585B09D
:109B30000190019B029300230393019B002B4AD0C9
:109B4000274B1B68029A9A4204D0264940F63B7084
:109B5000ECF7F8F8029BDB6B002B04D1214940F6AF
:109B60003C70ECF7EFF8029BDB6B5A1E029BDA634A
:109B7000029BDA6A029B9B6B9A422CD0029BDB6BA6
:109B8000002B28D1029B0433184600F0FBF8029BFF
:109B90009A6B029BDA62029BDB6AC3F10302029BAF
:109BA0009A61029BDA6A104B1B689A4203D9029BA6
:109BB000DB6A0D4A1360029BDA6A13469B0013446A
:109BC0009B000A4A1A44029B04331946104600F0CF
:109BD00086F801230393039B184605B05DF804FB48
:109BE00098190020B8F70200501A00209C19002094
:109BF00000B585B001900091214B1B680393214B68
:109C00001B680433184600F0BDF8019BB3F1FF3F19
:109C10000AD1009B002B07D01A4B1B68043319464E
:109C2000194800F05CF826E0039A019B1344029364
:109C3000144B1B68029A5A60029A039B9A4209D2FB
:109C4000124B1A680F4B1B6804331946104600F07C
:109C500065F810E00E4B1A680A4B1B68043319466E
:109C6000104600F05BF80B4B1B68029A9A4202D236
:109C7000084A029B136000BF05B05DF804FB00BFFB
:109C80004C1A002098190020341A0020041A0020D1
:109C9000001A0020681A002082B00190019B03F195
:109CA0000802019B5A60019B4FF0FF329A60019BB2
:109CB00003F10802019BDA60019B03F10802019B9A
:109CC0001A61019B00221A6000BF02B0704782B087
:109CD0000190019B00221A6100BF02B0704784B05E
:109CE00001900091019B5B680393009B039A5A606B
:109CF000039B9A68009B9A60039B9B68009A5A603A
:109D0000039B009A9A60009B019A1A61019B1B6851
:109D10005A1C019B1A6000BF04B0704784B00190C8
:109D20000091009B1B680293029BB3F1FF3F03D19C
:109D3000019B1B6903930CE0019B0833039302E032
:109D4000039B5B680393039B5B681B68029A9A42C0
:109D5000F6D2039B5A68009B5A60009B5B68009A8E
:109D60009A60009B039A9A60039B009A5A60009B3A
:109D7000019A1A61019B1B685A1C019B1A6000BF63
:109D800004B0704784B00190019B1B690393019B51
:109D90005B68019A92689A60019B9B68019A52687D
:109DA0005A60039B5B68019A9A4203D1019B9A68AF
:109DB000039B5A60019B00221A61039B1B685A1E79
:109DC000039B1A60039B1B68184604B0704784B05D
:109DD000EFF311830193019B039340230293029BB2
:109DE00083F3118800BF039B184604B0704700003E
:109DF00000B585B001900091019B0393039B002B5C
:109E000003D12B49FC20EBF79DFF01F049F8039BA0
:109E10001A68039BDB6B0399096C01FB03F31A447B
:109E2000039B5A60039B00229A63039B1A68039B5F
:109E30009A60039B1A68039BDB6B013B0399096CD7
:109E400001FB03F31A44039BDA60039BFF2283F8B0
:109E50004420039BFF2283F84520009B002B16D152
:109E6000039B1B69002B1CD0039B10331846FFF784
:109E7000BFFC0346002B14D00E4B4FF080525A60AB
:109E800040BFBFF34F8F00BFBFF36F8F09E0039B4D
:109E900010331846FFF700FF039B24331846FFF7E3
:109EA000FBFE01F023F80123184605B05DF804FB22
:109EB0000CF8020000ED00E000B58BB005900491B5
:109EC00013468DF80F30059B002B04D1154940F245
:109ED0006D10EBF737FF049B002B02D10023099391
:109EE00004E0059B049A02FB03F30993099B4833A2
:109EF000184601F079F90890089B002B0CD0089BBC
:109F0000483307939DF80F20089B00931346079A48
:109F10000499059800F008F8089B18460BB05DF806
:109F200004FB00BF0CF8020000B585B0039002915D
:109F300001928DF80330029B002B03D1069B069AF9
:109F40001A6002E0069B019A1A60069B039ADA6384
:109F5000069B029A1A6401210698FFF749FF00BF89
:109F600005B05DF804FB000000B58BB003900291D2
:109F70000192009300230993039B0893089B002BF5
:109F800004D167494FF43770EBF7DCFE029B002BDE
:109F900008D1089B1B6C002B04D0614940F2DD20E6
:109FA000EBF7D0FE009B022B08D1089BDB6B012B4B
:109FB00004D05B4940F2DE20EBF7C4FEFFF79CFDC6
:109FC0000346002B07D1019B002B04D0544940F2DB
:109FD000E120EBF7B7FE00F063FF089B9A6B089B4C
:109FE000DB6B9A4202D3009B022B2ED1009A02997E
:109FF000089800F0EFF90790089B5B6A002B12D0DD
:10A00000089B24331846FFF7F3FB0346002B18D0B8
:10A01000444B4FF080525A6040BFBFF34F8F00BF98
:10A02000BFF36F8F0DE0079B002B0AD03D4B4FF025
:10A0300080525A6040BFBFF34F8F00BFBFF36F8F96
:10A0400000BF00F053FF012365E0019B002B03D10B
:10A0500000F04CFF00235EE0099B002B05D105AB0F
:10A060001846FFF723FC0123099300F03FFFFFF799
:10A07000C9F900F015FF089B93F844305BB2B3F1C7
:10A08000FF3F03D1089B002283F84420089B93F8EC
:10A0900045305BB2B3F1FF3F03D1089B002283F848
:10A0A000452000F023FF01AA05AB11461846FFF733
:10A0B0000FFC0346002B26D1089800F085FA0346D2
:10A0C000002B1AD0089B1033019A11461846FFF74F
:10A0D00049FB089800F00CFAFFF79EF90346002BA5
:10A0E0007FF479AF0F4B4FF080525A6040BFBFF3FF
:10A0F0004F8F00BFBFF36F8F0CE0089800F0F8F9A6
:10A10000FFF78AF967E7089800F0F2F9FFF784F99A
:10A11000002300E05FE718460BB05DF804FB00BFCA
:10A120000CF8020000ED00E000B58BB00390029146
:10A1300001920093039B0893089B002B04D13249A2
:10A1400040F2A230EBF7FEFD029B002B08D1089BEA
:10A150001B6C002B04D02C4940F2A330EBF7F2FD2E
:10A16000009B022B08D1089BDB6B012B04D02649F6
:10A170004FF46970EBF7E6FD00F0E6FEFFF727FE0F
:10A180000790089B9A6B089BDB6B9A4202D3009B5B
:10A19000022B2CD1089B93F845308DF81B30009A88
:10A1A0000299089800F016F99DF91B30B3F1FF3FB2
:10A1B00012D1089B5B6A002B16D0089B24331846EB
:10A1C000FFF716FB0346002B0ED0019B002B0BD094
:10A1D000019B01221A6007E09DF81B300133DBB2BE
:10A1E0005AB2089B83F845200123099301E000231C
:10A1F0000993079B0593059B83F3118800BF099B77
:10A2000018460BB05DF804FB0CF8020000B58BB0EB
:10A2100003900291019200230993039B0893089BEA
:10A22000002B04D15C4940F2DF40EBF78BFD029B31
:10A23000002B08D1089B1B6C002B04D0564940F220
:10A24000E340EBF77FFDFFF757FC0346002B07D1F8
:10A25000019B002B04D050494FF49D60EBF772FD39
:10A2600000F01EFE089B9B6B0793079B002B22D0E0
:10A270000299089800F017F9079B5A1E089B9A63E9
:10A28000089B1B69002B12D0089B10331846FFF760
:10A29000AFFA0346002B0AD0404B4FF080525A6071
:10A2A00040BFBFF34F8F00BFBFF36F8F00BF00F001
:10A2B0001DFE01236BE0019B002B03D100F016FE75
:10A2C000002364E0099B002B05D105AB1846FFF77E
:10A2D000EDFA0123099300F009FEFFF793F800F06F
:10A2E000DFFD089B93F844305BB2B3F1FF3F03D12D
:10A2F000089B002283F84420089B93F845305BB20A
:10A30000B3F1FF3F03D1089B002283F8452000F002
:10A31000EDFD01AA05AB11461846FFF7D9FA034631
:10A32000002B25D1089800F03AF90346002B19D0EC
:10A33000089B2433019A11461846FFF713FA089830
:10A3400000F0D6F8FFF768F80346002B88D1134BCE
:10A350004FF080525A6040BFBFF34F8F00BFBFF332
:10A360006F8F13E0089800F0C3F8FFF755F877E710
:10A37000089800F0BDF8FFF74FF8089800F00FF9C3
:10A380000346002B3FF46CAF002300E068E718465B
:10A390000BB05DF804FB00BF0CF8020000ED00E01C
:10A3A00000B585B00190019B002B04D1084940F213
:10A3B0006C70EBF7C7FC00F073FD019B9B6B039384
:10A3C00000F094FD039B184605B05DF804FB00BF48
:10A3D0000CF8020000B587B00390029101920023AF
:10A3E0000593039B9B6B0493039B1B6C002B0DD16C
:10A3F000039B1B68002B4DD1039B5B681846FFF73E
:10A4000095FB0590039B00225A6043E0019B002BC3
:10A4100019D1039B9868039B1B6C1A46029901F0A3
:10A42000A9FF039B9A68039B1B6C1A44039B9A60C9
:10A43000039B9A68039B5B689A422BD3039B1A6821
:10A44000039B9A6026E0039BD868039B1B6C1A460B
:10A45000029901F08FFF039BDA68039B1B6C5B4240
:10A460001A44039BDA60039BDA68039B1B689A42D9
:10A4700007D2039B5A68039B1B6C5B421A44039BE5
:10A48000DA60019B022B05D1049B002B02D0049BB8
:10A49000013B0493049B5A1C039B9A63059B18463B
:10A4A00007B05DF804FB00B583B001900091019BFB
:10A4B0001B6C002B18D0019BDA68019B1B6C1A44A3
:10A4C000019BDA60019BDA68019B5B689A4203D3C7
:10A4D000019B1A68019BDA60019BD968019B1B6C88
:10A4E0001A46009801F046FF00BF03B05DF804FB78
:10A4F00000B585B0019000F0D3FC019B93F8453086
:10A500008DF80F3013E0019B5B6A002B14D0019B88
:10A5100024331846FFF76CF90346002B01D0FFF7F0
:10A520002FFA9DF80F30013BDBB28DF80F309DF90B
:10A530000F30002BE7DC00E000BF019BFF2283F817
:10A54000452000F0D3FC00F0ABFC019B93F84430B5
:10A550008DF80E3013E0019B1B69002B14D0019B7A
:10A5600010331846FFF744F90346002B01D0FFF7DC
:10A5700007FA9DF80E30013BDBB28DF80E309DF9E5
:10A580000E30002BE7DC00E000BF019BFF2283F8C8
:10A59000442000F0ABFC00BF05B05DF804FB00B543
:10A5A00085B0019000F07CFC019B9B6B002B02D1DD
:10A5B0000123039301E00023039300F097FC039B26
:10A5C000184605B05DF804FB00B585B0019000F0B9
:10A5D00067FC019B9A6B019BDB6B9A4202D10123C2
:10A5E000039301E00023039300F080FC039B1846D3
:10A5F00005B05DF804FB000084B0019000910023D9
:10A60000039314E00D4A039B52F83330002B0BD117
:10A610000A49039B009A41F83320084A039BDB0058
:10A620001344019A5A6006E0039B01330393039B92
:10A63000012BE7D900BF00BF04B07047741A002097
:10A6400000B587B0039002910192039B059300F03F
:10A6500027FC059B93F844305BB2B3F1FF3F03D175
:10A66000059B002283F84420059B93F845305BB29C
:10A67000B3F1FF3F03D1059B002283F8452000F092
:10A6800035FC059B9B6B002B06D1059B2433019A5F
:10A6900002991846FFF786F80598FFF729FF00BFD3
:10A6A00007B05DF804FB000000B585B000230393FC
:10A6B00000F080FA0D4B1B68002B0AD00C4B019365
:10A6C00002230093002350220A490B48FEF780FC26
:10A6D0000390039B002B04D108494FF48870EBF7DB
:10A6E00031FB039B184605B05DF804FBB41A00204B
:10A6F000B81A002058F8020005A8010060F802000E
:10A7000000B58BB00390029101920093002309934E
:10A71000039B002B04D11B4940F28310EBF712FB83
:10A72000194B1B68002B27D0029B0593019B0693B6
:10A73000039B0793029B052B16DCFFF7DDF903460D
:10A74000022B08D1104B186805A900230C9AFFF7BB
:10A750000BFC099010E00C4B186805A9002300229F
:10A76000FFF702FC099007E0074B186805A90023D2
:10A77000009AFFF7D9FC0990099B18460BB05DF8C9
:10A7800004FB00BF60F80200B41A002000B587B0D7
:10A7900003900291194B1B68DB68DB680593059BEE
:10A7A00004331846FFF7EEFA059BDB69012B1CD139
:10A7B000059B9A69039BD118039B029A059800F0A8
:10A7C000BDF80346002B10D0002300930023039A0A
:10A7D00000210598FFF794FF0490049B002B04D1FF
:10A7E000074940F2E510EBF7ADFA059B5B6A059867
:10A7F000984700BF07B05DF804FB00BFAC1A00200B
:10A8000060F8020000B585B0019002AB184600F078
:10A8100057F80390029B1946039800F003F800F0E4
:10A82000CFF8F2E700B585B001900091FEF7EAFDA0
:10A8300002AB184600F064F80390029B002B32D163
:10A84000009B002B0AD1019A039B9A4206D8FEF77F
:10A85000E3FD03990198FFF799FF27E0009B002B88
:10A8600008D0144B1B681B68002B0CBF012300236E
:10A87000DBB20093104B1868019A039BD31A009A1D
:10A880001946FFF7DDFEFEF7C7FD0346002B0DD18D
:10A890000A4B4FF080525A6040BFBFF34F8F00BF4A
:10A8A000BFF36F8F02E0FEF7B7FDFFE700BF05B013
:10A8B0005DF804FBB01A0020B41A002000ED00E09F
:10A8C00084B001900D4B1B681B68002B0CBF01234B
:10A8D0000023DBB21A46019B1A60019B1B68002B08
:10A8E00005D1064B1B68DB681B68039301E000235E
:10A8F0000393039B184604B0704700BFAC1A0020B6
:10A9000000B585B00190FEF723FE03900A4B1B684B
:10A91000039A9A4205D200F0F1F8019B01221A60D5
:10A9200002E0019B00221A60034A039B1360039B11
:10A93000184605B05DF804FBBC1A002000B587B0CE
:10A94000039002910192009300230593039B029AC6
:10A950005A60039B039A1A61029A019B9A4212D889
:10A96000019A009BD21A039B9B699A4202D301234E
:10A9700005931BE0104B1A68039B043319461046DD
:10A98000FFF7CCF912E0019A009B9A4206D2029A94
:10A99000009B9A4202D30123059307E0074B1A68F4
:10A9A000039B043319461046FFF7B8F9059B184678
:10A9B00007B05DF804FB00BFB01A0020AC1A0020FD
:10A9C00000B58DB086E0049B002B12DA04AB043393
:10A9D0000B930B9B002B04D146494FF43170EBF7DE
:10A9E000B1F90B9B1B680B9A50680B9A9268114641
:10A9F0009847049B002B6CDB069B0A930A9B5B69C0
:10AA0000002B04D00A9B04331846FFF7BBF903ABB5
:10AA10001846FFF775FF0990049B092B5AD801A22D
:10AA200052F823F04DAA01004DAA01004DAA0100E1
:10AA3000D5AA01009FAA0100CBAA01004DAA0100DE
:10AA40004DAA0100D5AA01009FAA0100059A0A9B00
:10AA50009B69D118059B099A0A98FFF76FFF034677
:10AA6000002B37D00A9B5B6A0A9898470A9BDB69E0
:10AA7000012B2FD1059A0A9B9B691A44002300934E
:10AA8000002300210A98FFF73BFE0890089B002B4B
:10AA900020D1184940F2FE20EBF754F91AE0059A4C
:10AAA0000A9B9A610A9B9B69002B04D1114940F2D1
:10AAB0001530EBF747F90A9B9A69099BD118099B56
:10AAC000099A0A98FFF73AFF04E00A9800F03CFC64
:10AAD00000E000BF084B1B6804A900221846FFF7DE
:10AAE00095FB0346002B7FF46EAF00BF00BF0DB097
:10AAF0005DF804FB60F80200B41A002000B589B0CC
:10AB00003FE0294B1B68DB681B680693264B1B68DC
:10AB1000DB68DB680593059B04331846FFF732F9C1
:10AB2000059B5B6A05989847059BDB69012B28D13B
:10AB3000059B9B69069A13440493049A069B9A42C8
:10AB40000ED9059B049A5A60059B059A1A61164B0B
:10AB50001A68059B043319461046FFF7DFF810E02A
:10AB6000002300930023069A00210598FFF7C8FDF3
:10AB70000390039B002B04D10C4940F26F30EBF79C
:10AB8000E1F8094B1B681B68002BBAD1064B1B6808
:10AB90000793074B1B68044A1360054A079B136021
:10ABA00000BF09B05DF804FBAC1A002060F8020099
:10ABB000B01A002008B500F073F9134B1B68002B86
:10ABC0001DD11248FFF768F81148FFF765F8114BDF
:10ABD0000E4A1A60104B0E4A1A60002210212020E3
:10ABE000FFF76AF90346084A1360074B1B68002BFE
:10ABF00005D0054B1B6809491846FFF7FDFC00F01E
:10AC000075F900BF08BD00BFB41A0020841A0020E7
:10AC1000981A0020AC1A0020B01A0020ACF80200EC
:10AC20000648006880F3088862B661B6BFF34F8FAC
:10AC3000BFF36F8F00DF00BF00BF00000000000007
:10AC4000074B19680868B0E8F04F80F30988BFF334
:10AC50006F8F4FF0000080F31188704700BF000035
:10AC600098190020EFF30980BFF36F8F154B1A6816
:10AC70001EF0100F08BF20ED108A20E9F04F106081
:10AC80004DF8043D4FF0400080F31188BFF34F8F23
:10AC9000BFF36F8FFEF710FD4FF0000080F31188B7
:10ACA00008BC19680868B0E8F04F1EF0100F08BF24
:10ACB000B0EC108A80F30988BFF36F8F704700BF34
:10ACC00000BF000098190020034BDB681B0A03F04B
:10ACD00007031846704700BF00ED00E082B003464E
:10ACE00000918DF807309DF90730002B0ADB009B9F
:10ACF000DAB20C499DF907305201D2B20B4483F805
:10AD000000230BE0009BDAB207499DF8073003F0FF
:10AD10000F03043B5201D2B20B441A7600BF02B0BB
:10AD2000704700BF00E100E000ED00E084B0039058
:10AD300002910192039B043B0393002343F0807331
:10AD40001A46039B1A60039B043B0393029A039BDE
:10AD50001A60039B043B03930B4A039B1A60039BFB
:10AD6000143B0393019A039B1A60039B043B0393D8
:10AD7000039B6FF002021A60039B203B0393039B2B
:10AD8000184604B0704700BF8DAD010000B583B018
:10AD9000074B1B68B3F1FF3F03D006499E20EAF73B
:10ADA000D1FF40230193019B83F3118800BFFEE78D
:10ADB000C01A0020B4F8020000B585B0304B1B6803
:10ADC000304A934203D03049B020EAF7BBFF2F4B03
:10ADD0000393039B1B78DBB20293039BFF221A7041
:10ADE000039B1B78DBB28DF807309DF80730DBB290
:10ADF00003F00203DAB2264B1A70264B07221A60C0
:10AE00000BE0244B1B68013B224A13609DF807307E
:10AE1000DBB25B00DBB28DF807309DF80730DBB2A8
:10AE200003F08003802BECD01A4B1B6803F0070360
:10AE3000184A1360029BDAB2039B1A700F216FF05D
:10AE40000100FFF74BFF00F0ABF9134B00221A6033
:10AE500000F06EF8114B5B68104A43F040435360BA
:10AE6000074B1B69064A43F010031361FFF7D8FE36
:10AE7000FFF78CFF0023184605B05DF804FB00BF08
:10AE800000ED00E041C20F41B4F8020000E400E030
:10AE9000C41A0020C81A0020C01A002030EF00E0B9
:10AEA00000B583B040230193019B83F3118800BF59
:10AEB0000B4B1B6801330A4A1360094B1B68012BBB
:10AEC0000AD1084B5B68C3F30803002B04D0064982
:10AED00040F21110EAF736FF00BF03B05DF804FB43
:10AEE000C01A002000ED00E0B4F8020000B583B005
:10AEF0000D4B1B68002B04D10C494FF48C70EAF702
:10AF000021FF094B1B68013B074A1360064B1B6876
:10AF1000002B05D100230193019B83F3118800BF0F
:10AF200000BF03B05DF804FBC01A0020B4F80200B3
:10AF3000044BD3F88830034A43F47003C2F88830D6
:10AF400000BF704700ED00E000B585B0EFF305836A
:10AF50000193019B0093BDF80030C3F308039BB23B
:10AF60000393039B0F2B12D9114A039B103B1344ED
:10AF700093F800338DF80B300E4B1B789DF80B20A7
:10AF80009A4204D20C494FF4A970EAF7DBFEFFF7AE
:10AF90009BFE0246094B1B689A4204D906494FF4AE
:10AFA000B170EAF7CFFE00BF05B05DF804FB00BF4B
:10AFB00000E100E0C41A0020B4F80200C81A002022
:10AFC00082B003468DF807309DF90730002B0CDB6B
:10AFD0009DF8073003F01F0205499DF907305B0912
:10AFE000012000FA02F241F8232000BF02B07047AE
:10AFF00000E100E082B0034600918DF807309DF932
:10B000000730002B0ADB009BDAB20C499DF90730B0
:10B010005201D2B20B4483F800230BE0009BDAB25A
:10B0200007499DF8073003F00F03043B5201D2B2E9
:10B030000B441A7600BF02B0704700BF00E100E089
:10B0400000ED00E084B0EFF311830193019B0393C3
:10B0500040230293029B83F3118800BF039B184691
:10B0600004B0704782B001900091019B009AC3F830
:10B07000042300BF02B0704784B001900B46ADF8C6
:10B080000230BDF80230019A134400221A60BDF864
:10B090000230019A13441B680393039B00BF04B062
:10B0A000704782B00190019BD3F80435184602B076
:10B0B0007047000000B583B001900091009BB3F58C
:10B0C000805F04D306494FF4BE70EAF73BFE019B54
:10B0D000009AC3F8082500BF03B05DF804FB00BF69
:10B0E00010F9020082B001900B468DF803309DF8F4
:10B0F0000320019B13441A460123136000BF02B0D2
:10B10000704782B001900091019B009AC3F84423DC
:10B1100000BF02B07047000000B587B00023059360
:10B12000FFF790FF03901C48FFF7BBFF02904FF41E
:10B1300080711948FFF7A0FFFEF70AFA0246029B4A
:10B140009B1A23F07F430493049B012B0DD9FEF738
:10B15000D3FC0346022B08D00123049305E0FEF73D
:10B1600001FA0246059B13430593049B5A1E049261
:10B17000002BF4D1059B002B04D0084B4FF08052DC
:10B180005A6040BF039B0193019B83F3118800BF6A
:10B1900000BF07B05DF804FB0010014000ED00E0C7
:10B1A00008B50020EEF774FC1F210E48FFF782FF60
:10B1B00001210C48FFF756FF08210A48FFF792FFCC
:10B1C00000210848FFF78EFF02210648FFF799FF8C
:10B1D0000F211120FFF70EFF1120FFF7F1FE00BF36
:10B1E00008BD00BF0010014000B587B001900023EA
:10B1F0000393FEF707F94E4B1B68002B01D100F0BB
:10B20000F3F84C4B1A68019B1340002B7FD1019B34
:10B21000002B16D00822019B13440193019B03F0DD
:10B220000703002B0DD0019B23F007030833019384
:10B23000019B03F00703002B03D03F499620EAF758
:10B2400081FD019B002B62D03C4B1B68019A9A4206
:10B250005DD83B4B04933A4B1B68059304E0059B78
:10B260000493059B1B680593059B5B68019A9A42B2
:10B2700003D9059B1B68002BF1D12D4B1B68059A48
:10B280009A4244D0049B1B68082213440393059BF5
:10B290001A68049B1A60059B5A68019BD21A0823FE
:10B2A0005B009A4218D9059A019B13440293029BB2
:10B2B00003F00703002B03D01F49C320EAF742FD28
:10B2C000059B5A68019BD21A029B5A60059B019A02
:10B2D0005A60029800F0E6F8184B1A68059B5B6804
:10B2E000D31A164A1360154B1A68164B1B689A42FC
:10B2F00003D2124B1B68134A1360059B5A680D4B0F
:10B300001B681A43059B5A60059B00221A60FEF7D2
:10B3100083F8039B03F00703002B04D0064940F297
:10B320000310EAF70FFD039B184607B05DF804FB16
:10B33000D45A0020E05A002034F90200D85A0020E4
:10B34000CC5A0020DC5A002000B585B00190019B4A
:10B350000393019B002B3CD008235B42039A1344C8
:10B360000393039B0293029B5A681C4B1B68134078
:10B37000002B04D11A4940F21710EAF7E3FC029BB4
:10B380001B68002B04D016494FF48C70EAF7DAFCE6
:10B39000029B5A68114B1B681340002B19D0029B6B
:10B3A0001B68002B15D1029B5A680C4B1B68DB43B2
:10B3B0001A40029B5A60FEF725F8029B5A68094B17
:10B3C0001B681344074A1360029800F06BF8FEF7FD
:10B3D00023F800BF05B05DF804FB00BFE05A002071
:10B3E00034F90200D85A002084B04FF4804302930D
:10B3F000264B0393039B03F00703002B0CD0039B06
:10B4000007330393039B23F007030393029A039BE1
:10B41000D31A1E4A13440293039B01931C4A019BB7
:10B4200013601B4B00225A60019B029A1344039342
:10B430000822039B9B1A0393039B23F007030393A8
:10B44000039B144A1360134B1B6800225A60114B74
:10B450001B6800221A60019B0093009B039AD21A7A
:10B46000009B5A600B4B1A68009B1A60009B5B683C
:10B47000094A1360009B5B68084A1360084B4FF051
:10B4800000421A6000BF04B0704700BFCC1A002011
:10B49000CC5A0020D45A0020DC5A0020D85A002070
:10B4A000E05A002084B00190264B039302E0039BF6
:10B4B0001B680393039B1B68019A9A42F7D8039B6E
:10B4C0000293039B5B68029A1344019A9A4208D143
:10B4D000039B5A68019B5B681A44039B5A60039B59
:10B4E0000193019B0293019B5B68029A1A44039BA0
:10B4F0001B689A4218D1039B1A68134B1B689A4227
:10B500000DD0019B5A68039B1B685B681A44019B22
:10B510005A60039B1B681A68019B1A6008E00A4B7B
:10B520001A68019B1A6003E0039B1A68019B1A606A
:10B53000039A019B9A4202D0039B019A1A6000BFB2
:10B5400004B07047CC5A0020D45A002030B591EA9C
:10B55000030F00F18480841A71EB030C05D21219D9
:10B5600053EB0C03001B71EB0C0140F2000CCFF607
:10B57000E07C1CEA430F54D0BCEB410F61D90C0DA9
:10B58000A4EB135E31EA0C0141F4801133EA0C03A1
:10B5900043F48013DEF1200C2AD303FA0CF5401992
:10B5A00041F1000122FA0EF5401923FA0EF5694126
:10B5B00012FA0CF2CD0208D349085FEA30005FEAC4
:10B5C000320228BF42F001020134013C5FEA500C14
:10B5D00072F1004250F1000051EB04514FF400139E
:10B5E00013EB410F38BF30BD090D0905002030BDF8
:10B5F000BEF1200EBEF1200F1ED223FA0EF5401927
:10B6000041F10001CEF1200C124218BF012203FAD1
:10B610000CF52A43CEE711EA5C0F04BF002000219D
:10B6200030BD1CEA410F04BF01F00041002030BDD5
:10B6300001F00041002030BD21F4801101EB0451E4
:10B6400030BD004218BF41F00101BCEB410F08BF03
:10B6500030BD4FF0FE4141F47801002030BD83F051
:10B660000043841A71EB030E07D28EF0004E001BCC
:10B6700071EB0E01121953EB0E0340F2000CCFF6E2
:10B68000E07C1CEA430FC6D0BCEB410F72D90C0D15
:10B69000A4EB135EC90241EA5051C00241F00041DF
:10B6A000DB0243EA5253D20243F00043DEF1200CA6
:10B6B00041D312FA0CF522FA0EF203FA0CF542EA23
:10B6C000050218BF42F0010223FA0EF3801A9941D5
:10B6D000E30AC4F30A0411F0404F03D418D0013C2C
:10B6E00040004941013C23D44205C00A40EA415090
:10B6F000C90A51EAC3715FEA500C72F1004250F17D
:10B70000000051EB045130BD01002FD00020203C3F
:10B710000029F9D0B1FA81FCDCF1200E11FA0CF10C
:10B7200030FA0EF510FA0CF02943A4EB0C04D9E71B
:10B730000020D90730BDAEF1200EBEF1200F0DD292
:10B74000CEF1200C03FA0CF533FA0EF32A4318BF9E
:10B7500043F00103C01A61F10001B9E721F0004193
:10B76000C00A40EA4150C90A01EB045130BD002033
:10B77000002130BD004218BF41F00101BCEB410F78
:10B780007FF467AFBCEB430F3FF463AF30BD00BF46
:10B7900083F00043FFF7DABEF0B540F2FF7681EAAE
:10B7A000030C16EA115E1EBFB64516EA1355B542E4
:10B7B0005AD021EA465141F48011A1FB024723EA05
:10B7C000465343F48013AE44A0FB03650CF0004CD9
:10B7D00036197D41A1FB034747F10003A0FB021787
:10B7E000F619654153F10003094218BF46F00106FE
:10B7F00040F2FE74B3F5007F13D2AEF5806EA6451D
:10B800002BD24CEA0331280341EA155140EA165085
:10B810003203450872F1004250F1000051EB0E5125
:10B82000F0BDAEF2FF3EA64517D24CEAC321E802B6
:10B8300041EA555140EA5650F202450872F1004281
:10B8400050F1000051EB0E51F0BD0CF0004141F001
:10B85000FE4141F470010020F0BD1EEA0E0FF4D548
:10B860000CF000410020F0BD16EA115F04BF01F0AA
:10B8700000410020004218BF41F0010116EA135FA9
:10B8800004BF03F000430022124218BF43F001033B
:10B8900006EA1354B44218BF9EEA060F03D00CF018
:10B8A00000410020F0BD21F0004123F00043B1EB46
:10B8B000065F06D8B3EB065F03D8002918BF002B3C
:10B8C000C3D140F20001C7F6F8710020F0BD00BFFF
:10B8D0002DE9F04391EA030E0EF0004E40F200070E
:10B8E000CFF6E07717EA41051EBF95EA070F17EA82
:10B8F000430595EA070F00F0A1807F0D17EA135664
:10B9000023EA475343F4801317EA115521EA4751BC
:10B9100041F48011AD1B05F2FD354FEAD31C1CF13B
:10B92000010C4FF00047B7FBFCF77F01A2FB079C1F
:10B930000024E3FB07C4DCF1000CD9F100097CF121
:10B94000000CA0FB07620020E1FB072000275FEA54
:10B95000C628E0FB0987760D46EAC226520DF61985
:10B9600000277A41E0FB0C625FEAC823E2FB09375B
:10B970005FEA585848EAC628760D18EB07080021F8
:10B980004E41E2FB0C8602EBC020DA02E6FB092105
:10B990005B0D43EAC8235FEA58585B18002758EB51
:10B9A0000708E6FB0C38D102E8FB0917520D42EA02
:10B9B000C3225B0DD21900277B41E8FB0C2308EB67
:10B9C000C6265FEAC128E3FB0987490D41EAC22187
:10B9D000520DC91942F10002E3FB0C12470019EBAA
:10B9E00008095CEB010C72EB040453EBC62047EB37
:10B9F00056530026B3F5000F7641AD190236D6F145
:10BA0000200910FA09F4F04013FA09F21043F34048
:10BA1000E40F001943F10003B3F5001F24BF5B08D6
:10BA2000013540F2FE77BD4204D24EEA0551194479
:10BA3000BDE8F0832D4224D5714626E0004218BFB0
:10BA400041F00101124218BF43F00103B7EB410F6F
:10BA50002CBFB7EB430F1BE0B7EB410F04BFB7EBB5
:10BA6000430F15E017EA410F04BF17EA430F0FE039
:10BA700017EA410FE0D017EA430F02D0B7EB430FAC
:10BA8000DAD04EF0FE4141F470010020BDE8F083B1
:10BA900040F20001C7F6F871F7E700BF4FF4001C51
:10BAA0001CEB410F98BF1CEB430F11D851EA030C5C
:10BAB00050EA4C0C5CEA020C0CD004D282428B415E
:10BAC0008041013070479042994180410130704778
:10BAD00000207047012070474FF4001C1CEB410F01
:10BAE00098BF1CEB430F0CD850EA410C08BF52EA38
:10BAF000430C08D0904208BF99420CBF012000209F
:10BB00007047002070470120704700BF4FF4001CB1
:10BB10001CEB410F98BF1CEB430F11D851EA030CEB
:10BB200050EA4C0C5CEA020C0CD004D290429941D1
:10BB300080410130704782428B4180410130704723
:10BB400000207047012070474FF4001C1CEB410F90
:10BB500098BF1CEB430F11D851EA030C50EA4C0C70
:10BB60005CEA020C0AD004D282428B4180414042FE
:10BB70007047904299418041404270470020704791
:10BB80004FF4001C1CEB410F98BF1CEB430F11D866
:10BB900051EA030C50EA4C0C5CEA020C0AD004D2C5
:10BBA0009042994180414042704782428B4180419E
:10BBB00040427047002070470A15C90241EA5051BF
:10BBC000C00241F0004140F21E439A1A08DA2032C6
:10BBD0000DD4D141D04048409140D14048407047B9
:10BBE000202A28BF202231FA02F0002170476FF08E
:10BBF00000010846704700BFF9B140F23D42B1FA7A
:10BC000081F3D21AC3F1200C30FA0CFC9840994011
:10BC100051EA0C0183054FEAD02040EA41504FEA37
:10BC2000D12101EB025138BF7047013041F10001D1
:10BC30001B4208BF20F00100704748B140F21D428E
:10BC4000B0FA80F3D21A9840C10A400501EB0251C4
:10BC5000704700BFC0F3C75191B142004FEA407036
:10BC60004FEAD2014FEA310101F16051B2F17F4F49
:10BC700038BF704701F1605118BF41F4002170478F
:10BC800010F000410020704751EC100B0128494191
:10BC900011F5001F0CBF01200020704751EC100B64
:10BCA0000128494111F5001F8CBF01200020704779
:10BCB00051EC100B01F00040704700BF51EC100B2D
:10BCC00021F0004141EC100B704700BF2DE9F0411D
:10BCD00055EC104B8046002210EE100A0023294636
:10BCE00010EE106AFFF7F8FE30B1002345EC104B60
:10BCF000C8F80030BDE8F08125F0FF4323F4E003ED
:10BD000043F07F57C5F30A5347F40017A3F2FE33FD
:10BD100047EC106BC8F80030BDE8F081000000006F
:10BD20002DE9704355EC104B0646002210EE100A28
:10BD30000023294610EE108AFFF7CEFEB0B9C5F3F6
:10BD40000A53334440F2FE72934213DC002E01DBAF
:10BD5000002B0FDB002B09DD25F0FF4222F4E0026F
:10BD600042EA035949EC108BBDE870839FED060B46
:10BD7000BDE8708300F0ACFA074B1B6803609FEDD1
:10BD8000040BBDE8708300BF00000000000000004D
:10BD9000000000000000F07FF4FB02002DE9F041FC
:10BDA00055EC104B002600278046324610EE100A54
:10BDB0003B462946FFF790FE30BBC5F30A53A3F27A
:10BDC000FF32002AAC46A64624DB332A28DC29466B
:10BDD000164D2046C2F120064FF0FF3405FA06F654
:10BDE000D440A3F21F4325FA03F33443D5401C4348
:10BDF0002EEA04022CEA0503C8E90023FFF7C8FC79
:10BE000041EC100BBDE8F081C8E9006747EC106B0E
:10BE1000BDE8F081C8E9006745EC104BBDE8F08152
:10BE2000C8E9004547EC106BBDE8F081FFFF0F004B
:10BE300038B555EC104B10EE100A002200232946AD
:10BE4000FFF74AFE60BBC5F30A52A2F2FF31002998
:10BE50002B46A4461FDB332922DC1D48C1F12005F7
:10BE60004FF0FF34CC4000FA05F5A2F21F4220FA51
:10BE700002F22C43144320FA01F223EA02012CEAD5
:10BE8000040013400CEA0404234301D000290DDB15
:10BE900041EC100B38BD002D05DB9FED090B38BDC3
:10BEA00045EC104B38BD9FED080B38BD094B002207
:10BEB000FFF76EFC41EC100B38BD00BFAFF3008004
:10BEC0000000000000000000000000000000F0BFC3
:10BED000FFFF0F000000F03F30B52DED028BB0EEFC
:10BEE000408AF0EE608A55EC114B85B011EE100AD5
:10BEF000002200232946FFF7EFFD00287AD1B0EE9B
:10BF0000480AF0EE680AFFF7C9FE38B1B0EE480AF9
:10BF1000F0EE680A05B0BDEC028B30BD45EC104B6D
:10BF2000FFF7BCFE002870D151EC180B0022002353
:10BF3000FFF7D2FD0028E9D1B0EE480AF0EE680A1A
:10BF4000FFF7A2FE002866D145EC104BFFF79CFEE0
:10BF50000028DBD145EC104BFFF7B0FE55EC104B41
:10BF600010EE102A2B4651EC180BFFF7B1FC41ECF8
:10BF7000100B02A8FFF712FFDDE902232046294635
:10BF8000FFF70AFC02460B4651EC180BFFF700FCCA
:10BF90000022CDE90001002351EC180BFFF7D4FD7E
:10BFA0009DED000B002839D053EC102B204629467C
:10BFB000FFF774FD9DED000B38B151EC100B2246DC
:10BFC0002B46FFF7E5FB41EC100B51EC100B002268
:10BFD00000238DED000BFFF7D3FD9DED000B002836
:10BFE00098D051EC100B22462B46FFF7AFFA41ECEC
:10BFF000100B8FE700F06CF91F4B9FED1D0B1B68BA
:10C00000036005B0BDEC028B30BD45EC104B05B0B4
:10C01000BDEC028B30BD9FED160B7BE751EC100B96
:10C02000224605F100438DED000BFFF737FD9DED36
:10C03000000B38B151EC100B22462B46FFF786FA65
:10C0400041EC100B51EC100B002200238DED000B86
:10C05000FFF77AFD9DED000B00283FF45BAF51EC3C
:10C06000100B22462B46FFF793FB41EC100B51E7D8
:10C07000000000000000F87FF0FB020053EA020C11
:10C0800061D02DE9F04BB3FA83F51E0007BFB2FA79
:10C0900082F502FA05F403FA05F41646C5F1200507
:10C0A0001EBF22FA05F73C43203556EA044C4FEAFE
:10C0B000144418BF0134A3464FF00009C84690420B
:10C0C00071EB030C39D3094207BFB0FA80F700FACD
:10C0D00007F6B1FA81F701FA07F6C7F120071EBF8C
:10C0E00020FA07FC46EA0C062037B6FBFBFC7F1B58
:10C0F000103F07F01F04C4F120060CFA04F42CFAD8
:10C1000006F644BF34460026202FA4BF264600244E
:10C1100054EA060C08BF012418EB040849EB060991
:10C12000A4FB027CC01B06FB02CC04FB03CC71EB1E
:10C130000C01904271EB030CC5D20B4602464946F6
:10C140004046BDE8F08BB2FBF3F200007F2805D833
:10C15000034B185C034B5B5C184070470020704732
:10C160009CF902001CFA0200A0F16103192B98BF90
:10C1700020387047A0F14103192B98BF2030704739
:10C180007F2805D8034B185C034B5B5C1840704755
:10C19000002070479CF902001CFA0200A0F1610324
:10C1A000192B98BF20387047A0F14103192B98BF75
:10C1B000203070477F299ABF017001206FF02E0058
:10C1C00070475AB10A787F2A0AD800B1026000216C
:10C1D00019605960501A18BF01207047002070473D
:10C1E0006FF02E007047000070B5041E06DB002CB7
:10C1F0001DDD002600200F490F4D06E06442012698
:10C20000F8E764100835002C07DD14F0010FF8D0B2
:10C21000D5E90023FFF7C0FAF3E72EB102460B463B
:10C2200000200449FFF754FB41EC100B70BD0020C7
:10C230000049F9E70000F03FF8FB020010B50446A2
:10C240000846A2684AB12368616803F1010C8C4575
:10C2500008BF00208B4208D2D054E3682BB121687C
:10C260006268914201D221469847236801332360D6
:10C2700010BD70B54C1E09D41646C5B229463046CD
:10C28000FFF7DCFF013CB4F1FF3FF7D170BD10F0C8
:10C29000100F08D108B510F4007F14BF3020202003
:10C2A000FFF7E7FF08BD70470028B8BF404270475E
:10C2B00008B5034B5B689B681B68984708BD00BFC7
:10C2C000FC00002008B50921FFF7F2FF08BD0000BF
:10C2D00000B5E4F77DF8024B18445DF804FB00BF9D
:10C2E000080000000CB400B587B008AA52F8043B5F
:10C2F00005920390002004900291194601A800F0D5
:10C30000E7F807B05DF804EB02B070470EB400B573
:10C3100086B007AA52F8041B0592039000230493E9
:10C320006FF00043029301A800F0D2F806B05DF868
:10C3300004EB03B07047037853B159B1014403468D
:10C3400013F8012F12B18B42FAD10B46181A70471D
:10C350000346FBE70346F9E710B584B00C461146E7
:10C3600002900022039201941A46684600F0B0F849
:10C3700004B010BD844640EA010313F0030F18D146
:10C380008446202A0BD32DE9F007B1E8F807A0E88E
:10C39000F807A2F12002202AF7D2BDE8F007042A0C
:10C3A00007D351F8043B40F8043BA2F10402042AED
:10C3B000F7D2002A05D011F8013B00F8013B013A01
:10C3C000F9D1604670478446002A2DD010F0030F43
:10C3D00004D000F8011B013A26D0F7E7C9B241EAC0
:10C3E000012141EA0141202A12D3A2F120022DE9C4
:10C3F000F0030B460C460D460E460F46884689460E
:10C40000A0E8FA03203AFBD2BDE8F00320320BD0BB
:10C41000042A05D340F8041B043A05D0042AF9D2B3
:10C4200000F8011B013AFBD160467047024610F04C
:10C43000030F16D111F0030F13D12DE9F0004FF0C7
:10C4400001374FF0803351F8044BA4EB070525EA80
:10C4500004051D4002D142F8044BF4E7A1F10401A8
:10C46000F0BC11F8013B02F8013B002BF9D17047F9
:10C4700000F1010110F0030F11D010F8012B002A78
:10C4800023D010F0030F0AD010F8012B002A1CD083
:10C4900010F0030F03D010F8012B002A15D02DE95E
:10C4A00070004FF001324FF0803350F8044BA4EB92
:10C4B000020525EA04051D4000D1F6E7A0F10400BD
:10C4C00070BC10F8012B002AFBD1A0EB01007047D3
:10C4D0002DE9F04F2DED088B93B082460992002391
:10C4E00003600C4614F8011B002900F0E9879FED5A
:10C4F0009C9B9FED9DBB9FED9EAB4F4600F0D2BF36
:10C50000002507E05E2869D145F4805501E045F03B
:10C5100040051C46234613F8010B3028F2D81F288B
:10C5200037D9A0F12002102A33D801A151F822F006
:10C530000FC5010093C5010093C5010075C5010039
:10C5400093C5010093C5010093C501007BC501009F
:10C5500093C5010093C5010093C5010081C5010089
:10C5600093C5010087C5010093C5010093C5010073
:10C570008DC5010045F08005CBE745F40045C8E7CF
:10C5800045F02005C5E745F01005C2E745F4007504
:10C59000BFE72A2822D1099A111D09911268002AA1
:10C5A000BCBF524245F010051878A31C22EAE27283
:10C5B00004922E2827D00026742848D07A2846D006
:10C5C0006A2800F0C5806C2800F0D6804C2800F066
:10C5D000E180682800F0EF809B463BE0A0F130024C
:10C5E000D2B2092A88BF0022E0D8002202EB8202E0
:10C5F000303800EB420213F8010BA0F13001C9B250
:10C600000929F3D9D2E718782A280AD1099A111DE5
:10C610000991166858780233002ECDDB45F48075F9
:10C62000CAE70133A0F13002D2B2092A88BF00263E
:10C63000F4D8002606EB8606303800EB460613F8E1
:10C64000010BA0F13002D2B2092AF3D9E4E79B46EC
:10C650001BF8010B782800F2A080DFE810F04307F8
:10C660009E009E009E009E009E009E009E009E00DA
:10C670009E009E009E009E009E009E009E009E00CA
:10C680009E009E009E009E009E009E009E009E00BA
:10C690009E009E009E009E009E009E009E009E00AA
:10C6A0009E009E009E009E00BA009E009E009E007E
:10C6B0009E009E009E009E009E009E009E009E008A
:10C6C0009E009E009E009E009E009E009E009E007A
:10C6D0009E009E009E009E009E009E009E009E006A
:10C6E0009E009E009E009E000B0226022B029E00D2
:10C6F0009E009E009E009E009E009E009E009E004A
:10C700009E009E009E009E009E009E009E004E0188
:10C710009E009E009E009E009E009E009E009E0029
:10C720009E009E00C000A4010D0228022D029E0062
:10C73000A4019E009E009E009E00D1009001280151
:10C740009E009E00EC009E009C019E009E005001F9
:10C7500045F002059B461BF8010B7BE7AFF3008019
:10C76000000000000000E03F000000000000594011
:10C77000A0C8EB85F3CCE17F18786C2804D003F1D6
:10C78000010B45F0010565E745F0020503F1020BD9
:10C7900058785FE745F001059B46B24B1C68002CBA
:10C7A00000F07C8609AB01930096049B2A46514613
:10C7B000A04700F073BE1878682804D003F1010B7D
:10C7C00045F0040546E745F0080503F1020B5878EB
:10C7D00040E725215046FFF731FD00F05FBE099B81
:10C7E0001A1D09921C78049B03F1FF3852464146FA
:10C7F0002846FFF74CFD21465046FFF71FFD47E056
:10C8000015F0080F08D0DAF80020099B191D0991CE
:10C810001B681A7000F042BE15F0020F099B03F16D
:10C82000040209921B68DAF800201A601CBF00227B
:10C830005A6000F033BE099B1A1D09921B680293CF
:10C840002B468948029A002A18BF1046029023F40A
:10C85000007513F4807F26D03146FFF76CFD044647
:10C86000049BA3EB0408524641462846FFF70FFD00
:10C87000671E6CB1DDE90267334601361978504610
:10C88000FFF7DCFC013CF7D1CDE902674FF0FF3741
:10C8900015F0100F00F00286524641462020FFF7A7
:10C8A000E8FC00F0FBBDFFF7E3FD0446D8E709997B
:10C8B0000B1D09930A68002310461946CDE90201B1
:10C8C00015F0800F18BF2323059345F480750826C3
:10C8D000DDE902783946424643463B4300F0BB85DA
:10C8E0000BAF002405F4005CDFF88081DFF880E105
:10C8F0006346AC461D4600F061BD45F4005515F099
:10C90000800F08D043F2780243F25803782818BF0A
:10C910001A46059201E00023059315F4807F01D0AB
:10C9200025F4007515F4804F64D015F0020F42D045
:10C93000099B073323F0070303F108020992D3E9A7
:10C940000034CDE9023415F0040F3FD0DDE90223B5
:10C9500014B242F3C03122460B46CDE90223DDE991
:10C9600002784246002A3BDA7B421C4668EB4801CB
:10C9700022460B46CDE902232D23059352E015F004
:10C98000800F0CBF00233023059315F4807FC9D09E
:10C9900025F40075C6E715F4807F09D025F40075ED
:10C9A00000230593BEE745F4804500230593B9E7CE
:10C9B00000230593B6E7099B1A1D09921B681C46C4
:10C9C000D91722460B46CDE90223BCE715F0080F24
:10C9D000C5D09DF80840002122460B46CDE9022330
:10C9E00015F0200F3BD115F0400F059B18BF2023F9
:10C9F000059317E015F0020F1CD0099B073323F0B5
:10CA0000070303F108020992D3E90034CDE90234A7
:10CA100015F0040F18D0BDF80840002122460B463F
:10CA2000CDE9022315F4807F00F0448425F40075DD
:10CA300000F041BC099B1A1D09921C680021224686
:10CA40000B46CDE90223E3E715F0080FEAD09DF885
:10CA50000840002122460B46CDE90223E2E72B23C2
:10CA60000593DFE7E45A002040FC0200D0FB0200FF
:10CA7000E0FB020045F4005545F48068099B07334C
:10CA800023F0070303F10802099293ED008B8DED6B
:10CA9000028B18F4807F12D096B908F44066B6F580
:10CAA000406F14BF002601260AE045F4005545F406
:10CAB0000068E3E745F4005545F44068DEE70626E4
:10CAC000B0EE480AF0EE680AFFF7DEF8002840F002
:10CAD000CB80B0EE480AF0EE680AFFF7DFF8089066
:10CAE000002840F0DE80B0EE480AF0EE680AFFF75A
:10CAF000DFF860B148F060088DED068A18EE903AD4
:10CB000003F100430793DDE90634CDE90234DDE9A2
:10CB1000024511A845EC104BFFF7D8F8119B03EB29
:10CB20004303B64A82FB0312DB17C3EBA203119344
:10CB30000022002320462946FEF7CEFF002800F001
:10CB4000BC8008F440630593B3F5806F0AD0B3F559
:10CB5000406F40F03282119BB34203DA13F1040FAD
:10CB600080F22B821198B0F59A7F40F0C28053EC8E
:10CB70001A2B20462946FEF7ABFECDE90201DDE97E
:10CB800002450022002320462946FEF7A5FF002883
:10CB900048D145EC104BFFF777F8002840F0B580FE
:10CBA0000022974B20462946FEF7B0FFC0B1119BEB
:10CBB00003F10109CDF808900022914B2046294647
:10CBC000FEF786FE04460D4609F1010900228C4B52
:10CBD000FEF79CFF0028EDD1029B1193CDE90245A1
:10CBE000DDE902450022874B20462946FEF7C8FFB3
:10CBF000C0B1119B03F1FF39CDF808900022804BA2
:10CC000020462946FEF7C8FD04460D4609F1FF39C6
:10CC100000227C4BFEF7B4FF0028EDD1029B11935C
:10CC2000CDE90245002E00F06684059BB3F5406F08
:10CC300000F088807042FFF7D7FA51EC100B53ECEC
:10CC4000192BFEF7A9FDDDE90223FEF77FFC044660
:10CC50000D46CDE902450022694BFEF757FF00283B
:10CC600000F06F8400F05FBC0022002351EC180B31
:10CC7000FEF786FF68B918F4005F634B634A08BF8C
:10CC8000134618F0200F08BF0133029328F4807375
:10CC9000D7E518F4005F5E4A5E4B18BF1346029357
:10CCA000F4E718F4005F5C485C4B08BF184628F4B2
:10CCB0008073CBE5119B0133119311980130FFF77D
:10CCC00093FA53EC102B20462946FEF73DFF00282F
:10CCD000F0D102E0119B013B11931198FFF784FA08
:10CCE00053EC102B20462946FEF74AFF0028F1D1CD
:10CCF00027E74042FFF778FA53EC102B20462946ED
:10CD0000FEF74AFDCDE9020139E700220023204663
:10CD10002946FEF735FF68B918F4005F3A4B3B4AE5
:10CD200008BF134618F0200F08BF0133029328F400
:10CD3000807386E518F4005F354A364B18BF1346FA
:10CD40000293F4E706F1FF39C6F10100FFF74CFA50
:10CD500051EC100B53EC192BFEF71EFDDDE90223FD
:10CD6000FEF7F4FB04460D46CDE902450022244BB4
:10CD7000FEF7CCFE08B14E46D5E34E46DEE3102E5C
:10CD8000A8BF1026DDE902453046FFF72DFA53EC27
:10CD9000102B20462946FEF7FFFCFEF70DFF8146CB
:10CDA000059151EA00030BD128F400630593049B1D
:10CDB000A3F1050918F0800340F0D1830893D0E374
:10CDC0000A220023FFF75AF9134340F0C0830A24D4
:10CDD0000025013E22462B4648460599FFF74EF9AD
:10CDE00081460591002EDFD022462B46FFF746F9FB
:10CDF0001343EED0ABE301261FE000BF6766666613
:10CE0000000024400000F03F58FC020060FC0200DB
:10CE100048FC020050FC020068FC02006CFC0200AE
:10CE20000022C34BDDE90201FEF7B6FCCDE90201A9
:10CE3000013C119409F1FF390226089B23EAE373B0
:10CE4000089318F0600F18BF09F1FF391198FFF728
:10CE50002BFA6328C8BF09F1FF39DDE902783846AB
:10CE60004146FEF7A9FE04460D46FEF7C5FE024602
:10CE70000B4638464146FEF78BFCCDE9020129EA14
:10CE8000E977059B13F4047F00F05A81059B13F0AA
:10CE9000200F00F0638113F0400F14BF2D212B21D0
:10CEA0005046FFF7CBF9059B13F0100F00F060819F
:10CEB00006F10053013B9F4A02EBC3084FF03009D3
:10CEC000013ED8F80030D8F804C0A8F108089C4208
:10CED00075EB0C02C0F0598149460131C9B2E01A24
:10CEE00065EB0C0204461546984272EB0C02F4D234
:10CEF0005046FFF7A3F9002EE2D1059B13F400641E
:10CF000040F04581089B002B40F05081059B13F0B9
:10CF1000800F40F0EA82059B13F4806F2FD013F44A
:10CF2000005F14BF452165215046FFF787F9119B2B
:10CF3000002BC0F2A1812B215046FFF77FF91199F8
:10CF4000632900F3A18111997B4C84FB0132C9173D
:10CF5000C1EBA2013031C9B25046FFF76FF9119B06
:10CF600084FB0324D917C1EBA40101EB8101A3EBDE
:10CF7000410303F13001C9B25046FFF75FF9002FBA
:10CF800000F08C822024013F21465046FFF756F9DD
:10CF9000002FF8D182E253EC1B2BDDE90201FEF7F2
:10CFA000FBFBCDE90201023C1194A9F10209032621
:10CFB00043E73E4641E7012643E718F4806F2FD050
:10CFC000119B0E2B2DDC0133F21A102AA8BF102260
:10CFD000089218F0800F24D1B34222D01646304672
:10CFE000FFF702F953EC102B20462946FEF7D4FB3D
:10CFF00053EC192BFEF7AAFA41EC100BFEF718FFC1
:10D000009FED491BFEF768FF51EC100B0022002337
:10D01000FEF762FD002866D0013EE0D1089600E0F0
:10D02000089628F480630593119B089A5042A3F157
:10D030000F028242C8BFA3F11000FFF7D5F84FF0EE
:10D04000FF30FEF76DFE53EC102B20462946FEF70D
:10D050007DFACDE90201DDE9026711980130FFF7A1
:10D06000C3F853EC102B30463946FEF74FFD10B194
:10D07000119B01331193119800284CDB102834DCEC
:10D0800030463946FEF798FD04460D46FEF7B4FDDE
:10D0900002460B4630463946FEF77AFBCDE90201DF
:10D0A000002311930A2C75F1000339D3234B012679
:10D0B000013653F8081F5A688C4275EB0202F7D20A
:10D0C00008998B19119A1344049AA2EB030908F0EA
:10D0D00080030B4318BF09F1FF3918F0600F18BF28
:10D0E00009F1FF39CBE608969BE7A0F110031193F5
:10D0F000C0F11000FFF778F853EC102B304639469A
:10D10000FEF74AFBFEF758FD04460D4600220023B9
:10D11000CDE90223C6E7002511952C460126CFE76D
:10D120000126CDE7AFF3008000000000000024409E
:10D130000000244070FC02006766666678FC02000E
:10D14000B9F1000F7FF7A2AE4FF02008013F414632
:10D150005046FFF773F8002FF8D197E6059B13F0C0
:10D16000400F3FF4A0AE20215046FFF767F89AE643
:10D17000002F3FF49DAE4FF03008013F414650462E
:10D18000FFF75CF8002FF8D192E64946B0E6119B14
:10D19000002B7FF7B7AE3025013B1193294650464F
:10D1A000FFF74CF8119B002BF6DCABE62E21504626
:10D1B000FFF744F8089E102EA8BF102626EAE67650
:10D1C000089BA3EB0608D4B1DDE902451198301A9B
:10D1D000FFF70AF853EC102B20462946FEF7DCFA3D
:10D1E000FEF7EAFC04460D46C6B3DFF8C89306F125
:10D1F0000056013E09EBC606CDF810B01FE0DDE990
:10D2000002453046FEF7F0FF53EC102B204629462E
:10D21000FEF7C2FAFEF7D0FC04460D46E4E7013102
:10D22000C9B2E01A65EB0C0204461546984272EB4F
:10D230000C02F4D25046FFF701F8CB450CD033680E
:10D24000D6F804C0B346083E9C4275EB0C0201D3ED
:10D250003021E4E73021EDE7DDF810B0B8F1000F40
:10D260003FF459AE30244546013D21465046FEF775
:10D27000E5FF002DF8D14EE62D215046FEF7DEFFEA
:10D28000119B5B4211935AE6C74C84FB0132C917CC
:10D29000C1EB62113031C9B25046FEF7CFFF119B8E
:10D2A00084FB0324DA17C2EB6414642202FB1433F8
:10D2B000119348E601265838202800F2B38001A3D4
:10D2C00053F820F0D1C8010025D4010025D4010075
:10D2D00025D4010025D4010025D4010025D4010066
:10D2E00025D4010025D4010025D4010025D4010056
:10D2F00025D401007DD3010025D4010025D40100EF
:10D3000025D4010025D401007DD3010025D40100DE
:10D3100025D4010025D4010025D4010025D4010025
:10D3200049D30100D1C8010025D4010025D4010052
:10D3300025D4010025D401007DD3010025D40100AE
:10D3400025D40100D1C80100DDE902783A46414602
:10D3500043463B4308BF002465D00BA8002402F0DD
:10D360000703303300F8013B0134D30843EA41732B
:10D37000CF081A4639463B43F1D154E0DDE90212A9
:10D380000F46904613460B4308BF00244BD00024A1
:10D3900005F40043CDF820B0AB461D4630E001F067
:10D3A0000F0318F8033007F8013B01340B0943EA77
:10D3B0000273100919460246034306D0002DEED031
:10D3C00001F00F031EF80330EDE765462BE012ABCA
:10D3D00003EB04090A22002338464146FEF74EFEBD
:10D3E000303209F81C2C01340A2200233846414609
:10D3F000FEF744FE0A2F78F100030FD30746884654
:10D40000002DE4D004F00303032BE0D112AB23443E
:10D410004FF02C0203F81C2C0134D8E75D46DDF8F0
:10D4200020B000E00024361B26EAE676049BA3EB3E
:10D430000608A8EB0408059BFF2B0ED9A8F10208EB
:10D44000C3F307215046FEF7F9FE9DF8141050462D
:10D45000FEF7F4FE05E00024E5E7059B002B40F015
:10D460009F80524641462846FEF711FF52463146FC
:10D470003020FEF7FEFE671E0DD40BAF013C3C448E
:10D48000217826465046FEF7D9FEA74204F1FF3424
:10D49000F6D14FF0FF3715F0100F0BD15C4614F8A2
:10D4A000011B69B125293FF42BA85046FEF7C6FEA3
:10D4B000A346F3E7524641462020FEF7DAFEEDE7A9
:10D4C000DAF808303BB1DAF80020DAF804108A42C2
:10D4D0003CBF00219954DAF8000013B0BDEC088B72
:10D4E000BDE8F08F4FF0FF30F7E72E215046FEF7F2
:10D4F000A5FE089E64E60020FEF776FE51EC100BB8
:10D5000053EC192BFEF748F9DDE90223FEF71EF86C
:10D5100004460D46CDE902450022244BFEF7F6FAFB
:10D5200000283FF441AC119B0133119300221F4BA3
:10D5300020462946FEF7CCF9CDE90201002E3FF442
:10D5400033AC08F40863B3F5006F3FF418AC28F46B
:10D5500000630593731D049AA2EB0309089609F171
:10D56000FF3918F4805F3FF426AD119C104B83FB0C
:10D570000423A3EBE47303EB4303E31A0233042B0A
:10D580003FF617AD01A252F823F000BF21CE0100F3
:10D5900097CF0100F7CD010021CE010097CF010008
:10D5A00008F1FF3851E700BF1F85EB510000244010
:08D5B0005655555570FC0200B0
:10D5B800B8EF01000000000068F001000000000062
:10D5C80070F401000000000068F101000000000094
:10D5D80040F5010000000000D0F601000000000046
:10D5E80098F4010000000000F0F5010000000000C0
:10D5F80010F2010000000000BCF201000000000071
:10D6080068F3010000000000A0D701000000030338
:10D61800E4D80100000000004CDA0100000000001E
:10D62800D4DB010000000000BCDC010000000000A9
:10D6380030EE01000000000034F701000000000097
:10D64800C4EE01000000000094DF010000000303A5
:10D658009CE7010000000000F0DD01000000000070
:10D6680014D701000000000020D70100140000209A
:10D678001C020020540100205C0100205C010020F5
:04D688001800000086
:10D68C00443A5C4E4141544F535C536F7572636521
:10D69C0020436F64655C47484C2D4E4141544F53B9
:10D6AC005C6170706C69636174696F6E5C73646BE0
:10D6BC005C636F6D706F6E656E74735C6C696272B7
:10D6CC0061726965735C6C6F675C7372635C6E72BC
:10D6DC00665F6C6F675F6261636B656E645F7561DB
:10D6EC0072742E6300000000FFFFFFFFFFFFFFFFBF
:10D6FC00FFFFFFFFFFFFFFFF000000000000000026
:10D70C000000D60106010000B1060000E50600008D
:10D71C00D9060000756172745F6C6F675F6261633C
:10D72C006B656E6400000000443A5C4E4141544FFE
:10D73C00535C536F7572636520436F64655C474837
:10D74C004C2D4E4141544F535C6170706C69636158
:10D75C0074696F6E5C73646B5C636F6D706F6E6518
:10D76C006E74735C6C69627261726965735C6C6F08
:10D77C00675C7372635C6E72665F6C6F675F646527
:10D78C006661756C745F6261636B656E64732E6346
:10D79C000000000061707000443A5C4E4141544FEF
:10D7AC00535C536F7572636520436F64655C4748C7
:10D7BC004C2D4E4141544F535C6170706C696361E8
:10D7CC0074696F6E5C73646B5C636F6D706F6E65A8
:10D7DC006E74735C6C69627261726965735C6C6F98
:10D7EC00675C7372635C6E72665F6C6F675F6672A8
:10D7FC006F6E74656E642E63000000004261636B93
:10D80C00656E647320666C75736865640000000057
:10D81C006572726F720000007761726E696E6700DC
:10D82C00696E666F00000000646562756700000039
:10D83C001B5B306D000000001B5B313B33306D0017
:10D84C001B5B313B33316D001B5B313B33326D0065
:10D85C001B5B313B33336D001B5B313B33346D0051
:10D86C001B5B313B33356D001B5B313B33366D003D
:10D87C001B5B313B33376D005B253032643A25300E
:10D88C0032643A253032642E253033642C25303303
:10D89C00645D200025734C6F67732064726F707029
:10D8AC006564202825642925730D0A002573000062
:10D8BC003C25733E2025733A200000000D0A000021
:10D8CC002025303278000000202020007C00000051
:10D8DC0025630000200000006170705F6275747435
:10D8EC006F6E0000443A5C4E4141544F535C536F91
:10D8FC007572636520436F64655C47484C2D4E41DF
:10D90C0041544F535C6170706C69636174696F6EE4
:10D91C005C73646B5C636F6D706F6E656E74735C5F
:10D92C006C69627261726965735C627574746F6E36
:10D93C005C6170705F627574746F6E2E63000000B2
:10D94C00415353455254494F4E204641494C45444E
:10D95C002061742025733A25750000004552524F02
:10D96C0052202575205B25735D2061742025733A48
:10D97C0025750D0A50432061743A203078253038D3
:10D98C0078000000456E64206F66206572726F72BD
:10D99C00207265706F727400554E4B4E4F574E206F
:10D9AC004641554C5420617420307825303858004D
:10D9BC002E2E2F73646B2F6D6F64756C65732F6EC9
:10D9CC007266782F68616C2F6E72665F6770696F14
:10D9DC002E680000443A5C4E4141544F535C536FE7
:10D9EC007572636520436F64655C47484C2D4E41EE
:10D9FC0041544F535C6170706C69636174696F6EF4
:10DA0C005C73646B5C636F6D706F6E656E74735C6E
:10DA1C006C69627261726965735C73646361726470
:10DA2C005C6170705F7364636172642E63000000EC
:10DA3C000200000000300240000000000100000065
:10DA4C006170705F74696D6572000000443A5C4EE1
:10DA5C004141544F535C536F7572636520436F643F
:10DA6C00655C47484C2D4E4141544F535C6170707E
:10DA7C006C69636174696F6E5C73646B5C636F6D0E
:10DA8C00706F6E656E74735C6C69627261726965DD
:10DA9C00735C74696D65725C6170705F74696D65DF
:10DAAC0072322E630000000001000600443A5C4E06
:10DABC004141544F535C536F7572636520436F64DF
:10DACC00655C47484C2D4E4141544F535C6170701E
:10DADC006C69636174696F6E5C73646B5C636F6DAE
:10DAEC00706F6E656E74735C6C696272617269657D
:10DAFC00735C757362645C6170705F757362645F94
:10DB0C00726571756573742E68000000443A5C4E42
:10DB1C004141544F535C536F7572636520436F647E
:10DB2C00655C47484C2D4E4141544F535C617070BD
:10DB3C006C69636174696F6E5C73646B5C636F6D4D
:10DB4C00706F6E656E74735C6C696272617269651C
:10DB5C00735C757362645C6170705F757362645F33
:10DB6C00636C6173735F626173652E680000000003
:10DB7C00443A5C4E4141544F535C536F757263652C
:10DB8C0020436F64655C47484C2D4E4141544F53C4
:10DB9C005C6170706C69636174696F6E5C73646BEB
:10DBAC005C636F6D706F6E656E74735C6C696272C2
:10DBBC0061726965735C757362645C6170705F75CA
:10DBCC007362642E680000006170705F757362642C
:10DBDC0000000000443A5C4E4141544F535C536F7B
:10DBEC007572636520436F64655C47484C2D4E41EC
:10DBFC0041544F535C6170706C69636174696F6EF2
:10DC0C005C73646B5C636F6D706F6E656E74735C6C
:10DC1C006C69627261726965735C757362645C6174
:10DC2C0070705F757362642E630000000800000062
:10DC3C00090000000A0000008500000080000000C0
:10DC4C00A9380000810000000D0000000E0000004B
:10DC5C000300000003000000443A5C4E4141544F65
:10DC6C00535C536F7572636520436F64655C474802
:10DC7C004C2D4E4141544F535C6170706C69636123
:10DC8C0074696F6E5C73646B5C636F6D706F6E65E3
:10DC9C006E74735C6C69627261726965735C7573C6
:10DCAC0062645C6170705F757362642E6800000062
:10DCBC006170705F757362645F636F726500000002
:10DCCC00443A5C4E4141544F535C536F75726365DB
:10DCDC0020436F64655C47484C2D4E4141544F5373
:10DCEC005C6170706C69636174696F6E5C73646B9A
:10DCFC005C636F6D706F6E656E74735C6C69627271
:10DD0C0061726965735C757362645C6170705F7578
:10DD1C007362645F636F72652E6300001201000210
:10DD2C000000004015190D52000101020301000012
:10DD3C0009020000000104C0320000007955000007
:10DD4C0000000000000000000000000000000000C7
:10DD5C00F008002048DD01000100020300800000F3
:10DD6C00B94B000000000000CD4B0000FC08002067
:10DD7C000F0000002E2E2F73646B2F636F6D706F6E
:10DD8C006E656E74732F6C69627261726965732F44
:10DD9C00757362642F6170705F757362645F636C1E
:10DDAC006173735F626173652E6800002E2E2F7392
:10DDBC00646B2F636F6D706F6E656E74732F6C690F
:10DDCC00627261726965732F626C6F636B5F6465FD
:10DDDC00762F6E72665F626C6F636B5F6465762E16
:10DDEC0068000000757362645F6D7363000000006F
:10DDFC00443A5C4E4141544F535C536F75726365AA
:10DE0C0020436F64655C47484C2D4E4141544F5341
:10DE1C005C6170706C69636174696F6E5C73646B68
:10DE2C005C636F6D706F6E656E74735C6C6962723F
:10DE3C0061726965735C757362645C636C61737346
:10DE4C005C6D73635C6170705F757362645F6D733E
:10DE5C00632E6300000001010202030304040505A4
:10DE6C0000000403090400004E6F726469632053C0
:10DE7C00656D69636F6E647563746F72000000008A
:10DE8C006E5246353220555342204D534320446543
:10DE9C006D6F000030303030303030303030303159
:10DEAC000000000044656661756C7420636F6E66DB
:10DEBC00696775726174696F6E00000055736572E5
:10DECC0020310000443A5C4E4141544F535C536F37
:10DEDC007572636520436F64655C47484C2D4E41F9
:10DEEC0041544F535C6170706C69636174696F6EFF
:10DEFC005C73646B5C636F6D706F6E656E74735C7A
:10DF0C006C69627261726965735C757362645C6181
:10DF1C0070705F757362645F737472696E675F644F
:10DF2C006573632E63000000443A5C4E4141544FCC
:10DF3C00535C536F7572636520436F64655C47482F
:10DF4C004C2D4E4141544F535C6170706C69636150
:10DF5C0074696F6E5C73646B5C636F6D706F6E6510
:10DF6C006E74735C6C69627261726965735C7574F2
:10DF7C00696C5C6170705F7574696C5F706C6174F6
:10DF8C00666F726D2E630000686172646661756CF9
:10DF9C007400000048415244204641554C542061C5
:10DFAC007420307825303858000000002020523082
:10DFBC003A2020307825303858202052313A202011
:10DFCC00307825303858202052323A2020307825AD
:10DFDC00303858202052333A2020307825303858A9
:10DFEC000000000020205231323A203078253038A1
:10DFFC005820204C523A2020307825303858202098
:10E00C005053523A2030782530385800537461639D
:10E01C006B2076696F6C6174696F6E3A20737461F2
:10E02C00636B20706F696E746572206F75747369A1
:10E03C00646520737461636B20617265612E0000EE
:10E04C0043617573653A204275734661756C742033
:10E05C006F6E206120766563746F72207461626CE0
:10E06C0065207265616420647572696E67206578DD
:10E07C0063657074696F6E2070726F63657373691A
:10E08C006E672E0043617573653A2025732E000070
:10E09C004D656D4D616E616765204661756C7420D0
:10E0AC00416464726573733A2030782530385800B7
:10E0BC00427573204661756C74204164647265739B
:10E0CC00733A2030782530385800000054686520A9
:10E0DC0070726F636573736F722068617320617403
:10E0EC0074656D7074656420746F206578656375F4
:10E0FC00746520616E20756E646566696E6564205A
:10E10C00696E737472756374696F6E005468652000
:10E11C0070726F636573736F7220617474656D7068
:10E12C007465642061206C6F6164206F722073745D
:10E13C006F72652061742061206C6F636174696F0C
:10E14C006E207468617420646F6573206E6F742028
:10E15C007065726D697420746865206F706572618A
:10E16C0074696F6E00000000556E737461636B20F0
:10E17C00666F7220616E20657863657074696F6E6E
:10E18C002072657475726E2068617320636175739B
:10E19C006564206F6E65206F72206D6F72652061F3
:10E1AC0063636573732076696F6C6174696F6E73EA
:10E1BC0000000000537461636B696E6720666F72B8
:10E1CC0020616E20657863657074696F6E20656E72
:10E1DC007472792068617320636175736564206F54
:10E1EC006E65206F72206D6F72652061636365735D
:10E1FC00732076696F6C6174696F6E730000000038
:10E20C0041204D656D4D616E616765206661756C71
:10E21C0074206F6363757272656420647572696EC5
:10E22C006720666C6F6174696E672D706F696E74B0
:10E23C00206C617A792073746174652070726573D7
:10E24C006572766174696F6E00000000496E7374BC
:10E25C0072756374696F6E20627573206572726F6C
:10E26C0072000000446174612062757320657272E3
:10E27C006F72202850432076616C75652073746131
:10E28C00636B656420666F722074686520657863C3
:10E29C00657074696F6E2072657475726E20706F24
:10E2AC00696E747320746F2074686520696E737462
:10E2BC0072756374696F6E20746861742063617524
:10E2CC0073656420746865206661756C7429000040
:10E2DC004461746120627573206572726F722028BC
:10E2EC0072657475726E20616464726573732069F3
:10E2FC006E2074686520737461636B206672616D47
:10E30C0065206973206E6F742072656C617465642E
:10E31C0020746F2074686520696E737472756374F1
:10E32C00696F6E2074686174206361757365642015
:10E33C00746865206572726F72290000556E737473
:10E34C0061636B20666F7220616E20657863657007
:10E35C0074696F6E2072657475726E2068617320BB
:10E36C00636175736564206F6E65206F72206D6FCD
:10E37C007265204275734661756C74730000000001
:10E38C00537461636B696E6720666F7220616E20D7
:10E39C00657863657074696F6E20656E7472792030
:10E3AC0068617320636175736564206F6E65206F9F
:10E3BC0072206D6F7265204275734661756C747353
:10E3CC00000000004120627573206661756C74203A
:10E3DC006F6363757272656420647572696E672011
:10E3EC00666C6F6174696E672D706F696E74206CEA
:10E3FC00617A7920737461746520707265736572CB
:10E40C00766174696F6E00005468652070726F637A
:10E41C006573736F722068617320617474656D70BD
:10E42C0074656420746F206578656375746520610C
:10E43C006E20696E737472756374696F6E20746884
:10E44C006174206D616B657320696C6C6567616CC0
:10E45C0020757365206F6620746865204550535293
:10E46C00000000005468652070726F636573736FF1
:10E47C00722068617320617474656D7074656420BA
:10E48C00616E20696C6C6567616C206C6F616420D7
:10E49C006F66204558435F52455455524E20746F59
:10E4AC00207468652050432C2061732061207265B4
:10E4BC0073756C74206F6620616E20696E76616C6A
:10E4CC00696420636F6E746578742C206F722061A0
:10E4DC006E20696E76616C6964204558435F5245C5
:10E4EC005455524E2076616C756500005468652059
:10E4FC0070726F636573736F7220686173206174DF
:10E50C0074656D7074656420746F206163636573EA
:10E51C0073206120636F70726F636573736F720029
:10E52C005468652070726F636573736F72206861D5
:10E53C0073206D61646520616E20756E616C696716
:10E54C006E6564206D656D6F7279206163636573B0
:10E55C00730000005468652070726F636573736F8D
:10E56C0072206861732065786563757465642061D9
:10E57C006E2053444956206F7220554449562069E9
:10E58C006E737472756374696F6E2077697468202A
:10E59C00612064697669736F72206F6620300000A9
:10E5AC00443A5C4E4141544F535C536F75726365F2
:10E5BC0020436F64655C47484C2D4E4141544F538A
:10E5CC005C6170706C69636174696F6E5C73646BB1
:10E5DC005C636F6D706F6E656E74735C6C69627288
:10E5EC0061726965735C62616C6C6F635C6E7266A0
:10E5FC005F62616C6C6F632E63000000443A5C4E8A
:10E60C004141544F535C536F7572636520436F6483
:10E61C00655C47484C2D4E4141544F535C617070C2
:10E62C006C69636174696F6E5C73646B5C636F6D52
:10E63C00706F6E656E74735C6C6962726172696521
:10E64C00735C626C6F636B5F6465765C7364635C54
:10E65C006E72665F626C6F636B5F6465765F73642A
:10E66C00632E63008963000059640000ED640000B0
:10E67C00C9650000A9660000FD660000443A5C4EC6
:10E68C004141544F535C536F7572636520436F6403
:10E69C00655C47484C2D4E4141544F535C61707042
:10E6AC006C69636174696F6E5C73646B5C657874C0
:10E6BC0065726E616C5C667072696E74665C6E72AB
:10E6CC00665F667072696E74662E6300443A5C4EC7
:10E6DC004141544F535C536F7572636520436F64B3
:10E6EC00655C47484C2D4E4141544F535C617070F2
:10E6FC006C69636174696F6E5C73646B5C65787470
:10E70C0065726E616C5C667072696E74665C6E725A
:10E71C00665F667072696E74665F666F726D617447
:10E72C002E630000303132333435363738394142BC
:10E73C0043444546443A5C4E4141544F535C536FFD
:10E74C007572636520436F64655C47484C2D4E4180
:10E75C0041544F535C6170706C69636174696F6E86
:10E76C005C73646B5C636F6D706F6E656E74735C01
:10E77C006C69627261726965735C6D656D6F626AFA
:10E78C005C6E72665F6D656D6F626A2E6300000071
:10E79C00736F72746C69737400000000443A5C4EC1
:10E7AC004141544F535C536F7572636520436F64E2
:10E7BC00655C47484C2D4E4141544F535C61707021
:10E7CC006C69636174696F6E5C73646B5C636F6DB1
:10E7DC00706F6E656E74735C6C6962726172696580
:10E7EC00735C736F72746C6973745C6E72665F7356
:10E7FC006F72746C6973742E63000000556E6B6ECF
:10E80C006F776E206572726F7220636F64650000A3
:10E81C004E52465F53554343455353004E52465F49
:10E82C004552524F525F5356435F48414E444C45FC
:10E83C00525F4D495353494E470000004E52465FBC
:10E84C004552524F525F534F4654444556494345E7
:10E85C005F4E4F545F454E41424C45440000000012
:10E86C004E52465F4552524F525F494E5445524E9E
:10E87C00414C00004E52465F4552524F525F4E4F34
:10E88C005F4D454D000000004E52465F4552524FC1
:10E89C00525F4E4F545F464F554E44004E52465FAA
:10E8AC004552524F525F4E4F545F535550504F523A
:10E8BC00544544004E52465F4552524F525F494EAA
:10E8CC0056414C49445F504152414D004E52465FB7
:10E8DC004552524F525F494E56414C49445F535436
:10E8EC00415445004E52465F4552524F525F494E7D
:10E8FC0056414C49445F4C454E475448000000007B
:10E90C004E52465F4552524F525F494E56414C490A
:10E91C00445F464C414753004E52465F4552524F5E
:10E92C00525F494E56414C49445F444154410000AA
:10E93C004E52465F4552524F525F444154415F53D1
:10E94C00495A45004E52465F4552524F525F544908
:10E95C004D454F55540000004E52465F4552524FA4
:10E96C00525F4E554C4C00004E52465F4552524F32
:10E97C00525F464F5242494444454E004E52465F08
:10E98C004552524F525F494E56414C49445F4144A7
:10E99C00445200004E52465F4552524F525F425510
:10E9AC00535900004E52465F4552524F525F4D4FE5
:10E9BC0044554C455F4E4F545F494E495449414C68
:10E9CC00495A4544000000004E52465F4552524F92
:10E9DC00525F4D555445585F494E49545F46414925
:10E9EC004C4544004E52465F4552524F525F4D5576
:10E9FC005445585F4C4F434B5F4641494C4544008E
:10EA0C004E52465F4552524F525F4D555445585FDA
:10EA1C00554E4C4F434B5F4641494C45440000001A
:10EA2C004E52465F4552524F525F4D555445585FBA
:10EA3C00434F4E445F494E49545F4641494C45440F
:10EA4C00000000004E52465F4552524F525F4D4FF0
:10EA5C0044554C455F414C52454144595F494E49E0
:10EA6C005449414C495A4544000000004E52465FFF
:10EA7C004552524F525F53544F524147455F465592
:10EA8C004C4C00004E52465F4552524F525F415023
:10EA9C00495F4E4F545F494D504C454D454E544582
:10EAAC00440000004E52465F4552524F525F46455D
:10EABC0041545552455F4E4F545F454E41424C4573
:10EACC00440000004E52465F4552524F525F494F30
:10EADC005F50454E44494E47000000004E52465F81
:10EAEC004552524F525F4452565F5457495F4552FC
:10EAFC00525F4F56455252554E0000004E52465FE3
:10EB0C004552524F525F4452565F5457495F4552DB
:10EB1C00525F414E41434B004E52465F4552524F5D
:10EB2C00525F4452565F5457495F4552525F444EB0
:10EB3C0041434B004E52465F4552524F525F424C3E
:10EB4C00455F495053505F52585F504B545F54527D
:10EB5C00554E4341544544004E52465F4552524F28
:10EB6C00525F424C455F495053505F4348414E4EB3
:10EB7C00454C5F414C52454144595F4558495354AB
:10EB8C00530000004E52465F4552524F525F424C6A
:10EB9C00455F495053505F4C494E4B5F444953437A
:10EBAC004F4E4E4543544544000000004E52465FC4
:10EBBC004552524F525F424C455F495053505F5043
:10EBCC004545525F52454A454354454400000000B8
:10EBDC00000000001CE801000100000028E8010012
:10EBEC000200000048E80100030000006CE801008E
:10EBFC000400000080E801000500000094E801001A
:10EC0C0006000000A8E8010007000000C0E80100B1
:10EC1C0008000000D8E8010009000000F0E801003D
:10EC2C000A0000000CE901000B00000024E90100BF
:10EC3C000C0000003CE901000D00000050E901004F
:10EC4C000E00000064E901000F00000074E90100EF
:10EC5C001000000088E9010011000000A0E901008B
:10EC6C0080000000B0E9010081000000D4E901003F
:10EC7C0082000000F0E90100830000000CEA0100B2
:10EC8C00840000002CEA01008500000050EA01001D
:10EC9C008600000078EA01009000000090EA010074
:10ECAC0091000000B0EA010092000000D0EA0100DF
:10ECBC0000820000E8EA01000182000008EB01007C
:10ECCC000282000024EB01000084000040EB0100F4
:10ECDC000184000064EB01000284000090EB010051
:10ECEC0003840000B8EB01002E2E2F73646B2F6D84
:10ECFC006F64756C65732F6E7266782F68616C2FFC
:10ED0C006E72665F74696D65722E68002E2E2F739D
:10ED1C00646B2F6D6F64756C65732F6E7266782FD4
:10ED2C00647269766572732F696E636C7564652F96
:10ED3C006E7266785F74696D65722E6800000000F3
:10ED4C002E2E2F73646B2F6D6F64756C65732F6E25
:10ED5C007266782F68616C2F6E72665F6770696F70
:10ED6C002E680000443A5C4E4141544F535C536F43
:10ED7C007572636520436F64655C47484C2D4E414A
:10ED8C0041544F535C6170706C69636174696F6E50
:10ED9C005C73646B5C636F6D706F6E656E74735CCB
:10EDAC006C69627261726965735C70776D5C6170BD
:10EDBC00705F70776D2E63002E2E2F73646B2F6334
:10EDCC006F6D706F6E656E74732F6C6962726172A9
:10EDDC006965732F757362642F6170705F757362F0
:10EDEC00645F726571756573742E68002E2E2F73B7
:10EDFC00646B2F636F6D706F6E656E74732F6C69BF
:10EE0C00627261726965732F757362642F617070C1
:10EE1C005F757362645F636C6173735F626173656A
:10EE2C002E6800006364635F61636D00443A5C4E5E
:10EE3C004141544F535C536F7572636520436F644B
:10EE4C00655C47484C2D4E4141544F535C6170708A
:10EE5C006C69636174696F6E5C73646B5C636F6D1A
:10EE6C00706F6E656E74735C6C69627261726965E9
:10EE7C00735C757362645C636C6173735C63646311
:10EE8C005C61636D5C6170705F757362645F636419
:10EE9C00635F61636D2E63009188000051890000EF
:10EEAC000000000000000000000000002530345875
:10EEBC002530385800000000636C6F636B00000055
:10EECC00443A5C4E4141544F535C536F75726365C9
:10EEDC0020436F64655C47484C2D4E4141544F5361
:10EEEC005C6170706C69636174696F6E5C73646B88
:10EEFC005C696E746567726174696F6E5C6E726664
:10EF0C00785C6C65676163795C6E72665F6472765F
:10EF1C005F636C6F636B2E630000000000000000E9
:10EF2C00FFFFFFFF0006FF00000000400000000094
:10EF3C00443A5C4E4141544F535C536F7572636558
:10EF4C0020436F64655C47484C2D4E4141544F53F0
:10EF5C005C6170706C69636174696F6E5C73646B17
:10EF6C005C696E746567726174696F6E5C6E7266F3
:10EF7C00785C6C65676163795C6E72665F647276EF
:10EF8C005F756172742E63002E2E2F73646B2F6964
:10EF9C006E746567726174696F6E2F6E7266782F0E
:10EFAC006E7266785F676C75652E6800434C4F43D4
:10EFBC004B000000443A5C4E4141544F535C536F3C
:10EFCC007572636520436F64655C47484C2D4E41F8
:10EFDC0041544F535C6170706C69636174696F6EFE
:10EFEC005C73646B5C6D6F64756C65735C6E726680
:10EFFC00785C647269766572735C7372635C6E7252
:10F00C0066785F636C6F636B2E6300002E2E2F731C
:10F01C00646B2F696E746567726174696F6E2F6EA5
:10F02C007266782F6E7266785F676C75652E6800F5
:10F03C002E2E2F73646B2F6D6F64756C65732F6E32
:10F04C007266782F68616C2F6E72665F6770696F7D
:10F05C002E68000000000050000300504750494F3C
:10F06C0054450000443A5C4E4141544F535C536F3D
:10F07C007572636520436F64655C47484C2D4E4147
:10F08C0041544F535C6170706C69636174696F6E4D
:10F09C005C73646B5C6D6F64756C65735C6E7266CF
:10F0AC00785C647269766572735C7372635C6E72A1
:10F0BC0066785F6770696F74652E63002E2E2F73F0
:10F0CC00646B2F696E746567726174696F6E2F6EF5
:10F0DC007266782F6E7266785F676C75652E680045
:10F0EC002E2E2F73646B2F6D6F64756C65732F6E82
:10F0FC007266782F68616C2F6E72665F706F7765C1
:10F10C00722E6800443A5C4E4141544F535C536F2D
:10F11C007572636520436F64655C47484C2D4E41A6
:10F12C0041544F535C6170706C69636174696F6EAC
:10F13C005C73646B5C6D6F64756C65735C6E72662E
:10F14C00785C647269766572735C7372635C6E7200
:10F15C0066785F706F7765722E63000050525300B3
:10F16C00443A5C4E4141544F535C536F7572636526
:10F17C0020436F64655C47484C2D4E4141544F53BE
:10F18C005C6170706C69636174696F6E5C73646BE5
:10F19C005C6D6F64756C65735C6E7266785C6472C2
:10F1AC0069766572735C7372635C7072735C6E7299
:10F1BC0066785F7072732E63000000002E2E2F7322
:10F1CC00646B2F696E746567726174696F6E2F6EF4
:10F1DC007266782F6E7266785F676C75652E680044
:10F1EC002E2E2F73646B2F6D6F64756C65732F6E81
:10F1FC007266782F68616C2F6E72665F6770696FCC
:10F20C002E6800005541525400000000443A5C4EF8
:10F21C004141544F535C536F7572636520436F6467
:10F22C00655C47484C2D4E4141544F535C617070A6
:10F23C006C69636174696F6E5C73646B5C6D6F6435
:10F24C00756C65735C6E7266785C647269766572F7
:10F25C00735C7372635C6E7266785F756172742E28
:10F26C0063000000EDC500002E2E2F73646B2F6918
:10F27C006E746567726174696F6E2F6E7266782F2B
:10F28C006E7266785F676C75652E68002E2E2F7314
:10F29C00646B2F6D6F64756C65732F6E7266782F4F
:10F2AC0068616C2F6E72665F6770696F2E68000004
:10F2BC005541525445000000443A5C4E4141544F74
:10F2CC00535C536F7572636520436F64655C47488C
:10F2DC004C2D4E4141544F535C6170706C696361AD
:10F2EC0074696F6E5C73646B5C6D6F64756C657365
:10F2FC005C6E7266785C647269766572735C73724C
:10F30C00635C6E7266785F75617274652E63000063
:10F31C0085D200002E2E2F73646B2F696E74656777
:10F32C00726174696F6E2F6E7266782F6E7266786A
:10F33C005F676C75652E68002E2E2F73646B2F6DB6
:10F34C006F64756C65732F6E7266782F68616C2FA5
:10F35C006E72665F757362642E680000555342448A
:10F36C0000000000443A5C4E4141544F535C536FD3
:10F37C007572636520436F64655C47484C2D4E4144
:10F38C0041544F535C6170706C69636174696F6E4A
:10F39C005C73646B5C6D6F64756C65735C6E7266CC
:10F3AC00785C647269766572735C7372635C6E729E
:10F3BC0066785F757362642E6300000059E9000083
:10F3CC0091E9000079ED000083ED00008FED000065
:10F3DC009BED0000A7ED0000B3ED0000BFED0000B9
:10F3EC00CBED000091EF0000D7ED0000E3ED000045
:10F3FC00EDED0000F9ED000005EE000011EE00004F
:10F40C001DEE000029EE000035EE000041EE00007C
:10F41C004DEE000075F00000B5EF000031F100007A
:10F42C0008010C011001140118011C012001240118
:10F43C002C0100003001340138013C014001440131
:10F44C0048014C01500100000001000002030405BA
:10F45C00060708090B0000000C0D0E0F10111213FB
:10F46C0014000000505049002E2E2F73646B2F692E
:10F47C006E746567726174696F6E2F6E7266782F29
:10F48C006E7266785F676C75652E680054494D45E1
:10F49C0052000000443A5C4E4141544F535C536F50
:10F4AC007572636520436F64655C47484C2D4E4113
:10F4BC0041544F535C6170706C69636174696F6E19
:10F4CC005C73646B5C6D6F64756C65735C6E72669B
:10F4DC00785C647269766572735C7372635C6E726D
:10F4EC0066785F74696D65722E6300002E2E2F7323
:10F4FC00646B2F696E746567726174696F6E2F6EC1
:10F50C007266782F6E7266785F676C75652E680010
:10F51C002E2E2F73646B2F6D6F64756C65732F6E4D
:10F52C007266782F68616C2F6E72665F73616164AE
:10F53C00632E68005341414443000000443A5C4E42
:10F54C004141544F535C536F7572636520436F6434
:10F55C00655C47484C2D4E4141544F535C61707073
:10F56C006C69636174696F6E5C73646B5C6D6F6402
:10F57C00756C65735C6E7266785C647269766572C4
:10F58C00735C7372635C6E7266785F7361616463E3
:10F59C002E6300000338FDD8704700002E2E2F7309
:10F5AC00646B2F696E746567726174696F6E2F6E10
:10F5BC007266782F6E7266785F676C75652E680060
:10F5CC002E2E2F73646B2F6D6F64756C65732F6E9D
:10F5DC007266782F68616C2F6E72665F6770696FE8
:10F5EC002E68000054574900443A5C4E4141544F38
:10F5FC00535C536F7572636520436F64655C474859
:10F60C004C2D4E4141544F535C6170706C69636179
:10F61C0074696F6E5C73646B5C6D6F64756C657331
:10F62C005C6E7266785C647269766572735C737218
:10F63C00635C6E7266785F7477692E6300000000FD
:10F64C00052101001D2101002E2E2F73646B2F6DDF
:10F65C006F64756C65732F6E7266782F68616C2F92
:10F66C006E72665F6770696F2E68000000000000A4
:10F67C00000000000338FDD8704700002E2E2F73B9
:10F68C00646B2F696E746567726174696F6E2F6E2F
:10F69C007266782F6E7266785F676C75652E68007F
:10F6AC002E2E2F73646B2F6D6F64756C65732F6EBC
:10F6BC007266782F68616C2F6E72665F6770696F07
:10F6CC002E6800005350494D00000000443A5C4E37
:10F6DC004141544F535C536F7572636520436F64A3
:10F6EC00655C47484C2D4E4141544F535C617070E2
:10F6FC006C69636174696F6E5C73646B5C6D6F6471
:10F70C00756C65735C6E7266785C64726976657232
:10F71C00735C7372635C6E7266785F7370696D2E66
:10F72C0063000000652F0100636C695F7561727482
:10F73C0000000000443A5C4E4141544F535C536FFF
:10F74C007572636520436F64655C47484C2D4E4170
:10F75C0041544F535C6170706C69636174696F6E76
:10F76C005C73646B5C636F6D706F6E656E74735CF1
:10F77C006C69627261726965735C636C695C7561FA
:10F78C0072745C6E72665F636C695F756172742E05
:10F79C00630000004E4141544F530000534443005A
:10F7AC00312E30300000000053616D706C652050BC
:10F7BC0072657065726174696F6E205374617274D6
:10F7CC0065642E0053616D706C65205072657065B8
:10F7DC00726174696F6E20436F6D706C65746564D3
:10F7EC002E00000053616D706C6520507265706561
:10F7FC00726174696F6E20496E7465727275707483
:10F80C0065642E0056616C7665205A6F6E652048D3
:10F81C00656174696E6720537461727465642E003F
:10F82C0056616C7665205A6F6E6520486561746907
:10F83C006E672053746F707065642E00416D706C30
:10F84C00696669636174696F6E205A6F6E652048D2
:10F85C00656174696E6720537461727465642E00FF
:10F86C00416D706C696669636174696F6E205A6F63
:10F87C006E652048656174696E672053746F707093
:10F88C0065642E004D41494E5F5441534B3A20451F
:10F89C0072726F7220726563656976696E67207328
:10F8AC00776974636820646174612066726F6D207F
:10F8BC006D61696E5F7377697463685175657565A1
:10F8CC000A0000004D41494E5F5441534B3A2055BC
:10F8DC006E61626C6520746F2073656E6420736159
:10F8EC006D706C6520696E74657272757074696F79
:10F8FC006E206576656E7420746F206C6F67676917
:10F90C006E67207461736B2E0A0000004D41494EE6
:10F91C005F5441534B3A20556E61626C6520746F95
:10F92C002073656E64206D61696E207374617465FB
:10F93C00206368616E676520746F2068656174650B
:10F94C00725F6D61696E537461746551756575652F
:10F95C002E0A00004D41494E5F5441534B3A2055FD
:10F96C006E61626C6520746F2073656E64206D61CE
:10F97C00696E207374617465206368616E676520BD
:10F98C00746F20626174746572795F6D61696E5316
:10F99C007461746551756575652E0A004D41494E4B
:10F9AC005F5441534B3A20556E61626C6520746F05
:10F9BC002073656E64206D61696E2073746174656B
:10F9CC00206368616E676520746F207573625F7366
:10F9DC00746174654368616E676551756575652EF4
:10F9EC000A0000004D41494E5F5441534B3A20559B
:10F9FC006E61626C6520746F2073656E64206D613E
:10FA0C00696E207374617465206368616E6765202C
:10FA1C00746F206C6F676765725F6D61696E53748C
:10FA2C006174654368616E676551756575652E0A0D
:10FA3C00000000004D41494E5F5441534B3A205554
:10FA4C006E61626C6520746F2073656E64207275D4
:10FA5C006E20616D706C696669636174696F6E208C
:10FA6C007A6F6E6520726571756573742E0A00006D
:10FA7C004D41494E5F5441534B3A20556E61626C77
:10FA8C006520746F2073656E6420737461727420CA
:10FA9C00616D706C696669636174696F6E207A6FF1
:10FAAC006E65206576656E7420746F206C6F676769
:10FABC00696E67207461736B2E0A00004D41494ECC
:10FACC005F5441534B3A20556E61626C6520746FE4
:10FADC002073656E642072756E2076616C7665207D
:10FAEC007A6F6E6520726571756573742E0A0000ED
:10FAFC004D41494E5F5441534B3A20556E61626CF7
:10FB0C006520746F2073656E642073746172742049
:10FB1C0076616C7665207A6F6E65206576656E749D
:10FB2C0020746F206C6F6767696E67207461736BEC
:10FB3C002E0A00004D41494E5F5441534B3A20551B
:10FB4C006E61626C6520746F2073656E64207374D3
:10FB5C006F7020616D706C696669636174696F6E3A
:10FB6C00207A6F6E6520726571756573742E0A004C
:10FB7C004D41494E5F5441534B3A20556E61626C76
:10FB8C006520746F2073656E642073746F702061D0
:10FB9C006D706C696669636174696F6E207A6F6EE3
:10FBAC0065206576656E7420746F206C6F6767696D
:10FBBC006E67207461736B2E0A0000004D41494E34
:10FBCC005F5441534B3A20556E61626C6520746FE3
:10FBDC002073656E642073746F702076616C76652B
:10FBEC00207A6F6E6520726571756573742E0A00CC
:10FBFC004D41494E5F5441534B3A20556E61626CF6
:10FC0C006520746F2073656E642073746F7020763A
:10FC1C00616C7665207A6F6E65206576656E7420F2
:10FC2C00746F206C6F6767696E67207461736B2EDD
:10FC3C000A0000004D61696E5461736B0000000096
:10FC4C004572726F72206372656174696E67206DA4
:10FC5C0061696E207461736B2E204572726F723AFB
:10FC6C002025640A000000004865617465725461C7
:10FC7C00736B00004572726F7220637265617469F8
:10FC8C006E6720686561746572207461736B2E20D9
:10FC9C004572726F723A2025640A00004C6F6767D8
:10FCAC0065725461736B00004572726F72206372DF
:10FCBC00656174696E67206C6F676765722074612B
:10FCCC00736B2E204572726F723A2025640A000005
:10FCDC0053656E736F72735461736B004572726F00
:10FCEC0072206372656174696E672073656E736FE1
:10FCFC007273207461736B2E204572726F723A208E
:10FD0C0025640A00426174746572795461736B00E6
:10FD1C004572726F72206372656174696E672062DE
:10FD2C00617474657279206D616E6167656D656E65
:10FD3C0074207461736B2E204572726F723A202599
:10FD4C00640A00005553425461736B004572726F24
:10FD5C0072206372656174696E6720757362206DC1
:10FD6C00616E6167656D656E74207461736B2E20B6
:10FD7C004572726F723A2025640A000050574D5438
:10FD8C0061736B004572726F722063726561746986
:10FD9C006E672050574D207461736B2E2045727224
:10FDAC006F723A2025640A00556E61626C6520748E
:10FDBC006F20637265617465206D61696E5F62614D
:10FDCC0074746572794461746151756575652071DF
:10FDDC00756575650A000000556E61626C6520746E
:10FDEC006F20637265617465206D61696E5F7377F6
:10FDFC006974636851756575652071756575650AFB
:10FE0C0000000000556E61626C6520746F20637297
:10FE1C0065617465206865617465725F7A6F6E6583
:10FE2C0052756E51756575652071756575650A003D
:10FE3C00556E61626C6520746F20637265617465C8
:10FE4C00206865617465725F74656D70657261744C
:10FE5C007572654461746151756575652071756560
:10FE6C0075650A00556E61626C6520746F20637253
:10FE7C00656174652073656E736F725F6D61696E19
:10FE8C00537461746551756575652071756575651B
:10FE9C000A000000556E61626C6520746F206372FD
:10FEAC006561746520626174746572795F726571E5
:10FEBC007565737450657263656E7451756575659F
:10FECC002071756575650A00556E61626C652074EC
:10FEDC006F206372656174652062617474657279F8
:10FEEC005F6D61696E5374617465517565756520DC
:10FEFC0071756575650A0000556E61626C652074DC
:10FF0C006F20637265617465207573625F737461D1
:10FF1C0074654368616E67655175657565207175AB
:10FF2C006575650A00000000556E61626C65207491
:10FF3C006F20637265617465206C6F676765725FB3
:10FF4C00726563764261747450657263656E745148
:10FF5C00756575652071756575650A00556E61620C
:10FF6C006C6520746F20637265617465206C6F67BB
:10FF7C006765725F6C6F674D65737361676551750B
:10FF8C006575652071756575650A0000556E616251
:10FF9C006C6520746F20637265617465206C6F678B
:10FFAC006765725F6D61696E5374617465436861F6
:10FFBC006E676551756575652071756575650A00A7
:10FFCC00443A5C4E4141544F535C536F75726365B8
:10FFDC0020436F64655C47484C2D4E4141544F5350
:10FFEC005C6170706C69636174696F6E5C73726371
:04FFFC005C6D61696E
:020000022000DC
:100000006E2E6300010000000101000000000000EE
:1000100000010000010000000000000000000000DE
:10002000000000000000000002000000F0F70100E6
:1000300001000000000000000000000000000000BF
:10004000000000000500000010F8010001000000A1
:1000500000000000000000000000000000000000A0
:10006000060000002CF80100010000000000000064
:10007000000000000000000000000000030000007D
:1000800048F801000100000000000000000000002E
:100090000000000000000000040000006CF80100F7
:1000A0000101000001020000424154545F544153D9
:1000B0004B3A20556E61626C6520746F20726563E7
:1000C00065697665207374617465206368616E6725
:1000D000652066726F6D20626174746572795F6D00
:1000E00061696E537461746551756575652E0A009A
:1000F000424154545F5441534B3A20576173207529
:100100006E61626C6520746F2073656E642062613D
:1001100074746572792070657263656E7461676569
:1001200020746F206D61696E2071756575652E2074
:100130004572726F723A25640A00000042415454BD
:100140005F5441534B3A2057617320756E61626C66
:100150006520746F2070756C6C206F66662062611C
:100160007474657279207265717565737420666F39
:1001700072206C6F676765722071756575650A001E
:10018000424154545F5441534B3A20576173207598
:100190006E61626C6520746F2073656E64206261AD
:1001A000747465727920696E666F726D6174696FBF
:1001B0006E20746F206C6F6767657220717565754E
:1001C000650A00004845415445525F5441534B3A3B
:1001D00020756E61626C6520746F2072656365695D
:1001E0007665207A6F6E652072756E207265717506
:1001F0006573742066726F6D206865617465725FE7
:100200007A6F6E6552756E51756575650A000000EE
:100210004845415445525F5441534B3A20756E61F5
:10022000626C6520746F2072656365697665207401
:10023000656D7065726174757265206461746120AA
:1002400066726F6D206865617465725F74656D704C
:100250006572617475726544617461517565756527
:100260000A000000416D70303A2054656D703A20EC
:1002700025302E326609447574793A2025302E32A5
:10028000660A0000416D70313A2054656D703A2065
:1002900025302E326609447574793A2025302E3285
:1002A000660A0000416D70323A2054656D703A2044
:1002B00025302E326609447574793A2025302E3265
:1002C000660A000056616C763A2054656D703A20DB
:1002D00025302E326609447574793A2025302E3245
:1002E000660A00004E4141544F53000053444300FE
:1002F000312E3030000000004C4F475F5441534BCB
:100300003A20556E61626C6520746F2067657420B9
:1003100074696D6520666F72206C6F672066696C0A
:1003200065206E616D65210A00000000756E6B6EC0
:100330006F776E2E6373760073616D706C655F25E9
:10034000642D25642D25645F256425642E637376F2
:10035000000000004C4F475F5441534B3A20556E0C
:1003600061626C6520746F207265636569766520D3
:100370007374617465206368616E67652066726F6F
:100380006D206C6F676765725F6D61696E53746134
:1003900074654368616E676551756575652E0A0001
:1003A0004C4F475F5441534B3A205761726E696E10
:1003B0006721204C6F672066696C652077697468D7
:1003C000206E616D6520616C72656164792065786D
:1003D0006973742C2077696C6C206265206F766578
:1003E000727772697474696E6720746861742066CC
:1003F000696C652E0A0000004C4F475F5441534B17
:100400003A20556E61626C6520746F20637265617D
:100410007465206C6F672066696C6520666F72205A
:1004200063757272656E742073616D706C65207097
:1004300072657065726174696F6E2E0A000000004B
:100440004C4F475F5441534B3A20556E61626C6587
:1004500020746F2073656E642062617474657279B4
:100460002070657263656E74616765207265717571
:1004700065737420746F20626174746572795F7241
:1004800065717565737450657263656E74517565D9
:1004900075652E0A000000004C4F475F5441534BD6
:1004A0003A20556E61626C6520746F206765742018
:1004B000626174746572792070657263656E7461CF
:1004C00067652066726F6D20626174746572795F12
:1004D0007265717565737450657263656E7451757C
:1004E0006575652E0A0000004C4F475F5441534B21
:1004F0003A20556E61626C6520746F2067657420C8
:100500006C6F67206D6573736167652066726F6DD0
:10051000206C6F676765725F6C6F674D65737361A1
:10052000676551756575652E0A0000004C4F475F81
:100530005441534B3A20556E61626C6520746F20B4
:1005400072657472656976652074696D6521000055
:1005500025643A25643A25642C25302E32662C25F4
:10056000302E32662C25302E32662C25302E326607
:100570002C25642C4E4F4E450A00000025643A2578
:10058000643A25642C25302E32662C25302E3266B6
:100590002C25302E32662C25302E32662C25642CEC
:1005A00025730A004C4F475F5441534B3A20556E18
:1005B00061626C6520746F207772697465206C616C
:1005C0007374206C6F67206C696E65210A000000EF
:1005D0004C4F475F5441534B3A2057726F7465201C
:1005E0006C696E6520746F206C6F670A00000000F4
:1005F000030000002E2E2F73646B2F6D6F64756CDB
:1006000065732F6E7266782F68616C2F6E72665FED
:100610006770696F2E680000424154545F54415323
:100620004B3A20556E61626C6520746F2072656371
:1006300065697665207374617465206368616E67AF
:10064000652066726F6D2073656E736F725F6D618A
:10065000696E537461746551756575652E0A000085
:100660004F70746963616C2073656E736F72207470
:100670007269676765726564210A00004F7074696A
:1006800063616C2073656E736F72206E6F206C6F88
:100690006E67657220747269676765726564210AA6
:1006A0000000000048616C2073656E736F722074E7
:1006B0007269676765726564210A000048616C2091
:1006C00073656E736F72206E6F206C6F6E676572EC
:1006D00020747269676765726564210A0000000012
:1006E00053454E534F52535F5441534B3A20556E2E
:1006F00061626C6520746F2073656E642073776926
:10070000746368206461746120696E206D61696E34
:100710005F73776974636851756575652E0A0000AB
:1007200053454E534F52535F5441534B3A20556EED
:1007300061626C6520746F2073656E642074656DF2
:100740007065726174757265206461746120696E90
:10075000206865617465725F74656D70657261743F
:100760007572654461746151756575652E204572B9
:10077000726F723A2025640A0000000053454E5300
:100780004F52535F5441534B3A20556E61626C6532
:1007900020746F2073656E64206C6F67206D6573C5
:1007A0007361676520746F206C6F676765725F6C3B
:1007B0006F674D65737361676551756575652E0A61
:1007C000000000004845415445525F5441534B3AA4
:1007D00020556E61626C6520746F207265616420C3
:1007E00074656D7065726174757265210A00000030
:1007F0004E4141544F53000053444300312E30309A
:100800000000000042797465732077616974696E35
:10081000673A20256400000052583A2073697A65CF
:100820003A20256C7520636861723A2025630000C8
:100830005553422073757370656E6465640A0000D9
:1008400055534220726573756D65640A000000009F
:1008500055534220737461727465640A000000008D
:100860005553422073746F707065640A0000000075
:1008700055534220706F77657220646574656374A8
:1008800065640A0055534220706F77657220726567
:100890006D6F7665640A000055534220726561648D
:1008A000790A000055534220706F776572206465A5
:1008B0007465637465640D0A00000000555342209E
:1008C000706F7765722072656D6F7665640D0A00D2
:1008D0005553422072656164790D0A00443A5C4EBA
:1008E0004141544F535C536F7572636520436F648D
:1008F000655C47484C2D4E4141544F535C617070CC
:100900006C69636174696F6E5C7372635C7573624A
:100910002E6300005553425F5441534B3A20556EAD
:1009200061626C6520746F2072656365697665200D
:10093000757362206D6573736167652066726F6D94
:10094000207573625F73746174654368616E676577
:1009500051756575652E0A00540F0020A4EE010044
:100960000200010601020482810100000000010171
:100970008101000071430100EA0000200000000036
:100980002944010000000000008000400004000035
:10099000DC0F00208809020000A0004002040000D3
:1009A0000010002098090200443A5C4E4141544F27
:1009B000535C536F7572636520436F64655C474891
:1009C0004C2D4E4141544F535C6170706C696361B2
:1009D00074696F6E5C7372635C70776D2E63000078
:1009E00021000000220000000000000002000000C2
:1009F0008813000023000000240000000000000015
:100A00000200000088130000443A5C4E4141544FFC
:100A1000535C536F7572636520436F64655C474830
:100A20004C2D4E4141544F535C6170706C69636151
:100A300074696F6E5C7372635C6164632E63000043
:100A4000000000000200000200000000010006009B
:100A50002E2E2F73646B2F6D6F64756C65732F6E04
:100A60007266782F68616C2F6E72665F6770696F4F
:100A70002E680000443A5C4E4141544F535C536F22
:100A80007572636520436F64655C47484C2D4E4129
:100A900041544F535C6170706C69636174696F6E2F
:100AA0005C7372635C6932635F68616C5F66726518
:100AB0006572746F732E6300000000000030004008
:100AC00000000000000000000100000000400040A5
:100AD00001000000000000004E4141544F5300004F
:100AE00053444300312E3030000000005344204373
:100AF00061726420696E697469616C697A61746994
:100B00006F6E206661696C65642E0A005344204351
:100B100061726420696E6974616C697A65642E2003
:100B20004361706163746974793A202564204D4291
:100B30000A000000556E61626C6520746F206D6F55
:100B4000756E742053442043617264210A000000D2
:100B5000000000006C6F6773000000004C6F67734B
:100B6000206469726563746F727920637265617461
:100B700065640A00636F6E6669670000436F6E66A6
:100B80006967206469726563746F72792063726546
:100B9000617465640A0000004E657720636F6E66BD
:100BA00069672E74787420636F6E66696720666962
:100BB0006C6520696E20636F6E666967207375626D
:100BC0006469726563746F727920637265617465BC
:100BD0006420776974682064656661756C74207040
:100BE0006172616D65746572732E0A00556E616283
:100BF0006C6520746F207265747265697665206318
:100C00006F6E6669672E7478742066726F6D2073DC
:100C10006420636172642E0A0000000054696D65EF
:100C20002C56616C766554656D702C416D70305436
:100C3000656D702C416D703154656D702C416D7017
:100C40003254656D702C426174742C4576656E74F7
:100C50000A0000002E2E00000D0A204C69737469F2
:100C60006E67206469726563746F72793A202F0A27
:100C7000000000002F0000004469726563746F7209
:100C800079206C697374696E67206661696C65644C
:100C9000210A00004469726563746F72792072657D
:100CA0006164206661696C65642E0A002020203C26
:100CB0004449523E20202025730A000025396C75D6
:100CC000202025730A000000636F6E6669672E742A
:100CD0007874000073616D706C655F726174653A61
:100CE00025302E32660A00006C6F6767696E675F99
:100CF000726174653A25302E32660A0070E6010092
:100D0000D80A0200E00A0200E40A02000002000021
:100D10000D0E0F0C441000205465726D696E616CED
:100D2000000000005254540053454747455200000C
:100D30002E2E2F73646B2F636F6D706F6E656E74E4
:100D4000732F6C69627261726965732F626C6F6375
:100D50006B5F6465762F6E72665F626C6F636B5F4C
:100D60006465762E68000000443A5C4E4141544F61
:100D7000535C536F7572636520436F64655C4748CD
:100D80004C2D4E4141544F535C6170706C696361EE
:100D900074696F6E5C73646B5C65787465726E61A8
:100DA0006C5C66617466735C706F72745C646973AA
:100DB0006B696F5F626C6B6465762E630000000088
:100DC00001030507090E10121416181C1E0000005E
:100DD000222A3A3C3E3F7C7F000000002B2C3B3D0A
:100DE0005B5D0000EBFE904D53444F53352E3000B9
:100DF0004E4F204E414D4520202020464154333255
:100E0000202020004E4F204E414D452020202046DE
:100E10004154202020202000A7009881A8004E8166
:100E2000B0008B81B1007D81B4004C81B600F781A8
:100E3000D7007E81F700808191039F839203A08376
:100E40009303A1839403A2839503A3839603A483AE
:100E50009703A5839803A6839903A7839A03A8837E
:100E60009B03A9839C03AA839D03AB839E03AC834E
:100E70009F03AD83A003AE83A103AF83A303B0831D
:100E8000A403B183A503B283A603B383A703B483EA
:100E9000A803B583A903B683B103BF83B203C0839C
:100EA000B303C183B403C283B503C383B603C4834E
:100EB000B703C583B803C683B903C783BA03C8831E
:100EC000BB03C983BC03CA83BD03CB83BE03CC83EE
:100ED000BF03CD83C003CE83C103CF83C303D083BD
:100EE000C403D183C503D283C603D383C703D4838A
:100EF000C803D583C903D683010446841004408403
:100F0000110441841204428413044384140444846D
:100F1000150445841604478417044884180449843A
:100F200019044A841A044B841B044C841C044D8409
:100F30001D044E841E044F841F04508420045184D9
:100F400021045284220453842304548424045584A9
:100F50002504568426045784270458842804598479
:100F600029045A842A045B842B045C842C045D8449
:100F70002D045E842E045F842F046084300470840A
:100F800031047184320472843304738434047484AD
:100F9000350475843604778437047884380479847A
:100FA00039047A843A047B843B047C843C047D8449
:100FB0003D047E843E0480843F0481844004828416
:100FC00041048384420484844304858444048684E5
:100FD00045048784460488844704898448048A84B5
:100FE00049048B844A048C844B048D844C048E8485
:100FF0004D048F844E0490844F0491845104768470
:1010000010205D8115205C81182065811920668182
:101010001C2067811D2068812020F5812120F68118
:1010200025206481262063813020F18132208C814B
:1010300033208D813B20A68103218E81162182875A
:10104000212184872B21F0816021548761215587DC
:101050006221568763215787642158876521598704
:1010600066215A8767215B8768215C8769215D87D4
:10107000702140FA712141FA722142FA732143FA38
:10108000742144FA752145FA762146FA772147FA08
:10109000782148FA792149FA9021A9819121AA81E0
:1010A0009221A8819321AB81D221CB81D421CC8103
:1010B0000022CD810222DD810322CE810722DE8142
:1010C0000822B8810B22B981112294871A22E38168
:1010D0001D22E5811E2287811F2298872022DA8126
:1010E000252261812722C8812822C9812922BF8126
:1010F0002A22BE812B22E7812C22E8812E2293878F
:10110000342288813522E6813D22E4815222E08129
:10111000602282816122DF81662285816722868149
:101120006A22E1816B22E2818222BC818322BD811D
:101130008622BA818722BB81A522DB81BF229987C3
:101140001223DC8160244087612441876224428726
:10115000632443876424448765244587662446873F
:101160006724478768244887692449876A244A870F
:101170006B244B876C244C876D244D876E244E87DF
:101180006F244F87702450877124518772245287AF
:101190007324538700259F840125AA840225A084F7
:1011A0000325AB840C25A1840F25AC841025A284D3
:1011B0001325AD841425A4841725AF841825A38492
:1011C0001B25AE841C25A5841D25BA842025B58445
:1011D0002325B0842425A7842525BC842825B7840D
:1011E0002B25B2842C25A6842F25B6843025BB84DC
:1011F0003325B1843425A8843725B8843825BD84A7
:101200003B25B3843C25A9843F25B9844225BE846F
:101210004B25B484A025A181A125A081B225A3815D
:10122000B325A281BC25A581BD25A481C6259F81AA
:10123000C7259E81CB259B81CE259D81CF259C8175
:10124000EF25FC8105269A810626998140268A8110
:10125000422689816A26F4816D26F3816F26F28108
:10126000003040810130418102304281033056819B
:10127000053058810630598107305A810830718114
:10128000093072810A3073810B3074810C307581A2
:101290000D3076810E3077810F3078811030798172
:1012A00011307A811230A7811330AC8114306B81F8
:1012B00015306C811D3080871F30818741309F82BF
:1012C0004230A0824330A1824430A2824530A382C2
:1012D0004630A4824730A5824830A6824930A78292
:1012E0004A30A8824B30A9824C30AA824D30AB8262
:1012F0004E30AC824F30AD825030AE825130AF8232
:101300005230B0825330B1825430B2825530B38201
:101310005630B4825730B5825830B6825930B782D1
:101320005A30B8825B30B9825C30BA825D30BB82A1
:101330005E30BC825F30BD826030BE826130BF8271
:101340006230C0826330C1826430C2826530C38241
:101350006630C4826730C5826830C6826930C78211
:101360006A30C8826B30C9826C30CA826D30CB82E1
:101370006E30CC826F30CD827030CE827130CF82B1
:101380007230D0827330D1827430D2827530D38281
:101390007630D4827730D5827830D6827930D78251
:1013A0007A30D8827B30D9827C30DA827D30DB8221
:1013B0007E30DC827F30DD828030DE828130DF82F1
:1013C0008230E0828330E1828430E2828530E382C1
:1013D0008630E4828730E5828830E6828930E78291
:1013E0008A30E8828B30E9828C30EA828D30EB8261
:1013F0008E30EC828F30ED829030EE829130EF8231
:101400009230F0829330F1829B304A819C304B8144
:101410009D3054819E305581A1304083A23041835C
:10142000A3304283A4304383A5304483A630458350
:10143000A7304683A8304783A9304883AA30498320
:10144000AB304A83AC304B83AD304C83AE304D83F0
:10145000AF304E83B0304F83B1305083B2305183C0
:10146000B3305283B4305383B5305483B630558390
:10147000B7305683B8305783B9305883BA30598360
:10148000BB305A83BC305B83BD305C83BE305D8330
:10149000BF305E83C0305F83C1306083C230618300
:1014A000C3306283C4306383C5306483C6306583D0
:1014B000C7306683C8306783C9306883CA306983A0
:1014C000CB306A83CC306B83CD306C83CE306D8370
:1014D000CF306E83D0306F83D1307083D230718340
:1014E000D3307283D4307383D5307483D630758310
:1014F000D7307683D8307783D9307883DA307983E0
:10150000DB307A83DC307B83DD307C83DE307D83AF
:10151000DF307E83E0308083E1308183E23082837C
:10152000E3308383E4308483E5308583E63086834B
:10153000E7308783E8308883E9308983EA308A831B
:10154000EB308B83EC308C83ED308D83EE308E83EB
:10155000EF308F83F0309083F1309183F2309283BB
:10156000F3309383F4309483F5309583F63096838B
:10157000FB304581FC305B81FD305281FE30538170
:1015800031328A8732328B8739328C87A432858711
:10159000A5328687A6328787A7328887A8328987AF
:1015A000033365870D336987143360871833638786
:1015B0002233618723336B8726336A872733648717
:1015C0002B336C87363366873B336E8749335F87AF
:1015D0004A336D874D336287513367875733688746
:1015E0007B337E877C338F877D338E877E338D87F9
:1015F0008E3372878F3373879C336F879D337087E9
:101600009E337187A1337587C4337487CD33838745
:10161000004EEA88014E9A92034EB58E074E9C9674
:10162000084EE48F094E4F8E0A4EE38F0B4EBA8957
:101630000D4E73950E4E5E97104EA098114E4E892A
:10164000144E8E8A154EA198164EA290174EC09930
:10165000184E758B194EB8951E4EE58F214EBC97CE
:10166000264EC095284E68FA2A4EA2982D4E869294
:10167000314EA398324EF88B364EA498384EDB8A02
:10168000394E4F923B4EE58E3C4EA5983F4EA69864
:10169000424EA798434E5494454E768B4B4E5694EB
:1016A0004D4EE1934E4EC18C4F4E5296554E68E5CD
:1016B000564EA898574EE68F584EA998594EB38962
:1016C0005D4EE38B5E4EEE8C5F4EE796624EA49BC2
:1016D000714E9097734EFB937E4EA38A804E548B2F
:1016E000824EAA98854EAB98864EB997884E5C97E5
:1016F000894E88918A4EAD988B4E968E8C4EF19382
:101700008E4EB098914E5D89924EDD8C944EDC8C5D
:10171000954EE488984E6A98994E69989B4EB18D83
:101720009C4E9F889E4EB1989F4EB298A04EB39803
:10173000A14E5396A24EB498A44EF08CA54EE588C7
:10174000A64E9296A84E9C8BAB4E9D8BAC4E9E8B1C
:10175000AD4EE092AE4EBA97B04EB598B34EB69835
:10176000B64EB798BA4E6C90C04E598FC14E6D9020
:10177000C24EBC98C44EBA98C64EBB98C74E778B23
:10178000CA4EA18DCB4EEE89CD4EB998CE4EB898AB
:10179000CF4EA795D44E658ED54E648ED64EBC9155
:1017A000D74EBD98D84E7495D94EE590DD4E5781F1
:1017B000DE4EBE98DF4EC098E14E69FAE34EE391EB
:1017C000E44EDF97E54EC888ED4EBF98EE4EBC89DB
:1017D000F04EC28BF24E8792F64E8F8CF74EC19828
:1017E000FB4E4394FC4E6AFA004F6BFA014FE98AB4
:1017F000034F6CFA094FC2980A4FC9880D4FDE8C0F
:101800000E4FEA8A0F4F9A95104FB094114F788B74
:101810001A4FEF891C4FE5981D4F60932F4F8C9402
:10182000304FC498344FBA94364FE097384F4C90AD
:10183000394F6DFA3A4F668E3C4F978E3D4FBE89B9
:10184000434FCF92464F4192474FC8984D4FCA8859
:101850004E4FE1924F4F5A8F504FB28D514F439799
:10186000534FCC91554FBD89564F6EFA574FC7987D
:10187000594F5D975A4FC3985B4FC5985C4FEC8D9D
:101880005D4FC6985E4F439B694FCE986F4FD1987E
:10189000704FCF98734FC089754FB995764FC998DF
:1018A0007B4FCD987C4FF18C7F4F678E834FA48AFE
:1018B000864FD298884FCA988A4F70FA8B4FE1971B
:1018C0008D4F988E8F4FCB98914FD098924F6FFA43
:1018D000944F72FA964FD398984FCC989A4F71FACA
:1018E0009B4F9F8B9D4FCB88A04FA08BA14FBF8953
:1018F000AB4F449BAD4F9996AE4F8E95AF4FF28C48
:10190000B54F4E90B64FB597BF4FD695C24F578C37
:10191000C34FA391C44FE289C94F61FACA4F728F76
:10192000CD4F73FACE4FD798D04FDC98D14FDA987D
:10193000D44FD598D74FAD91D84FD898DA4FDB9880
:10194000DB4FD998DD4FDB95DF4FD698E14F4D90B7
:10195000E34F9396E44FDD98E54FDE98EE4F438FCB
:10196000EF4FEB98F34F6F94F54F5595F64FE69880
:10197000F84FEE95FA4FB489FE4FEA98FF4F76FA8A
:101980000550E4980650ED98095071910B50C28CA7
:101990000D507B940F50C5E01150EC9812507C9381
:1019A0001450E1981650F48C1950F38C1A50DF98AB
:1019B0001E5077FA1F50D88E2150E798225075FAA2
:1019C0002350ED9524506C922550E3982650918C2D
:1019D0002850E0982950E8982A50E2982B50CF9749
:1019E0002C50E9982D5060983650E48B3950908CEB
:1019F000405074FA42507AFA4350EE98465078FAC2
:101A00004750EF984850F3984950CC884F50CE95A6
:101A10005050F2985550F1985650F5985A50F49805
:101A20005C50E2926550928C6C50F698705079FA46
:101A30007250C38E7450A4917550E3927650F48B1B
:101A40007850F7987D50558B8050F8988550FA98CB
:101A50008D5054969150868C94507BFA9850508EAD
:101A60009950F5949A50F998AC50C38DAD50629747
:101A7000B250FC98B3504299B450FB98B550C28D07
:101A8000B7509D8FBE50588CC2504399C550CD8BD6
:101A9000C9504099CA504199CD50AD93CF509C91B7
:101AA000D150A18BD5506C96D6504499D8507DFA20
:101AB000DA50BB97DE504599E3504899E550469976
:101AC000E7506D91ED504799EE504999F4507CFAEA
:101AD000F5504B99F9504A99FB50C6950051568BD9
:101AE00001514D9902514E990451AD8909514C99BA
:101AF0001251F28E145151991551509916514F9916
:101B00001851D4981A5152991F519E8F21515399AF
:101B10002A5144973251D796375155993A51549991
:101B20003B5157993C5156993F51589940515999B9
:101B30004151F2884351B38C44515A8C45515B8FCB
:101B400046519B924751A28B4851E6904951F58CE2
:101B50004A517EFA4B518E8D4C515B994D51C69630
:101B60004E5165935051998E52515A9954515C99E6
:101B70005A517D935C51958A62515D99645180FA06
:101B80006551FC936851539169515F996A5160990D
:101B90006B51AA946C51F68C6D515A986E516199A3
:101BA0007151A48B7551BA957651B4917751EF8BE1
:101BB000785154937C51938C8051629982516399EE
:101BC0008551E09386517E89895166998A51FB8DB2
:101BD0008C5165998D51C48D8F5167999051ECE36B
:101BE00091516899925160969351699995516A996A
:101BF00096516B999751E78F9951CA8E9D5181FAF1
:101C0000A051A58AA2516E99A4516C99A551BB9679
:101C1000A6516D99A8517995A9516F99AA517099BA
:101C2000AB517199AC517E93B0517599B151739983
:101C3000B2517499B3517299B451E18DB5517699FD
:101C4000B651E896B751E297BD517799BE5182FAE5
:101C5000C451A690C5517899C651798FC9517999C7
:101C6000CB519C92CC51BD97CD518093D651C39905
:101C7000DB517A99DC51A3EADD51C38BE0517B99AA
:101C8000E1517D96E651888FE751FA91E9517D99AE
:101C9000EA51E293EC5183FAED517E99F05180992B
:101CA000F1514D8AF5518199F651A58BF851CA939E
:101CB000F9519A89FA516F8FFD519F94FE51829983
:101CC0000052819303526E90045283990652AA9552
:101CD0000752D8900852A08A0A52A78A0B528499B8
:101CE0000E5286991152598C14528599155284FAC4
:101CF0001752F1971D52898F2452BB942552CA95D1
:101D000027528799295298972A5288992E52899951
:101D100030529E9333528A993652A7903752FC8D97
:101D20003852948C39528B993A52688E3B528F8D2F
:101D30004352E49244528D994752A5914A52ED8DF7
:101D40004B528E994C528F994D524F914F528C99C4
:101D500054529199565255965B52848D5E52909989
:101D60006352958C6452DC8D65528D9469529499BE
:101D70006A5292996F529B957052E88F71529B995B
:101D80007252848A735295997452939975526E91D6
:101D90007D5297997F5296998352638A8752808C9D
:101DA00088529C998952AB978D52989991529D99DE
:101DB00092529A99945299999B52CD979C5285FA36
:101DC0009F52F78CA052C189A352F297A65286FA6D
:101DD000A952958FAA527793AB52858DAC52A09998
:101DE000AD52A199AF5277FBB152E397B4524A98E2
:101DF000B552A399B952F88CBC52A299BE524E8AE0
:101E0000C05287FAC152A499C3527596C552BA926C
:101E1000C7524597C952D795CD52A599D252D3E80A
:101E2000D552AE93D752A699D852A88AD952B19614
:101E3000DB5288FADD529F8FDE52A799DF52E5957B
:101E4000E052AB99E252A890E352A899E452CE8BAB
:101E5000E652A999E752A98AF2524D8CF352AC99F5
:101E6000F552AD99F852AE99F952AF99FA52D98E0E
:101E7000FE52F98CFF52DC96005389FA0153E69624
:101E80000253F5930553EF950653B09907538AFA19
:101E90000853B1990D53B3990F53B5991053B49991
:101EA0001553B6991653BB8917536B961953FA8D70
:101EB0001A53B7991D5378912053A08F2153A78BA4
:101EC0002353B89924538BFA2A53D9942F53B99991
:101ED0003153BA993353BB993853BC99395343950D
:101EE0003A53E68B3B53E3883F53BD934053BD9930
:101EF00041535C8F4353E7904553BF994653BE9976
:101F00004753A18F4853DF8C4953C1994A53BC941E
:101F10004D53C2995153DA945253B2915353EC91A9
:101F20005453A68B5753EC93585350925A538E9454
:101F30005C536D965E53C4996053E8906653548C1D
:101F40006953C5996E53C6996F534B897053F38883
:101F50007153EB8A72538CFA7353A6917453708B3E
:101F6000755391977753C9997853B5897B53C8991D
:101F70007F53A88B8253CA998453EF9693538DFA5B
:101F80009653CB999853D0979A53FA8C9F53B48C0D
:101F9000A053CC99A553CE99A653CD99A8537E9022
:101FA000A9535889AD537D89AE53CF99B053D09979
:101FB000B2538EFAB353B58CB653D199BB538E8BB3
:101FC000C253518EC353D299C8539496C953B38DFB
:101FD000CA53798BCB534697CC536F91CD53BD9455
:101FE000CE53FB8ED453668FD653E68ED753F38EE3
:101FF000D953968FDB53BE94DD538FFADF53D599B7
:10200000E1536289E2537091E353FB8CE453C38C38
:10201000E553E58BE853D999E9534092EA53FC9193
:10202000EB53A98BEC53A28FED53DA99EE53D89969
:10203000EF53C289F053E491F153B68EF2536A8E96
:10204000F3534589F653908AF753868DF853698E7A
:10205000FA53DB990154DC990354688B0454658A64
:102060000854878D0954678B0A54DD920B544489B8
:102070000C54AF930D54BC960E54408D0F54999749
:10208000105466931154FC8C1B544E8C1D54E599CE
:102090001F54E18B205469962654DB942954E4990B
:1020A0002B54DC8A2C54DF992D54E0992E54E2995C
:1020B0003654E39938547A8B395481903B54AB951C
:1020C0003C54E1993D54DD993E54E18C4054DE99F5
:1020D000425443984654F0954854E6924954E08C53
:1020E0004A54908D4E54E6995154DB935F54EA99CB
:1020F0006854FC8E6A54F48E7054ED997154EB99C7
:102100007354A1967554E8997654F1997754EC99E3
:102110007B54EF997C54C48C7D54BD968054F099C7
:102120008454F2998654F4998A5492FA8B54EE8D21
:102130008C5461988E54E9998F54E7999054F3998F
:102140009254EE999C5491FAA254F699A454429A4E
:10215000A554F899A854FC99A95493FAAB54409A01
:10216000AC54F999AF545D9AB254E78DB354508A88
:10217000B854F799BC54449ABD54F488BE54439A59
:10218000C054A388C1546995C254419AC454FA9961
:10219000C754F599C854FB99C954C68DD854459A6B
:1021A000E154F588E2544E9AE554469AE654479A2B
:1021B000E854A38FE9548996ED544C9AEE544B9A07
:1021C000F2544E93FA544D9AFD544A9AFF5494FA9D
:1021D000045553890655B48D07554F900F55489AAD
:1021E000105582931455499A1655A0882E55539A26
:1021F0002F5542973155A58F3355599A3855589ACE
:1022000039554F9A3E55C1914055509A4455ED91DC
:102210004555559A4655A48F4C55529A4F55E296BE
:1022200053555B8C5655569A5755579A5C55549A48
:102230005D555A9A6355519A7B55609A7C55659ABB
:102240007E55619A80555C9A8355669A8455509163
:10225000865595FA8755689A8955418D8A555E9AB3
:102260008B559D929855629A99555B9A9A55AB8A6F
:102270009C55EC8A9D55858A9E55639A9F555F9A19
:10228000A755968CA855699AA955679AAA5572912F
:10229000AB55698BAC55AA8BAE55649AB055F28B91
:1022A000B6556389C4556D9AC5556B9AC755A59A9D
:1022B000D455709ADA556A9ADC556E9ADF556C9A45
:1022C000E3556B8EE4556F9AF755729AF955779AE4
:1022D000FD55759AFE55749A065651920956C38952
:1022E0001456719A1656739A1756A68F1856528915
:1022F0001B56769A2956DC892F56829A3156FA8FC8
:1023000032567D9A34567B9A36567C9A38567E9A47
:1023100042565C894C5658914E56789A5056799A46
:102320005B569A8A6456819A6856ED8A6A56849AF0
:102330006B56809A6C56839A7456AC957856D393A4
:102340007A56B6948056869A8656859A8756648AB7
:102350008A56879A8F568A9A9456899AA056889A4E
:10236000A2565894A5568B9AAE568C9AB4568E9A0D
:10237000B6568D9ABC56909AC056939AC156919A69
:10238000C2568F9AC356929AC856949ACE56959A28
:10239000D156969AD356979AD756989AD856649902
:1023A000DA56FA8EDB566C8EDE56F189E056F688E8
:1023B000E3566392EE56999AF056A28DF256CD8866
:1023C000F3567D90F9569A9AFA56C58CFD56918D22
:1023D000FF569C9A00579B9A0357DE9504579D9A87
:1023E00008579F9A09579E9A0B57A09A0D57A19A82
:1023F0000F57978C125780891357A29A1657A49A91
:102400001857A39A1C57A69A1F5779932657A79A2D
:102410002757B3882857DD8D2D575C8C30576E9227
:102420003757A89A3857A99A3B57AB9A4057AC9A56
:102430004257E28D4757CF8B4A5756964E57AA9A26
:102440004F57AD9A5057BF8D5157428D595796FAF5
:102450006157B19A6457A38D655797FA66575292A0
:102460006957AE9A6A57D8927F57B29A825782902C
:102470008857B09A8957B39A8B575E8C9357B49A02
:10248000A057B59AA257438DA3575F8AA457B79A0E
:10249000AA57B89AAC5798FAB057B99AB357B69AA0
:1024A000C057AF9AC357BA9AC657BB9AC7579AFA3A
:1024B000C85799FACB578496CE57E98FD257BD9A11
:1024C000D357BE9AD457BC9AD657C09ADC57579464
:1024D000DF57E688E0577595E357C19AF457FB8FAD
:1024E000F757B78EF9577C94FA57EE8AFC57E98D67
:1024F000005878960258B0930558988C0658CD919C
:102500000A58BF9A0B58C29A1558C2911958C39AC3
:102510001D58C49A2158C69A2458E7922A58AC8A62
:102520002F589FEA305881893158F1953458EA8FF5
:10253000355867933A58E48D3D58CC9A4058BB952E
:102540004158DB974A58F2894B58C89A51585991CB
:102550005258CB9A54588393575868935858849339
:102560005958B7945A58CB925E58C78D6258C79A3B
:10257000695896896B5855937058C99A7258C59A7C
:1025800075586F907958CD9A7E586D8F8358AB8B64
:102590008558CE9A9358E69597589D919C58C49229
:1025A0009E589DFA9F58D09AA8586E96AB58D19ACB
:1025B000AE58D69AB2589EFAB358AD95B858D59A37
:1025C000B958CF9ABA58D29ABB58D49ABE58A48D4B
:1025D000C158C795C558D79AC7586492CA58F38945
:1025E000CC58EB8FD158D99AD358D89AD558888DD2
:1025F000D758DA9AD858DC9AD958DB9ADC58DE9A40
:10260000DE58D39ADF58E09AE458DF9AE558DD9A0D
:10261000EB586D8EEC587090EE587391EF58E19A2C
:10262000F058BA90F158EB88F2588494F758D99240
:10263000F958E39AFA58E29AFB58E49AFC58E59A5A
:10264000FD58E69A0259E79A0959CF950A59E89A2E
:102650000B599FFA0F59C4891059E99A15595B977C
:1026600016594F8A1859C7991959678F1A59BD9128
:102670001B59EA9A1C59E9962259B2962559EC9AA7
:102680002759E591295956932A59BE912B59769588
:102690002C59ED9A2D59EE9A2E599B893159B88EA5
:1026A0003259EF9A3759CE883859F09A3E59F19AF3
:1026B000445982894759EF8A4859DE934959F2951E
:1026C0004E59F59A4F5974915059F49A51595F8C5B
:1026D0005359A0FA54597A965559F39A57598593F4
:1026E0005859F79A5A59F69A5B59A1FA5D59A2FAC4
:1026F0006059F99A6259F89A6359A3FA65599C8905
:102700006759FA9A6859A78F6959FC9A6A5944928D
:102710006C59FB9A6E59B1957359978F74597A9386
:102720007859409B7D59448D8159419B82594094F1
:102730008359DC948459CF968A5944948D594A9B85
:102740009359578B965964979959AD969B59AA9B63
:102750009D59429BA359459BA459A4FAA559C391DD
:10276000A8595796AC596993B259469BB959859661
:10277000BA59A5FABB59C88DBE59A88FC659479BEF
:10278000C9596F8ECB596E8ED059B788D159C68C26
:10279000D359A990D459CF88D9594B9BDA594C9B1E
:1027A000DC59499BE5595789E659AD8AE859489B58
:1027B000EA59C396EB595095F659A688FB59F78804
:1027C000FF59708E015AD088035AA188095A519B2B
:1027D000115A4F9B185ABA961A5A529B1C5A509B20
:1027E0001F5A4E9B205A5090255A4D9B295AD895D6
:1027F0002F5AE28C355A569B365A579B3C5AA98F12
:10280000405A539B415A4B98465A6B94495A559B90
:102810005A5AA58D625A589B665A77956A5A599B9F
:102820006C5A549B7F5AB996925A7D949A5A5A9BE5
:102830009B5A5195BC5A5B9BBD5A5F9BBE5A5C9B91
:10284000C15AC589C25A5E9BC95AB98ECB5A5D9B83
:10285000CC5A998CD05A6B9BD65A649BD75A619BA1
:10286000E15A8492E35A609BE65A629BE95A639B61
:10287000FA5A659BFB5A669B095BF08A0B5B689B67
:102880000C5B679B165B699B225BEC8F2A5B6C9BE6
:102890002C5BDA92305B6489325B6A9B365B6D9BA2
:1028A0003E5B6E9B405B719B435B6F9B455B709B8C
:1028B000505B718E515B729B545B458D555B739B76
:1028C000565BA6FA575B9A8E585BB6915A5B749B1F
:1028D0005B5B759B5C5B798E5D5B468D5F5BD096C9
:1028E000635B478B645BC78C655B769B665B778AB3
:1028F000695B779B6B5BB791705B789B715BA19B0E
:10290000735B799B755B7A9B785B7B9B7A5B7D9B2A
:10291000805B7E9B835B809B855BEE91875B4689BA
:10292000885BE78E895BC0888B5B76918C5BAE8A17
:102930008D5BB38E8F5B478D955B8693975B408FE6
:10294000985BAF8A995B88929A5BE8929B5BB688AA
:102950009C5B588B9D5BF3959F5BC08EA25B718BDC
:10296000A35BE990A45BBA8EA55B4797A65B819BAE
:10297000AE5B7B8BB05BC98DB35B518AB45B8389E3
:10298000B55BAA8FB65BC689B85B829BB95B65975E
:10299000BF5B688FC05BA7FAC25BE28EC35B839BA1
:1029A000C45BF18AC55BD093C65BA796C75B849B6B
:1029B000C95B859BCC5B7895D05B879BD25BA68AF5
:1029C000D35BF58BD45B869BD85BA9FADB5BB08AC3
:1029D000DD5B5190DE5B8B9BDF5B408EE15BC789EB
:1029E000E25B8A9BE45B889BE55B8C9BE65B899B57
:1029F000E75B4A94E85BCB9EE95B5290EB5B8D9B77
:102A0000EC5BAAFAEE5BBE97F05B8E9BF35B909B50
:102A1000F55B9E92F65B8F9BF85BA190FA5B9B8EB9
:102A2000FE5BCE91FF5BF58E015C9595025CEA90B2
:102A3000045CCB8E055C919B065CAB8F075C929B24
:102A4000085C939B095CD1880A5CB8910B5C71901F
:102A50000D5C949B0E5CB1930F5CAC8F115CAD8FE1
:102A6000135C959B165CEB901A5CAE8F1E5CABFA08
:102A7000205C969B225C979B245CDE96285C989B4E
:102A80002D5CC48B315C418F385C999B395C9A9B7F
:102A90003A5CDA8E3B5C4B903C5CF2933D5C73900D
:102AA0003E5CF6943F5C4194405CC78B415C9B9BD1
:102AB000455C8F8B465C9C9B485CFC8B4A5CCD9351
:102AC0004B5CAE894D5C728E4E5C9D9B4F5CA09BB7
:102AD000505C9F9B515CFB8B535C9E9B555C57935A
:102AE0005E5CAE91605C6A93615CC68E645C77915B
:102AF000655C9A976C5CA29B6E5CA39B6F5CD493A5
:102B0000715C528E765CA59B795CA69B8C5CA79BC6
:102B1000905CF28A915CA89B945CA99BA15CAA89B9
:102B2000A65CACFAA85C5A91A95CE28AAB5CAB9B50
:102B3000AC5CA696B15CD091B35C788AB65CAD9B78
:102B4000B75CAF9BB85CDD8ABA5CADFABB5CAC9B92
:102B5000BC5CAE9BBE5CB19BC55CB09BC75CB29BD2
:102B6000D95CB39BE05CBB93E15CAC8BE85CE38934
:102B7000E95CB49BEA5CB99BED5CB79BEF5CF595B7
:102B8000F05CF495F55CAEFAF65C8793FA5CB69B64
:102B9000FB5C738FFD5CB59B075D92900B5DBA9BF0
:102BA0000E5DE88D115DC09B145DC19B155DBB9BE7
:102BB000165D528A175DBC9B185DC59B195DC49B51
:102BC0001A5DC39B1B5DBF9B1F5DBE9B225DC29BAD
:102BD000275DAFFA295DF695425DB2FA4B5DC99B60
:102BE0004C5DC69B4E5DC89B505D9297525DC79BE6
:102BF000535DB0FA5C5DBD9B695D93906C5DCA9B53
:102C00006D5DB3FA6F5DB58D735DCB9B765DCC9BCF
:102C1000825DCF9B845DCE9B875DCD9B8B5D8893D2
:102C20008C5DB89B905DD59B9D5DD19BA25DD09B3B
:102C3000AC5DD29BAE5DD39BB75DD69BB85DB4FA5D
:102C4000B95DB5FABA5DE497BC5DD79BBD5DD49B19
:102C5000C95DD89BCC5DDE8ACD5DD99BD05DB6FACF
:102C6000D25DDB9BD35DDA9BD65DDC9BDB5DDD9BC0
:102C7000DD5DEC90DE5D428FE15D848FE35D8391ED
:102C8000E55D488DE65DB68DE75D498DE85D908B2D
:102C9000EB5DDE9BEE5DB78DF15DC88CF25DDF9B79
:102CA000F35DA496F45D6294F55DE09BF75D4A8D5B
:102CB000FB5DAA8AFD5D4692FE5DD08B025E738E3F
:102CC000035E7A95065EBF940B5EE19B0C5EF38A11
:102CD000115EE49B165E9F92195EE39B1A5EE29B77
:102CE0001B5EE59B1D5EE992255E83902B5E748ED4
:102CF0002D5EC8902F5ED191305E418B335EA092E5
:102D0000365EE69B375EE79B385EED8F3D5E5896FC
:102D1000405EEA9B435EE99B445EE89B455E9D9571
:102D2000475EF19B4C5E79964E5EEB9B545EED9B4D
:102D3000555E8B96575EEC9B5F5EEE9B615EA69444
:102D4000625EEF9B635EBC95645EF09B725EB18ACF
:102D5000735EBD95745E4E94755EF29B765EF39BDA
:102D6000785E4B8D795EB28A7A5EF49B7B5EB68C20
:102D70007C5E63977D5E48977E5EF48A7F5EF69BFD
:102D8000815EA192835E4C8D845EAF8F875EDD9401
:102D90008A5EB08F8F5E988F955EEA92965EF79509
:102DA000975E58939A5E4D8D9C5E7B95A05EF79BD7
:102DB000A65E7893A75EC08DAB5EC98CAD5EEB92CC
:102DC000B55EC188B65E8E8FB75E4E8DB85E669773
:102DD000C15EF89BC25EF99BC35E7094C85EFA9BAD
:102DE000C95EF597CA5E4C98CF5EFC9BD05EFB9B9C
:102DF000D35E668AD65E409CDA5E439CDB5E449C72
:102E0000DD5E429CDF5E5F95E05EB18FE15E469CD9
:102E1000E25E459CE35E419CE85E479CE95E489C1F
:102E2000EC5E499CF05E4C9CF15E4A9CF35E4B9CD0
:102E3000F45E4D9CF65E8489F75EEC92F85E4E9CE3
:102E4000FA5E9A8CFB5EF489FC5E5594FE5E4F9CA4
:102E5000FF5EF993015FD995035F509C045F4D9825
:102E6000095F519C0A5FBE950B5F549C0C5F9F9855
:102E70000D5FAF980F5FAE8E105FF393115F559C9F
:102E8000135F7C8B145FA292155FF888165F569CC7
:102E9000175FA495185F4F8D1B5F6F921F5FED92B8
:102EA000215FB7FA255FED96265FB78C275FCA8C46
:102EB000295F579C2D5F589C2F5F5E9C315FE38E8E
:102EC000345FB8FA355FA392375FAD8B385F599C9A
:102ED0003C5F4A953E5F6592415F5A9C455F67FA49
:102EE000485F5B9C4A5FAE8B4C5F5C9C4E5F5D9C19
:102EF000515F5F9C535F9693565F609C575F619CE8
:102F0000595F629C5C5F539C5D5F529C615F639CF8
:102F1000625F608C665F4695675FB9FA695FCA8DCC
:102F20006A5F56956B5FA4926C5F6A956D5F649C57
:102F3000705FB28F715F6589735F659C775F669C18
:102F4000795FF0967C5FDE947F5F699C805F9D89EE
:102F5000815FAA90825F689C835F679C845F618CBD
:102F6000855FD291875F6D9C885F6B9C8A5F6A9C4E
:102F70008B5FA5978C5FE38C905F998F915F6C9CC2
:102F8000925F6B93935F5D8F975FBE93985F709C2A
:102F9000995F6F9C9E5F6E9CA05F719CA15FE48CAB
:102FA000A85F729CA95F9C95AA5F7A8FAD5F739CA6
:102FB000AE5FF794B35FBF93B45FA592B75FBAFA01
:102FC000B95F4F93BC5F749CBD5F4A8BC35F5390E6
:102FD000C55F4B95CC5FF58ACD5F4594D65F759CF8
:102FE000D75F758ED85F5996D95F5A96DC5F9E89F8
:102FF000DD5F7A9CDE5FBBFAE05F8992E45F779CDD
:10300000EB5FF589F05FAB9CF15F799CF55F4F94C6
:10301000F85F789CFB5F769CFD5F9A8DFF5F7C9CE0
:103020000E60839C0F60899C1060819C12607B9372
:103030001560869C16607C951960809C1B60859C41
:103040001C60E5971D60768E2060D39121607D9C89
:1030500025607D8B2660889C2760AB9028608589E1
:103060002960829C2A60F6892B60879C2F60AF8B39
:103070003160849C3A608A9C41608C9C4260969C42
:103080004360949C4660919C4A60909C4B60F6978C
:103090004D60929C5060B08B5260508D55609A8FFD
:1030A0005960999C5A608B9C5D60BCFA5F608F9CF4
:1030B00060607E9C6260F8896360939C6460959C0C
:1030C000656070926860A68D6960B6896A608D9C43
:1030D0006B60989C6C60979C6D60B18B6F60A791E2
:1030E0007060868A7560628C77608E9C81609A9C25
:1030F00083609D9C84609F9C8560BDFA8960BB8EC7
:103100008A60BEFA8B60A59C8C60EE928D609B9C61
:103110009260A39C9460F7899660A19C9760A29CA2
:103120009A609E9C9B60A09C9F60E58CA0604997E4
:10313000A360B38AA6607889A760A49CA96059940B
:10314000AA60AB88B260DF94B3607B9CB460AA9C39
:10315000B560AE9CB660E396B860A79CBC608993EE
:10316000BD60AC9CC560EE8FC660AD9CC760D5935A
:10317000D1606698D360A99CD560C0FAD860AF9C36
:10318000DA609B8DDC60C990DE60BFFADF60D288B8
:10319000E060A89CE160A69CE3607991E7609C9C5C
:1031A000E860538EF060C491F160BB9CF260C2FA9B
:1031B000F3607A91F460B69CF660B39CF760B49CBF
:1031C000F960E48EFA60B79CFB60BA9C0061B59C24
:1031D0000161448F0361B89C0661B29C0861FA9654
:1031E0000961F9960D61BC9C0E61BD9C0F61D3888D
:1031F0001161C3FA1561B19C1A61F08B1B61A4883F
:103200001F61B48A2061C1FA2161B99C2761C19C08
:103210002861C09C2C61C59C3061C5FA3461C69C94
:103220003761C4FA3C61C49C3D61C79C3E61BF9C50
:103230003F61C39C4261C89C4461C99C4761BE9C7C
:1032400048619C8E4A61C29C4B61D4914C61518D06
:103250004D61B09C4E6154905361D69C5561E79589
:103260005861CC9C5961CD9C5A61CE9C5D61D59CC6
:103270005F61D49C62619D966361B58A6561D29CF1
:103280006761648C6861538A6B61CF9C6E61B6978D
:103290006F61D19C7061D4887161D39C7361CA9C49
:1032A0007461D09C7561D79C7661638C7761CB9C8F
:1032B0007E617C9782614A978761DA9C8A61DE9C95
:1032C0008E619E919061F7979161DF9C9461DC9C87
:1032D0009661D99C9861C6FA9961D89C9A61DD9CE7
:1032E000A461AE95A761B293A961658CAB61E09CC6
:1032F000AC61DB9CAE61E19CB2619B8CB661AF8935
:10330000BA61E99CBE61B68AC361E79CC661E89C6C
:10331000C761A78DC861E69CC961E49CCA61E39C52
:10332000CB61EA9CCC61E29CCD61EC9CD061F989D7
:10333000E361EE9CE661ED9CF261A692F461F19C82
:10334000F661EF9CF761E59CF8619C8CFA61F09C5A
:10335000FC61F49CFD61F39CFE61F59CFF61F29CB5
:103360000062F69C0862F79C0962F89C0A62E89584
:103370000C62FA9C0D62F99C0E625E8F1062AC903A
:103380001162E4891262FA891362C7FA1462FB9C23
:103390001662BD881A62CA901B62FC9C1D62C1E65F
:1033A0001E62409D1F62818C2162419D2662ED90CC
:1033B0002A62429D2E62439D2F62598B3062449D4A
:1033C0003262459D3362469D3462D5913862CB8C22
:1033D0003B62DF963F625B9640628A8F4162479D07
:1033E0004762EE904862BBE74962E0944B62E88E28
:1033F0004D62CB8D4E62489D5362C5915562A59535
:103400005862EF915B624B9D5E62499D60624C9D8C
:1034100063624A9D68624D9D6E62AF957162B58828
:1034200076627D957962E1947C624E9D7E62519DCB
:103430007F62B38F80625A8B82624F9D8362569DFA
:103440008462B48F8962509D8A62639491627D9791
:103450009262529D9362539D9462579D95628A93A6
:103460009662549D9762528D9862DC909B62659D36
:103470009C62B2949E62F091A662C8FAAB62E2943A
:10348000AC62AB9DB162F895B562EF92B962959668
:10349000BB625A9DBC629F89BD628A92C262639D73
:1034A000C5625392C6625D9DC762649DC8625F9D9E
:1034B000C962669DCA62629DCC62619DCD628F9435
:1034C000CF625B9DD062FB89D162599DD262918BA4
:1034D000D362F191D462559DD762589DD862538DC5
:1034E000D962D990DB62B58FDC62609DDD62719438
:1034F000E062928BE162678AEC62878AED624090BB
:10350000EE62689DEF626D9DF162699DF3629D8C34
:10351000F5626E9DF662418EF762898DFE62458F7F
:10352000FF625C9D01639D8E02636B9D0763778ED6
:1035300008636C9D0963C2880C63679D1163A79241
:103540001963938B1F63B28B27636A9D2863A588D9
:103550002B63C18D2F6355903A63F0923D63D294F3
:103560003E63709D3F637D914963A8914C634A8E91
:103570004D63719D4F63739D50636F9D5563DF95E0
:103580005763BB925C637B916763F9956863CC8EEC
:103590006963809D6B637E9D6E63989072639E8C61
:1035A0007663789D7763B78F7A63E6937B635094F5
:1035B0008063769D83637C918863F68E89637B9DAF
:1035C0008C63B68F8E63759D8F637A9D92637294C0
:1035D0009663749D9863408C9B637C8A9F637C9DFB
:1035E000A063A997A163CC8DA2635492A363799D34
:1035F000A563DA90A763548DA8638490A963868934
:10360000AA635B91AB63779DAC63648BB263668C9A
:10361000B463CD92B5637D9DBB637E91BE63819D96
:10362000C063839DC363B591C463899DC663849D54
:10363000C963869DCF636095D063F192D263879D05
:10364000D6634B97DA636797DB63B78AE163AC882D
:10365000E363859DE963829DEE63F68AF46387895F
:10366000F563C9FAF663889DFA63689706648C9DD2
:103670000D64B9910F64939D13648D9D16648A9DAA
:103680001764919D1C64729D26648E9D2864929D92
:103690002C64C0942D648B9334648B9D36648F9D11
:1036A0003A64678C3E64EF8D4264DB904E64979D74
:1036B000586445936064CAFA6764949D696480960F
:1036C0006F64959D7664969D7864CC967A64A0909C
:1036D0008364828C88649D9D9264548E93649A9DC9
:1036E0009564999D9A6451949D64CBFA9E64B393BA
:1036F000A4645093A5649B9DA9649C9DAB648F9525
:10370000AD646494AE64428EB064EF90B2646F9620
:10371000B964688ABB64A39DBC649E9DC1646997BB
:10372000C264A59DC564A19DC764A29DCD6480911E
:10373000CE64CCFAD264A09DD4645E9DD864A49D6E
:10374000DA649F9DE064A99DE164AA9DE2644693CA
:10375000E364AC9DE664438EE764A79DEC645B8BF9
:10376000EF64AD9DF164A69DF264B19DF464B09DDB
:10377000F664AF9DFA64B29DFD64B49DFE64EF8F64
:103780000065B39D0565B79D1865B59D1C65B69D23
:103790001D65909D2365B99D2465B89D2A65989DFA
:1037A0002B65BA9D2C65AE9D2F65788E3465BB9DCB
:1037B0003565BC9D3665BE9D3765BD9D3865BF9D31
:1037C0003965FC893B65558D3E65FA953F65AD9041
:1037D0004565CC8C4865C19D4D65C49D4E65CDFA4F
:1037E0004F65719551657E8B5565C39D5665C29D2C
:1037F000576573945865C59D5965B38B5D65C79DC5
:103800005E65C69D6265B88A6365558E6665D693AA
:103810006C65688C706594907265C89D7465AE9097
:103820007565479377657E957865C99D8265CA9D64
:103830008365CB9D8765B69588657C9B8965C490BB
:103840008C656B958E65D68D9065E3949165C1947A
:1038500097656C939965BF979B65CD9D9C65CE8E52
:103860009F65CE9DA165B488A465D28BA565CB90DC
:10387000A7658095AB65CF9DAC65618EAD656692A1
:10388000AF657A8EB0655690B765D09DB965FB95EA
:10389000BC659789BD657B8EC165D39DC365D19D90
:1038A000C465D49DC565B797C665D29DCB65F990B3
:1038B000CC65D59DCF65B091D265D69DD765F88A88
:1038C000D965D89DDB65D79DE065D99DE165DA9D19
:1038D000E265F98AE565FA93E6655592E7658C8BB2
:1038E000E8657C8EE9658191EC657B8FED65AE883E
:1038F000F165DB9DFA65A089FB65DF9D0066CEFA68
:103900000266568D0366DE9D0666A98D0766B88F32
:103910000966D1FA0A66DD9D0C66B98F0E66BE9601
:103920000F66A88D1366D5881466CC901566CFFAFD
:103930001C66E49D1E66D3FA1F66AF9020666689FA
:103940002466D4FA2566748F276686962866F08DDD
:103950002D66BA8F2E66D2FA2F66A590316663FA6D
:103960003466E39D3566E19D3666E29D3B66D0FA9E
:103970003C668B923F66459E4166E89D42669E8E00
:103980004366578D4466E69D4966E79D4B665790B2
:103990004F66E59D52664E8E5766D6FA5966D7FA3F
:1039A0005D66EA9D5E66E99D5F66EE9D6266EF9DDF
:1039B0006466EB9D6566D5FA6666418A6766EC9D2E
:1039C0006866ED9D6966D3946E6681956F66698CB5
:1039D0007066F09D7366D9FA7466B0907666BB8F98
:1039E0007A6671928166C58B8366F19D8466F59DCA
:1039F0008766C9898866F29D8966F49D8E66F39D07
:103A000091668B8F966667929766C3889866F69DD7
:103A10009966DAFA9D66F79DA066DBFAA266A8921F
:103A2000A666EF97AB66628EAE66E995B266DCFA83
:103A3000B4665C96B866419EB966F99DBC66FC9D0D
:103A4000BE66FB9DBF66DDFAC166F89DC466409EFA
:103A5000C766DC93C966FA9DD666429ED9668C8F8E
:103A6000DA66439EDC666A97DD669894E066449E5B
:103A7000E666469EE966479EF066489EF266C88BFB
:103A8000F3666789F466588DF566499EF7664A9E27
:103A9000F866918FF9668291FA66DEFAFB6666FA3D
:103AA000FC66D699FD665D91FE665C91FF66D691D7
:103AB0000067C58D0367F09808678E8C09674C977F
:103AC0000B67FC950D679E950E67DFFA0F674B9E9F
:103AD0001467F18D1567BD9216674C9E17674E9857
:103AE0001B675D961D67A9921E674D9E1F67FA8A28
:103AF00026674E9E27674F9E2867D8962A67A2960C
:103B00002B6796962C677B962D67448E2E67519E69
:103B10003167E98E346770963667539E3767569ED5
:103B20003867559E3A67F78A3D67808B3F67529E9C
:103B30004167549E4667579E496799904E679B9789
:103B40004F67C7885067DE8D5167BA915367DB8E28
:103B50005667F18F59675A9E5C676D935E67589EF2
:103B60005F67A9916067599E6167F08F6267DB9616
:103B700063675B9E64675C9E656788976667E1FA2A
:103B80006A67619E6D67598D6F67749470675E9EFA
:103B900071678C937267DC9D7367E09D75676E8BB0
:103BA000776766947C67609E7E67BC8F7F67C294F0
:103BB0008567669E8767F89489675D9E8B67639EBD
:103BC0008C67629E9067CD9095678D969767D19729
:103BD0009A6787969C67CA899D677D8EA06767985C
:103BE000A167659EA2679590A667649EA9675F9E80
:103BF000AF67CD8CB3676B9EB467699EB667CB89A0
:103C0000B767679EB8676D9EB967739EBB67E2FA38
:103C1000C067E4FAC167C691C467BF95C667759E61
:103C2000CA674195CE67749ECF679094D0675E96C1
:103C3000D167B98AD367F590D4675F8FD867D1927F
:103C4000DA674D97DD67709EDE676F9EE267719E53
:103C5000E4676E9EE767769EE9676C9EEC676A9EF6
:103C6000EE67729EEF67689EF1678C92F367F69637
:103C7000F467C48EF567F28DFB67B88DFE678F968B
:103C8000FF67608A0168E5FA0268CC920368C8930E
:103C9000046868891368F0901668B2901768498CB8
:103CA0001E68789E21685A8D22689C8A29687A9EAF
:103CB0002A68948A2B68819E32687D9E3468F190D0
:103CC00038686A8A3968AA8D3C68698A3D68CD8DF2
:103CD00040687B9E4168858C42686A8C43688D93FE
:103CE0004468E6FA4668799E4868C4884D687C9EB8
:103CF0004E687E9E5068CB8B51684B8C5268E3FABD
:103D00005368BA8A54686A8B5968829E5C68F78DDA
:103D10005D6891965F68568E6368839E67684F956D
:103D200074688F9E7668B1897768849E7E68959E58
:103D30007F68859E8168C09783688C9E85687E9425
:103D40008D68949E8F68879E9368B2889468899ED8
:103D500097685B8D9B688B9E9D688A9E9F68869EF8
:103D6000A068919EA268BD8FA668EB9AA768E68CB2
:103D7000A8689C97AD68889EAF68F292B068428A46
:103D8000B168AB8DB368809EB568909EB668818A35
:103D9000B9688E9EBA68929EBC688E93C468FC8A8D
:103DA000C668B09EC86864FAC968C796CA68979E14
:103DB000CB68FB8ACD689E9ECF68E7FAD2685F9693
:103DC000D4689F9ED568A19ED768A59ED868999E05
:103DD000DA684992DF688F93E068A99EE1689C9E4B
:103DE000E368A69EE768A09EEE685890EF68AA9EDA
:103DF000F268B190F968A89EFA68BB8A00696F986A
:103E00000169969E0469A49E0569D6880869989EF2
:103E10000B69B8960C699D9E0D6941900E69C5921B
:103E20000F69939E1269A39E19699A901A69AD9EB3
:103E30001B69918A1C699F8C2169AF9E22699A9E99
:103E40002369AE9E2569A79E26699B9E2869AB9E25
:103E50002A69AC9E3069BD9E3469CC933669A29EB6
:103E60003969B99E3D69BB9E3F69D6924A696B9795
:103E7000536996955469B69E5569C8915969BC9E17
:103E80005A695E915C69B39E5D69C09E5E69BF9E22
:103E90006069ED936169BE9E6269E8936869E9FAB9
:103EA0006A69C29E6B69B59E6D69C68B6E69B89E64
:103EB0006F697C8F736980947469BA9E7569C98BC8
:103EC0007769B29E7869B49E7969B19E7C694F9892
:103ED0007D69798A7E69B79E8169C19E8269548AAB
:103EE0008A69E58D8E697C899169D29E9469509822
:103EF0009569D59E9869EBFA9B6959909C69D49E07
:103F0000A069D39EA769D09EAE69C49EB169E19EA7
:103F1000B269C39EB469D69EBB69CE9EBE69C99E76
:103F2000BF69C69EC169C79EC369CF9EC769A0EA23
:103F3000CA69CC9ECB695C8DCC69C692CD698491EF
:103F4000CE69CA9ED069C59ED369C89ED8696C9750
:103F5000D9698A96DD69CD9EDE69D79EE269ECFA61
:103F6000E769DF9EE869D89EEB69E59EED69E39E0F
:103F7000F269DE9EF969DD9EFB69CE92FD6985914D
:103F8000FF69DB9E026AD99E056AE09E0A6AE69E88
:103F90000B6AF3940C6AEC9E126AE79E136AEA9E1F
:103FA000146AE49E176A9492196A57951B6ADA9EFE
:103FB0001E6AE29E1F6ABE8F216ACD96226AF69E15
:103FC000236AE99E296AA08C2A6AA1892B6A7E8AC3
:103FD0002E6AD19E306AEDFA356ABF8F366AEE9E40
:103FE000386AF59E396AF78E3A6A928A3D6A4D922E
:103FF000446AEB9E466AEFFA476AF09E486AF49E6E
:104000004B6AB48B586A6B8B596AF29E5F6A408B1D
:10401000616AC993626AF19E666AF39E6B6AEEFA00
:10402000726AED9E736AF0FA786AEF9E7E6AF1FA20
:104030007F6A808A806A6892846AFA9E8D6AF89E96
:104040008E6AE78C906AF79E976A409F9C6A779E7B
:10405000A06AF99EA26AFB9EA36AFC9EAA6A4B9F75
:10406000AC6A479FAE6A8D9EB36A469FB86A459F09
:10407000BB6A429FC16AE89EC26A449FC36A439F6B
:10408000D16A499FD36A4598DA6A4C9FDB6AF98BFB
:10409000DE6A489FDF6A4A9FE26AF2FAE46AF3FA4C
:1040A000E86AA594EA6A4D9FFA6A519FFB6A4E9F9F
:1040B000046B9397056B4F9F0A6BDC9E126B529FAC
:1040C000166B539F1D6B54891F6B559F206B878CFC
:1040D000216B9F8E236BD38B276BA289326B7E97CC
:1040E000376B579F386B569F396B599F3A6B5C8B78
:1040F0003D6BD48B3E6BBC8A436B5C9F476B5B9F75
:10410000496B5D9F4C6BCC894E6B5692506B5E9F9A
:10411000536BBD8A546B609F596B5F9F5B6B619F54
:104120005F6B629F616B639F626B7E8E636BB3900C
:10413000646B9F8D666B9095696BE0956A6B639875
:104140006F6B958E736BCE8D746BF097786B649FED
:10415000796B659F7B6B808E7F6B669F806B679FA3
:10416000836B699F846B689F866B7796896B7D8F65
:104170008A6BEA8E8B6B638E8D6B6A9F956B6C9FDF
:10418000966B4290986B6B9F9E6B6D9FA46B6E9F1E
:10419000AA6B6F9FAB6B709FAF6B719FB16B739F7F
:1041A000B26B729FB36B749FB46BA389B56B69924A
:1041B000B76B759FBA6B458EBB6B6B8ABC6B769F7A
:1041C000BF6B6193C06BCA9AC56B428BC66B779FFE
:1041D000CB6B789FCD6BEA95CE6B8896D26BC593EF
:1041E000D36B799FD46BE494D66BF4FAD86BF994C3
:1041F000DB6BD196DF6B7A9FEB6B7C9FEC6B7B9FCD
:10420000EF6B7E9FF36B7D9F086C819F0F6C818E9F
:10421000116CAF96136C829F146C839F176C438B49
:104220001B6C849F236C869F246C859F346C8590C7
:10423000376C5895386C69893E6CC3943F6CF5FABD
:10424000406CF392416C608F426C818B4E6CC494D5
:10425000506CAC8E556C889F576CBE8A5A6C98898E
:104260005C6CF6FA5D6CF0935E6C879F5F6C5D8DA5
:10427000606C7292626C899F686C919F6A6C8A9F75
:104280006F6CF8FA706CBF91726C828B736C929F3A
:104290007A6C888C7D6C448B7E6C909F816C8E9F39
:1042A000826C8B9F836C8097866CF7FA886CBE92C9
:1042B0008C6CD7938D6C8C9F906C949F926C939F19
:1042C000936C428C966CAB89996CB98D9A6C8D9F6E
:1042D0009B6C8F9FA16C7696A26CF291AB6C9796BB
:1042E000AE6C9C9FB16C9D9FB36CCD89B86CA6954C
:1042F000B96CFB96BA6C9F9FBB6CA18EBC6CC08FD7
:10430000BD6C989FBE6C9E9FBF6C8889C16CB58B3D
:10431000C46C959FC56C9A9FC96CF290CA6C9194BD
:10432000CC6CE594D36C979FD56C4096D76C999FD5
:10433000D96CA29FDA6CF9FADB6CA09FDD6C9B9FB5
:10434000E16C4196E26C6794E36C838BE56C44937B
:10435000E86C8D92EA6CA39FEF6CA19FF06CD791F3
:10436000F16C969FF36C6A89046DFAFA0B6D6D9788
:104370000C6DAE9F126DAD9F176DF490196DAA9FD5
:104380001B6D8C971E6DB4931F6DA49F256DC392FA
:10439000296D6B892A6D5E8D2B6DA79F326D468FBF
:1043A000336DAC9F356DAB9F366DA69F386DA99F61
:1043B0003B6D888A3D6DA89F3E6D6894416DAC97BA
:1043C000446DF28F456DF390596DB49F5A6DB29F55
:1043D0005C6D6C95636DAF9F646DB19F666D59891F
:1043E000696D5F8D6A6D51986C6D5C8A6E6D82959A
:1043F0006F6DFCFA746D8197776D438A786D5A9072
:10440000796DB39F856DB89F876DFBFA886DC18FFD
:104410008C6D4F978E6DB59F936DB09F956DB69FC8
:10442000966D40FB996DDC979B6D93939C6DC0934B
:10443000AC6D41FBAF6D558AB26D7489B56DBC9F93
:10444000B86DBF9FBC6DC197C06D8497C56DC69F89
:10445000C66DC09FC76DBD9FCB6DD297CC6DC39FFE
:10446000CF6D42FBD16D698FD26DC59FD56DCA9F4F
:10447000D86D9193D96DC89FDE6DC29FE16D579243
:10448000E46DC99FE66DBE9FE86DC49FEA6DCB9F4A
:10449000EB6DFA88EC6DC19FEE6DCC9FF16D5B907A
:1044A000F26D44FBF36D7E8FF56DA395F76DAC8DCA
:1044B000F86D43FBF96DB99FFA6DC79FFB6D59937A
:1044C000FC6D45FB056EB490076E898A086ECF8D32
:1044D000096EC28F0A6EBB9F0B6E618F136E6B8C61
:1044E000156EBA9F196ED09F1A6E8D8F1B6EB88C89
:1044F0001D6EDF9F1F6ED99F206E948B216E6E9371
:10450000236ED49F246EDD9F256EAD88266E518963
:10451000276E48FB296EB7892B6ED69F2C6EAA9109
:104520002D6ECD9F2E6ECF9F2F6E608D386EE09FCB
:10453000396E46FB3A6EDB9F3C6E49FB3E6ED39F65
:10454000436EDA9F4A6EA9964D6ED89F4E6EDC9FE1
:10455000566ECE8C586EC38F5B6E58925C6E47FB66
:104560005F6ED29F676E4E976B6ED59F6E6ECE9FBD
:104570006F6E9293726ED19F766ED79F7E6E70989B
:104580007F6EBC8E806E9E96826EE19F8C6EAC9428
:104590008F6EED9F906EB98C966E808F986EE39FB4
:1045A0009C6EAD979D6E618D9F6EF09FA26EEC88A4
:1045B000A56EEE9FAA6EE29FAF6EE89FB26EEA9F75
:1045C000B66E6E97B76EE59FBA6E4D93BD6EE79F60
:1045D000BF6E4AFBC26EEF9FC46EE99FC56EC59663
:1045E000C96EE49FCB6EA08ECC6EFC9FD16E8A8A82
:1045F000D36EE69FD46EEB9FD56EEC9FDD6EEA9195
:10460000DE6ED891EC6EF49FEF6EFA9FF26EF89F1B
:10461000F46E4893F76E42E0F86EF59FFE6EF69FDB
:10462000FF6EDE9F016F998B026F5995066FBD8EED
:10463000096F978D0F6F5298116FF29F136F41E0C2
:10464000146F8989156F8691206F9994226FBF8AA4
:10465000236FF8972B6F9F962C6FD092316FF99F35
:10466000326FFB9F386F51913E6F40E03F6FF79F75
:10467000416FF19F456FC18A546F898C586F4EE02E
:104680005B6F49E05C6FF6905F6F838A646F818F28
:10469000666F52E06D6F4BE06E6FAA926F6F48E0ED
:1046A000706FD792746F6BE0786F45E07A6F44E07B
:1046B0007C6F4DE0806F47E0816F46E0826F4CE099
:1046C000846F9F90866F43E0886F4BFB8E6F4FE047
:1046D000916F50E0976FC08AA16F55E0A36F54E0CF
:1046E000A46F56E0AA6F59E0B16F6293B36F53E0C5
:1046F000B56F4CFBB96F57E0C06F838CC16FF791FA
:10470000C26F51E0C36F5A94C66F58E0D46F5DE03A
:10471000D56F5BE0D86F5EE0DB6F61E0DF6F5AE082
:10472000E06F8A8DE16F4794E46FB79FEB6F9497CA
:10473000EC6F5CE0EE6F60E0EF6FF391F16F5FE0C4
:10474000F36F4AE0F56F4DFBF66F89E8FA6F64E0AE
:10475000FE6F68E0017066E005704EFB07704FFB6E
:10476000097062E00B7063E00F7067E0117065E044
:1047700015706D9518706DE01A706AE01B7069E035
:104780001D706CE01E70D2931F706EE026709592C3
:104790002770EB91287050FB2C70A39030706FE065
:1047A000327071E03E7070E04C70F39F517072E0B7
:1047B0005870E593637073E06B70CE896F7094935B
:1047C0007070448A7870848B7C70DC8E7D70D08DA4
:1047D000857051FB897046988A7086908E708A89A0
:1047E000927075E0997074E0AB7052FBAC7078E039
:1047F000AD705992AE707BE0AF7076E0B3707AE046
:10480000B87079E0B9705F93BA70D788BB7062FAFC
:10481000C870F397CB707DE0CF704789D97080E086
:10482000DD707EE0DF707CE0F17077E0F970429639
:10483000FD7082E0047154FB097181E00F7153FB3C
:1048400014718B89197184E01A71B0951C7183E021
:104850002171B3962671C58F367152913C71C48F08
:10486000467156FB477157FB4971F9974C718AE0C5
:104870004E71F790557186E056718BE059718C89B5
:104880005C7155FB627189E064718194657185E0AA
:10489000667188E06771C68F6971CF946C718CE026
:1048A0006E71CF8E7D71F89084718FE0887187E092
:1048B0008A71468C8F718DE094716F97957190E03D
:1048C0009971A4EA9F716E8FA87191E0AC7192E02A
:1048D000B1714D94B97194E0BE7195E0C17159FB0D
:1048E000C3715294C8719593C97197E0CE7199E0E4
:1048F000D071D397D27196E0D47198E0D5718D893B
:10490000D77193E0DF717A9AE0719AE0E57187914F
:10491000E671578EE7719CE0EC719BE0ED7143907E
:10492000EE71D799F5719DE0F9719FE0FB718EE012
:10493000FC719EE0FE715AFBFF71A0E006729A9432
:104940000D72A1E01072A2E01B72A3E02872A4E035
:104950002A72DC922C72A6E02D72A5E03072A7E0DC
:104960003272A8E03572DD8E367283953A72EA961D
:104970003B72A9E03C72AAE03D7275913E72A28E34
:104980003F72ABE04072ACE04672ADE04772D0954A
:104990004872C5944B72AEE04C7276945272AB92F0
:1049A0005872AFE05972E5895B728D8B5D72C49667
:1049B0005F72B4966172B28962725398677271962F
:1049C0006972A8957272B5907472B0E07972C193F1
:1049D0007D72A18C7E72B1E08072D28D8172B3E063
:1049E0008272B2E08772B4E09272B5E09672B6E07D
:1049F000A0725D8BA272B7E0A772B8E0AC72A28C15
:104A0000AF72C694B1725BFBB272BAE0B672F38F4A
:104A1000B972B9E0BE725CFBC272B68BC372BBE006
:104A2000C472BDE0C672BCE0CE72BEE0D072CF8C64
:104A3000D272BFE0D772E78BD9725F91DB729D8D26
:104A4000E072C1E0E172C2E0E272C0E0E972EB8EB6
:104A5000EC72C693ED72B78BF772C4E0F8724B92AA
:104A6000F972C3E0FC725498FD7282940A73C7E035
:104A70001673C9E01773C6E01B73D2961C73C8E0A7
:104A80001D73CAE01F73C29724735DFB2573CEE0CC
:104A90002973CDE02A7396922B734C942E73A38CBA
:104AA0002F73CCE03473CBE0367350973773519744
:104AB0003E73CFE03F738E894473968D4573828E2B
:104AC0004E73D0E04F73D1E05773D3E06373628FBE
:104AD0006873D5E06A73D4E07073D6E072736C8A41
:104AE0007573D8E077735FFB7873D7E07A73DAE099
:104AF0007B73D9E08473BA8C8773A6978973CA8B4A
:104B00008B73A4899673E88BA973DF8AB273E697D7
:104B1000B373DCE0BB73DEE0BD7360FBC073DFE04A
:104B2000C273CF89C873DBE0C97361FBCA73588E47
:104B3000CD73BF92CE73DDE0D27364FBD67362FB9C
:104B4000DE73E2E0E073EC8EE37363FBE573E0E0B9
:104B5000EA735D8CED73C794EE73E1E0F173FCE0F2
:104B6000F57366FBF873E7E0FE73BB8C0374858B0B
:104B70000574E4E006749D97077465FB0974AE97AD
:104B80002274F4912574E6E0267467FB297469FBAE
:104B90002A7468FB2E746AFB3274E8E03374D4978D
:104BA0003474D58B3574FA94367469943A74E9E0A8
:104BB0003F74EBE04174EEE05574EAE05974EDE0C7
:104BC0005A74E88C5B746C895C74EFE05E7490904E
:104BD0005F74ECE06074DA9762746BFB6374F2E00C
:104BE0006474A2EA6974F0E06A74F3E06F74E5E05B
:104BF0007074F1E07374BA8D7674F4E07E74F5E04D
:104C000083749E9789746CFB8B74F6E09E74F7E056
:104C10009F746DFBA274E3E0A774F8E0B074C28ADD
:104C2000BD74A38ECA74F9E0CF74FAE0D474FBE0CB
:104C3000DC745A89E07440E1E2745A95E37441E10E
:104C4000E674A28AE77442E1E97443E1EE7444E158
:104C5000F07446E1F17447E1F27445E1F67472953F
:104C6000F77449E1F87448E101756EFB03754BE197
:104C700004754AE105754CE10C754DE10D754FE188
:104C80000E754EE11175998D137551E1157550E151
:104C90001875C38A1A7572901C755B931E7552E164
:104CA0001F75B6902375598E25759989267553E120
:104CB000287570972B75E1952C7554E12F75A8FA1E
:104CC00030756393317552973275628D33755C9090
:104CD00037756A923875B2993A75AC923B75E68928
:104CE0003C7555E1447556E146755BE1497559E1FE
:104CF0004A7558E14B75C09D4C75458A4D7557E115
:104D00004F75D8885175A8945475C8945975AF9744
:104D10005A755CE15B755AE15C757B925D75A49098
:104D20006075A99462754C9564755EE16575AA9786
:104D300066756C8C67755FE169755DE16A75D49421
:104D40006B7560E16D7561E16F756FFB7075D9888A
:104D50007375F48F747566E1767563E17775EB931F
:104D6000787562E17F75458B827569E1867564E1CE
:104D7000877565E1897568E18A7567E18B7544958A
:104D80008E7561918F75609191755E8B94756AE1F6
:104D90009A756BE19D756CE1A3756EE1A5756DE18A
:104DA000AB757589B17576E1B275E694B37570E14E
:104DB000B57572E1B87574E1B9755D90BC7575E152
:104DC000BD7573E1BE75BE8EC2756FE1C37571E1CD
:104DD000C5756195C775C78FCA7578E1CD7577E1DF
:104DE000D27579E1D475A48ED575AD8DD8759793AC
:104DF000D9757AE1DB75C992DE757CE1E2759F9722
:104E0000E3757BE1E9758991F07582E1F27584E1E2
:104E1000F37585E1F4757392FA7583E1FC7580E1B1
:104E2000FE757DE1FF757EE1017681E1097688E11D
:104E30000B7686E10D7687E11F7689E120768BE19E
:104E400021768CE122768DE124768EE127768AE147
:104E5000307690E134768FE13B7691E14276C397EC
:104E6000467694E1477692E1487693E14C76E08A83
:104E70005276FC965676C895587696E15C7695E122
:104E8000617697E1627698E167769CE1687699E1D0
:104E900069769AE16A769BE16C769DE170769EE197
:104EA00072769FE17676A0E17876A1E17A76AD948C
:104EB0007B766F937C76A2E17D7692947E76539595
:104EC0008076A3E1827670FB8376A4E184764993B1
:104ED0008676468A8776638D8876A5E18B76A6E10D
:104EE0008E76A7E19076488E9376A9E19676A8E132
:104EF0009976AAE19A76ABE19B7673FB9C7671FB7F
:104F00009E7672FBA67674FBAE76E794B076ACE143
:104F1000B476ADE1B77689EAB876AEE1B976AFE1BD
:104F2000BA76B0E1BF764D8EC276B1E1C3767594A4
:104F3000C6767E96C8766D89CA767689CD76B2E1D8
:104F4000D276B4E1D676B3E1D7769093DB76B7909C
:104F5000DC76589FDE76B5E1DF76BF96E176B6E186
:104F6000E376C48AE476D594E576B7E1E776B8E1EE
:104F7000EA76B9E1EE76DA96F276D396F476BC92DA
:104F8000F8768A91FB76BBE1FE76828F0177C88F37
:104F90000477BEE10777BDE10877BCE10977FB94B0
:104FA0000B77C58A0C77A78C1B77C4E11E77C1E10C
:104FB0001F775E902077B0962477C0E12577C2E115
:104FC0002677C3E12977BFE13777C5E13877C6E1B6
:104FD0003A77AD923C77E18A40778592467776FBC7
:104FE0004777C7E15A77C8E15B77CBE16177879074
:104FF0006377C2936577CCE1667772966877C9E18B
:105000006B77CAE17977CFE17E77CEE17F77CDE12B
:105010008B77D1E18E77D0E19177D2E19E77D4E1A1
:10502000A077D3E1A577CB95AC77758FAD77C49793
:10503000B077D5E1B377B593B677D6E1B977D7E155
:10504000BB77DBE1BC77D9E1BD77DAE1BF77D8E1A7
:10505000C777DCE1CD77DDE1D777DEE1DA77DFE135
:10506000DB77B596DC77E0E1E277EE96E377E1E196
:10507000E5776D92E7778A94E977E98BED775A9235
:10508000EE77E2E1EF77B88BF377CE90FC77E3E150
:105090000278BB8D0C78E4E11278E5E11478A48CF9
:1050A0001578D38D2078E7E1217878FB2578759302
:1050B0002678D48D27786D8B3278439634786A942D
:1050C0003A7876933F787B8D4578E9E14E7879FBA5
:1050D0005D78C98F64787AFB6B78B0976C78648D53
:1050E0006F78A58C7278A1947478EBE17A787BFB69
:1050F0007C78EDE18178E98C8678ECE18778F49230
:105100008C78EFE18D78568A8E78EAE19178E89490
:1051100093784F899578EA8D977871989A78EEE12F
:10512000A378F0E1A778C995A978D790AA78F2E199
:10513000AF78F3E1B578F1E1BA786D8ABC78F9E13E
:10514000BE78F8E1C178A58EC578FAE1C678F5E1B8
:10515000CA78FBE1CB78F6E1D078D694D178F4E147
:10516000D478F7E1DA7841E2E77840E2E8788196AE
:10517000EC78FCE1EF78E988F47843E2FD7842E2EC
:105180000179CA8F077944E20E796291117946E27A
:10519000127945E2197947E22679E6E12A79E8E1D0
:1051A0002B7949E22C7948E230797CFB3A79A68E5A
:1051B0003C79E7973E79D08E40794AE24179568C26
:1051C00047795F8B4879468B4979838E507953971D
:1051D000537950E255794FE25679639157794CE211
:1051E0005A794EE25D796A8F5E795F905F794DE220
:1051F00060794BE2627949946579CB8F68795B95E8
:105200006D79D58D777998937A7951E27F7952E2E9
:10521000807968E28179D68B84795C98857954911C
:105220008A7953E28D79D0898E79F5928F799F951D
:10523000947981FB9B7983FB9D7954E2A6799A8BC3
:10524000A77955E2AA7957E2AE7958E2B079489445
:10525000B37959E2B9795AE2BA795BE2BD79D78B71
:10526000BE79D189BF79C393C079478FC179848EC4
:10527000C9795CE2CB79488FD179C889D2796295B6
:10528000D5795DE2D879E994DF796491E17960E2DA
:10529000E37961E2E4798994E6796090E7795EE206
:1052A000E9798192EC795FE2F079CC8FFB79DA8849
:1052B000007A488B087A62E20B7AF6920D7A63E202
:1052C0000E7AC590147AAB96177A4295187A64E2F2
:1052D000197A65E21A7A74921C7AC5971F7A67E286
:1052E000207A66E22E7AED8E317A69E2327AEE88A1
:1052F000377A6CE23B7A6AE23C7AD2893D7A6D8CED
:105300003E7A6BE23F7A658D407A928D427AE495DF
:10531000437A6DE2467A7396497A6FE24D7ACF907E
:105320004E7A6E894F7AB889507AAA88577A6EE297
:10533000617A70E2627A71E2637AF58F697A72E279
:105340006B7A6E8A707A74E2747A8A8C767A868B3B
:10535000797A75E27A7AF38B7D7A76E27F7AFA90BF
:10536000817ACB93837ADE90847AF38D887A77E2A0
:10537000927A8292937A8B91957A79E2967A7BE20D
:10538000977A78E2987A7AE29F7A418CA97A7CE2DD
:10539000AA7A458CAE7A878BAF7A7197B07A7EE223
:1053A000B67A80E2BA7A4D89BF7A83E2C37A968A66
:1053B000C47A82E2C57A81E2C77A85E2C87A7DE260
:1053C000CA7A86E2CB7AA797CD7A87E2CF7A88E24B
:1053D000D17A84FBD27AF29AD37A8AE2D57A89E2B8
:1053E000D97A8BE2DA7A8CE2DC7AB397DD7A8DE2D5
:1053F000DF7AEDE8E07ACD8FE17A8EE2E27A8FE231
:10540000E37A768FE57AB693E67A90E2E77A85FBDF
:10541000EA7A4792EB7A87FBED7A91E2EF7A5B9238
:10542000F07A92E2F67AA38BF87A5E99F97A7C9216
:10543000FA7AB18EFF7AC68A027B93E2047BA0E2FD
:10544000067B96E2087B888B0A7B95E20B7BA2E2C7
:105450000F7B94E2117BCE8F187B98E2197B99E247
:105460001B7B4A931E7B9AE2207B7D8A257B799069
:10547000267B8495287B9CE22C7BE691337B97E20C
:10548000357B9BE2367B9DE2397BF98D457BA4E23F
:10549000467B4D95487BA494497B99934B7BD88B55
:1054A0004C7BA3E24D7BA1E24F7BB394507B9EE209
:1054B000517B7D92527B9B93547B9A93567BF48DC8
:1054C0005D7BB6E2657BA6E2677BA8E26C7BABE224
:1054D0006E7BACE2707BA9E2717BAAE2747BA7E2EF
:1054E000757BA5E27A7B9FE2867BCD95877BD3890E
:1054F0008B7BB3E28D7BB0E28F7BB5E2927BB4E233
:10550000947B9394957BA596977B5A8E987BAEE27D
:10551000997BB7E29A7BB2E29C7BB1E29D7BADE2E4
:105520009E7B88FB9F7BAFE2A17BC78AAA7B5C92B4
:10553000AD7BFB90B17BA094B47BBCE2B87BA29422
:10554000C07BDF90C17BB9E2C47BCD94C67BBDE25A
:10555000C77BD195C97B7A92CB7BB8E2CC7BBAE290
:10556000CF7BBBE2DD7BBEE2E07BC28EE47BC493FB
:10557000E57BC3E2E67BC2E2E97BBFE2ED7B5598C7
:10558000F37BC8E2F67BCCE2F77BC9E2007CC5E2A4
:10559000077CC6E20D7CCBE2117CC0E2127CD39981
:1055A000137CC7E2147CC1E2177CCAE21F7CD0E204
:1055B000217CC88A237CCDE2277CCEE22A7CCFE204
:1055C0002B7CD2E2377CD1E2387CF4943D7CD3E270
:1055D0003E7CFA973F7CEB95407CD8E2437CD5E259
:1055E0004C7CD4E24D7CD0904F7CD7E2507CD9E209
:1055F000547CD6E2567CDDE2587CDAE25F7CDBE26A
:10560000607CC4E2647CDCE2657CDEE26C7CDFE230
:10561000737CC495757CE0E27E7CE096817CCC8BCB
:10562000827C488C837CE1E2897CB2958B7C88907B
:105630008D7CAE96907CE2E2927CB197957C9494BE
:10564000977C6591987C53949B7C6C8F9F7CBE88E3
:10565000A17CE7E2A27CE5E2A47CE3E2A57C9F8A50
:10566000A77CCF8FA87CE8E2AB7CE6E2AD7CE4E2ED
:10567000AE7CECE2B17CEBE2B27CEAE2B37CE9E244
:10568000B97CEDE2BD7CEEE2BE7CB890C07CEFE27E
:10569000C27CF1E2C57CF0E2CA7CD08CCE7C579112
:1056A000D27CF3E2D67C9C93D87CF2E2DC7CF4E200
:1056B000DE7CB395DF7C8C91E07C668DE27CF5E24C
:1056C000E77CC697EF7CF7E2F27CF8E2F47CF9E243
:1056D000F67CFAE2F87C858EFA7CFBE2FB7C6E8C31
:1056E000FE7C8A8B007D498B027D40E3047DF19630
:1056F000057D678D067DFCE20A7D43E30B7DE49624
:105700000D7D5B94107D5295147D838F157D42E352
:10571000177DD18E187D688D197D868E1A7D898BB7
:105720001B7DB4951C7D41E3207D6691217D6196B2
:10573000227DF58D2B7D878E2C7DDB922E7D46E3A1
:105740002F7DDD97307DD78D327D47E3337D6190AE
:10575000357D49E3397DD08F3A7DAE8D3F7D48E37D
:10576000427D498F437DBC8C447D6791457D44E3F8
:10577000467D4AE3487D8AFB4B7D45E34C7D6F8C3B
:105780004E7D4DE34F7D51E3507D8B8C567D4CE338
:105790005B7D55E35C7D8BFB5E7D698D617D8D97C7
:1057A000627DBA88637D52E3667D8B8B687D4FE3B3
:1057B0006E7D50E3717D9D93727D4EE3737D4BE36F
:1057C000757D478A767DE290797DA68C7D7D57E355
:1057D000897D54E38F7D56E3937D53E3997D708CEF
:1057E0009A7DB1919B7D58E39C7D8E919F7D65E371
:1057F000A07D8DFBA27D61E3A37D5BE3AB7D5FE3D9
:10580000AC7DF88EAD7DDB88AE7D5AE3AF7D62E383
:10581000B07D66E3B17D6A8DB27DD496B47DD492BD
:10582000B57D5CE3B77D8CFBB87D64E3BA7D59E35D
:10583000BB7D5D92BD7D5EE3BE7DBB88BF7DC896AE
:10584000C77D5DE3CA7DD98BCB7DEA94CF7D8D91F9
:10585000D17DCE97D27D8F8FD57D8EE3D67D8EFB89
:10586000D87D67E3DA7DFC90DC7D63E3DD7D68E372
:10587000DE7D6AE3E07DF792E17D6DE3E47D69E33F
:10588000E87DD295E97DC98AEC7DC996EF7DDC88FB
:10589000F27D6CE3F47DFB97FB7D6BE3017E8F89EA
:1058A000047EEA93057E6EE3097E75E30A7E6FE36C
:1058B0000B7E76E3127E72E31B7E9B941E7EC88E67
:1058C0001F7E74E3217E71E3227E77E3237E70E303
:1058D000267E638F2B7E44962E7E6B8F317E73E304
:1058E000327E80E3357E7BE3377E7EE3397E7CE368
:1058F0003A7E81E33B7E7AE33D7E60E33E7ED1905B
:10590000417EC994437E7DE3467E78E34A7E4091A2
:105910004B7E718C4D7E4A8F527E8FFB547E44901D
:10592000557E5591567E84E3597E86E35A7E87E301
:105930005D7E83E35E7E85E3667E79E3677E82E358
:10594000697E8AE36A7E89E36D7E9A96707E4A8CD0
:10595000797E88E37B7E8CE37C7E8BE37D7E8FE3A8
:105960007F7E91E3827E5B8E837E8DE3887E92E3F1
:10597000897E93E38A7E5CFA8C7E94E38E7E9AE342
:105980008F7E5A93907E96E3927E95E3937E97E383
:10599000947E98E3967E99E39B7E9BE39C7E9CE3BA
:1059A000367FCA8A387F9DE33A7F9EE3457F9FE337
:1059B000477F90FB4C7FA0E34D7FA1E34E7FA2E3A6
:1059C000507FA3E3517FA4E3547FA6E3557FA5E373
:1059D000587FA7E35F7FA8E3607FA9E3677FACE31D
:1059E000687FAAE3697FABE36A7FDF8D6B7F728C90
:1059F0006E7F7592707FB194727F908F757F6C947B
:105A0000777FEB94787FADE3797FEB9C827FAEE389
:105A1000837FB0E3857F8597867FAFE3877FB2E39F
:105A2000887FB1E38A7F72978C7FB3E38E7FFC948B
:105A3000947FB4E39A7FB7E39D7FB6E39E7FB5E39F
:105A4000A17F91FBA37FB8E3A47F518CA87F4191F4
:105A5000A97F608BAE7FBCE3AF7FB9E3B27FBAE3CF
:105A6000B67FBDE3B87FBEE3B97FBBE3BD7F4889A6
:105A7000C17FA589C57FC0E3C67FC1E3CA7FC2E3FA
:105A8000CC7F8297D27F4B8FD47FC4E3D57FC3E393
:105A9000E07F8990E17FC5E3E67FC6E3E97FC7E366
:105AA000EB7FE38AF07FCB8AF37FC8E3F97FC9E31A
:105AB000FB7F7C96FC7F83970080739701805698CC
:105AC00003806C8D0480CCE30580D28E0680CBE30E
:105AD0000B80CDE30C80A78E1080CF911280CEE397
:105AE00015806B8D1780D5961880CFE31980D0E391
:105AF0001C80D1E32180D2E32880D3E33380A88EB9
:105B00003680EB963B80D5E33D805E923F80D4E3C8
:105B10004680D7E34A80D6E35280D8E35680B990D6
:105B20005880D9E35A80DAE35E80B7955F80DBE383
:105B300061808F916280DCE36880DDE36F80FC9799
:105B40007080E0E37280DFE37380DEE37480AE9206
:105B50007680E1E3778045907980E2E37D80E3E33E
:105B60007E8057987F80E4E38480E5E38580E7E3E7
:105B70008680E6E38780A3948980F7938B805D9885
:105B80008C80A7949380E9E39680D18F9880499583
:105B90009A80EAE39B80E8E39D80CC8AA180D28C46
:105BA000A280888EA580EC94A980A88CAA80629699
:105BB000AC80EDE3AD80EBE3AF806D8DB1806E8D99
:105BC000B280E788B480E68DBA807894C380DD889F
:105BD000C480F2E3C6805F92CC807794CE80D99166
:105BE000D680F4E3D980F0E3DA80F3E3DB80EEE300
:105BF000DD80F1E3DE804596E180D38CE480FB8894
:105C0000E580EFE3EF80F6E3F180F7E3F480B7930C
:105C1000F880B98BFC8045E4FD805C940281898E1C
:105C20000581BA8B0681C690078165980881AC967C
:105C30000981F5E30A81D2901A81728B1B81F8E306
:105C40002381FAE32981F9E32F81FBE33181459236
:105C500033815D943981AF923E8142E4468141E4D3
:105C60004B81FCE34E81749050818595518144E4D1
:105C7000538143E454816F8D558172985F8154E460
:105C8000658148E4668149E46B81EE8E6E8147E46C
:105C90007081988D718146E474814AE47881B09274
:105CA0007981A0957A8142917F81DA9180814EE459
:105CB00082814FE483814BE488814CE48A814DE406
:105CC0008F81708D938155E4958151E49A818695F9
:105CD0009C818C969D814795A08150E4A38153E4DB
:105CE000A48152E4A8816396A98156E4B08157E467
:105CF000B3815691B58158E4B8815AE4BA815EE423
:105D0000BD815BE4BE8159E4BF815E94C0815CE4E7
:105D1000C2815DE4C681B089C88164E4C9815FE461
:105D2000CD8160E4D18161E4D3819F91D88163E426
:105D3000D98162E4DA8165E4DF8166E4E08167E4C9
:105D4000E3816290E581E789E78168E4E881D5979E
:105D5000EA81A98EED814C8FF3818A8EF48176924F
:105D6000FA8169E4FB816AE4FC815089FE816BE47D
:105D700001826CE402826DE405826EE407826FE4C6
:105D80000882BB8B0982A89D0A8270E40C82E39092
:105D90000D8271E40E82C98E108272E41282AE9876
:105DA000168273E41782DC951882DA8A1B8243918B
:105DB0001C82778F1E8291951F824D8F298274E4F9
:105DC0002A82718D2B8275E42C82CA942E8284E4FF
:105DD000338277E43582C791368295943782BD8CC1
:105DE000388276E439824491408278E44782F8929E
:105DF00058827AE4598279E45A827CE45D827BE4B9
:105E00005F827DE4628280E464827EE46682CD8A81
:105E1000688281E46A8282E46B8283E46E82AF8D61
:105E20006F82C797718285E47282469076829089EC
:105E3000778286E4788287E47E8288E48B82F088A9
:105E40008D8289E492828AE4998287959D82C58EAB
:105E50009F828CE4A582488AA682B088AB828BE4BC
:105E6000AC828EE4AD826D94AF826390B182D489AE
:105E7000B3824696B8827C8CB982DA8BBB828DE481
:105E8000BD82E889C582A18AD1829189D28292E4B9
:105E9000D382E897D482DB91D7826395D9829EE43E
:105EA000DB82D589DC829CE4DE829AE4DF8291E4A5
:105EB000E1828FE4E38290E4E582E18EE682EA8B80
:105EC000E7829792EB82CF93F1827089F38294E418
:105ED000F48293E4F98299E4FA8295E4FB8298E4EF
:105EE000018393FB0283CE96038397E40483D689D0
:105EF00005839D8A06839BE409839DE40E83738C4E
:105F00001683A1E41783AAE41883ABE41C83A98851
:105F10002383B2E42883EF882B83A9E42F83A8E4AA
:105F20003183A3E43283A2E43483A0E435839FE485
:105F3000368383923883F9913983A5E44083A4E4BE
:105F40004583A7E4498390914A83748C4F83608989
:105F50005083A6E45283728D58839191628394FB9F
:105F60007383B8E47583B9E47783D7897B83AC897D
:105F70007C83B6E47F8395FB8583ACE48783B4E4BC
:105F80008983BBE48A83B5E48E83B3E4938396E488
:105F90009683B1E49A83ADE49E83CE8A9F83AFE477
:105FA000A083BAE4A283B0E4A883BCE4AA83AEE4ED
:105FB000AB839C94B1838997B583B7E4BD83CDE46B
:105FC000C183C5E4C5839B90C78396FBCA83658B59
:105FD000CC83DB8BCE83C0E4D383D989D683D28FA5
:105FE000D883C3E4DC83D88DDF837093E083C8E477
:105FF000E983EC95EB83BFE4EF83D889F083D48CFD
:10600000F1834895F283C9E4F483BDE4F68397FBFA
:10601000F783C6E4FB83D0E4FD83C1E40384C2E4D8
:106020000484B8930784C7E40B84C4E40C844796C3
:106030000D84CAE40E84DE881384BEE42084CCE49C
:106040002284CBE429848B942A84D2E42C84DDE45A
:1060500031849E8A3584E0E43884CEE43C84D3E401
:106060003D848E974684DCE4488498FB4984749789
:106070004E84A897578498925B848B8A618492950A
:106080006284E2E463849F936684AF886984DBE47E
:106090006B84D7E46C8492916D84D1E46E84D9E4EE
:1060A0006F84DEE471844B947584A8887784D6E489
:1060B0007984DFE47A8498958284DAE48484D5E470
:1060C0008B84D38F90844E8F9484AA8E9984D69695
:1060D0009C8466959F84E5E4A184EEE4AD84D8E4D5
:1060E000B284978AB48499FBB884F68FB984E3E4C8
:1060F000BB84E8E4BC849391BF84E4E4C184EBE412
:10610000C4847E92C684ECE4C9847597CA84E1E4B1
:10611000CB84578ACD84E7E4D084EAE4D184AA967C
:10612000D684EDE4D984E6E4DA84E9E4DC8460FA38
:10613000EC844896EE844098F484F1E4FC84F8E41E
:10614000FF84F0E40085C18E0685CFE41185CC95EF
:106150001385A0961485F7E41585F6E41785F2E417
:106160001885F3E41A8555891F85F5E42185EFE448
:106170002685D3922C85F4E42D85FC883585A09165
:106180003D85C1954085F9E4418540E54385D79437
:106190004885FCE44985D48F4A85C78E4B8542E506
:1061A0004E85BC8B53859AFB558543E5578599955C
:1061B0005885FBE459859BFB5A85D4E46385FAE452
:1061C00068856E986985A0936A8593956B859CFB1D
:1061D0006D854AE5778550E57E8551E5808544E506
:1061E0008485969487854EE5888546E58A8548E5C9
:1061F000908552E5918547E594854BE59785928991
:106200009985E3939B854CE59C854FE5A48545E501
:10621000A6854591A88549E5A985468EAA856490FD
:10622000AB854F8CAC85F296AE85F796AF85928F95
:10623000B0859EFBB98556E5BA8554E5C1856D9854
:10624000C98553E5CD859597CF8555E5D08557E52B
:10625000D58558E5DC855BE5DD8559E5E485A193C9
:10626000E5855AE5E985CB94EA854DE5F785938F79
:10627000F9855CE5FA8561E5FB859491FE8560E52D
:10628000028641E5068662E5078668910A865DE535
:106290000B865FE513865EE51686509F1786419F45
:1062A0001A8664E5228663E52D8696972F86BAE1E5
:1062B000308665E53F8666E54D8667E54E86D58C7A
:1062C0005086738B548669E555867C995A86958BE2
:1062D0005C86B8975E86F18B5F866AE567866BE5BC
:1062E0006B868E9271866CE57986F8937B86B8888A
:1062F0008A86E1898B8671E58C8672E593866DE5E9
:1063000095865C8EA3866EE5A4866194A9866FE56A
:10631000AA8670E5AB867AE5AF8674E5B08677E548
:10632000B68673E5C48675E5C68676E5C786D68EDD
:10633000C98678E5CB866092CD86758CCE86618ADB
:10634000D4867BE5D9865E8ADB8681E5DE867CE5C0
:10635000DF8680E5E486B894E9867DE5EC867EE517
:10636000ED866795EE86D894EF8682E5F886FB91F8
:10637000F9868CE5FB8688E5FE86E989008786E557
:1063800002874996038787E5068784E5088785E5C0
:1063900009878AE50A878DE50D878BE5118789E5F1
:1063A000128783E5188777921A8794E51C87A89649
:1063B000258792E5298793E534878EE5378790E531
:1063C0003B8791E53F878FE54987E4904B87589855
:1063D0004C8798E54E8799E553879FE55587499007
:1063E00057879BE559879EE55F8796E5608795E52A
:1063F0006387A0E56687DA8968879CE56A87A1E5F7
:106400006E879DE574879AE57687B192788797E5E0
:106410007F8788948287A5E58D875A979F87A4E513
:10642000A287A3E5AB87ACE5AF87A6E5B387AEE56A
:10643000BA878697BB87B1E5BD87A8E5C087A9E580
:10644000C487ADE5C687B0E5C787AFE5CB87A7E5CD
:10645000D087AAE5D287BBE5E087B4E5EF87B2E550
:10646000F287B3E5F687B8E5F787B9E5F987498A92
:10647000FB87618BFE87B7E50588A2E50788A1FB4E
:106480000D88B6E50E88BAE50F88B5E51188BCE53C
:106490001588BEE51688BDE52188C0E52288BFE5E0
:1064A000238879E52788C4E53188C1E53688C2E5C7
:1064B0003988C3E53B88C5E540888C8C4288C7E5B0
:1064C0004488C6E546884F8F4C88738D4D88A59FBC
:1064D0005288C8E55388708F5788588A5988C9E50B
:1064E0005B8871895D88D58F5E88CAE56188748D07
:1064F0006288CBE56388DF8868885C956B88CCE52B
:1065000070888A907288D3E57588D0E577888F92F5
:106510007D88D1E57E88CEE57F88DC8B8188CDE5DE
:106520008288D4E58888558C8B88DC918D88DAE563
:106530009288D6E59688B3919788D5E59988D8E56D
:106540009E88CFE5A288D9E5A488DBE5AB88ED94E9
:10655000AE88D7E5B088DCE5B188DEE5B488D18CBB
:10656000B588D2E5B788BF88BF88DDE5C188D98DF9
:10657000C288F497C388DFE5C488E0E5C5889591B3
:10658000CF88A097D488E1E5D5885497D888E2E5EC
:10659000D988E3E5DC88E295DD88E4E5DF88BE8D17
:1065A000E188A197E888E9E5F288EAE5F388D68FE3
:1065B000F488E8E5F588A2FBF8888797F988E5E58F
:1065C000FC88E7E5FD88BB90FE889E900289E6E5A1
:1065D0000489EBE50789A1950A89EDE50C89ECE5CD
:1065E00010898C8A12894A961389EEE51C895DFA16
:1065F0001D89FAE51E89F0E52589F1E52A89F2E58C
:106600002B89F3E53689F7E53889F8E53B89F6E526
:106610004189F4E54389EFE54489F5E54C89F9E5DD
:106620004D89B5E85689A6895E89FCE55F89DD8BD1
:106630006089FBE5648941E6668940E66A8943E64C
:106640006D8942E66F8944E67289508F748945E608
:10665000778946E67E8947E67F89BC90818976976F
:10666000838948E68689A29587896594888949E661
:106670008A894AE68B89A98C8F894B8B93894BE653
:1066800096898B8E9789609498894CE69A896F8A4F
:10669000A1894DE6A6894FE6A7899797A9894EE675
:1066A000AA896590AC8950E6AF8951E6B28952E675
:1066B000B389CF8ABA8953E6BD8954E6BF8955E6C6
:1066C000C08956E6D289708ADA8957E6DC8958E6AD
:1066D000DD8959E6E389F089E6894790E7895AE63A
:1066E000F4895BE6F8895CE6008ABE8C028AF9923E
:1066F000038A5DE6088A768C0A8A75900C8A60E6C1
:106700000E8AA293108A5FE6128AA3FB138A508C2A
:10671000168A5EE6178AF591188A4C8B1B8A61E609
:106720001D8A62E61F8AD78F238A8D8C258A63E6AD
:106730002A8A4B962D8ADD90318A968B338AF3967E
:10674000348A6991368A64E6378AA4FB3A8A66906D
:106750003B8A90923C8AD88F418A65E6468A68E6F1
:10676000488A69E6508ABC8D518AC091528A67E690
:10677000548AD98F558A5D955B8A66E65E8A8C8ECF
:10678000608A7289628A6DE6638A778C668A8E8EE9
:10679000698A8D8E6B8A6C986C8A6CE66D8A6BE662
:1067A0006E8A4691708A6C8B718A6298728A598A55
:1067B000738ADA8F798AA5FB7C8A6AE6828A6FE619
:1067C000848A70E6858A6EE6878AD68C898A5F9786
:1067D0008C8A8F8E8D8A4694918A73E6938ABE90B6
:1067E000958A6192988A55979A8A76E69E8AEA8C6B
:1067F000A08ABD90A18A72E6A38A77E6A48AEB8C70
:10680000A58A74E6A68A75E6A78AA6FBA88A71E619
:10681000AC8AE090AD8AC793B08A4E92B28ADB8987
:10682000B98AEE94BC8A628BBE8AA7FBBF8AB292F9
:10683000C28A7AE6C48A78E6C78A6B92CB8ABF900E
:10684000CC8AD08ACD8A79E6CF8A7A90D28AC897C4
:10685000D68A5F98DA8A7BE6DB8A87E6DC8AB3929F
:10686000DE8A86E6DF8AA8FBE08A83E6E18A8BE699
:10687000E28A84E6E48A80E6E68AFA92E78A7EE69D
:10688000EB8A7CE6ED8A4097EE8A908EF18A81E66B
:10689000F38A7DE6F68AAAFBF78A85E6F88A948F62
:1068A000FA8ABF8CFE8AF891008B6496018B7989F5
:1068B000028BE088048BA393078B89E60C8B88E618
:1068C0000E8BE493108B8DE6148B82E6168B8CE690
:1068D000178B8EE6198BAA8C1A8B8AE61B8B758D0B
:1068E0001D8BD38E208B8FE6218B7797268B92E69C
:1068F000288B95E62B8B93E62C8B5495338B90E667
:10690000398BDE8B3E8B94E6418B96E6498B9AE67B
:106910004C8B97E64E8B99E64F8B98E6538BABFBEF
:10692000568B9BE6588BAF8E5A8B9DE65B8B9CE615
:106930005C8B88955F8B9FE6668B788C6B8B9EE675
:106940006C8BA0E66F8BA1E6708B638B718BBFE3C2
:10695000728BF78F748BA2E6778BEC8C7D8BA3E622
:106960007F8BACFB808BA4E6838B5D8E8A8BCC9D6A
:106970008C8BA5E68E8BA6E6908B518F928BA7E62B
:10698000938BA8E6968BA9E6998BAAE69A8BABE641
:10699000378C4A923A8CACE63F8CAEE6418CADE641
:1069A000468CA493488CAFE64A8C4C964C8CB0E64F
:1069B0004E8CB1E6508CB2E6558CB3E65A8CD89327
:1069C000618CDB8F628CB4E66A8C8B8D6B8CAC989F
:1069D0006C8CB5E6788CB6E6798C5E957A8CB7E6E9
:1069E0007C8CBFE6828CB8E6858CBAE6898CB9E6E9
:1069F0008A8CBBE68C8C65968D8CBCE68E8CBDE655
:106A0000948CBEE6988CC0E69D8C4C8A9E8CE59258
:106A1000A08C8995A18CE08DA28C768DA78C6E952B
:106A2000A88CDD89A98CCC94AA8CC3E6AB8CD18AC6
:106A3000AC8CD390AD8CC2E6AE8CC7E6AF8C99928D
:106A4000B08CE196B28CC5E6B38CC6E6B48C4D8BA7
:106A5000B68CC8E6B78C8394B88CDD91BB8CEF9470
:106A6000BC8C5C93BD8CC4E6BF8C6696C08CEA89F6
:106A7000C18CCAE6C28C4798C38CC092C48C6498FF
:106A8000C78C918EC88CC9E6CA8CAF91CD8CDAE6E2
:106A9000CE8C4791D18CF693D38C6F95DA8CCDE662
:106AA000DB8C5E8EDC8C928EDE8CDC8FE08C8594B1
:106AB000E28CAB8CE38CCCE6E48CCBE6E68C8A955E
:106AC000EA8CBF8EED8C7193F08CADFBF48CAEFB39
:106AD000FA8CCFE6FB8CD0E6FC8C778DFD8CCEE675
:106AE000048DD1E6058DD2E6078DD4E6088DA191FF
:106AF0000A8DD3E60B8DE48A0D8DD6E60F8DD5E693
:106B0000108DD7E6128DAFFB138DD9E6148DDBE621
:106B1000168DDCE6648DD490668DCD8E678DDDE6B6
:106B20006B8D718A6D8DDEE6708D9691718DDFE6CD
:106B3000738DE0E6748D8B95768DB0FB778D4E8BE3
:106B4000818DE1E6858DB4928A8D7A89998DE2E610
:106B5000A38DEF8EA88D9690B38DAB91BA8DE5E69F
:106B6000BE8DE4E6C28DE3E6CB8DEBE6CC8DE9E6A7
:106B7000CF8DE6E6D68DE8E6DA8DE7E6DB8DEAE650
:106B8000DD8D978BDF8DEEE6E18DD590E38DEFE621
:106B9000E88DD78CEA8DECE6EB8DEDE6EF8D48982D
:106BA000F38DB592F58D4891FC8DF0E6FF8DF3E6FF
:106BB000088EF1E6098EF2E60A8E78970F8EA5937D
:106BC000108EF6E61D8EF4E61E8EF5E61F8EF7E6B5
:106BD0002A8E48E7308EFAE6348EFBE6358EF9E6EB
:106BE000428EF8E6448EFB92478E40E7488E44E79B
:106BF000498E41E74A8EFCE64C8E42E7508E43E7D1
:106C0000558E4AE7598E45E75F8ED690608E47E7EE
:106C1000638E49E7648E46E7728E4CE7748E528F1E
:106C2000768E4BE77C8E4DE7818E4EE7848E51E762
:106C3000858E50E7878E4FE78A8E53E78B8E52E71B
:106C40008D8EF496918E55E7938E54E7948E56E789
:106C5000998E57E7A18E59E7AA8E58E7AB8E6790B9
:106C6000AC8E5AE7AF8EEB8BB08E5BE7B18E5DE7F3
:106C7000BE8E5EE7C58E5FE7C68E5CE7C88E60E7B6
:106C8000CA8ED48ECB8E61E7CC8E4F8BCD8E528C3C
:106C9000CF8EB2FBD28EAC8CDB8E62E7DF8EEE93B2
:106CA000E28E5D93E38E63E7EB8E66E7F88EB28E3D
:106CB000FB8E65E7FC8E64E7FD8E798CFE8E67E7C0
:106CC000038F728A058F69E7098FDA8D0A8F68E76B
:106CD0000C8F71E7128F6BE7138F6DE7148FE395BD
:106CE000158F6AE7198F6CE71B8F70E71C8F6EE7B3
:106CF0001D8F508B1F8F6FE7268F72E7298F799436
:106D00002A8FD6972F8F538F338F73E7388F419702
:106D1000398F75E73B8F74E73E8F78E73F8F609739
:106D2000428F77E7448F8D8A458F76E7468F7BE7E2
:106D3000498F7AE74C8F79E74D8F51934E8F7CE7DF
:106D4000578F7DE75C8F7EE75F8F8C8D618F448CE2
:106D5000628F80E7638F81E7648F82E79B8F689003
:106D60009C8F83E79E8FAB8E9F8F84E7A38F85E7F1
:106D7000A78F9F99A88F9E99AD8F86E7AE8F90E3DE
:106D8000AF8F87E7B08F4392B18F4A90B28F5F94F5
:106D9000B78F88E7BA8FD395BB8FD292BC8F9E8D69
:106DA000BF8F4892C28F4989C48F9896C58F7690BD
:106DB000CE8F7D8CD18FDF8BD48FD495DA8F89E7FE
:106DC000E28F8BE7E58F8AE7E68FDE89E98FF49320
:106DD000EA8F8CE7EB8F9794ED8F5293EF8F8DE7CF
:106DE000F08F718FF48F8FE7F78FC096F88F9EE743
:106DF000F98F91E7FA8F92E7FD8FC7920090DE91AD
:106E0000019097910390A693059090E70690748B5C
:106E10000B9099E70D9096E70E90A3E70F90A7933C
:106E200010908092119093E71390FC9214907293BB
:106E3000159094E7169098E7179080901990879492
:106E40001A90CA921D90C0901E9097E71F90AC9127
:106E50002090A291219095E72290A78823904198B5
:106E600027909AE72E90DF913190548F329069905D
:106E700035909CE736909BE73890ED8839909DE7F8
:106E80003C904E953E90A5E74190D99342908B90CF
:106E9000459078924790F68B4990A4E74A90569790
:106EA0004B905E894D90D5954E90DF894F909FE72E
:106EB0005090A0E75190A1E75290A2E75390B99368
:106EC000549042925590E1885690A6E75890A7E7D3
:106ED0005990A1EA5C90BB915E90A8E7609093897D
:106EE00061906B916390AD8C659079976790B5FBDD
:106EF0006890A9E769904B936D9098916E90D58EAC
:106F00006F90AAE77290ADE77590858F7690ABE7AA
:106F100077904A91789049917A90E2887C90C997CD
:106F20007D90AFE77F90F0948090B1E78190B0E7DB
:106F30008290AEE7839084E28490D28A87908EE735
:106F40008990B3E78A90B2E78F90B4E79190579712
:106F5000A390DF93A6904D96A890B5E7AA90D78E00
:106F6000AF90B6E7B190B7E7B590B8E7B890409367
:106F7000C190E888CA90788DCE905998DB90BCE794
:106F8000DE90B6FBE190538CE290B9E7E490BAE76B
:106F9000E8909495ED90738AF5905897F790BD8B93
:106FA000FD9073930291BDE71291BEE71591B8FB76
:106FB0001991BFE72791B9FB2D9141933091C1E71A
:106FC0003291C0E74991D1934A91C2E74B91558FD5
:106FD0004C91DE8E4D917A944E9191925291F08E19
:106FE00054918C905691C3E75891C4E762917C907C
:106FF0006391C5E76591C6E76991C7E76A918F9785
:107000006C91568F7291C9E77391C8E77591798D2C
:107010007791938D78915F8E8291CCE78791868F5F
:107020008991CBE78B91CAE78D91E7919091ED8C97
:107030009291C1909791AE949C91588FA291CDE777
:10704000A491DD8FAA91D0E7AB91CEE7AF91CFE7C6
:10705000B491D2E7B591D1E7B891F88FBA91D3E75F
:10706000C091D4E7C191D5E7C691CE94C791D18D97
:10707000C891DF8EC991D6E7CB91D7E7CC91A29783
:10708000CD91648FCE91EC96CF91CA97D091D8E7ED
:10709000D191E08BD691D9E7D791BBFBD8914293A0
:1070A000DA91BAFBDB91DCE7DC91988ADD916A909A
:1070B000DE91BCFBDF91DAE7E191DBE7E391DE9261
:1070C000E491BFFBE591C0FBE6917496E791FA8BE2
:1070D000ED91BDFBEE91BEFBF591DEE7F691DFE7AA
:1070E000FC91DDE7FF91E1E70692C1FB0A92C3FB49
:1070F0000D92DD930E92628A1092C2FB1192E5E727
:107100001492E2E71592E4E71E92E0E729926EE816
:107110002C92E3E73492E9973792D88C3992CAFBE4
:107120003A92C4FB3C92C6FB3F92EDE74092C5FB0E
:10713000449253934592E8E74892EBE74992E9E796
:107140004B92EEE74E92C7FB5092EFE75192C9FB8C
:107150005792E7E75992C8FB5A92F4E75B929489F9
:107160005E92E6E76292AB946492EAE76692DE8F03
:107170006792CBFB71927A8D7792CDFB7892CEFBA2
:107180007E9267968092E28B8392658F8592BA9306
:1071900088925FFA91924C919392F2E79592ECE784
:1071A0009692F1E79892C1969A92B6929B92F3E7E3
:1071B0009C92F0E7A792CCFBAD924B91B792F7E788
:1071C000B992F6E7CF92F5E7D092D2FBD2924E96E3
:1071D000D392D6FBD592D4FBD792D0FBD992D1FBD8
:1071E000E092D5FBE4929B8FE792CFFBE992F8E720
:1071F000EA92DD95ED927389F2926595F3929292FF
:10720000F892988BF99265FAFA92FAE7FB92D9FB19
:10721000FC927C8DFF92DCFB0293DEFB06934B8E8F
:107220000F93F9E710938D9018938E90199340E87F
:107230001A9342E81D93DDFB1E93DBFB2093F98F2D
:107240002193D8FB229341E8239343E82593D7FB6E
:107250002693D18B289364952B93E08E2C934298A0
:107260002E93FCE72F93F68D32935E98359345E885
:107270003A9344E83B9346E84493FBE748935EFA2D
:107280004B93E7934D9374935493D59256934BE855
:107290005793E0FB5B9362925C9347E8609348E806
:1072A0006C934C8C6E934AE87093DFFB7593AE8CB5
:1072B0007C9349E87E93DF8F8C93998A94934FE86F
:1072C0009693BD8D979399919A93C892A493E1FB5D
:1072D000A7935A8AAC934DE8AD934EE8AE93C19212
:1072E000B0934CE8B99350E8C39356E8C693E2FBD9
:1072F000C89359E8D09358E8D1934C93D69351E86A
:10730000D79352E8D89355E8DD9357E8DE93E3FB33
:10731000E193BE8BE4935AE8E59354E8E89353E88D
:10732000F893E4FB03945EE807945FE8109460E848
:1073300013945DE814945CE81894E08F1994A89372
:107340001A945BE8219464E82B9462E83194E5FB9D
:10735000359463E8369461E83894F6913A9465E898
:10736000419466E8449468E84594E6FB4894E7FB5A
:107370005194D38A529467E85394F8965A9473E8D8
:107380005B9469E85E946CE860946AE862946BE8E8
:107390006A946DE870946FE8759470E8779471E87A
:1073A0007C9474E87D9472E87E9475E87F9477E825
:1073B000819476E87795B7928095E596829578E8FE
:1073C00083954D91879579E88995C2958A957AE854
:1073D0008B954A8A8F955B899195D58A9295E8FB22
:1073E0009395D48A94957BE896957CE898957DE86A
:1073F00099957EE8A09580E8A295D68AA395748A8F
:10740000A4957D8DA595B494A79582E8A89581E86B
:10741000AD9583E8B2957B89B99586E8BB9585E8FB
:10742000BC9584E8BE9587E8C3958AE8C795C5886A
:10743000CA9588E8CC958CE8CD958BE8D4958EE8F4
:10744000D5958DE8D6958FE8D895AC93DC9590E8E6
:10745000E19591E8E29593E8E59592E81C968C9584
:10746000219694E8289695E82A96E38D2E9696E83C
:107470002F9697E8329668963B966A913F96A28837
:107480004096C991429698E844968D954B969BE814
:107490004C9699E84D967E8D4F969AE85096C08C02
:1074A0005B96C3955C969DE85D969FE85E969EE828
:1074B0005F96A0E8629640896396779064969C8F69
:1074C0006596D78A6696A1E86A9686946C96A3E834
:1074D000709641897296A2E87396C2927596CB9780
:1074E0007696A99377969CE87896A4977A96AF8C2F
:1074F0007D967A978596F78B8696B2978896478C75
:107500008A96E0918B9640E48D96A4E88E964B8AFD
:107510008F968F909496758A9596A6E89796A7E889
:107520009896A5E89996848C9B96DB8D9C96E18F26
:107530009D96EBFBA0964289A396D797A796A9E8BC
:10754000A896ACE7AA96A8E8AF96ECFBB096ACE894
:10755000B196AAE8B296ABE8B496ADE8B696AEE8B6
:10756000B796EA97B896AFE8B996B0E8BB96C790D9
:10757000BC96B994C0969D90C196E58AC4965997D9
:10758000C596EB89C696578FC796D98CC996B3E82E
:10759000CB96B2E8CC96938ECD96B4E8CE96B1E871
:1075A000D196478ED596B8E8D696ABE5D996D499BC
:1075B000DB969790DC96B6E8E296A397E396EF9376
:1075C000E8964A89EA96E190EB96B48EF096B595E6
:1075D000F2965F89F696EB97F7968B97F996B9E84E
:1075E000FB9664930097F98E0497BAE80697BBE878
:1075F00007976B900897BCE80A97EC970D97B7E848
:107600000E97BEE80F97C0E81197BFE81397BDE843
:107610001697C1E81997C2E81C979A911E97E089BE
:107620002497C3E82797B6962A97C4E83097C5E809
:10763000329749983397EDFB3897509E3997C6E8B3
:107640003B97EEFB3D97C7E83E97C8E84297CCE8EA
:107650004397EFFB4497C9E84697CAE84897CBE8B9
:107660004997CDE84D97F0FB4F97F1FB5197F2FB0F
:107670005297C2905597F3FB5697F5965997C3903A
:107680005C97CEE85E97F1946097CFE8619772EAD5
:107690006297CA966497D0E86697D1E86897D2E86F
:1076A0006997768A6B97D4E86D9778907197D5E84B
:1076B0007497438C7997D6E87A97DAE87C97D8E87C
:1076C0008197D9E88497938A8597D7E88697DBE8EE
:1076D0008B97DCE88D97C6888F97DDE89097DEE87A
:1076E0009897E28F9C97DFE8A097668BA397E2E8D4
:1076F000A697E1E8A897E0E8AB9791E6AD97DA9511
:10770000B397E3E8B497E4E8C397E5E8C697E6E8FB
:10771000C897E7E8CB97E8E8D397D88ADC97E9E8F9
:10772000ED97EAE8EE974294F297ECE8F397B9897F
:10773000F597EFE8F697EEE8FB974389FF97BF8B45
:107740000198C5950298B8920398A08D0598808DF0
:107750000698878F08987B900C98F1E80F98F0E8CE
:10776000109861971198E68A1298D0941398DA933A
:1077700017989C901898CC971A987A8C2198F4E8CE
:107780002498F3E82C986A962D98AA9334986F89D8
:107790003798F5E83898F2E83B9870953C988A97C6
:1077A0003D98F6E84698F7E84B98F9E84C98E89148
:1077B0004D987A8A4E987B8A4F98F8E85498E78AD1
:1077C0005598B08C5798F4FB5898E88A5B985E936C
:1077D0005E98DE976598F5FB6798DA8C6B98FAE807
:1077E0006F98FBE87098FCE8719840E9739842E95B
:1077F000749841E9A8989795AA9843E9AF9844E905
:10780000B19845E9B69846E9C39848E9C49847E96C
:10781000C69849E9DB98F294DC98CAE3DF9848906F
:10782000E298518BE9984AE9EB984BE9ED98AA99CF
:10783000EE985A9FEF98D194F298F988F498B98805
:10784000FC98948EFD984F96FE98FC8F03994CE916
:107850000599DD9609994DE90A997B970C996189FB
:107860001099608E12994EE91399EC8914994FE999
:10787000189950E91D9952E91E9953E9209955E943
:10788000219951E9249954E92799F8FB2899D98A33
:107890002C9956E92E9957E93D9958E93E9959E9AD
:1078A00042995AE945995CE949995BE94B995EE946
:1078B0004C9961E950995DE951995FE9529960E904
:1078C000559962E95799C08B9699F18E979963E91A
:1078D000989964E99999818D9E99FAFBA59965E932
:1078E000A8995D8AAC996E94AD9966E9AE9967E9FD
:1078F000B3997992B499E993BC9968E9C1999D9437
:10790000C499CA91C5997789C699EC8BC899ED8BB2
:10791000D0999392D1996DE9D299EE8BD599ED8951
:10792000D8996CE9DB996AE9DD996BE9DF9969E936
:10793000E29977E9ED996EE9EE996FE9F19970E9CD
:10794000F29971E9F89973E9FB9972E9FF99788FD7
:10795000019A74E9059A76E90E9A528B0F9A75E9A5
:10796000129A9B91139AB18C199A78E9289ACB9123
:107970002B9A79E9309AAB93379A7AE93E9A80E963
:10798000409A7DE9429A7CE9439A7EE9459A7BE9EF
:107990004D9A82E94E9AFBFB559A81E9579A84E900
:1079A0005A9AC18B5B9A83E95F9A85E9629A86E964
:1079B000649A88E9659A87E9699A89E96A9A8BE9FC
:1079C0006B9A8AE9A89A9C8DAD9A8CE9B09A8DE958
:1079D000B89A5B8ABC9A8EE9C09A8FE9C49A919052
:1079E000CF9A90E9D19A91E9D39A92E9D49A93E9FE
:1079F000D89A828DD99AFCFBDC9A40FCDE9A94E9F5
:107A0000DF9A95E9E29A96E9E39A97E9E69A98E986
:107A1000EA9AAF94EB9A9AE9ED9A4595EE9A9BE92A
:107A2000EF9A99E9F19A9DE9F49A9CE9F79A9EE90F
:107A3000FB9A9FE9069BA0E9189BA1E91A9BA2E982
:107A40001F9BA3E9229BA4E9239BA5E9259BA6E90B
:107A5000279BA7E9289BA8E9299BA9E92A9BAAE9D2
:107A60002E9BABE92F9BACE9319B549F329BADE938
:107A70003B9BF6E23C9B538B419B408A429BB08DE3
:107A8000439BAFE9449BAEE9459BA3964D9BB1E96F
:107A90004E9BB2E94F9BB0E9519BB3E9549B829650
:107AA000589BB4E95A9B9B8B6F9B4498729B42FCFA
:107AB000749BB5E9759B41FC839BB7E98E9BBC88A1
:107AC0008F9B43FC919BB8E9929BA995939BB6E948
:107AD000969BB9E9979BBAE99F9BBBE9A09BBCE940
:107AE000A89BBDE9AA9B8E96AB9B4C8EAD9BF88D57
:107AF000AE9B4E91B19B44FCB49BBEE9B99BC1E9DE
:107B0000BB9B45FCC09BBFE9C69BC2E9C99BEF8CF0
:107B1000CA9BC0E9CF9BC3E9D19BC4E9D29BC5E90D
:107B2000D49BC9E9D69B498EDB9BE291E19BCAE9D4
:107B3000E29BC7E9E39BC6E9E49BC8E9E89B7E8C2E
:107B4000F09BCEE9F19BCDE9F29BCCE9F59BB188A6
:107B5000009C46FC049CD8E9069CD4E9089CD5E925
:107B6000099CD1E90A9CD7E90C9CD3E90D9C828A37
:107B7000109C6B98129CD6E9139CD2E9149CD0E916
:107B8000159CCFE91B9CDAE9219CDDE9249CDCE90A
:107B9000259CDBE92D9C68952E9CD9E92F9CF188CA
:107BA000309CDEE9329CE0E9399C8F8A3A9CCBE933
:107BB0003B9C56893E9CE2E9469CE1E9479CDFE913
:107BC000489C4C92529C9096579CD8975A9CE3E9BB
:107BD000609CE4E9679CE5E9769CE6E9789CE7E946
:107BE000E59CB992E79CE8E9E99CB594EB9CEDE94A
:107BF000EC9CE9E9F09CEAE9F39C5096F49CC2966F
:107C0000F69CCE93039DEEE9069DEFE9079DBC939C
:107C1000089DECE9099DEBE90E9DA889129DF7E905
:107C2000159DF6E91B9D95891F9DF4E9239DF3E9B8
:107C3000269DF1E9289D9B8A2A9DF0E92B9DB08E17
:107C40002C9DA7893B9D838D3E9DFAE93F9DF9E9D7
:107C5000419DF8E9449DF5E9469DFBE9489DFCE915
:107C6000509D44EA519D43EA599D45EA5C9D4C89EB
:107C70005D9D40EA5E9D41EA609D948D619DB79651
:107C8000649D42EA6B9D48FC6C9D51966F9D4AEA4B
:107C9000709D47FC729D46EA7A9D4BEA879D48EAB3
:107CA000899D47EA8F9D7B8C9A9D4CEAA49D4DEA65
:107CB000A99D4EEAAB9D49EAAF9DF2E9B29D4FEA1C
:107CC000B49DDF92B89D53EABA9D54EABB9D52EA37
:107CD000C19D51EAC29D57EAC49D50EAC69D55EA2E
:107CE000CF9D56EAD39D59EAD99D58EAE69D5BEAB5
:107CF000ED9D5CEAEF9D5DEAF29D6898F89D5AEA79
:107D0000F99DE991FA9DEB8DFD9D5EEA199E4AFC75
:107D10001A9E5FEA1B9E60EA1E9E61EA759E62EAF9
:107D2000789EB28C799E63EA7D9E64EA7F9EAD8EDA
:107D3000819E65EA889E66EA8B9E67EA8C9E68EA69
:107D4000919E6BEA929E69EA939E5B98959E6AEA81
:107D5000979EED979D9E6CEA9F9ED997A59E6DEA92
:107D6000A69E9E94A99E6EEAAA9E70EAAD9E71EAB6
:107D7000B89E6FEAB99E8D8DBA9ECB96BB9E8396B8
:107D8000BC9EF59BBE9E809FBF9E9B96C49EA9896C
:107D9000CC9E73EACD9E6F8BCE9E74EACF9E75EA21
:107DA000D09E76EAD19E4BFCD29E958DD49E77EAEA
:107DB000D89ED2E0D99ED996DB9EE191DC9E78EAEE
:107DC000DD9E7AEADE9E79EAE09E7BEAE59E7CEA29
:107DD000E89E7DEAEF9E7EEAF49E80EAF69E81EAC6
:107DE000F79E82EAF99E83EAFB9E84EAFC9E85EA7E
:107DF000FD9E86EA079F87EA089F88EA0E9F4393C5
:107E0000139FDB8C159F8AEA209F6C91219F8BEA40
:107E10002C9F8CEA3B9F40953E9F8DEA4A9F8EEABD
:107E20004B9F56E24E9FD8E64F9FEBE8529F8FEA5A
:107E3000549F90EA5F9F92EA609F93EA619F94EA61
:107E4000629FEE97639F91EA669F95EA679F96EA25
:107E50006A9F98EA6C9F97EA729F9AEA769F9BEADC
:107E6000779F99EA8D9FB497959F9CEA9C9F9DEA86
:107E70009D9F73E2A09F9EEA29F9E0FADCF9E9FBF5
:107E80000EFA90FA0FFA9BFA10FA9CFA11FAB1FA6C
:107E900012FAD8FA13FAE8FA14FAEAFA15FA58FBC1
:107EA00016FA5EFB17FA75FB18FA7DFB19FA7EFBD2
:107EB0001AFA80FB1BFA82FB1CFA86FB1DFA89FB6F
:107EC0001EFA92FB1FFA9DFB20FA9FFB21FAA0FBF2
:107ED00022FAA9FB23FAB1FB24FAB3FB25FAB4FB7F
:107EE00026FAB7FB27FAD3FB28FADAFB29FAEAFBD2
:107EF0002AFAF6FB2BFAF7FB2CFAF9FB2DFA49FCD0
:107F000001FF498102FF57FA03FF948104FF90812A
:107F100005FF938106FF958107FF56FA08FF6981E7
:107F200009FF6A810AFF96810BFF7B810CFF438169
:107F30000DFF7C810EFF44810FFF5E8110FF4F8299
:107F400011FF508212FF518213FF528214FF53829D
:107F500015FF548216FF558217FF568218FF57826D
:107F600019FF58821AFF46811BFF47811CFF83813E
:107F70001DFF81811EFF84811FFF488120FF9781A3
:107F800021FF608222FF618223FF628224FF6382DD
:107F900025FF648226FF658227FF668228FF6782AD
:107FA00029FF68822AFF69822BFF6A822CFF6B827D
:107FB0002DFF6C822EFF6D822FFF6E8230FF6F824D
:107FC00031FF708232FF718233FF728234FF73821D
:107FD00035FF748236FF758237FF768238FF7782ED
:107FE00039FF78823AFF79823BFF6D813CFF5F81E8
:107FF0003DFF6E813EFF4F813FFF518140FF4D812C
:1080000041FF818242FF828243FF838244FF848258
:1080100045FF858246FF868247FF878248FF888228
:1080200049FF89824AFF8A824BFF8B824CFF8C82F8
:108030004DFF8D824EFF8E824FFF8F8250FF9082C8
:1080400051FF918252FF928253FF938254FF948298
:1080500055FF958256FF968257FF978258FF988268
:1080600059FF99825AFF9A825BFF6F815CFF6281A0
:108070005DFF70815EFF608161FFA10062FFA20071
:1080800063FFA30064FFA40065FFA50066FFA600D0
:1080900067FFA70068FFA80069FFA9006AFFAA00A0
:1080A0006BFFAB006CFFAC006DFFAD006EFFAE0070
:1080B0006FFFAF0070FFB00071FFB10072FFB20040
:1080C00073FFB30074FFB40075FFB50076FFB60010
:1080D00077FFB70078FFB80079FFB9007AFFBA00E0
:1080E0007BFFBB007CFFBC007DFFBD007EFFBE00B0
:1080F0007FFFBF0080FFC00081FFC10082FFC20080
:1081000083FFC30084FFC40085FFC50086FFC6004F
:1081100087FFC70088FFC80089FFC9008AFFCA001F
:108120008BFFCB008CFFCC008DFFCD008EFFCE00EF
:108130008FFFCF0090FFD00091FFD10092FFD200BF
:1081400093FFD30094FFD40095FFD50096FFD6008F
:1081500097FFD70098FFD80099FFD9009AFFDA005F
:108160009BFFDB009CFFDC009DFFDD009EFFDE002F
:108170009FFFDF00E0FF9181E1FF9281E2FFCA8172
:10818000E3FF5081E4FF55FAE5FF8F810000000016
:10819000A10061FFA20062FFA30063FFA40064FFCF
:1081A000A50065FFA60066FFA70067FFA80068FF9F
:1081B000A90069FFAA006AFFAB006BFFAC006CFF6F
:1081C000AD006DFFAE006EFFAF006FFFB00070FF3F
:1081D000B10071FFB20072FFB30073FFB40074FF0F
:1081E000B50075FFB60076FFB70077FFB80078FFDF
:1081F000B90079FFBA007AFFBB007BFFBC007CFFAF
:10820000BD007DFFBE007EFFBF007FFFC00080FF7E
:10821000C10081FFC20082FFC30083FFC40084FF4E
:10822000C50085FFC60086FFC70087FFC80088FF1E
:10823000C90089FFCA008AFFCB008BFFCC008CFFEE
:10824000CD008DFFCE008EFFCF008FFFD00090FFBE
:10825000D10091FFD20092FFD30093FFD40094FF8E
:10826000D50095FFD60096FFD70097FFD80098FF5E
:10827000D90099FFDA009AFFDB009BFFDC009CFF2E
:10828000DD009DFFDE009EFFDF009FFF408100308C
:10829000418101304281023043810CFF44810EFF55
:1082A0004581FB3046811AFF47811BFF48811FFF34
:1082B000498101FF4A819B304B819C304C81B40045
:1082C0004D8140FF4E81A8004F813EFF5081E3FF6A
:1082D00051813FFF5281FD305381FE3054819D30EA
:1082E00055819E30568103305781DD4E58810530CF
:1082F000598106305A8107305B81FC305C81152042
:108300005D8110205E810FFF5F813CFF60815EFF19
:108310006181252262815CFF6381262064812520A2
:10832000658118206681192067811C2068811D20C5
:10833000698108FF6A8109FF6B8114306C811530F7
:108340006D813BFF6E813DFF6F815BFF70815DFF43
:10835000718108307281093073810A3074810B3069
:1083600075810C3076810D3077810E3078810F3039
:10837000798110307A8111307B810BFF7C810DFF78
:108380007D81B1007E81D7008081F70081811DFF52
:108390008281602283811CFF84811EFF8581662289
:1083A0008681672287811E22888134228981422624
:1083B0008A8140268B81B0008C8132208D813320D0
:1083C0008E8103218F81E5FF908104FF9181E0FF81
:1083D0009281E1FF938105FF948103FF958106FF60
:1083E00096810AFF978120FF9881A7009981062630
:1083F0009A8105269B81CB259C81CF259D81CE2509
:108400009E81C7259F81C625A081A125A181A02588
:10841000A281B325A381B225A481BD25A581BC2558
:10842000A6813B20A7811230A8819221A9819021A9
:10843000AA819121AB819321AC811330B8810822AC
:10844000B9810B22BA818622BB818722BC8182221C
:10845000BD818322BE812A22BF812922C881272291
:10846000C9812822CA81E2FFCB81D221CC81D421CB
:10847000CD810022CE810322DA812022DB81A52258
:10848000DC811223DD810222DE810722DF8161226D
:10849000E0815222E1816A22E2816B22E3811A2289
:1084A000E4813D22E5811D22E6813522E7812B22F0
:1084B000E8812C22F0812B21F1813020F2816F267E
:1084C000F3816D26F4816A26F5812020F681212032
:1084D000F781B600FC81EF254F8210FF508211FF1B
:1084E000518212FF528213FF538214FF548215FFF0
:1084F000558216FF568217FF578218FF588219FFC0
:10850000608221FF618222FF628223FF638224FF57
:10851000648225FF658226FF668227FF678228FF27
:10852000688229FF69822AFF6A822BFF6B822CFFF7
:108530006C822DFF6D822EFF6E822FFF6F8230FFC7
:10854000708231FF718232FF728233FF738234FF97
:10855000748235FF758236FF768237FF778238FF67
:10856000788239FF79823AFF818241FF828242FF1D
:10857000838243FF848244FF858245FF868246FFD3
:10858000878247FF888248FF898249FF8A824AFFA3
:108590008B824BFF8C824CFF8D824DFF8E824EFF73
:1085A0008F824FFF908250FF918251FF928252FF43
:1085B000938253FF948254FF958255FF968256FF13
:1085C000978257FF988258FF998259FF9A825AFFE3
:1085D0009F824130A0824230A1824330A282443047
:1085E000A3824530A4824630A5824730A682483017
:1085F000A7824930A8824A30A9824B30AA824C30E7
:10860000AB824D30AC824E30AD824F30AE825030B6
:10861000AF825130B0825230B1825330B282543086
:10862000B3825530B4825630B5825730B682583056
:10863000B7825930B8825A30B9825B30BA825C3026
:10864000BB825D30BC825E30BD825F30BE826030F6
:10865000BF826130C0826230C1826330C2826430C6
:10866000C3826530C4826630C5826730C682683096
:10867000C7826930C8826A30C9826B30CA826C3066
:10868000CB826D30CC826E30CD826F30CE82703036
:10869000CF827130D0827230D1827330D282743006
:1086A000D3827530D4827630D5827730D6827830D6
:1086B000D7827930D8827A30D9827B30DA827C30A6
:1086C000DB827D30DC827E30DD827F30DE82803076
:1086D000DF828130E0828230E1828330E282843046
:1086E000E3828530E4828630E5828730E682883016
:1086F000E7828930E8828A30E9828B30EA828C30E6
:10870000EB828D30EC828E30ED828F30EE829030B5
:10871000EF829130F0829230F18293304083A13029
:108720004183A2304283A3304383A4304483A530E5
:108730004583A6304683A7304783A8304883A930B5
:108740004983AA304A83AB304B83AC304C83AD3085
:108750004D83AE304E83AF304F83B0305083B13055
:108760005183B2305283B3305383B4305483B53025
:108770005583B6305683B7305783B8305883B930F5
:108780005983BA305A83BB305B83BC305C83BD30C5
:108790005D83BE305E83BF305F83C0306083C13095
:1087A0006183C2306283C3306383C4306483C53065
:1087B0006583C6306683C7306783C8306883C93035
:1087C0006983CA306A83CB306B83CC306C83CD3005
:1087D0006D83CE306E83CF306F83D0307083D130D5
:1087E0007183D2307283D3307383D4307483D530A5
:1087F0007583D6307683D7307783D8307883D93075
:108800007983DA307A83DB307B83DC307C83DD3044
:108810007D83DE307E83DF308083E0308183E13012
:108820008283E2308383E3308483E4308583E530E0
:108830008683E6308783E7308883E8308983E930B0
:108840008A83EA308B83EB308C83EC308D83ED3080
:108850008E83EE308F83EF309083F0309183F13050
:108860009283F2309383F3309483F4309583F53020
:108870009683F6309F839103A0839203A183930391
:10888000A2839403A3839503A4839603A5839703EC
:10889000A6839803A7839903A8839A03A9839B03BC
:1088A000AA839C03AB839D03AC839E03AD839F038C
:1088B000AE83A003AF83A103B083A303B183A4035A
:1088C000B283A503B383A603B483A703B583A80328
:1088D000B683A903BF83B103C083B203C183B303CB
:1088E000C283B403C383B503C483B603C583B7038C
:1088F000C683B803C783B903C883BA03C983BB035C
:10890000CA83BC03CB83BD03CC83BE03CD83BF032B
:10891000CE83C003CF83C103D083C303D183C403F9
:10892000D283C503D383C603D483C703D583C803C7
:10893000D683C90340841004418411044284120484
:1089400043841304448414044584150446840104B8
:108950004784160448841704498418044A84190477
:108960004B841A044C841B044D841C044E841D0447
:108970004F841E0450841F04518420045284210417
:1089800053842204548423045584240456842504E7
:108990005784260458842704598428045A842904B7
:1089A0005B842A045C842B045D842C045E842D0487
:1089B0005F842E0460842F04708430047184310439
:1089C00072843204738433047484340475843504EB
:1089D00076845104778436047884370479843804A3
:1089E0007A8439047B843A047C843B047D843C048F
:1089F0007E843D0480843E0481843F04828440045C
:108A0000838441048484420485844304868444042A
:108A10008784450488844604898447048A844804FA
:108A20008B8449048C844A048D844B048E844C04CA
:108A30008F844D0490844E0491844F049F840025BC
:108A4000A0840225A1840C25A2841025A3841825C6
:108A5000A4841425A5841C25A6842C25A78424255C
:108A6000A8843425A9843C25AA840125AB84032548
:108A7000AC840F25AD841325AE841B25AF84172548
:108A8000B0842325B1843325B2842B25B3843B25C0
:108A9000B4844B25B5842025B6842F25B78428259A
:108AA000B8843725B9843F25BA841D25BB84302579
:108AB000BC842525BD843825BE844225408760249A
:108AC0004187612442876224438763244487642466
:108AD0004587652446876624478767244887682436
:108AE000498769244A876A244B876B244C876C2406
:108AF0004D876D244E876E244F876F2450877024D6
:108B000051877124528772245387732454876021BC
:108B100055876121568762215787632158876421D1
:108B2000598765215A8766215B8767215C876821A1
:108B30005D8769215F8749336087143361872233FA
:108B400062874D3363871833648727336587033320
:108B500066873633678751336887573369870D33A4
:108B60006A8726336B8723336C872B336D874A33B1
:108B70006E873B336F879C3370879D3371879E333D
:108B800072878E3373878F337487C4337587A133AD
:108B90007E877B3380871D3081871F308287162137
:108BA0008387CD33848721218587A4328687A532A8
:108BB0008787A6328887A7328987A8328A87313289
:108BC0008B8732328C8739328D877E338E877D3327
:108BD0008F877C3393872E229487112298871F22B8
:108BE0009987BF229F889C4EA0881655A188035A5A
:108BF000A2883F96A388C054A4881B61A5882863D7
:108C0000A688F659A7882290A8887584A9881C830D
:108C1000AA88507AAB88AA60AC88E163AD88256EDB
:108C2000AE88ED65AF886684B088A682B188F59B72
:108C3000B2889368B3882757B488A165B5887162F4
:108C4000B6889B5BB788D059B8887B86B988F4987A
:108C5000BA88627DBB88BE7DBC888E9BBD8816624B
:108C6000BE889F7CBF88B788C088895BC188B55E95
:108C7000C2880963C3889766C4884868C588C79551
:108C8000C6888D97C7884F67C888E54EC9880A4F40
:108C9000CA884D4FCB889D4FCC884950CD88F2561D
:108CA000CE883759CF88D459D088015AD188095CE9
:108CB000D288DF60D3880F61D4887061D58813664D
:108CC000D6880569D788BA70D8884F75D9887075E5
:108CD000DA88FB79DB88AD7DDC88EF7DDD88C380B9
:108CE000DE880E84DF886388E088028BE1885590F7
:108CF000E2887A90E3883B53E488954EE588A54E58
:108D0000E688DF57E788B280E888C190E988EF7885
:108D1000EA88004EEB88F158EC88A26EED88389016
:108D2000EE88327AEF882883F0888B82F1882F9C36
:108D3000F2884151F3887053F488BD54F588E154AA
:108D4000F688E056F788FB59F888155FF988F2989D
:108D5000FA88EB6DFB88E480FC882D85408962965B
:108D6000418970964289A0964389FB9744890B54A8
:108D70004589F3534689875B4789CF704889BD7F12
:108D80004989C28F4A89E8964B896F534C895C9D0B
:108D90004D89BA7A4E89114E4F8993785089FC815A
:108DA0005189266E528918565389045554891D6B72
:108DB00055891A8556893B9C5789E5595889A95385
:108DC0005989666D5A89DC745B898F955C89425636
:108DD0005D89914E5E894B905F89F29660894F83E1
:108DE00061890C996289E1536389B6556489305B66
:108DF0006589715F668920666789F366688904689A
:108E00006989386C6A89F36C6B89296D6C895B742C
:108E10006D89C8766E894E7A6F8934987089F1822F
:108E200071895B887289608A7389ED927489B26DE9
:108E30007589AB757689CA767789C5997889A66070
:108E40007989018B7A898A8D7B89B2957C898E6933
:108E50007D89AD537E89865180891257818930582A
:108E6000828944598389B45B8489F65E8589286048
:108E70008689A9638789F4638889BF6C8989146F9F
:108E80008A898E708B8914718C8959718D89D571FD
:108E90008E893F738F89017E908976829189D182F4
:108EA000928997859389609094895B9295891B9D9F
:108EB000968969589789BC6598895A6C99892575EE
:108EC0009A89F9519B892E599C8965599D89805FA2
:108ED0009E89DC5F9F89BC62A089FA65A1892A6AA4
:108EE000A289276BA389B46BA4898B73A589C17FE1
:108EF000A6895689A7892C9DA8890E9DA989C49EFB
:108F0000AA89A15CAB89966CAC897B83AD8904513D
:108F1000AE894B5CAF89B661B089C681B18976688C
:108F2000B2896172B389594EB489FA4FB5897853C1
:108F3000B6896960B789296EB8894F7AB989F3977C
:108F4000BA890B4EBB891653BC89EE4EBD89554F6D
:108F5000BE893D4FBF89A14FC089734FC189A052BF
:108F6000C289EF53C3890956C4890F59C589C15AAB
:108F7000C689B65BC789E15BC889D179C98987662B
:108F8000CA899C67CB89B667CC894C6BCD89B36C99
:108F9000CE896B70CF89C273D0898D79D189BE7922
:108FA000D2893C7AD389877BD489B182D589DB8207
:108FB000D6890483D7897783D889EF83D989D383E6
:108FC000DA896687DB89B28ADC892956DD89A88C33
:108FD000DE89E68FDF894E90E0891E97E1898A86D7
:108FE000E289C44FE389E85CE4891162E58959723A
:108FF000E6893B75E789E581E889BD82E989FE86D6
:10900000EA89C08CEB89C596EC891399ED89D599CD
:10901000EE89CB4EEF891A4FF089E389F189DE564C
:10902000F2894A58F389CA58F489FB5EF589EB5FE7
:10903000F6892A60F7899460F8896260F989D061BD
:10904000FA891262FB89D062FC893965408A419BAA
:10905000418A6666428AB068438A776D448A707036
:10906000458A4C75468A8676478A757D488AA582E8
:10907000498AF9874A8A8B954B8A8E964C8A9D8CB1
:109080004D8AF1514E8ABE524F8A1659508AB354B6
:10909000518AB35B528A165D538A6861548A826929
:1090A000558AAF6D568A8D78578ACB84588A5788EF
:1090B000598A728A5A8AA7935B8AB89A5C8A6C6DBD
:1090C0005D8AA8995E8AD9865F8AA357608AFF67FE
:1090D000618ACE86628A0E92638A8352648A875638
:1090E000658A0454668AD35E678AE162688AB964D5
:1090F000698A3C686A8A38686B8ABB6B6C8A72734F
:109100006D8ABA786E8A6B7A6F8A9A89708AD289E8
:10911000718A6B8D728A038F738AED90748AA3951E
:10912000758A9496768A6997778A665B788AB35C43
:10913000798A7D697A8A4D987B8A4E987C8A9B636E
:109140007D8A207B7E8A2B6A808A7F6A818AB668C4
:10915000828A0D9C838A5F6F848A7252858A9D55AC
:10916000868A7060878AEC62888A3B6D898A076E7E
:109170008A8AD16E8B8A5B848C8A10898D8A448F0F
:109180008E8A144E8F8A399C908AF653918A1B6975
:10919000928A3A6A938A8497948A2A68958A5C515B
:1091A000968AC37A978AB284988ADC91998A8C933A
:1091B0009A8A5B569B8A289D9C8A22689D8A058391
:1091C0009E8A31849F8AA57CA08A0852A18AC58282
:1091D000A28AE674A38A7E4EA48A834FA58AA051F0
:1091E000A68AD25BA78A0A52A88AD852A98AE752CD
:1091F000AA8AFB5DAB8A9A55AC8A2A58AD8AE65991
:10920000AE8A8C5BAF8A985BB08ADB5BB18A725E98
:10921000B28A795EB38AA360B48A1F61B58A63613A
:10922000B68ABE61B78ADB63B88A6265B98AD167DC
:10923000BA8A5368BB8AFA68BC8A3E6BBD8A536B94
:10924000BE8A576CBF8A226FC08A976FC18A456FEA
:10925000C28AB074C38A1875C48AE376C58A0B774C
:10926000C68AFF7AC78AA17BC88A217CC98AE97D20
:10927000CA8A367FCB8AF07FCC8A9D80CD8A66826F
:10928000CE8A9E83CF8AB389D08ACC8AD18AAB8C8E
:10929000D28A8490D38A5194D48A9395D58A919511
:1092A000D68AA295D78A6596D88AD397D98A2899DB
:1092B000DA8A1882DB8A384EDC8A2B54DD8AB85C65
:1092C000DE8ACC5DDF8AA973E08A4C76E18A3C773E
:1092D000E28AA95CE38AEB7FE48A0B8DE58AC1967A
:1092E000E68A1198E78A5498E88A5898E98A014FE3
:1092F000EA8A0E4FEB8A7153EC8A9C55ED8A6856C8
:10930000EE8AFA57EF8A4759F08A095BF18AC45B03
:10931000F28A905CF38A0C5EF48A7E5EF58ACC5FFA
:10932000F68AEE63F78A3A67F88AD765F98AE265C2
:10933000FA8A1F67FB8ACB68FC8AC468408B5F6A25
:10934000418B305E428BC56B438B176C448B7D6CBD
:10935000458B7F75468B4879478B635B488B007ADA
:10936000498B007D4A8BBD5F4B8B8F894C8B188A54
:109370004D8BB48C4E8B778D4F8BCC8E508B1D8F3D
:10938000518BE298528B0E9A538B3C9B548B804EA0
:10939000558B7D50568B0051578B9359588B9C5B46
:1093A000598B2F625A8B80625B8BEC645C8B3A6BBF
:1093B0005D8BA0725E8B91755F8B4779608BA97F07
:1093C000618BFB87628BBC8A638B708B648BAC6315
:1093D000658BCA83668BA097678B0954688B03548F
:1093E000698BAB556A8B54686B8B586A6C8B708A2F
:1093F0006D8B27786E8B75676F8BCD9E708B7453DA
:10940000718BA25B728B1A81738B5086748B069062
:10941000758B184E768B454E778BC74E788B114FD8
:10942000798BCA537A8B38547B8BAE5B7C8B135F02
:109430007D8B25607E8B5165808B3D67818B426C77
:10944000828B726C838BE36C848B7870858B037456
:10945000868B767A878BAE7A888B087B898B1A7D90
:109460008A8BFE7C8B8B667D8C8BE7658D8B5B722C
:109470008E8BBB538F8B455C908BE85D918BD2625A
:10948000928BE062938B1963948B206E958B5A8636
:10949000968B318A978BDD8D988BF892998B016F23
:1094A0009A8BA6799B8B5A9B9C8BA84E9D8BAB4E1F
:1094B0009E8BAC4E9F8B9B4FA08BA04FA18BD1500E
:1094C000A28B4751A38BF67AA48B7151A58BF651D1
:1094D000A68B5453A78B2153A88B7F53A98BEB5397
:1094E000AA8BAC55AB8B8358AC8BE15CAD8B375FF3
:1094F000AE8B4A5FAF8B2F60B08B5060B18B6D60CD
:10950000B28B1F63B38B5965B48B4B6AB58BC16C3F
:10951000B68BC272B78BED72B88BEF77B98BF880D0
:10952000BA8B0581BB8B0882BC8B4E85BD8BF790B7
:10953000BE8BE193BF8BFF97C08B5799C18B5A9A13
:10954000C28BF04EC38BDD51C48B2D5CC58B816605
:10955000C68B6D69C78B405CC88BF266C98B756919
:10956000CA8B8973CB8B5068CC8B817CCD8BC550DB
:10957000CE8BE452CF8B4757D08BFE5DD18B269399
:10958000D28BA465D38B236BD48B3D6BD58B34747A
:10959000D68B8179D78BBD79D88B4B7BD98BCA7D04
:1095A000DA8BB982DB8BCC83DC8B7F88DD8B5F89A8
:1095B000DE8B398BDF8BD18FE08BD191E18B1F5408
:1095C000E28B8092E38B5D4EE48B3650E58BE55366
:1095D000E68B3A53E78BD772E88B9673E98BE97782
:1095E000EA8BE682EB8BAF8EEC8BC699ED8BC8993C
:1095F000EE8BD299EF8B7751F08B1A61F18B5E86EF
:10960000F28BB055F38B7A7AF48B7650F58BD35B73
:10961000F68B4790F78B8596F88B324EF98BDB6A89
:10962000FA8BE791FB8B515CFC8B485C408C986318
:10963000418C9F7A428C936C438C7497448C618FDD
:10964000458CAA7A468C8A71478C8896488C827C95
:10965000498C17684A8C707E4B8C51684C8C6C938B
:109660004D8CF2524E8C1B544F8CAB85508C138A10
:10967000518CA47F528CCD8E538CE190548C6653C8
:10968000558C8888568C4179578CC24F588CBE5067
:10969000598C11525A8C44515B8C53555C8C2D570C
:1096A0005D8CEA735E8C8B575F8C5159608C625F66
:1096B000618C845F628C7560638C7661648C676199
:1096C000658CA961668CB263678C3A64688C6C6542
:1096D000698C6F666A8C42686B8C136E6C8C6675D5
:1096E0006D8C3D7A6E8CFB7C6F8C4C7D708C997D83
:1096F000718C4B7E728C6B7F738C0E83748C4A835F
:10970000758CCD86768C088A778C638A788C668B8C
:10971000798CFD8E7A8C1A987B8C8F9D7C8CB8828C
:109720007D8CCE8F7E8CE89B808C8752818C1F62D3
:10973000828C8364838CC06F848C9996858C4168FD
:10974000868C9150878C206B888C7A6C898C546FB6
:109750008A8C747A8B8C507D8C8C40888D8C238A7B
:109760008E8C08678F8CF64E908C3950918C2650D9
:10977000928C6550938C7C51948C3852958C6352AA
:10978000968CA755978C0F57988C0558998CCC5A66
:109790009A8CFA5E9B8CB2619C8CF8619D8CF36212
:1097A0009E8C72639F8C1C69A08C296AA18C7D722F
:1097B000A28CAC72A38C2E73A48C1478A58C6F78B9
:1097C000A68C797DA78C0C77A88CA980A98C8B8915
:1097D000AA8C198BAB8CE28CAC8CD28EAD8C639046
:1097E000AE8C7593AF8C7A96B08C5598B18C139AD9
:1097F000B28C789EB38C4351B48C9F53B58CB353C9
:10980000B68C7B5EB78C265FB88C1B6EB98C906E65
:10981000BA8C8473BB8CFE73BC8C437DBD8C378249
:10982000BE8C008ABF8CFA8AC08C5096C18C4E4E7A
:10983000C28C0B50C38CE453C48C7C54C58CFA5638
:10984000C68CD159C78C645BC88CF15DC98CAB5E8A
:10985000CA8C275FCB8C3862CC8C4565CD8CAF67CA
:10986000CE8C566ECF8CD072D08CCA7CD18CB48802
:10987000D28CA180D38CE180D48CF083D58C4E86A1
:10988000D68C878AD78CE88DD88C3792D98CC7969E
:10989000DA8C6798DB8C139FDC8C944EDD8C924EB7
:1098A000DE8C0D4FDF8C4853E08C4954E18C3E54E4
:1098B000E28C2F5AE38C8C5FE48CA15FE58C9F6077
:1098C000E68CA768E78C8E6AE88C5A74E98C8178FC
:1098D000EA8C9E8AEB8CA48AEC8C778BED8C909131
:1098E000EE8C5E4EEF8CC99BF08CA44EF18C7C4FBD
:1098F000F28CAF4FF38C1950F48C1650F58C495103
:10990000F68C6C51F78C9F52F88CB952F98CFE5240
:10991000FA8C9A53FB8CE353FC8C1154408D0E54FB
:10992000418D8955428D5157438DA257448D7D59A4
:10993000458D545B468D5D5B478D8F5B488DE55D46
:10994000498DE75D4A8DF75D4B8D785E4C8D835E6A
:109950004D8D9A5E4E8DB75E4F8D185F508D526063
:10996000518D4C61528D9762538DD862548DA7638F
:10997000558D3B65568D0266578D4366588DF4664E
:10998000598D6D675A8D21685B8D97685C8DCB69A9
:109990005D8D5F6C5E8D2A6D5F8D696D608D2F6E44
:1099A000618D9D6E628D3275638D8776648D6C7866
:1099B000658D3F7A668DE07C678D057D688D187DAD
:1099C000698D5E7D6A8DB17D6B8D15806C8D038098
:1099D0006D8DAF806E8DB1806F8D5481708D8F8154
:1099E000718D2A82728D5283738D4C88748D61883B
:1099F000758D1B8B768DA28C778DFC8C788DCA90A3
:109A0000798D75917A8D71927B8D3F787C8DFC92EA
:109A10007D8DA4957E8D4D96808D0598818D99992B
:109A2000828DD89A838D3B9D848D5B52858DAB5200
:109A3000868DF753878D0854888DD558898DF762A8
:109A40008A8DE06F8B8D6A8C8C8D5F8F8D8DB99E2A
:109A50008E8D4B518F8D3B52908D4A54918DFD567A
:109A6000928D407A938D7791948D609D958DD29E45
:109A7000968D4473978D096F988D7081998D1175AE
:109A80009A8DFD5F9B8DDA609C8DA89A9D8DDB720F
:109A90009E8DBC8F9F8D646BA08D0398A18DCA4E47
:109AA000A28DF056A38D6457A48DBE58A58D5A5A29
:109AB000A68D6860A78DC761A88D0F66A98D066603
:109AC000AA8D3968AB8DB168AC8DF76DAD8DD5754C
:109AD000AE8D3A7DAF8D6E82B08D429BB18D9B4E27
:109AE000B28D504FB38DC953B48D0655B58D6F5D92
:109AF000B68DE65DB78DEE5DB88DFB67B98D996C5F
:109B0000BA8D7374BB8D0278BC8D508ABD8D9693CF
:109B1000BE8DDF88BF8D5057C08DA75EC18D2B6372
:109B2000C28DB550C38DAC50C48D8D51C58D0067AD
:109B3000C68DC954C78D5E58C88DBB59C98DB05BE1
:109B4000CA8D695FCB8D4D62CC8DA163CD8D3D6893
:109B5000CE8D736BCF8D086ED08D7D70D18DC791FA
:109B6000D28D8072D38D1578D48D2678D58D6D7970
:109B7000D68D8E65D78D307DD88DDC83D98DC1880B
:109B8000DA8D098FDB8D9B96DC8D6452DD8D285735
:109B9000DE8D5067DF8D6A7FE08DA18CE18DB45141
:109BA000E28D4257E38D2A96E48D3A58E58D8A6915
:109BB000E68DB480E78DB254E88D0E5DE98DFC57DB
:109BC000EA8D9578EB8DFA9DEC8D5C4FED8D4A52C8
:109BD000EE8D8B54EF8D3E64F08D2866F18D146709
:109BE000F28DF567F38D847AF48D567BF58D227DA9
:109BF000F68D2F93F78D5C68F88DAD9BF98D397BD1
:109C0000FA8D1953FB8D8A51FC8D3752408EDF5BE4
:109C1000418EF662428EAE64438EE664448E2D67BA
:109C2000458EBA6B468EA985478ED196488E907622
:109C3000498ED69B4A8E4C634B8E06934C8EAB9BC3
:109C40004D8EBF764E8E52664F8E094E508E985076
:109C5000518EC253528E715C538EE860548E926462
:109C6000558E6365568E5F68578EE671588ECA733F
:109C7000598E23755A8E977B5B8E827E5C8E95867D
:109C80005D8E838B5E8EDB8C5F8E7891608E1099FB
:109C9000618EAC65628EAB66638E8B6B648ED54EC7
:109CA000658ED44E668E3A4F678E7F4F688E3A52DD
:109CB000698EF8536A8EF2536B8EE3556C8EDB56C9
:109CC0006D8EEB586E8ECB596F8EC959708EFF59C1
:109CD000718E505B728E4D5C738E025E748E2B5E45
:109CE000758ED75F768E1D60778E0763788E2F65B1
:109CF000798E5C5B7A8EAF657B8EBD657C8EE86508
:109D00007D8E9D677E8E626B808E7B6B818E0F6CED
:109D1000828E4573838E4979848EC179858EF87CD5
:109D2000868E197D878E2B7D888EA280898E0281FA
:109D30008A8EF3818B8E96898C8E5E8A8D8E698A4F
:109D40008E8E668A8F8E8C8A908EEE8A918EC78CCC
:109D5000928EDC8C938ECC96948EFC98958E6F6B45
:109D6000968E8B4E978E3C4F988E8D4F998E50517C
:109D70009A8E575B9B8EFA5B9C8E48619D8E016329
:109D80009E8E42669F8E216BA08ECB6EA18EBB6C89
:109D9000A28E3E72A38EBD74A48ED475A58EC1789A
:109DA000A68E3A79A78E0C80A88E3380A98EEA8180
:109DB000AA8E9484AB8E9E8FAC8E506CAD8E7F9E9F
:109DC000AE8E0F5FAF8E588BB08E2B9DB18EFA7A10
:109DD000B28EF88EB38E8D5BB48EEB96B58E034E3D
:109DE000B68EF153B78EF757B88E3159B98EC95A1E
:109DF000BA8EA45BBB8E8960BC8E7F6EBD8E066FF3
:109E0000BE8EBE75BF8EEA8CC08E9F5BC18E0085F4
:109E1000C28EE07BC38E7250C48EF467C58E9D8265
:109E2000C68E615CC78E4A85C88E1E7EC98E0E8224
:109E3000CA8E9951CB8E045CCC8E6863CD8E668DB4
:109E4000CE8E9C65CF8E6E71D08E3E79D18E177D71
:109E5000D28E0580D38E1D8BD48ECA8ED58E6E90F9
:109E6000D68EC786D78EAA90D88E1F50D98EFA521A
:109E7000DA8E3A5CDB8E5367DC8E7C70DD8E357259
:109E8000DE8E4C91DF8EC891E08E2B93E18EE582C1
:109E9000E28EC25BE38E315FE48EF960E58E3B4E6D
:109EA000E68ED653E78E885BE88E4B62E98E31678B
:109EB000EA8E8A6BEB8EE972EC8EE073ED8E2E7A71
:109EC000EE8E6B81EF8EA38DF08E5291F18E96996E
:109ED000F28E1251F38ED753F48E6A54F58EFF5BD7
:109EE000F68E8863F78E396AF88EAC7DF98E00970E
:109EF000FA8EDA56FB8ECE53FC8E6854408F975BF9
:109F0000418F315C428FDE5D438FEE4F448F0161A4
:109F1000458FFE62468F326D478FC079488FCB796F
:109F2000498F427D4A8F4D7E4B8FD27F4C8FED8182
:109F30004D8F1F824E8F90844F8F4688508F72892D
:109F4000518F908B528F748E538F2F8F548F3190EF
:109F5000558F4B91568F6C91578FC696588F9C9109
:109F6000598FC04E5A8F4F4F5B8F45515C8F415375
:109F70005D8F935F5E8F0E625F8FD467608F416CE1
:109F8000618F0B6E628F6373638F267E648FCD91BA
:109F9000658F8392668FD453678F1959688FBF5B23
:109FA000698FD16D6A8F5D796B8F2E7E6C8F9B7CF4
:109FB0006D8F7E586E8F9F716F8FFA51708F53889F
:109FC000718FF08F728FCA4F738FFB5C748F256611
:109FD000758FAC77768FE37A778F1C82788FFF99B5
:109FE000798FC6517A8FAA5F7B8FEC657C8F6F6902
:109FF0007D8F896B7E8FF36D808F966E818F646FFE
:10A00000828FFE76838F147D848FE15D858F7590BE
:10A01000868F8791878F0698888FE651898F1D528A
:10A020008A8F40628B8F91668C8FD9668D8F1A6E66
:10A030008E8FB65E8F8FD27D908F727F918FF866F4
:10A04000928FAF85938FF785948FF88A958FA95259
:10A05000968FD953978F7359988F8F5E998F905F92
:10A060009A8F55609B8FE4929C8F64969D8FB7501A
:10A070009E8F1F519F8FDD52A08F2053A18F47537A
:10A08000A28FEC53A38FE854A48F4655A58F31556A
:10A09000A68F1756A78F6859A88FBE59A98F3C5A0B
:10A0A000AA8FB55BAB8F065CAC8F0F5CAD8F115C7C
:10A0B000AE8F1A5CAF8F845EB08F8A5EB18FE05E28
:10A0C000B28F705FB38F7F62B48F8462B58FDB62B3
:10A0D000B68F8C63B78F7763B88F0766B98F0C66BE
:10A0E000BA8F2D66BB8F7666BC8F7E67BD8FA268E8
:10A0F000BE8F1F6ABF8F356AC08FBC6CC18F886DE1
:10A10000C28F096EC38F586EC48F3C71C58F267184
:10A11000C68F6771C78FC775C88F0177C98F5D7884
:10A12000CA8F0179CB8F6579CC8FF079CD8FE07AAA
:10A13000CE8F117BCF8FA77CD08F397DD18F96802A
:10A14000D28FD683D38F8B84D48F4985D58F5D886A
:10A15000D68FF388D78F1F8AD88F3C8AD98F548A9D
:10A16000DA8F738ADB8F618CDC8FDE8CDD8FA491BC
:10A17000DE8F6692DF8F7E93E08F1894E18F9C963E
:10A18000E28F9897E38F0A4EE48F084EE58F1E4EBC
:10A19000E68F574EE78F9751E88F7052E98FCE5771
:10A1A000EA8F3458EB8FCC58EC8F225BED8F385E02
:10A1B000EE8FC560EF8FFE64F08F6167F18F566799
:10A1C000F28F446DF38FB672F48F7375F58F637AE7
:10A1D000F68FB884F78F728BF88FB891F98F209330
:10A1E000FA8F3156FB8FF457FC8FFE984090ED624A
:10A1F00041900D694290966B4390ED714490547E6E
:10A2000045907780469072824790E6894890DF9823
:10A21000499055874A90B18F4B903B5C4C90384F9A
:10A220004D90E14F4E90B54F4F9007555090205AAA
:10A230005190DD5B5290E95B5390C35F54904E6147
:10A2400055902F635690B06557904B665890EE68C6
:10A2500059909B695A90786D5B90F16D5C90337565
:10A260005D90B9755E901F775F905E796090E6793A
:10A270006190337D6290E3816390AF826490AA85A0
:10A280006590AA8966903A8A6790AB8E68909B8F9A
:10A29000699032906A90DD916B9007976C90BA4EFE
:10A2A0006D90C14E6E9003526F9075587090EC583F
:10A2B00071900B5C72901A7573903D5C74904E8136
:10A2C00075900A8A7690C58F7790639678906D978F
:10A2D0007990257B7A90CF8A7B9008987C906291C8
:10A2E0007D90F3567E90A8538090179081903954BA
:10A2F000829082578390255E8490A8638590346C09
:10A3000086908A708790617788908B7C8990E07FB7
:10A310008A9070888B9042908C9054918D9010937D
:10A320008E9018938F908F9690905E749190C49AAF
:10A330009290075D9390695D949070659590A26787
:10A340009690A88D9790DB9698906E639990496748
:10A350009A9019699B90C5839C9017989D90C09680
:10A360009E90FE889F90846FA0907A64A190F85B85
:10A37000A290164EA3902C70A4905D75A5902F66A8
:10A38000A690C451A7903652A890E252A990D359F2
:10A39000AA90815FAB902760AC901062AD903F6552
:10A3A000AE907465AF901F66B0907466B190F2681D
:10A3B000B2901668B390636BB490056EB5907272EC
:10A3C000B6901F75B790DB76B890BE7CB99056807A
:10A3D000BA90F058BB90FD88BC907F89BD90A08A50
:10A3E000BE90938ABF90CB8AC0901D90C1909291ED
:10A3F000C2905297C3905997C4908965C5900E7AC0
:10A40000C6900681C790BB96C8902D5EC990DC604F
:10A41000CA901A62CB90A565CC901466CD909067D7
:10A42000CE90F377CF904D7AD0904D7CD1903E7EF8
:10A43000D2900A81D390AC8CD490648DD590E18D6C
:10A44000D6905F8ED790A978D8900752D990D962CC
:10A45000DA90A563DB904264DC909862DD902D8AEF
:10A46000DE90837ADF90C07BE090AC8AE190EA9640
:10A47000E290767DE3900C82E4904987E590D94E96
:10A48000E6904851E7904353E8906053E990A35B0E
:10A49000EA90025CEB90165CEC90DD5DED9026623C
:10A4A000EE904762EF90B064F0901368F1903468DA
:10A4B000F290C96CF390456DF490176DF590D367E9
:10A4C000F6905C6FF7904E71F8907D71F990CB65C6
:10A4D000FA907F7AFB90AD7BFC90DA7D40914A7ECA
:10A4E0004191A87F42917A8143911B8244913982A4
:10A4F0004591A68546916E8A4791CE8C4891F58DFF
:10A50000499178904A9177904B91AD924C9191926C
:10A510004D9183954E91AE9B4F914D5250918455E4
:10A520005191386F52913671539168515491857998
:10A530005591557E5691B3815791CE7C58914C568A
:10A54000599151585A91A85C5B91AA635C91FE663F
:10A550005D91FD665E915A695F91D97260918F75C8
:10A5600061918E7562910E79639156796491DF796C
:10A570006591977C6691207D6791447D68910786FF
:10A580006991348A6A913B966B9161906C91209F9E
:10A590006D91E7506E9175526F91CC537091E2536B
:10A5A000719109507291AA557391EE5874914F5957
:10A5B00075913D7276918B5B7791645C78911D53B8
:10A5C0007991E3607A91F3607B915C637C91836322
:10A5D0007D913F637E91BB638091CD648191E965FC
:10A5E0008291F9668391E35D8491CD698591FD69DE
:10A5F0008691156F8791E5718891894E8991E975EA
:10A600008A91F8768B91937A8C91DF7C8D91CF7DB6
:10A610008E919C7D8F916180909149839191588317
:10A6200092916C849391BC849491FB859591C5889B
:10A630009691708D9791019098916D9099919793C3
:10A640009A911C979B91129A9C91CF509D919758EB
:10A650009E918E619F91D381A0913585A191088DA6
:10A66000A2912090A391C34FA4917450A5914752F9
:10A67000A6917353A7916F60A8914963A9915F67F1
:10A68000AA912C6EAB91B38DAC911F90AD91D74F29
:10A69000AE915E5CAF91CA8CB091CF65B1919A7D5D
:10A6A000B2915253B3919688B4917651B591C363E8
:10A6B000B691585BB7916B5BB8910A5CB9910D6428
:10A6C000BA915167BB915C90BC91D64EBD911A591D
:10A6D000BE912A59BF91706CC091518AC1913E556B
:10A6E000C2911558C391A559C491F060C5915362A8
:10A6F000C691C167C7913582C8915569C991409685
:10A70000CA91C499CB91289ACC91534FCD910658B8
:10A71000CE91FE5BCF911080D091B15CD1912F5E34
:10A72000D291855FD3912060D4914B61D5913462F1
:10A73000D691FF66D791F06CD891DE6ED991CE801C
:10A74000DA917F81DB91D482DC918B88DD91B88CAA
:10A75000DE910090DF912E90E0918A96E191DB9E50
:10A76000E291DB9BE391E34EE491F053E5912759AD
:10A77000E6912C7BE7918D91E8914C98E991F99DB8
:10A78000EA91DD6EEB912770EC915353ED914455B6
:10A79000EE91855BEF915862F0919E62F191D362E8
:10A7A000F291A26CF391EF6FF4912274F591178AF4
:10A7B000F6913894F791C16FF891FE8AF991388338
:10A7C000FA91E751FB91F886FC91EA534092E953E4
:10A7D0004192464F429254904392B08F44926A59AC
:10A7E000459231814692FD5D4792EA7A4892BF8F49
:10A7F0004992DA684A92378C4B92F8724C92489C94
:10A800004D923D6A4E92B08A4F92394E50925853B3
:10A8100051920656529266575392C5625492A26361
:10A820005592E66556924E6B5792E16D58925B6E6B
:10A830005992AD705A92ED775B92EF7A5C92AA7B57
:10A840005D92BB7D5E923D805F92C6806092CB86BA
:10A850006192958A62925B936392E3566492C758C1
:10A8600065923E5F6692AD65679296666892806A71
:10A870006992B56B6A9237756B92C78A6C92245055
:10A880006D92E5776E9230576F921B5F70926560A4
:10A8900071927A667292606C7392F47574921A7AFD
:10A8A00075926E7F7692F4817792188778924590B0
:10A8B0007992B3997A92C97B7B925C757C92F97A92
:10A8C0007D92517B7E92C484809210908192E9792E
:10A8D0008292927A839236838492E15A859240776B
:10A8E00086922D4E8792F24E8892995B8992E05F14
:10A8F0008A92BD628B923C668C92F1678D92E86C75
:10A900008E926B868F92778890923B8A91924E912D
:10A910009292F3929392D0999492176A959226709C
:10A9200096922A739792E782989257849992AF8C65
:10A930009A92014E9B9246519C92CB519D928B557F
:10A940009E92F55B9F92165EA092335EA192815E0D
:10A95000A292145FA392355FA4926B5FA592B45F3D
:10A96000A692F261A7921163A892A266A9921D67AE
:10A97000AA926E6FAB925272AC923A75AD923A77E0
:10A98000AE927480AF923981B0927881B19276871D
:10A99000B292BF8AB392DC8AB492858DB592F38D60
:10A9A000B6929A92B7927795B8920298B992E59C2E
:10A9B000BA92C552BB925763BC92F476BD921567AA
:10A9C000BE92886CBF92CD73C092C38CC192AE937D
:10A9D000C2927396C392256DC4929C58C5920E691B
:10A9E000C692CC69C792FD8FC8929A93C992DB75C3
:10A9F000CA921A90CB925A58CC920268CD92B46304
:10AA0000CE92FB69CF92434FD0922C6FD192D867F0
:10AA1000D292BB8FD3922685D492B47DD592549393
:10AA2000D6923F69D792706FD8926A57D992F758E9
:10AA3000DA922C5BDB922C7DDC922A72DD920A5436
:10AA4000DE92E391DF92B49DE092AD4EE1924E4FE3
:10AA5000E2925C50E3927550E4924352E5929E8CF0
:10AA6000E6924854E7922458E8929A5BE9921D5E78
:10AA7000EA92955EEB92AD5EEC92F75EED921F5F0F
:10AA8000EE928C60EF92B562F0923A63F192D063ED
:10AA9000F292AF68F392406CF4928778F5928E79D7
:10AAA000F6920B7AF792E07DF8924782F992028A49
:10AAB000FA92E68AFB92448EFC9213904093B890EF
:10AAC00041932D914293D89143930E9F4493E56C0B
:10AAD000459358644693E264479375654893F46ED2
:10AAE000499384764A931B7B4B9369904C93D19303
:10AAF0004D93BA6E4E93F2544F93B95F5093A46442
:10AB000051934D8F5293ED8F5393449254937851B8
:10AB100055936B58569329595793555C5893975EA4
:10AB20005993FB6D5A938F7E5B931C755C93BC8C21
:10AB30005D93E28E5E935B985F93B97060931D4F57
:10AB40006193BF6B6293B16F639330756493FB96AF
:10AB500065934E51669310546793355868935758D0
:10AB60006993AC596A93605C6B93925F6C93976541
:10AB70006D935C676E93216E6F937B767093DF832A
:10AB80007193ED8C729314907393FD9074934D9325
:10AB90007593257876933A787793AA527893A65E40
:10ABA00079931F577A9374597B9312607C93125058
:10ABB0007D935A517E93AC518093CD518193005235
:10ABC00082931055839354588493585885935759BA
:10ABD0008693955B8793F65C88938B5D8993BC60C5
:10ABE0008A9395628B932D648C9371678D934368E0
:10ABF0008E93BC688F93DF689093D7769193D86DCE
:10AC000092936F6E93939B6D94936F709593C871AD
:10AC10009693535F9793D875989377799993497BD7
:10AC20009A93547B9B93527B9C93D67C9D93717D8E
:10AC30009E9330529F936384A0936985A193E4858A
:10AC4000A2930E8AA393048BA493468CA5930F8E94
:10AC5000A6930390A7930F90A8931994A99376961F
:10AC6000AA932D98AB93309AAC93D895AD93CD50D1
:10AC7000AE93D552AF930C54B0930258B1930E5C7F
:10AC8000B293A761B3939E64B4931E6DB593B377EB
:10AC9000B693E57AB793F480B8930484B99353904C
:10ACA000BA938592BB93E05CBC93079DBD933F53E1
:10ACB000BE93975FBF93B35FC0939C6DC19379724E
:10ACC000C2936377C393BF79C493E47BC593D26B7C
:10ACD000C693EC72C793AD8AC8930368C993616A3F
:10ACE000CA93F851CB93817ACC933469CD934A5C63
:10ACF000CE93F69CCF93EB82D093C55BD1934991D1
:10AD0000D2931E70D3937856D4936F5CD593C7605B
:10AD1000D6936665D7938C6CD8935A8CD99341900F
:10AD2000DA931398DB935154DC93C766DD930D924D
:10AD3000DE934859DF93A390E0938551E1934D4E04
:10AD4000E293EA51E3939985E4930E8BE59358706F
:10AD5000E6937A63E7934B93E8936269E993B49936
:10AD6000EA93047EEB937775EC935753ED93606908
:10AD7000EE93DF8EEF93E396F0935D6CF1938C4E40
:10AD8000F2933C5CF393105FF493E98FF5930253D5
:10AD9000F693D18CF7938980F8937986F993FF5EC7
:10ADA000FA93E565FB93734EFC9365514094825989
:10ADB00041943F5C4294EE974394FB4E44948A59ED
:10ADC0004594CD5F46948D8A4794E16F4894B0795D
:10ADD000499462794A94E75B4B9471844C942B7349
:10ADE0004D94B1714E94745E4F94F55F50947B63B3
:10ADF00051949A645294C3715394987C5494434EE2
:10AE00005594FC5E56944B4E5794DC575894A2567A
:10AE10005994A9605A94C36F5B940D7D5C94FD8036
:10AE20005D9433815E94BF815F94B28F6094978903
:10AE30006194A4866294F45D63948A626494AD64C0
:10AE400065948789669477676794E26C68943E6D31
:10AE5000699436746A9434786B94465A6C94757F0E
:10AE60006D94AD826E94AC996F94F34F7094C35E01
:10AE70007194DD62729492637394576574946F67F2
:10AE80007594C37676944C727794CC807894BA801B
:10AE90007994298F7A944D917B940D507C94F95735
:10AEA0007D94925A7E9485688094736981946471CC
:10AEB0008294FD728394B78C8494F2588594E08CCC
:10AEC00086946A968794199088947F878994E47908
:10AED0008A94E7778B9429848C942F4F8D946552B4
:10AEE0008E945A538F94CD629094CF679194CA6C8C
:10AEF00092947D769394947B9494957C95943682E9
:10AF0000969484859794EB8F9894DD669994206F3E
:10AF10009A9406729B941B7E9C94AB839D94C199DA
:10AF20009E94A69E9F94FD51A094B17BA1947278AB
:10AF3000A294B87BA3948780A494487BA594E86AE4
:10AF4000A694615EA7948C80A8945175A9946075AD
:10AF5000AA946B51AB946292AC948C6EAD947A7659
:10AF6000AE949791AF94EA9AB094104FB194707FD9
:10AF7000B2949C62B3944F7BB494A595B594E99C2C
:10AF8000B6947A56B7945958B894E486B994BC9656
:10AF9000BA94344FBB942452BC944A53BD94CD53BD
:10AFA000BE94DB53BF94065EC0942C64C19491653B
:10AFB000C2947F67C3943E6CC4944E6CC59448722F
:10AFC000C694AF72C794ED73C8945475C994417E0A
:10AFD000CA942C82CB94E985CC94A98CCD94C47B63
:10AFE000CE94C691CF946971D0941298D194EF9871
:10AFF000D2943D63D3946966D4946A75D594E4760B
:10B00000D694D078D7944385D894EE86D9942A5391
:10B01000DA945153DB942654DC948359DD94875E93
:10B02000DE947C5FDF94B260E0944962E1947962DF
:10B03000E294AB62E3949065E494D46BE594CC6CB9
:10B04000E694B275E794AE76E8949178E994D8796D
:10B05000EA94CB7DEB94777FEC94A580ED94AB885C
:10B06000EE94B98AEF94BB8CF0947F90F1945E9744
:10B07000F294DB98F3940B6AF494387CF59499502D
:10B08000F6943E5CF794AE5FF8948767F994D86BBA
:10B09000FA943574FB940977FC948E7F40953B9F1E
:10B0A0004195CA674295177A4395395344958B75F4
:10B0B0004595ED9A4695665F47959D814895F18344
:10B0C000499598804A953C5F4B95C55F4C95627554
:10B0D0004D95467B4E953C904F9567685095EB5942
:10B0E00051959B5A5295107D53957E7654952C8B95
:10B0F0005595F54F56956A5F5795196A5895376C6F
:10B100005995026F5A95E2745B9568795C956888E9
:10B110005D95558A5E95798C5F95DF5E6095CF630E
:10B120006195C5756295D2796395D78264952893A8
:10B130006595F29266959C846795ED8668952D9C41
:10B140006995C1546A956C5F6B958C656C955C6D67
:10B150006D9515706E95A78C6F95D38C70953B98F7
:10B1600071954F657295F67473950D4E7495D84E22
:10B170007595E05776952B597795665A7895CC5BFF
:10B180007995A8517A95035E7B959C5E7C951660B7
:10B190007D9576627E9577658095A76581956E66CB
:10B1A00082956E6D839536728495267B8595508148
:10B1B00086959A818795998288955C8B8995A08CD4
:10B1C0008A95E68C8B95748D8C951C968D954496FE
:10B1D0008E95AE4F8F95AB649095666B91951E8260
:10B1E0009295618493956A859495E8909595015C14
:10B1F000969553699795A89898957A8499955785C7
:10B200009A950F4F9B956F529C95A95F9D95455EB2
:10B210009E950D679F958F79A0957981A195078956
:10B22000A2958689A395F56DA495175FA59555629E
:10B23000A695B86CA795CF4EA8956972A995929BD3
:10B24000AA950652AB953B54AC957456AD95B35840
:10B25000AE95A461AF956E62B0951A71B1956E59B5
:10B26000B295897CB395DE7CB4951B7DB595F0963F
:10B27000B6958765B7955E80B895194EB995754FA7
:10B28000BA957551BB954058BC95635EBD95735E8C
:10B29000BE950A5FBF95C467C095264EC1953D8592
:10B2A000C2958995C3955B96C495737CC5950198A5
:10B2B000C695FB50C795C158C8955676C995A778CD
:10B2C000CA952552CB95A577CC951185CD95867BD2
:10B2D000CE954F50CF950959D0954772D195C77BE0
:10B2E000D295E87DD395BA8FD495D48FD5954D90CE
:10B2F000D695BF4FD795C952D895295AD995015F90
:10B30000DA95AD97DB95DD4FDC951782DD95EA92F6
:10B31000DE950357DF955563E095696BE1952B75D5
:10B32000E295DC88E395148FE495427AE595DF5247
:10B33000E6959358E7955561E8950A62E995AE66FA
:10B34000EA95CD6BEB953F7CEC95E983ED95235029
:10B35000EE95F84FEF950553F0954654F195315819
:10B36000F2954959F3959D5BF495F05CF595EF5C8A
:10B37000F695295DF795965EF895B162F995676344
:10B38000FA953E65FB95B965FC950B674096D56CC3
:10B390004196E16C4296F9704396327844962B7E42
:10B3A0004596DE804696B38247960C844896EC8498
:10B3B000499602874A9612894B962A8A4C964A8C5D
:10B3C0004D96A6904E96D2924F96FD985096F39C2D
:10B3D00051966C9D52964F4E5396A14E54968D5059
:10B3E0005596565256964A575796A85958963D5EC6
:10B3F0005996D85F5A96D95F5B963F625C96B46661
:10B400005D961B675E96D0675F96D2686096925194
:10B410006196217D6296AA806396A8816496008BCE
:10B4200065968C8C6696BF8C67967E9268963296EF
:10B43000699620546A962C986B9617536C96D55043
:10B440006D965C536E96A8586F96B264709634678A
:10B4500071966772729666777396467A7496E691DD
:10B460007596C3527696A16C7796866B789600583F
:10B4700079964C5E7A9654597B962C677C96FB7F26
:10B480007D96E1517E96C676809669648196E878CD
:10B490008296549B8396BB9E8496CB578596B959CA
:10B4A0008696276687969A678896CE6B8996E95422
:10B4B0008A96D9698B96555E8C969C818D969567F8
:10B4C0008E96AA9B8F96FE679096529C91965D6889
:10B4D0009296A64E9396E34F9496C8539596B9626A
:10B4E00096962B679796AB6C9896C48F9996AD4FAE
:10B4F0009A966D7E9B96BF9E9C96074E9D96626126
:10B500009E96806E9F962B6FA0961385A19673547E
:10B51000A2962A67A396459BA496F35DA596957B74
:10B52000A696AC5CA796C65BA8961C87A9964A6EA1
:10B53000AA96D184AB96147AAC960881AD969959A7
:10B54000AE968D7CAF96116CB0962077B196D9529D
:10B55000B2962259B3962171B4965F72B596DB7795
:10B56000B6962797B796619DB8960B69B9967F5A9C
:10B57000BA96185ABB96A551BC960D54BD967D54EB
:10B58000BE960E66BF96DF76C096F78FC1969892EC
:10B59000C296F49CC396EA59C4965D72C596C56E70
:10B5A000C6964D51C796C968C896BF7DC996EC7DB1
:10B5B000CA966297CB96BA9ECC967864CD96216A4D
:10B5C000CE960283CF968459D0965F5BD196DB6B83
:10B5D000D2961B73D396F276D496B27DD596178009
:10B5E000D6969984D7963251D8962867D996D99EFF
:10B5F000DA96EE76DB966267DC96FF52DD96059969
:10B60000DE96245CDF963B62E0967E7CE196B08C11
:10B61000E2964F55E396B660E4960B7DE5968095ED
:10B62000E6960153E7965F4EE896B651E9961C59A7
:10B63000EA963A72EB963680EC96CE91ED96255FBF
:10B64000EE96E277EF968453F096795FF196047D5B
:10B65000F296AC85F396338AF4968D8EF5965697CE
:10B66000F696F367F796AE85F8965394F9960961C6
:10B67000FA960861FB96B96CFC9652764097ED8A73
:10B680004197388F42972F554397514F44972A51EE
:10B690004597C7524697CB534797A55B48977D5E22
:10B6A0004997A0604A9782614B97D6634C97096788
:10B6B0004D97DA674E97676E4F978C6D509736733C
:10B6C0005197377352973175539750795497D5885E
:10B6D0005597988A56974A90579791905897F59012
:10B6E0005997C4965A978D875B9715595C97884EE2
:10B6F0005D97594F5E970E4E5F97898A60973F8F8F
:10B70000619710986297AD5063977C5E64979659E5
:10B710006597B95B6697B85E6797DA636897FA636F
:10B720006997C1646A97DC666B974A696C97D869B8
:10B730006D970B6D6E97B66E6F97947170972875B5
:10B740007197AF7A72978A7F739700807497498454
:10B750007597C984769781897797218B78970A8E18
:10B76000799765907A977D967B970A997C977E6109
:10B770007D9791627E97326B8097836C8197746D11
:10B780008297CC7F8397FC7F8497C06D8597857F58
:10B790008697BA878797F888889765678997B1836E
:10B7A0008A973C988B97F7968C971B6D8D97617D48
:10B7B0008E973D848F976A919097714E91977553AC
:10B7C0009297505D9397046B9497EB6F9597CD8507
:10B7D00096972D869797A7899897295299970F54EE
:10B7E0009A97655C9B974E679C97A8689D9706748F
:10B7F0009E9783749F97E275A097CF88A197E18861
:10B80000A297CC91A397E296A4977896A5978B5F81
:10B81000A6978773A797CB7AA8974E84A997A0631A
:10B82000AA976575AB978952AC97416DAD979C6EA1
:10B83000AE970974AF975975B0976B78B197927CB2
:10B84000B2978696B397DC7AB4978D9FB597B64F2B
:10B85000B6976E61B797C565B8975C86B997864EFF
:10B86000BA97AE4EBB97DA50BC97214EBD97CC51DC
:10B87000BE97EE5BBF979965C0978168C197BC6D15
:10B88000C2971F73C3974276C497AD77C5971C7A4A
:10B89000C697E77CC7976F82C897D28AC9977C9072
:10B8A000CA97CF91CB977596CC971898CD979B5206
:10B8B000CE97D17DCF972B50D0979853D19797673C
:10B8C000D297CB6DD397D071D4973374D597E88145
:10B8D000D6972A8FD797A396D897579CD9979F9E8C
:10B8E000DA976074DB974158DC97996DDD972F7D6F
:10B8F000DE975E98DF97E44EE097364FE1978B4FE7
:10B90000E297B751E397B152E497BA5DE5971C60AF
:10B91000E697B273E7973C79E897D382E997349238
:10B92000EA97B796EB97F696EC970A97ED97979E5E
:10B93000EE97629FEF97A666F097746BF197175298
:10B94000F297A352F397C870F497C288F597C95E2F
:10B95000F6974B60F7979061F897236FF9974971C5
:10B96000FA973E7CFB97F47DFC976F804098EE84BD
:10B970004198239042982C934398425444986F9B4B
:10B980004598D36A469889704798C28C4898EF8D3D
:10B99000499832974A98B4524B98415A4C98CA5E8B
:10B9A0004D98045F4E9817674F987C69509894693A
:10B9B00051986A6D52980F6F539862725498FC7246
:10B9C0005598ED7B5698018057987E8058984B8704
:10B9D0005998CE905A986D515B98939E5C98847953
:10B9E0005D988B805E9832935F98D68A60982D50D0
:10B9F00061988C546298718A63986A6B6498C48C5D
:10BA0000659807816698D1606798A0676898F29DED
:10BA10006998994E6A98984E6B98109C6C986B8AAE
:10BA20006D98C1856E9868856F98006970987E6E74
:10BA300071989778729855819F980C5FA098104ED6
:10BA4000A198154EA2982A4EA398314EA498364E2E
:10BA5000A5983C4EA6983F4EA798424EA898564EA1
:10BA6000A998584EAA98824EAB98854EAC986B8C8C
:10BA7000AD988A4EAE981282AF980D5FB0988E4EF8
:10BA8000B1989E4EB2989F4EB398A04EB498A24ED5
:10BA9000B598B04EB698B34EB798B64EB898CE4E4D
:10BAA000B998CD4EBA98C44EBB98C64EBC98C24EFB
:10BAB000BD98D74EBE98DE4EBF98ED4EC098DF4E73
:10BAC000C198F74EC298094FC3985A4FC498304F47
:10BAD000C5985B4FC6985D4FC798574FC898474F5A
:10BAE000C998764FCA98884FCB988F4FCC98984F6B
:10BAF000CD987B4FCE98694FCF98704FD098914F8B
:10BB0000D1986F4FD298864FD398964FD4981851AA
:10BB1000D598D44FD698DF4FD798CE4FD898D84FD6
:10BB2000D998DB4FDA98D14FDB98DA4FDC98D04FB9
:10BB3000DD98E44FDE98E54FDF981A50E0982850E2
:10BB4000E1981450E2982A50E3982550E498055063
:10BB5000E5981C4FE698F64FE7982150E898295051
:10BB6000E9982C50EA98FE4FEB98EF4FEC98115063
:10BB7000ED980650EE984350EF984750F0980367C1
:10BB8000F1985550F2985050F3984850F4985A5004
:10BB9000F5985650F6986C50F7987850F898805071
:10BBA000F9989A50FA988550FB98B450FC98B25086
:10BBB0004099C9504199CA504299B3504399C250D3
:10BBC0004499D6504599DE504699E5504799ED5035
:10BBD0004899E3504999EE504A99F9504B99F550DC
:10BBE0004C9909514D9901514E9902514F99165155
:10BBF000509915515199145152991A5153992151F3
:10BC000054993A515599375156993C5157993B514E
:10BC100058993F51599940515A9952515B994C51F9
:10BC20005C9954515D9962515E99F87A5F996951B6
:10BC300060996A5161996E516299805163998251FC
:10BC40006499D85665998C516699895167998F5135
:10BC500068999151699993516A9995516B99965147
:10BC60006C99A4516D99A6516E99A2516F99A951E1
:10BC70007099AA517199AB517299B3517399B1519D
:10BC80007499B2517599B0517699B5517799BD5162
:10BC90007899C5517999C9517A99DB517B99E051CD
:10BCA0007C9955867D99E9517E99ED518099F051A5
:10BCB0008199F5518299FE518399045284990B52CE
:10BCC0008599145286990E528799275288992A523B
:10BCD00089992E528A9933528B9939528C994F52A5
:10BCE0008D9944528E994B528F994C5290995E5235
:10BCF0009199545292996A529399745294996952B3
:10BD00009599735296997F5297997D5298998D5231
:10BD1000999994529A9992529B9971529C998852EE
:10BD20009D9991529E99A88F9F99A78FA099AC52E7
:10BD3000A199AD52A299BC52A399B552A499C152EE
:10BD4000A599CD52A699D752A799DE52A899E35248
:10BD5000A999E652AA99ED98AB99E052AC99F352A1
:10BD6000AD99F552AE99F852AF99F952B099065380
:10BD7000B1990853B2993875B3990D53B4991053CA
:10BD8000B5990F53B6991553B7991A53B8992353C8
:10BD9000B9992F53BA993153BB993353BC9938533E
:10BDA000BD994053BE994653BF994553C099174E0C
:10BDB000C1994953C2994D53C399D651C4995E5301
:10BDC000C5996953C6996E53C7991859C8997B5339
:10BDD000C9997753CA998253CB999653CC99A0535A
:10BDE000CD99A653CE99A553CF99AE53D099B053C0
:10BDF000D199B653D299C353D399127CD499D99679
:10BE0000D599DF53D699FC66D799EE71D899EE5340
:10BE1000D999E853DA99ED53DB99FA53DC99015437
:10BE2000DD993D54DE994054DF992C54E0992D540E
:10BE3000E1993C54E2992E54E3993654E4992954FB
:10BE4000E5991D54E6994E54E7998F54E899755435
:10BE5000E9998E54EA995F54EB997154EC997754AF
:10BE6000ED997054EE999254EF997B54F099805467
:10BE7000F1997654F2998454F3999054F499865434
:10BE8000F599C754F699A254F799B854F899A5545E
:10BE9000F999AC54FA99C454FB99C854FC99A85424
:10BEA000409AAB54419AC254429AA454439ABE5405
:10BEB000449ABC54459AD854469AE554479AE65455
:10BEC000489A0F55499A14554A9AFD544B9AEE5484
:10BED0004C9AED544D9AFA544E9AE2544F9A395571
:10BEE000509A4055519A6355529A4C55539A2E5533
:10BEF000549A5C55559A4555569A5655579A5755E2
:10BF0000589A3855599A33555A9A5D555B9A9955AE
:10BF10005C9A80555D9AAF545E9A8A555F9A9F5598
:10BF2000609A7B55619A7E55629A9855639A9E55A0
:10BF3000649AAE55659A7C55669A8355679AA95559
:10BF4000689A8755699AA8556A9ADA556B9AC555C1
:10BF50006C9ADF556D9AC4556E9ADC556F9AE4550C
:10BF6000709AD455719A1456729AF755739A165658
:10BF7000749AFE55759AFD55769A1B56779AF9551F
:10BF8000789A4E56799A50567A9ADF717B9A34563F
:10BF90007C9A36567D9A32567E9A3856809A6B56DF
:10BFA000819A6456829A2F56839A6C56849A6A565E
:10BFB000859A8656869A8056879A8A56889AA05677
:10BFC000899A94568A9A8F568B9AA5568C9AAE5611
:10BFD0008D9AB6568E9AB4568F9AC256909ABC567F
:10BFE000919AC156929AC356939AC056949AC8563B
:10BFF000959ACE56969AD156979AD356989AD756DE
:10C00000999AEE569A9AF9569B9A00579C9AFF561F
:10C010009D9A04579E9A09579F9A0857A09A0B57C2
:10C02000A19A0D57A29A1357A39A1857A49A165774
:10C03000A59AC755A69A1C57A79A2657A89A375764
:10C04000A99A3857AA9A4E57AB9A3B57AC9A405781
:10C05000AD9A4F57AE9A6957AF9AC057B09A885762
:10C06000B19A6157B29A7F57B39A8957B49A935746
:10C07000B59AA057B69AB357B79AA457B89AAA5781
:10C08000B99AB057BA9AC357BB9AC657BC9AD457F5
:10C09000BD9AD257BE9AD357BF9A0A58C09AD6575C
:10C0A000C19AE357C29A0B58C39A1958C49A1D589B
:10C0B000C59A7258C69A2158C79A6258C89A4B585E
:10C0C000C99A7058CA9AC06BCB9A5258CC9A3D58AC
:10C0D000CD9A7958CE9A8558CF9AB958D09A9F5808
:10C0E000D19AAB58D29ABA58D39ADE58D49ABB5840
:10C0F000D59AB858D69AAE58D79AC558D89AD35820
:10C10000D99AD158DA9AD758DB9AD958DC9AD858A4
:10C11000DD9AE558DE9ADC58DF9AE458E09ADF5859
:10C12000E19AEF58E29AFA58E39AF958E49AFB58E0
:10C13000E59AFC58E69AFD58E79A0259E89A0A5996
:10C14000E99A1059EA9A1B59EB9AA668EC9A255974
:10C15000ED9A2C59EE9A2D59EF9A3259F09A385996
:10C16000F19A3E59F29AD27AF39A5559F49A505963
:10C17000F59A4E59F69A5A59F79A5859F89A6259B7
:10C18000F99A6059FA9A6759FB9A6C59FC9A69595D
:10C19000409B7859419B8159429B9D59439B5E4FDF
:10C1A000449BAB4F459BA359469BB259479BC659ED
:10C1B000489BE859499BDC594A9B8D594B9BD9595F
:10C1C0004C9BDA594D9B255A4E9B1F5A4F9B115A37
:10C1D000509B1C5A519B095A529B1A5A539B405AC6
:10C1E000549B6C5A559B495A569B355A579B365A05
:10C1F000589B625A599B6A5A5A9B9A5A5B9BBC5AE3
:10C200005C9BBE5A5D9BCB5A5E9BC25A5F9BBD5ADC
:10C21000609BE35A619BD75A629BE65A639BE95A3B
:10C22000649BD65A659BFA5A669BFB5A679B0C5BCC
:10C23000689B0B5B699B165B6A9B325B6B9BD05A5E
:10C240006C9B2A5B6D9B365B6E9B3E5B6F9B435B7F
:10C25000709B455B719B405B729B515B739B555B15
:10C26000749B5A5B759B5B5B769B655B779B695B9D
:10C27000789B705B799B735B7A9B755B7B9B785B30
:10C280007C9B88657D9B7A5B7E9B805B809B835BD0
:10C29000819BA65B829BB85B839BC35B849BC75BD4
:10C2A000859BC95B869BD45B879BD05B889BE45B4B
:10C2B000899BE65B8A9BE25B8B9BDE5B8C9BE55BF1
:10C2C0008D9BEB5B8E9BF05B8F9BF65B909BF35B98
:10C2D000919B055C929B075C939B085C949B0D5C17
:10C2E000959B135C969B205C979B225C989B285C9B
:10C2F000999B385C9A9B395C9B9B415C9C9B465C00
:10C300009D9B4E5C9E9B535C9F9B505CA09B4F5C97
:10C31000A19B715BA29B6C5CA39B6E5CA49B624E19
:10C32000A59B765CA69B795CA79B8C5CA89B915C8B
:10C33000A99B945CAA9B9B59AB9BAB5CAC9BBB5CE5
:10C34000AD9BB65CAE9BBC5CAF9BB75CB09BC55C69
:10C35000B19BBE5CB29BC75CB39BD95CB49BE95CF0
:10C36000B59BFD5CB69BFA5CB79BED5CB89B8C5DA6
:10C37000B99BEA5CBA9B0B5DBB9B155DBC9B175DD3
:10C38000BD9B5C5DBE9B1F5DBF9B1B5DC09B115D2C
:10C39000C19B145DC29B225DC39B1A5DC49B195D4A
:10C3A000C59B185DC69B4C5DC79B525DC89B4E5D8F
:10C3B000C99B4B5DCA9B6C5DCB9B735DCC9B765DD3
:10C3C000CD9B875DCE9B845DCF9B825DD09BA25D24
:10C3D000D19B9D5DD29BAC5DD39BAE5DD49BBD5D7F
:10C3E000D59B905DD69BB75DD79BBC5DD89BC95D47
:10C3F000D99BCD5DDA9BD35DDB9BD25DDC9BD65DAB
:10C40000DD9BDB5DDE9BEB5DDF9BF25DE09BF55D25
:10C41000E19B0B5EE29B1A5EE39B195EE49B115E5F
:10C42000E59B1B5EE69B365EE79B375EE89B445EC2
:10C43000E99B435EEA9B405EEB9B4E5EEC9B575E46
:10C44000ED9B545EEE9B5F5EEF9B625EF09B645ED5
:10C45000F19B475EF29B755EF39B765EF49B7A5E82
:10C46000F59BBC9EF69B7F5EF79BA05EF89BC15E32
:10C47000F99BC25EFA9BC85EFB9BD05EFC9BCF5EC5
:10C48000409CD65E419CE35E429CDD5E439CDA5E4E
:10C49000449CDB5E459CE25E469CE15E479CE85E18
:10C4A000489CE95E499CEC5E4A9CF15E4B9CF35EC5
:10C4B0004C9CF05E4D9CF45E4E9CF85E4F9CFE5E84
:10C4C000509C035F519C095F529C5D5F539C5C5F75
:10C4D000549C0B5F559C115F569C165F579C295FBF
:10C4E000589C2D5F599C385F5A9C415F5B9C485F0C
:10C4F0005C9C4C5F5D9C4E5F5E9C2F5F5F9C515FC0
:10C50000609C565F619C575F629C595F639C615F52
:10C51000649C6D5F659C735F669C775F679C835FBF
:10C52000689C825F699C7F5F6A9C8A5F6B9C885F66
:10C530006C9C915F6D9C875F6E9C9E5F6F9C995F0A
:10C54000709C985F719CA05F729CA85F739CAD5FAC
:10C55000749CBC5F759CD65F769CFB5F779CE45FA8
:10C56000789CF85F799CF15F7A9CDD5F7B9CB3607F
:10C570007C9CFF5F7D9C21607E9C6060809C19603C
:10C58000819C1060829C2960839C0E60849C316039
:10C59000859C1B60869C1560879C2B60889C266010
:10C5A000899C0F608A9C3A608B9C5A608C9C41608D
:10C5B0008D9C6A608E9C77608F9C5F60909C4A60C7
:10C5C000919C4660929C4D60939C6360949C4360F8
:10C5D000959C6460969C4260979C6C60989C6B6094
:10C5E000999C59609A9C81609B9C8D609C9CE760A3
:10C5F0009D9C83609E9C9A609F9C8460A09C9B6095
:10C60000A19C9660A29C9760A39C9260A49CA7604A
:10C61000A59C8B60A69CE160A79CB860A89CE0608C
:10C62000A99CD360AA9CB460AB9CF05FAC9CBD603D
:10C63000AD9CC660AE9CB560AF9CD860B09C4D61AF
:10C64000B19C1561B29C0661B39CF660B49CF76026
:10C65000B59C0061B69CF460B79CFA60B89C03611D
:10C66000B99C2161BA9CFB60BB9CF160BC9C0D61D4
:10C67000BD9C0E61BE9C4761BF9C3E61C09C286111
:10C68000C19C2761C29C4A61C39C3F61C49C3C61C0
:10C69000C59C2C61C69C3461C79C3D61C89C4261AD
:10C6A000C99C4461CA9C7361CB9C7761CC9C5861E6
:10C6B000CD9C5961CE9C5A61CF9C6B61D09C7461BA
:10C6C000D19C6F61D29C6561D39C7161D49C5F6188
:10C6D000D59C5D61D69C5361D79C7561D89C99614E
:10C6E000D99C9661DA9C8761DB9CAC61DC9C94618F
:10C6F000DD9C9A61DE9C8A61DF9C9161E09CAB616C
:10C70000E19CAE61E29CCC61E39CCA61E49CC9619E
:10C71000E59CF761E69CC861E79CC361E89CC66143
:10C72000E99CBA61EA9CCB61EB9C797FEC9CCD6182
:10C73000ED9CE661EE9CE361EF9CF661F09CFA6192
:10C74000F19CF461F29CFF61F39CFD61F49CFC613F
:10C75000F59CFE61F69C0062F79C0862F89C0962F9
:10C76000F99C0D62FA9C0C62FB9C1462FC9C1B629F
:10C77000409D1E62419D2162429D2A62439D2E6220
:10C78000449D3062459D3262469D3362479D4162C1
:10C79000489D4E62499D5E624A9D63624B9D5B620D
:10C7A0004C9D60624D9D68624E9D7C624F9D826291
:10C7B000509D8962519D7E62529D9262539D93620B
:10C7C000549D9662559DD462569D8362579D946296
:10C7D000589DD762599DD1625A9DBB625B9DCF62C5
:10C7E0005C9DFF625D9DC6625E9DD4645F9DC86274
:10C7F000609DDC62619DCC62629DCA62639DC26283
:10C80000649DC762659D9B62669DC962679D0C635E
:10C81000689DEE62699DF1626A9D27636B9D02636C
:10C820006C9D08636D9DEF626E9DF5626F9D506318
:10C83000709D3E63719D4D63729D1C64739D4F633B
:10C84000749D9663759D8E63769D8063779DAB63C3
:10C85000789D7663799DA3637A9D8F637B9D8963C1
:10C860007C9D9F637D9DB5637E9D6B63809D6963A9
:10C87000819DBE63829DE963839DC063849DC66381
:10C88000859DE363869DC963879DD263889DF6631A
:10C89000899DC4638A9D16648B9D34648C9D066457
:10C8A0008D9D13648E9D26648F9D3664909D1D65BD
:10C8B000919D1764929D2864939D0F64949D676475
:10C8C000959D6F64969D7664979D4E64989D2A65AC
:10C8D000999D95649A9D93649B9DA5649C9DA96474
:10C8E0009D9D88649E9DBC649F9DDA64A09DD264DA
:10C8F000A19DC564A29DC764A39DBB64A49DD8648B
:10C90000A59DC264A69DF164A79DE764A89D0982C8
:10C91000A99DE064AA9DE164AB9DAC62AC9DE3641B
:10C92000AD9DEF64AE9D2C65AF9DF664B09DF46443
:10C93000B19DF264B29DFA64B39D0065B49DFD643F
:10C94000B59D1865B69D1C65B79D0565B89D2465A8
:10C95000B99D2365BA9D2B65BB9D3465BC9D35652E
:10C96000BD9D3765BE9D3665BF9D3865C09D4B75C5
:10C97000C19D4865C29D5665C39D5565C49D4D6565
:10C98000C59D5865C69D5E65C79D5D65C89D726500
:10C99000C99D7865CA9D8265CB9D8365CC9D8A8B38
:10C9A000CD9D9B65CE9D9F65CF9DAB65D09DB765A9
:10C9B000D19DC365D29DC665D39DC165D49DC46517
:10C9C000D59DCC65D69DD265D79DDB65D89DD965B3
:10C9D000D99DE065DA9DE165DB9DF165DC9D7267BF
:10C9E000DD9D0A66DE9D0366DF9DFB65E09D736746
:10C9F000E19D3566E29D3666E39D3466E49D1C66E6
:10CA0000E59D4F66E69D4466E79D4966E89D416663
:10CA1000E99D5E66EA9D5D66EB9D6466EC9D6766DA
:10CA2000ED9D6866EE9D5F66EF9D6266F09D7066A7
:10CA3000F19D8366F29D8866F39D8E66F49D8966FE
:10CA4000F59D8466F69D9866F79D9D66F89DC16686
:10CA5000F99DB966FA9DC966FB9DBE66FC9DBC66E4
:10CA6000409EC466419EB866429ED666439EDA6684
:10CA7000449EE066459E3F66469EE666479EE966A2
:10CA8000489EF066499EF5664A9EF7664B9E0F6784
:10CA90004C9E16674D9E1E674E9E26674F9E2767CB
:10CAA000509E3897519E2E67529E3F67539E366721
:10CAB000549E4167559E3867569E3767579E466716
:10CAC000589E5E67599E60675A9E59675B9E636772
:10CAD0005C9E64675D9E89675E9E70675F9EA967C6
:10CAE000609E7C67619E6A67629E8C67639E8B67AF
:10CAF000649EA667659EA167669E8567679EB76709
:10CB0000689EEF67699EB4676A9EEC676B9EB36729
:10CB10006C9EE9676D9EB8676E9EE4676F9EDE67E8
:10CB2000709EDD67719EE267729EEE67739EB967C5
:10CB3000749ECE67759EC667769EE767779E9C6AF1
:10CB4000789E1E68799E46687A9E29687B9E40681A
:10CB50007C9E4D687D9E32687E9E4E68809EB36846
:10CB6000819E2B68829E5968839E6368849E776845
:10CB7000859E7F68869E9F68879E8F68889EAD6829
:10CB8000899E94688A9E9D688B9E9B688C9E836814
:10CB90008D9EAE6A8E9EB9688F9E7468909EB568B1
:10CBA000919EA068929EBA68939E0F69949E8D682C
:10CBB000959E7E68969E0169979ECA68989E0869B0
:10CBC000999ED8689A9E22699B9E26699C9EE168E0
:10CBD0009D9E0C699E9ECD689F9ED468A09EE7682E
:10CBE000A19ED568A29E3669A39E1269A49E04697F
:10CBF000A59ED768A69EE368A79E2569A89EF968AA
:10CC0000A99EE068AA9EEF68AB9E2869AC9E2A693F
:10CC1000AD9E1A69AE9E2369AF9E2169B09EC6681B
:10CC2000B19E7969B29E7769B39E5C69B49E78695A
:10CC3000B59E6B69B69E5469B79E7E69B89E6E6953
:10CC4000B99E3969BA9E7469BB9E3D69BC9E59699B
:10CC5000BD9E3069BE9E6169BF9E5E69C09E5D6972
:10CC6000C19E8169C29E6A69C39EB269C49EAE6953
:10CC7000C59ED069C69EBF69C79EC169C89ED3695B
:10CC8000C99EBE69CA9ECE69CB9EE85BCC9ECA692E
:10CC9000CD9EDD69CE9EBB69CF9EC369D09EA7693C
:10CCA000D19E2E6AD29E9169D39EA069D49E9C6922
:10CCB000D59E9569D69EB469D79EDE69D89EE869EF
:10CCC000D99E026ADA9E1B6ADB9EFF69DC9E0A6BB4
:10CCD000DD9EF969DE9EF269DF9EE769E09E056AE6
:10CCE000E19EB169E29E1E6AE39EED69E49E146ACC
:10CCF000E59EEB69E69E0A6AE79E126AE89EC16AB3
:10CD0000E99E236AEA9E136AEB9E446AEC9E0C6AD3
:10CD1000ED9E726AEE9E366AEF9E786AF09E476AD2
:10CD2000F19E626AF29E596AF39E666AF49E486AB0
:10CD3000F59E386AF69E226AF79E906AF89E8D6A82
:10CD4000F99EA06AFA9E846AFB9EA26AFC9EA36A70
:10CD5000409F976A419F1786429FBB6A439FC36A61
:10CD6000449FC26A459FB86A469FB36A479FAC6AB0
:10CD7000489FDE6A499FD16A4A9FDF6A4B9FAA6A31
:10CD80004C9FDA6A4D9FEA6A4E9FFB6A4F9F056B84
:10CD9000509F1686519FFA6A529F126B539F166BD3
:10CDA000549F319B559F1F6B569F386B579F376B16
:10CDB000589FDC76599F396B5A9FEE985B9F476B63
:10CDC0005C9F436B5D9F496B5E9F506B5F9F596B90
:10CDD000609F546B619F5B6B629F5F6B639F616B36
:10CDE000649F786B659F796B669F7F6B679F806B95
:10CDF000689F846B699F836B6A9F8D6B6B9F986B39
:10CE00006C9F956B6D9F9E6B6E9FA46B6F9FAA6BC3
:10CE1000709FAB6B719FAF6B729FB26B739FB16B67
:10CE2000749FB36B759FB76B769FBC6B779FC66B18
:10CE3000789FCB6B799FD36B7A9FDF6B7B9FEC6B7B
:10CE40007C9FEB6B7D9FF36B7E9FEF6B809FBE9E05
:10CE5000819F086C829F136C839F146C849F1B6C52
:10CE6000859F246C869F236C879F5E6C889F556C82
:10CE7000899F626C8A9F6A6C8B9F826C8C9F8D6C81
:10CE80008D9F9A6C8E9F816C8F9F9B6C909F7E6C08
:10CE9000919F686C929F736C939F926C949F906C1F
:10CEA000959FC46C969FF16C979FD36C989FBD6CB7
:10CEB000999FD76C9A9FC56C9B9FDD6C9C9FAE6CB5
:10CEC0009D9FB16C9E9FBE6C9F9FBA6CA09FDB6CB8
:10CED000A19FEF6CA29FD96CA39FEA6CA49F1F6DCA
:10CEE000A59F4D88A69F366DA79F2B6DA89F3D6D72
:10CEF000A99F386DAA9F196DAB9F356DAC9F336D9F
:10CF0000AD9F126DAE9F0C6DAF9F636DB09F936D23
:10CF1000B19F646DB29F5A6DB39F796DB49F596D87
:10CF2000B59F8E6DB69F956DB79FE46FB89F856D69
:10CF3000B99FF96DBA9F156EBB9F0A6EBC9FB56D08
:10CF4000BD9FC76DBE9FE66DBF9FB86DC09FC66D8C
:10CF5000C19FEC6DC29FDE6DC39FCC6DC49FE86D19
:10CF6000C59FD26DC69FC56DC79FFA6DC89FD96D0D
:10CF7000C99FE46DCA9FD56DCB9FEA6DCC9FEE6DC6
:10CF8000CD9F2D6ECE9F6E6ECF9F2E6ED09F196E51
:10CF9000D19F726ED29F5F6ED39F3E6ED49F236EE1
:10CFA000D59F6B6ED69F2B6ED79F766ED89F4D6E9A
:10CFB000D99F1F6EDA9F436EDB9F3A6EDC9F4E6EE9
:10CFC000DD9F246EDE9FFF6EDF9F1D6EE09F386E3B
:10CFD000E19F826EE29FAA6EE39F986EE49FC96E06
:10CFE000E59FB76EE69FD36EE79FBD6EE89FAF6E7D
:10CFF000E99FC46EEA9FB26EEB9FD46EEC9FD56E34
:10D00000ED9F8F6EEE9FA56EEF9FC26EF09F9F6E9D
:10D01000F19F416FF29F116FF39F4C70F49FEC6E84
:10D02000F59FF86EF69FFE6EF79F3F6FF89FF26ECA
:10D03000F99F316FFA9FEF6EFB9F326FFC9FCC6EB2
:10D0400040E03E6F41E0136F42E0F76E43E0866FD1
:10D0500044E07A6F45E0786F46E0816F47E0806F8B
:10D0600048E06F6F49E05B6F4AE0F36F4BE06D6F34
:10D070004CE0826F4DE07C6F4EE0586F4FE08E6F5A
:10D0800050E0916F51E0C26F52E0666F53E0B36FB2
:10D0900054E0A36F55E0A16F56E0A46F57E0B96F5D
:10D0A00058E0C66F59E0AA6F5AE0DF6F5BE0D56FBA
:10D0B0005CE0EC6F5DE0D46F5EE0D86F5FE0F16F35
:10D0C00060E0EE6F61E0DB6F62E0097063E00B70BF
:10D0D00064E0FA6F65E0117066E0017067E00F7060
:10D0E00068E0FE6F69E01B706AE01A706BE0746FB5
:10D0F0006CE01D706DE018706EE01F706FE03070B6
:10D1000070E03E7071E0327072E0517073E06370F5
:10D1100074E0997075E0927076E0AF7077E0F1702E
:10D1200078E0AC7079E0B8707AE0B3707BE0AE7014
:10D130007CE0DF707DE0CB707EE0DD7080E0D97058
:10D1400081E0097182E0FD7083E01C7184E0197157
:10D1500085E0657186E0557187E0887188E06671C9
:10D1600089E062718AE04C718BE056718CE06C71E1
:10D170008DE08F718EE0FB718FE0847190E095718E
:10D1800091E0A87192E0AC7193E0D77194E0B9712D
:10D1900095E0BE7196E0D27197E0C97198E0D471C4
:10D1A00099E0CE719AE0E0719BE0EC719CE0E77150
:10D1B0009DE0F5719EE0FC719FE0F971A0E0FF71C8
:10D1C000A1E00D72A2E01072A3E01B72A4E028722D
:10D1D000A5E02D72A6E02C72A7E03072A8E03272B2
:10D1E000A9E03B72AAE03C72ABE03F72ACE0407257
:10D1F000ADE04672AEE04B72AFE05872B0E07472D0
:10D20000B1E07E72B2E08272B3E08172B4E0877204
:10D21000B5E09272B6E09672B7E0A272B8E0A7727B
:10D22000B9E0B972BAE0B272BBE0C372BCE0C672D8
:10D23000BDE0C472BEE0CE72BFE0D272C0E0E27266
:10D24000C1E0E072C2E0E172C3E0F972C4E0F772DB
:10D25000C5E00F50C6E01773C7E00A73C8E01C733F
:10D26000C9E01673CAE01D73CBE03473CCE02F73B2
:10D27000CDE02973CEE02573CFE03E73D0E04E734E
:10D28000D1E04F73D2E0D89ED3E05773D4E06A73F5
:10D29000D5E06873D6E07073D7E07873D8E0757323
:10D2A000D9E07B73DAE07A73DBE0C873DCE0B37358
:10D2B000DDE0CE73DEE0BB73DFE0C073E0E0E5737A
:10D2C000E1E0EE73E2E0DE73E3E0A274E4E0057413
:10D2D000E5E06F74E6E02574E7E0F873E8E03274A7
:10D2E000E9E03A74EAE05574EBE03F74ECE05F7417
:10D2F000EDE05974EEE04174EFE05C74F0E06974C5
:10D30000F1E07074F2E06374F3E06A74F4E0767450
:10D31000F5E07E74F6E08B74F7E09E74F8E0A77495
:10D32000F9E0CA74FAE0CF74FBE0D474FCE0F17366
:10D3300040E1E07441E1E37442E1E77443E1E97400
:10D3400044E1EE7445E1F27446E1F07447E1F174B2
:10D3500048E1F87449E1F7744AE104754BE103755B
:10D360004CE105754DE10C754EE10E754FE10D7503
:10D3700050E1157551E1137552E11E7553E12675A3
:10D3800054E12C7555E13C7556E1447557E14D75F6
:10D3900058E14A7559E149755AE15B755BE146759B
:10D3A0005CE15A755DE169755EE164755FE1677521
:10D3B00060E16B7561E16D7562E1787563E17675C9
:10D3C00064E1867565E1877566E1747567E18A7564
:10D3D00068E1897569E182756AE194756BE19A7516
:10D3E0006CE19D756DE1A5756EE1A3756FE1C27588
:10D3F00070E1B37571E1C37572E1B57573E1BD7527
:10D4000074E1B87575E1BC7576E1B17577E1CD75FC
:10D4100078E1CA7579E1D2757AE1D9757BE1E37576
:10D420007CE1DE757DE1FE757EE1FF7580E1FC75D6
:10D4300081E1017682E1F07583E1FA7584E1F275AC
:10D4400085E1F37586E10B7687E10D7688E1097653
:10D4500089E11F768AE127768BE120768CE12176BF
:10D460008DE122768EE124768FE1347690E130767C
:10D4700091E13B7692E1477693E1487694E14676F6
:10D4800095E15C7696E1587697E1617698E162766F
:10D4900099E168769AE169769BE16A769CE1677624
:10D4A0009DE16C769EE170769FE17276A0E17676E2
:10D4B000A1E17876A2E17C76A3E18076A4E183768F
:10D4C000A5E18876A6E18B76A7E18E76A8E196762F
:10D4D000A9E19376AAE19976ABE19A76ACE1B076D0
:10D4E000ADE1B476AEE1B876AFE1B976B0E1BA7647
:10D4F000B1E1C276B2E1CD76B3E1D676B4E1D276CF
:10D50000B5E1DE76B6E1E176B7E1E576B8E1E7765A
:10D51000B9E1EA76BAE12F86BBE1FB76BCE1087798
:10D52000BDE10777BEE10477BFE12977C0E1247749
:10D53000C1E11E77C2E12577C3E12677C4E11B77FD
:10D54000C5E13777C6E13877C7E14777C8E15A7751
:10D55000C9E16877CAE16B77CBE15B77CCE16577AE
:10D56000CDE17F77CEE17E77CFE17977D0E18E771D
:10D57000D1E18B77D2E19177D3E1A077D4E19E77A7
:10D58000D5E1B077D6E1B677D7E1B977D8E1BF7703
:10D59000D9E1BC77DAE1BD77DBE1BB77DCE1C777C6
:10D5A000DDE1CD77DEE1D777DFE1DA77E0E1DC7747
:10D5B000E1E1E377E2E1EE77E3E1FC77E4E10C78A7
:10D5C000E5E11278E6E12679E7E12078E8E12A79D9
:10D5D000E9E14578EAE18E78EBE17478ECE1867870
:10D5E000EDE17C78EEE19A78EFE18C78F0E1A378D8
:10D5F000F1E1B578F2E1AA78F3E1AF78F4E1D1781E
:10D60000F5E1C678F6E1CB78F7E1D478F8E1BE78B9
:10D61000F9E1BC78FAE1C578FBE1CA78FCE1EC7885
:10D6200040E2E77841E2DA7842E2FD7843E2F478DA
:10D6300044E2077945E2127946E2117947E2197925
:10D6400048E22C7949E22B794AE240794BE2607951
:10D650004CE257794DE25F794EE25A794FE25579C3
:10D6600050E2537951E27A7952E27F7953E28A7932
:10D6700054E29D7955E2A77956E24B9F57E2AA7989
:10D6800058E2AE7959E2B3795AE2B9795BE2BA79F4
:10D690005CE2C9795DE2D5795EE2E7795FE2EC7937
:10D6A00060E2E17961E2E37962E2087A63E20D7AAD
:10D6B00064E2187A65E2197A66E2207A67E21F7AF4
:10D6C00068E2807969E2317A6AE23B7A6BE23E7A1B
:10D6D0006CE2377A6DE2437A6EE2577A6FE2497A0A
:10D6E00070E2617A71E2627A72E2697A73E29D9F16
:10D6F00074E2707A75E2797A76E27D7A77E2887AF6
:10D7000078E2977A79E2957A7AE2987A7BE2967A69
:10D710007CE2A97A7DE2C87A7EE2B07A80E2B67ACB
:10D7200081E2C57A82E2C47A83E2BF7A84E283909E
:10D7300085E2C77A86E2CA7A87E2CD7A88E2CF7A32
:10D7400089E2D57A8AE2D37A8BE2D97A8CE2DA7AE4
:10D750008DE2DD7A8EE2E17A8FE2E27A90E2E67A99
:10D7600091E2ED7A92E2F07A93E2027B94E20F7B0F
:10D7700095E20A7B96E2067B97E2337B98E2187B80
:10D7800099E2197B9AE21E7B9BE2357B9CE2287B27
:10D790009DE2367B9EE2507B9FE27A7BA0E2047B97
:10D7A000A1E24D7BA2E20B7BA3E24C7BA4E2457B92
:10D7B000A5E2757BA6E2657BA7E2747BA8E2677BA6
:10D7C000A9E2707BAAE2717BABE26C7BACE26E7B80
:10D7D000ADE29D7BAEE2987BAFE29F7BB0E28D7BBA
:10D7E000B1E29C7BB2E29A7BB3E28B7BB4E2927BA8
:10D7F000B5E28F7BB6E25D7BB7E2997BB8E2CB7B8B
:10D80000B9E2C17BBAE2CC7BBBE2CF7BBCE2B47BAA
:10D81000BDE2C67BBEE2DD7BBFE2E97BC0E2117CFC
:10D82000C1E2147CC2E2E67BC3E2E57BC4E2607C39
:10D83000C5E2007CC6E2077CC7E2137CC8E2F37B4A
:10D84000C9E2F77BCAE2177CCBE20D7CCCE2F67B27
:10D85000CDE2237CCEE2277CCFE22A7CD0E21F7C83
:10D86000D1E2377CD2E22B7CD3E23D7CD4E24C7C0B
:10D87000D5E2437CD6E2547CD7E24F7CD8E2407CB0
:10D88000D9E2507CDAE2587CDBE25F7CDCE2647C4B
:10D89000DDE2567CDEE2657CDFE26C7CE0E2757CFA
:10D8A000E1E2837CE2E2907CE3E2A47CE4E2AD7C12
:10D8B000E5E2A27CE6E2AB7CE7E2A17CE8E2A87CC0
:10D8C000E9E2B37CEAE2B27CEBE2B17CECE2AE7C72
:10D8D000EDE2B97CEEE2BD7CEFE2C07CF0E2C57C1B
:10D8E000F1E2C27CF2E2D87CF3E2D27CF4E2DC7CAE
:10D8F000F5E2E27CF6E23B9BF7E2EF7CF8E2F27CB9
:10D90000F9E2F47CFAE2F67CFBE2FA7CFCE2067DCA
:10D9100040E3027D41E31C7D42E3157D43E30A7D44
:10D9200044E3457D45E34B7D46E32E7D47E3327D71
:10D9300048E33F7D49E3357D4AE3467D4BE3737D14
:10D940004CE3567D4DE34E7D4EE3727D4FE3687DA3
:10D9500050E36E7D51E34F7D52E3637D53E3937D4E
:10D9600054E3897D55E35B7D56E38F7D57E37D7DF1
:10D9700058E39B7D59E3BA7D5AE3AE7D5BE3A37D1B
:10D980005CE3B57D5DE3C77D5EE3BD7D5FE3AB7DBD
:10D9900060E33D7E61E3A27D62E3AF7D63E3DC7D16
:10D9A00064E3B87D65E39F7D66E3B07D67E3D87D82
:10D9B00068E3DD7D69E3E47D6AE3DE7D6BE3FB7DA7
:10D9C0006CE3F27D6DE3E17D6EE3057E6FE30A7E3D
:10D9D00070E3237E71E3217E72E3127E73E3317E76
:10D9E00074E31F7E75E3097E76E30B7E77E3227E88
:10D9F00078E3467E79E3667E7AE33B7E7BE3357EA1
:10DA00007CE3397E7DE3437E7EE3377E80E3327EB6
:10DA100081E33A7E82E3677E83E35D7E84E3567E24
:10DA200085E35E7E86E3597E87E35A7E88E3797ECE
:10DA300089E36A7E8AE3697E8BE37C7E8CE37B7E6E
:10DA40008DE3837E8EE3D57D8FE37D7E90E3AE8F85
:10DA500091E37F7E92E3887E93E3897E94E38C7EDC
:10DA600095E3927E96E3907E97E3937E98E3947E8F
:10DA700099E3967E9AE38E7E9BE39B7E9CE39C7E5D
:10DA80009DE3387F9EE33A7F9FE3457FA0E34C7F91
:10DA9000A1E34D7FA2E34E7FA3E3507FA4E3517F38
:10DAA000A5E3557FA6E3547FA7E3587FA8E35F7FF4
:10DAB000A9E3607FAAE3687FABE3697FACE3677F9C
:10DAC000ADE3787FAEE3827FAFE3867FB0E3837F11
:10DAD000B1E3887FB2E3877FB3E38C7FB4E3947FC5
:10DAE000B5E39E7FB6E39D7FB7E39A7FB8E3A37F5C
:10DAF000B9E3AF7FBAE3B27FBBE3B97FBCE3AE7FEC
:10DB0000BDE3B67FBEE3B87FBFE3718BC0E3C57FE3
:10DB1000C1E3C67FC2E3CA7FC3E3D57FC4E3D47F3A
:10DB2000C5E3E17FC6E3E67FC7E3E97FC8E3F37FB0
:10DB3000C9E3F97FCAE3DC98CBE30680CCE3048039
:10DB4000CDE30B80CEE31280CFE31880D0E31980C1
:10DB5000D1E31C80D2E32180D3E32880D4E33F804B
:10DB6000D5E33B80D6E34A80D7E34680D8E35280B2
:10DB7000D9E35880DAE35A80DBE35F80DCE362803C
:10DB8000DDE36880DEE37380DFE37280E0E37080D2
:10DB9000E1E37680E2E37980E3E37D80E4E37F8084
:10DBA000E5E38480E6E38680E7E38580E8E39B8025
:10DBB000E9E39380EAE39A80EBE3AD80ECE39051F4
:10DBC000EDE3AC80EEE3DB80EFE3E580F0E3D980CA
:10DBD000F1E3DD80F2E3C480F3E3DA80F4E3D6809E
:10DBE000F5E30981F6E3EF80F7E3F180F8E31B81C9
:10DBF000F9E32981FAE32381FBE32F81FCE34B81E5
:10DC000040E48B9641E4468142E43E8143E4538103
:10DC100044E4518145E4FC8046E4718147E46E812F
:10DC200048E4658149E466814AE474814BE4838178
:10DC30004CE488814DE48A814EE480814FE4828106
:10DC400050E4A08151E4958152E4A48153E4A3817E
:10DC500054E45F8155E4938156E4A98157E4B0818F
:10DC600058E4B58159E4BE815AE4B8815BE4BD81D2
:10DC70005CE4C0815DE4C2815EE4BA815FE4C98195
:10DC800060E4CD8161E4D18162E4D98163E4D8812B
:10DC900064E4C88165E4DA8166E4DF8167E4E081F9
:10DCA00068E4E78169E4FA816AE4FB816BE4FE8160
:10DCB0006CE401826DE402826EE405826FE4078207
:10DCC00070E40A8271E40D8272E4108273E41682B9
:10DCD00074E4298275E42B8276E4388277E4338217
:10DCE00078E4408279E459827AE458827BE45D8268
:10DCF0007CE45A827DE45F827EE4648280E4628216
:10DD000081E4688282E46A8283E46B8284E42E8206
:10DD100085E4718286E4778287E4788288E47E8273
:10DD200089E48D828AE492828BE4AB828CE49F82C8
:10DD30008DE4BB828EE4AC828FE4E18290E4E382E6
:10DD400091E4DF8292E4D28293E4F48294E4F38259
:10DD500095E4FA8296E4938397E4038398E4FB8244
:10DD600099E4F9829AE4DE829BE406839CE4DC82F7
:10DD70009DE409839EE4D9829FE43583A0E4348343
:10DD8000A1E41683A2E43283A3E43183A4E44083B4
:10DD9000A5E43983A6E45083A7E44583A8E42F8350
:10DDA000A9E42B83AAE41783ABE41883ACE485834E
:10DDB000ADE49A83AEE4AA83AFE49F83B0E4A28388
:10DDC000B1E49683B2E42383B3E48E83B4E487831F
:10DDD000B5E48A83B6E47C83B7E4B583B8E473839F
:10DDE000B9E47583BAE4A083BBE48983BCE4A88367
:10DDF000BDE4F483BEE41384BFE4EB83C0E4CE83CC
:10DE0000C1E4FD83C2E40384C3E4D883C4E40B8487
:10DE1000C5E4C183C6E4F783C7E40784C8E4E083AC
:10DE2000C9E4F283CAE40D84CBE42284CCE42084E8
:10DE3000CDE4BD83CEE43884CFE40685D0E4FB8313
:10DE4000D1E46D84D2E42A84D3E43C84D4E45A85BA
:10DE5000D5E48484D6E47784D7E46B84D8E4AD84B5
:10DE6000D9E46E84DAE48284DBE46984DCE4468409
:10DE7000DDE42C84DEE46F84DFE47984E0E435843F
:10DE8000E1E4CA84E2E46284E3E4B984E4E4BF84C4
:10DE9000E5E49F84E6E4D984E7E4CD84E8E4BB8448
:10DEA000E9E4DA84EAE4D084EBE4C184ECE4C684F7
:10DEB000EDE4D684EEE4A184EFE42185F0E4FF8470
:10DEC000F1E4F484F2E41785F3E41885F4E42C8596
:10DED000F5E41F85F6E41585F7E41485F8E4FC8481
:10DEE000F9E44085FAE46385FBE45885FCE4488561
:10DEF00040E5418541E5028642E54B8543E5558590
:10DF000044E5808545E5A48546E5888547E5918516
:10DF100048E58A8549E5A8854AE56D854BE5948500
:10DF20004CE59B854DE5EA854EE587854FE59C856B
:10DF300050E5778551E57E8552E5908553E5C985A5
:10DF400054E5BA8555E5CF8556E5B98557E5D085C1
:10DF500058E5D58559E5DD855AE5E5855BE5DC8540
:10DF60005CE5F9855DE50A865EE513865FE50B866F
:10DF700060E5FE8561E5FA8562E5068663E5228651
:10DF800064E51A8665E5308666E53F8667E54D8679
:10DF900068E5554E69E554866AE55F866BE56786F8
:10DFA0006CE571866DE593866EE5A3866FE5A986BF
:10DFB00070E5AA8671E58B8672E58C8673E5B68678
:10DFC00074E5AF8675E5C48676E5C68677E5B086E6
:10DFD00078E5C98679E523887AE5AB867BE5D48642
:10DFE0007CE5DE867DE5E9867EE5EC8680E5DF86FC
:10DFF00081E5DB8682E5EF8683E5128784E5068787
:10E0000085E5088786E5008787E5038788E5FB8641
:10E0100089E511878AE509878BE50D878CE5F98607
:10E020008DE50A878EE534878FE53F8790E5378752
:10E0300091E53B8792E5258793E5298794E51A8743
:10E0400095E5608796E55F8797E5788798E54C8743
:10E0500099E54E879AE574879BE557879CE5688725
:10E060009DE56E879EE559879FE55387A0E5638709
:10E07000A1E56A87A2E50588A3E5A287A4E59F87B5
:10E08000A5E58287A6E5AF87A7E5CB87A8E5BD878D
:10E09000A9E5C087AAE5D087ABE5D696ACE5AB8706
:10E0A000ADE5C487AEE5B387AFE5C787B0E5C68702
:10E0B000B1E5BB87B2E5EF87B3E5F287B4E5E0876A
:10E0C000B5E50F88B6E50D88B7E5FE87B8E5F687B4
:10E0D000B9E5F787BAE50E88BBE5D287BCE51188BC
:10E0E000BDE51688BEE51588BFE52288C0E5218814
:10E0F000C1E53188C2E53688C3E53988C4E527889B
:10E10000C5E53B88C6E54488C7E54288C8E552882E
:10E11000C9E55988CAE55E88CBE56288CCE56B889D
:10E12000CDE58188CEE57E88CFE59E88D0E57588EF
:10E13000D1E57D88D2E5B588D3E57288D4E58288BB
:10E14000D5E59788D6E59288D7E5AE88D8E5998851
:10E15000D9E5A288DAE58D88DBE5A488DCE5B0881E
:10E16000DDE5BF88DEE5B188DFE5C388E0E5C4888A
:10E17000E1E5D488E2E5D888E3E5D988E4E5DD88FF
:10E18000E5E5F988E6E50289E7E5FC88E8E5F48855
:10E19000E9E5E888EAE5F288EBE50489ECE50C8935
:10E1A000EDE50A89EEE51389EFE54389F0E51E897F
:10E1B000F1E52589F2E52A89F3E52B89F4E5418922
:10E1C000F5E54489F6E53B89F7E53689F8E53889D0
:10E1D000F9E54C89FAE51D89FBE56089FCE55E8976
:10E1E00040E6668941E6648942E66D8943E66A89CC
:10E1F00044E66F8945E6748946E6778947E67E8975
:10E2000048E6838949E688894AE68A894BE6938904
:10E210004CE698894DE6A1894EE6A9894FE6A68984
:10E2200050E6AC8951E6AF8952E6B28953E6BA8925
:10E2300054E6BD8955E6BF8956E6C08957E6DA89B6
:10E2400058E6DC8959E6DD895AE6E7895BE6F48918
:10E250005CE6F8895DE6038A5EE6168A5FE6108A68
:10E2600060E60C8A61E61B8A62E61D8A63E6258AFF
:10E2700064E6368A65E6418A66E65B8A67E6528A24
:10E2800068E6468A69E6488A6AE67C8A6BE66D8AB1
:10E290006CE66C8A6DE6628A6EE6858A6FE6828A33
:10E2A00070E6848A71E6A88A72E6A18A73E6918A8A
:10E2B00074E6A58A75E6A68A76E69A8A77E6A38A40
:10E2C00078E6C48A79E6CD8A7AE6C28A7BE6DA8A7B
:10E2D0007CE6EB8A7DE6F38A7EE6E78A80E6E48ADE
:10E2E00081E6F18A82E6148B83E6E08A84E6E28A9C
:10E2F00085E6F78A86E6DE8A87E6DB8A88E60C8B87
:10E3000089E6078B8AE61A8B8BE6E18A8CE6168B08
:10E310008DE6108B8EE6178B8FE6208B90E6338B85
:10E3200091E6AB9792E6268B93E62B8B94E63E8B99
:10E3300095E6288B96E6418B97E64C8B98E64F8BBB
:10E3400099E64E8B9AE6498B9BE6568B9CE65B8B57
:10E350009DE65A8B9EE66B8B9FE65F8BA0E66C8BEF
:10E36000A1E66F8BA2E6748BA3E67D8BA4E6808B7F
:10E37000A5E68C8BA6E68E8BA7E6928BA8E6938B00
:10E38000A9E6968BAAE6998BABE69A8BACE63A8C1B
:10E39000ADE6418CAEE63F8CAFE6488CB0E64C8CE7
:10E3A000B1E64E8CB2E6508CB3E6558CB4E6628C86
:10E3B000B5E66C8CB6E6788CB7E67A8CB8E6828CDB
:10E3C000B9E6898CBAE6858CBBE68A8CBCE68D8C76
:10E3D000BDE68E8CBEE6948CBFE67C8CC0E6988C45
:10E3E000C1E61D62C2E6AD8CC3E6AA8CC4E6BD8C54
:10E3F000C5E6B28CC6E6B38CC7E6AE8CC8E6B68C72
:10E40000C9E6C88CCAE6C18CCBE6E48CCCE6E38CCA
:10E41000CDE6DA8CCEE6FD8CCFE6FA8CD0E6FB8C2E
:10E42000D1E6048DD2E6058DD3E60A8DD4E6078DBC
:10E43000D5E60F8DD6E60D8DD7E6108DD8E64E9F2A
:10E44000D9E6138DDAE6CD8CDBE6148DDCE6168D8D
:10E45000DDE6678DDEE66D8DDFE6718DE0E6738DBE
:10E46000E1E6818DE2E6998DE3E6C28DE4E6BE8DBC
:10E47000E5E6BA8DE6E6CF8DE7E6DA8DE8E6D68DFD
:10E48000E9E6CC8DEAE6DB8DEBE6CB8DECE6EA8DBA
:10E49000EDE6EB8DEEE6DF8DEFE6E38DF0E6FC8D4D
:10E4A000F1E6088EF2E6098EF3E6FF8DF4E61D8EA6
:10E4B000F5E61E8EF6E6108EF7E61F8EF8E6428E23
:10E4C000F9E6358EFAE6308EFBE6348EFCE64A8EAF
:10E4D00040E7478E41E7498E42E74C8E43E7508E36
:10E4E00044E7488E45E7598E46E7648E47E7608EDD
:10E4F00048E72A8E49E7638E4AE7558E4BE7768ECA
:10E500004CE7728E4DE77C8E4EE7818E4FE7878E0B
:10E5100050E7858E51E7848E52E78B8E53E78A8EC3
:10E5200054E7938E55E7918E56E7948E57E7998E70
:10E5300058E7AA8E59E7A18E5AE7AC8E5BE7B08EFA
:10E540005CE7C68E5DE7B18E5EE7BE8E5FE7C58E87
:10E5500060E7C88E61E7CB8E62E7DB8E63E7E38E10
:10E5600064E7FC8E65E7FB8E66E7EB8E67E7FE8E61
:10E5700068E70A8F69E7058F6AE7158F6BE7128FE7
:10E580006CE7198F6DE7138F6EE71C8F6FE71F8F96
:10E5900070E71B8F71E70C8F72E7268F73E7338F5D
:10E5A00074E73B8F75E7398F76E7458F77E7428FC2
:10E5B00078E73E8F79E74C8F7AE7498F7BE7468F84
:10E5C0007CE74E8F7DE7578F7EE75C8F80E7628F19
:10E5D00081E7638F82E7648F83E79C8F84E79F8F57
:10E5E00085E7A38F86E7AD8F87E7AF8F88E7B78F83
:10E5F00089E7DA8F8AE7E58F8BE7E28F8CE7EA8F8E
:10E600008DE7EF8F8EE787908FE7F48F90E7059087
:10E6100091E7F98F92E7FA8F93E7119094E71590BD
:10E6200095E7219096E70D9097E71E9098E7169052
:10E6300099E70B909AE727909BE736909CE73590F7
:10E640009DE739909EE7F88F9FE74F90A0E75090A5
:10E65000A1E75190A2E75290A3E70E90A4E749905A
:10E66000A5E73E90A6E75690A7E75890A8E75E90EA
:10E67000A9E76890AAE76F90ABE77690ACE7A89619
:10E68000ADE77290AEE78290AFE77D90B0E7819002
:10E69000B1E78090B2E78A90B3E78990B4E78F90B2
:10E6A000B5E7A890B6E7AF90B7E7B190B8E7B590F7
:10E6B000B9E7E290BAE7E490BBE74862BCE7DB90D9
:10E6C000BDE70291BEE71291BFE71991C0E7329111
:10E6D000C1E73091C2E74A91C3E75691C4E7589128
:10E6E000C5E76391C6E76591C7E76991C8E773918C
:10E6F000C9E77291CAE78B91CBE78991CCE7829108
:10E70000CDE7A291CEE7AB91CFE7AF91D0E7AA9149
:10E71000D1E7B591D2E7B491D3E7BA91D4E7C091EC
:10E72000D5E7C191D6E7C991D7E7CB91D8E7D0918A
:10E73000D9E7D691DAE7DF91DBE7E191DCE7DB911E
:10E74000DDE7FC91DEE7F591DFE7F691E0E71E9269
:10E75000E1E7FF91E2E71492E3E72C92E4E71592F8
:10E76000E5E71192E6E75E92E7E75792E8E7459220
:10E77000E9E74992EAE76492EBE74892ECE7959281
:10E78000EDE73F92EEE74B92EFE75092F0E79C9275
:10E79000F1E79692F2E79392F3E79B92F4E75A92AD
:10E7A000F5E7CF92F6E7B992F7E7B792F8E7E99283
:10E7B000F9E70F93FAE7FA92FBE74493FCE72E930D
:10E7C00040E8199341E8229342E81A9343E82393DF
:10E7D00044E83A9345E8359346E83B9347E85C9331
:10E7E00048E8609349E87C934AE86E934BE8569377
:10E7F0004CE8B0934DE8AC934EE8AD934FE894935A
:10E8000050E8B99351E8D69352E8D79353E8E89388
:10E8100054E8E59355E8D89356E8C39357E8DD9359
:10E8200058E8D09359E8C8935AE8E4935BE81A94FF
:10E830005CE814945DE813945EE803945FE8079441
:10E8400060E8109461E8369462E82B9463E83594AC
:10E8500064E8219465E83A9466E8419467E8529444
:10E8600068E8449469E85B946AE860946BE86294B1
:10E870006CE85E946DE86A946EE829926FE8709493
:10E8800070E8759471E8779472E87D9473E85A940F
:10E8900074E87C9475E87E9476E8819477E87F94B8
:10E8A00078E8829579E887957AE88A957BE8949567
:10E8B0007CE896957DE898957EE8999580E8A09506
:10E8C00081E8A89582E8A79583E8AD9584E8BC9592
:10E8D00085E8BB9586E8B99587E8BE9588E8CA952E
:10E8E00089E8F66F8AE8C3958BE8CD958CE8CC95DE
:10E8F0008DE8D5958EE8D4958FE8D69590E8DC958F
:10E9000091E8E19592E8E59593E8E29594E82196FF
:10E9100095E8289696E82E9697E82F9698E84296DE
:10E9200099E84C969AE84F969BE84B969CE8779628
:10E930009DE85C969EE85E969FE85D96A0E85F96EF
:10E94000A1E86696A2E87296A3E86C96A4E88D9674
:10E95000A5E89896A6E89596A7E89796A8E8AA96B7
:10E96000A9E8A796AAE8B196ABE8B296ACE8B0964B
:10E97000ADE8B496AEE8B696AFE8B896B0E8B9960A
:10E98000B1E8CE96B2E8CB96B3E8C996B4E8CD9696
:10E99000B5E84D89B6E8DC96B7E80D97B8E8D596A6
:10E9A000B9E8F996BAE80497BBE80697BCE8089777
:10E9B000BDE81397BEE80E97BFE81197C0E80F9720
:10E9C000C1E81697C2E81997C3E82497C4E82A97C4
:10E9D000C5E83097C6E83997C7E83D97C8E83E973D
:10E9E000C9E84497CAE84697CBE84897CCE84297ED
:10E9F000CDE84997CEE85C97CFE86097D0E8649778
:10EA0000D1E86697D2E86897D3E8D252D4E86B97FA
:10EA1000D5E87197D6E87997D7E88597D8E87C97B5
:10EA2000D9E88197DAE87A97DBE88697DCE88B9774
:10EA3000DDE88F97DEE89097DFE89C97E0E8A897FD
:10EA4000E1E8A697E2E8A397E3E8B397E4E8B49790
:10EA5000E5E8C397E6E8C697E7E8C897E8E8CB9704
:10EA6000E9E8DC97EAE8ED97EBE84F9FECE8F297EE
:10EA7000EDE8DF7AEEE8F697EFE8F597F0E80F9823
:10EA8000F1E80C98F2E83898F3E82498F4E8219833
:10EA9000F5E83798F6E83D98F7E84698F8E84F9893
:10EAA000F9E84B98FAE86B98FBE86F98FCE87098E7
:10EAB00040E9719841E9749842E9739843E9AA984A
:10EAC00044E9AF9845E9B19846E9B69847E9C49852
:10EAD00048E9C39849E9C6984AE9E9984BE9EB98AF
:10EAE0004CE903994DE909994EE912994FE91499B6
:10EAF00050E9189951E9219952E91D9953E91E9954
:10EB000054E9249955E9209956E92C9957E92E9909
:10EB100058E93D9959E93E995AE942995BE9499981
:10EB20005CE945995DE950995EE94B995FE9519936
:10EB300060E9529961E94C9962E9559963E99799BD
:10EB400064E9989965E9A59966E9AD9967E9AE998F
:10EB500068E9BC9969E9DF996AE9DB996BE9DD99B4
:10EB60006CE9D8996DE9D1996EE9ED996FE9EE9963
:10EB700070E9F19971E9F29972E9FB9973E9F899F1
:10EB800074E9019A75E90F9A76E9059A77E9E299AD
:10EB900078E9199A79E92B9A7AE9379A7BE9459AC3
:10EBA0007CE9429A7DE9409A7EE9439A80E93E9A5F
:10EBB00081E9559A82E94D9A83E95B9A84E9579AEB
:10EBC00085E95F9A86E9629A87E9659A88E9649A95
:10EBD00089E9699A8AE96B9A8BE96A9A8CE9AD9A14
:10EBE0008DE9B09A8EE9BC9A8FE9C09A90E9CF9AE4
:10EBF00091E9D19A92E9D39A93E9D49A94E9DE9A69
:10EC000095E9DF9A96E9E29A97E9E39A98E9E69A14
:10EC100099E9EF9A9AE9EB9A9BE9EE9A9CE9F49AC2
:10EC20009DE9F19A9EE9F79A9FE9FB9AA0E9069B74
:10EC3000A1E9189BA2E91A9BA3E91F9BA4E9229BC7
:10EC4000A5E9239BA6E9259BA7E9279BA8E9289B83
:10EC5000A9E9299BAAE92A9BABE92E9BACE92F9B4A
:10EC6000ADE9329BAEE9449BAFE9439BB0E94F9BD2
:10EC7000B1E94D9BB2E94E9BB3E9519BB4E9589B76
:10EC8000B5E9749BB6E9939BB7E9839BB8E9919B7F
:10EC9000B9E9969BBAE9979BBBE99F9BBCE9A09B0E
:10ECA000BDE9A89BBEE9B49BBFE9C09BC0E9CA9B74
:10ECB000C1E9B99BC2E9C69BC3E9CF9BC4E9D19B1B
:10ECC000C5E9D29BC6E9E39BC7E9E29BC8E9E49B9F
:10ECD000C9E9D49BCAE9E19BCBE93A9CCCE9F29B18
:10ECE000CDE9F19BCEE9F09BCFE9159CD0E9149CCE
:10ECF000D1E9099CD2E9139CD3E90C9CD4E9069C88
:10ED0000D5E9089CD6E9129CD7E90A9CD8E9049C6D
:10ED1000D9E92E9CDAE91B9CDBE9259CDCE9249CE3
:10ED2000DDE9219CDEE9309CDFE9479CE0E9329C8B
:10ED3000E1E9469CE2E93E9CE3E95A9CE4E9609CF7
:10ED4000E5E9679CE6E9769CE7E9789CE8E9E79CD9
:10ED5000E9E9EC9CEAE9F09CEBE9099DECE9089D06
:10ED6000EDE9EB9CEEE9039DEFE9069DF0E92A9DB4
:10ED7000F1E9269DF2E9AF9DF3E9239DF4E91F9D9A
:10ED8000F5E9449DF6E9159DF7E9129DF8E9419DE5
:10ED9000F9E93F9DFAE93E9DFBE9469DFCE9489D66
:10EDA00040EA5D9D41EA5E9D42EA649D43EA519DD1
:10EDB00044EA509D45EA599D46EA729D47EA899D7D
:10EDC00048EA879D49EAAB9D4AEA6F9D4BEA7A9DE6
:10EDD0004CEA9A9D4DEAA49D4EEAA99D4FEAB29D48
:10EDE00050EAC49D51EAC19D52EABB9D53EAB89DC9
:10EDF00054EABA9D55EAC69D56EACF9D57EAC29D90
:10EE000058EAD99D59EAD39D5AEAF89D5BEAE69DF6
:10EE10005CEAED9D5DEAEF9D5EEAFD9D5FEA1A9E6C
:10EE200060EA1B9E61EA1E9E62EA759E63EA799E15
:10EE300064EA7D9E65EA819E66EA889E67EA8B9E0B
:10EE400068EA8C9E69EA929E6AEA959E6BEA919EB8
:10EE50006CEA9D9E6DEAA59E6EEAA99E6FEAB89E39
:10EE600070EAAA9E71EAAD9E72EA619773EACC9E3F
:10EE700074EACE9E75EACF9E76EAD09E77EAD49E5B
:10EE800078EADC9E79EADE9E7AEADD9E7BEAE09E05
:10EE90007CEAE59E7DEAE89E7EEAEF9E80EAF49EAB
:10EEA00081EAF69E82EAF79E83EAF99E84EAFB9E57
:10EEB00085EAFC9E86EAFD9E87EA079F88EA089F0E
:10EEC00089EAB7768AEA159F8BEA219F8CEA2C9F04
:10EED0008DEA3E9F8EEA4A9F8FEA529F90EA549FA6
:10EEE00091EA639F92EA5F9F93EA609F94EA619F31
:10EEF00095EA669F96EA679F97EA6C9F98EA6A9FF1
:10EF000099EA779F9AEA729F9BEA769F9CEA959F7F
:10EF10009DEA9C9F9EEAA09F9FEA2F58A0EAC7699E
:10EF2000A1EA5990A2EA6474A3EADC51A4EA9971B7
:10EF300040FA702141FA712142FA722143FA732199
:10EF400044FA742145FA752146FA762147FA772169
:10EF500048FA782149FA792155FAE4FF56FA07FF71
:10EF600057FA02FF5CFA8A7E5DFA1C895EFA4893C2
:10EF70005FFA889260FADC8461FAC94F62FABB706A
:10EF800063FA316664FAC86865FAF99266FAFB6654
:10EF900067FA455F68FA284E69FAE14E6AFAFC4E54
:10EFA0006BFA004F6CFA034F6DFA394F6EFA564FF9
:10EFB0006FFA924F70FA8A4F71FA9A4F72FA944F21
:10EFC00073FACD4F74FA405075FA225076FAFF4F1B
:10EFD00077FA1E5078FA465079FA70507AFA425011
:10EFE0007BFA94507CFAF4507DFAD8507EFA4A515C
:10EFF00080FA645181FA9D5182FABE5183FAEC5134
:10F0000084FA155285FA9C5286FAA65287FAC052A3
:10F0100088FADB5289FA00538AFA07538BFA245391
:10F020008CFA72538DFA93538EFAB2538FFADD53E2
:10F0300090FA0EFA91FA9C5492FA8A5493FAA954CF
:10F0400094FAFF5495FA865596FA595797FA6557E8
:10F0500098FAAC5799FAC8579AFAC7579BFA0FFA19
:10F060009CFA10FA9DFA9E589EFAB2589FFA0B59D4
:10F07000A0FA5359A1FA5B59A2FA5D59A3FA635950
:10F08000A4FAA459A5FABA59A6FA565BA7FAC05B26
:10F09000A8FA2F75A9FAD85BAAFAEC5BABFA1E5C4A
:10F0A000ACFAA65CADFABA5CAEFAF55CAFFA275DD5
:10F0B000B0FA535DB1FA11FAB2FA425DB3FA6D5D7E
:10F0C000B4FAB85DB5FAB95DB6FAD05DB7FA215FAA
:10F0D000B8FA345FB9FA675FBAFAB75FBBFADE5FB6
:10F0E000BCFA5D60BDFA8560BEFA8A60BFFADE6078
:10F0F000C0FAD560C1FA2061C2FAF260C3FA1161A8
:10F10000C4FA3761C5FA3061C6FA9861C7FA13626A
:10F11000C8FAA662C9FAF563CAFA6064CBFA9D64BC
:10F12000CCFACE64CDFA4E65CEFA0066CFFA1566FB
:10F13000D0FA3B66D1FA0966D2FA2E66D3FA1E6679
:10F14000D4FA2466D5FA6566D6FA5766D7FA5966B0
:10F15000D8FA12FAD9FA7366DAFA9966DBFAA06677
:10F16000DCFAB266DDFABF66DEFAFA66DFFA0E672F
:10F17000E0FA29F9E1FA6667E2FABB67E3FA526856
:10F18000E4FAC067E5FA0168E6FA4468E7FACF688E
:10F19000E8FA13FAE9FA6869EAFA14FAEBFA9869F4
:10F1A000ECFAE269EDFA306AEEFA6B6AEFFA466A57
:10F1B000F0FA736AF1FA7E6AF2FAE26AF3FAE46A42
:10F1C000F4FAD66BF5FA3F6CF6FA5C6CF7FA866CDB
:10F1D000F8FA6F6CF9FADA6CFAFA046DFBFA876DDB
:10F1E000FCFA6F6D40FB966D41FBAC6D42FBCF6D41
:10F1F00043FBF86D44FBF26D45FBFC6D46FB396E3D
:10F2000047FB5C6E48FB276E49FB3C6E4AFBBF6EBA
:10F210004BFB886F4CFBB56F4DFBF56F4EFB0570DC
:10F220004FFB077050FB287051FB857052FBAB7091
:10F2300053FB0F7154FB047155FB5C7156FB467117
:10F2400057FB477158FB15FA59FBC1715AFBFE7108
:10F250005BFBB1725CFBBE725DFB24735EFB16FA56
:10F260005FFB777360FBBD7361FBC97362FBD67391
:10F2700063FBE37364FBD27365FB077466FBF57392
:10F2800067FB267468FB2A7469FB29746AFB2E7479
:10F290006BFB62746CFB89746DFB9F746EFB017574
:10F2A0006FFB6F7570FB827671FB9C7672FB9E76AE
:10F2B00073FB9B7674FBA67675FB17FA76FB467795
:10F2C00077FBAF5278FB217879FB4E787AFB647834
:10F2D0007BFB7A787CFB30797DFB18FA7EFB19FA90
:10F2E00080FB1AFA81FB947982FB1BFA83FB9B79E2
:10F2F00084FBD17A85FBE77A86FB1CFA87FBEB7AE5
:10F3000088FB9E7B89FB1DFA8AFB487D8BFB5C7D1D
:10F310008CFBB77D8DFBA07D8EFBD67D8FFB527E57
:10F3200090FB477F91FBA17F92FB1EFA93FB018329
:10F3300094FB628395FB7F8396FBC78397FBF683E1
:10F3400098FB488499FBB4849AFB53859BFB5985B1
:10F350009CFB6B859DFB1FFA9EFBB0859FFB20FAF3
:10F36000A0FB21FAA1FB0788A2FBF588A3FB128A68
:10F37000A4FB378AA5FB798AA6FBA78AA7FBBE8ACE
:10F38000A8FBDF8AA9FB22FAAAFBF68AABFB538B08
:10F39000ACFB7F8BADFBF08CAEFBF48CAFFB128D26
:10F3A000B0FB768DB1FB23FAB2FBCF8EB3FB24FA10
:10F3B000B4FB25FAB5FB6790B6FBDE90B7FB26FAE7
:10F3C000B8FB1591B9FB2791BAFBDA91BBFBD7913A
:10F3D000BCFBDE91BDFBED91BEFBEE91BFFBE4916A
:10F3E000C0FBE591C1FB0692C2FB1092C3FB0A92DF
:10F3F000C4FB3A92C5FB4092C6FB3C92C7FB4E92BF
:10F40000C8FB5992C9FB5192CAFB3992CBFB679258
:10F41000CCFBA792CDFB7792CEFB7892CFFBE79205
:10F42000D0FBD792D1FBD992D2FBD092D3FB27FA53
:10F43000D4FBD592D5FBE092D6FBD392D7FB259394
:10F44000D8FB2193D9FBFB92DAFB28FADBFB1E9356
:10F45000DCFBFF92DDFB1D93DEFB0293DFFB709371
:10F46000E0FB5793E1FBA493E2FBC693E3FBDE933F
:10F47000E4FBF893E5FB3194E6FB4594E7FB489405
:10F48000E8FB9295E9FBDCF9EAFB29FAEBFB9D9698
:10F49000ECFBAF96EDFB3397EEFB3B97EFFB43970F
:10F4A000F0FB4D97F1FB4F97F2FB5197F3FB55970C
:10F4B000F4FB5798F5FB6598F6FB2AFAF7FB2BFA55
:10F4C000F8FB2799F9FB2CFAFAFB9E99FBFB4E9A65
:10F4D000FCFBD99A40FCDC9A41FC759B42FC729B78
:10F4E00043FC8F9B44FCB19B45FCBB9B46FC009CB2
:10F4F00047FC709D48FC6B9D49FC2DFA4AFC199E07
:10F500004BFCD19E0000000061001A03E0001703CD
:10F51000F8000703FF00010078010001300132010B
:10F520000601390110014A012E017901060180010D
:10F530004D00430281018201820184018401860120
:10F540008701870189018A018B018B018D018E0161
:10F550008F0190019101910193019401F6019601AF
:10F560009701980198013D029B019C019D01200299
:10F570009F01A001A001A201A201A401A401A60172
:10F58000A701A701A901AA01AB01AC01AC01AE0121
:10F59000AF01AF01B101B201B301B301B501B501D2
:10F5A000B701B801B801BA01BB01BC01BC01BE0181
:10F5B000F701C001C101C201C301C401C501C401F9
:10F5C000C701C801C701CA01CB01CA01CD011001A1
:10F5D000DD0101008E01DE011201F3010300F101E2
:10F5E000F401F401F8012801220212013A02090093
:10F5F000652C3B023B023D02662C3F024002410269
:10F60000410246020A01530240008101860155026F
:10F6100089018A0158028F015A0290015C025D0241
:10F620005E025F029301610262029401640265025C
:10F6300066026702970196016A02622C6C026D02F3
:10F640006E029C01700271029D01730274029F019F
:10F6500076027702780279027A027B027C02642CBD
:10F660007E027F02A60181028202A9018402850234
:10F6700086028702AE014402B101B20145028D0249
:10F680008E028F0290029102B7017B030300FD03FB
:10F69000FE03FF03AC0304008603880389038A0387
:10F6A000B1031103C2030200A303A303C4030803AD
:10F6B000CC0303008C038E038F03D8031801F203DD
:10F6C0000A00F903F303F403F503F603F703F70362
:10F6D000F903FA03FA03300420035004100760040E
:10F6E00022018A043601C1040E01CF040100C004C6
:10F6F000D004440161052604000000007D1D0100C6
:10F70000632C001E9601A01E5A01001F0806101F40
:10F710000606201F0806301F0806401F0606511F58
:10F720000700591F521F5B1F541F5D1F561F5F1F8D
:10F73000601F0806701F0E00BA1FBB1FC81FC91F1D
:10F74000CA1FCB1FDA1FDB1FF81FF91FEA1FEB1FB1
:10F75000FA1FFB1F801F0806901F0806A01F08063F
:10F76000B01F0400B81FB91FB21FBC1FCC1F01007F
:10F77000C31FD01F0206E01F0206E51F0100EC1F99
:10F78000F21F0100FC1F4E210100322170211002E6
:10F79000842101008321D0241A05302C2F04602CF1
:10F7A0000201672C0601752C0201802C6401002DDA
:10F7B000260841FF1A030000433A5C4E6F726469E9
:10F7C000635C4E4141544F535F66775F7372635C75
:10F7D0006170706C69636174696F6E5C73646B5C9B
:10F7E00065787465726E616C5C6672656572746F63
:10F7F000735C736F757263655C7461736B732E6396
:10F800000000000049444C4500000000433A5C4EB3
:10F810006F726469635C4E4141544F535F66775F1A
:10F820007372635C6170706C69636174696F6E5C44
:10F8300073646B5C65787465726E616C5C6672652E
:10F840006572746F735C736F757263655C717565F7
:10F8500075652E6300000000546D722053766300BE
:10F86000433A5C4E6F726469635C4E4141544F533E
:10F870005F66775F7372635C6170706C69636174FB
:10F88000696F6E5C73646B5C65787465726E616CD5
:10F890005C6672656572746F735C736F75726365B5
:10F8A0005C74696D6572732E63000000546D725153
:10F8B00000000000433A5C4E6F726469635C4E4125
:10F8C00041544F535F66775F7372635C6170706C15
:10F8D00069636174696F6E5C73646B5C6578746591
:10F8E000726E616C5C6672656572746F735C706F6A
:10F8F000727461626C655C434D5349535C6E726611
:10F9000035325C706F72745F636D7369732E630060
:10F910002E2E2F73646B2F6D6F64756C65732F6E55
:10F920007266782F68616C2F6E72665F7274632ED8
:10F9300068000000433A5C4E6F726469635C4E413C
:10F9400041544F535F66775F7372635C6170706C94
:10F9500069636174696F6E5C73646B5C6578746510
:10F96000726E616C5C6672656572746F735C736FE6
:10F97000757263655C706F727461626C655C4D6515
:10F980006D4D616E675C686561705F342E63000069
:10F9900043000000504F5349580000002020202011
:10F9A00020202020206828282828202020202020EF
:10F9B000202020202020202020202020481010104F
:10F9C0001010101010101010101010108484848467
:10F9D000848484848484101010101010108181811C
:10F9E0008181810101010101010101010101010187
:10F9F000010101010101011010101010108282821A
:10FA00008282820202020202020202020202020256
:10FA1000020202020202021010101020000703204E
:10FA200004170201085710408000000090F90200FE
:10FA300094FA0200A8FB020053756E004D6F6E0031
:10FA40005475650057656400546875004672690016
:10FA500053617400000000004A616E004665620058
:10FA60004D617200417072004D6179004A756E00FF
:10FA70004A756C0041756700536570004F637400F0
:10FA80004E6F76004465630000000000414D005059
:10FA90004D000000CCFB0200C8FB0200C8FB0200C6
:10FAA000C8FB0200C8FB0200C8FB0200C8FB020042
:10FAB000C8FB0200C8FB0200C8FB0200FFFFFFFFFB
:10FAC000FFFFFFFFFFFFFFFFFFFF000008FB02003B
:10FAD00038FA020044FB020058FA02008CFA0200D5
:10FAE000ECFA02009CFB0200F8FA0200256D2F25BB
:10FAF000642F2579000000002561202562202565FE
:10FB0000202554202559000053756E646179004DFD
:10FB10006F6E64617900547565736461790057652F
:10FB2000646E657364617900546875727364617999
:10FB30000046726964617900536174757264617919
:10FB4000000000004A616E7561727900466562725C
:10FB500075617279004D6172636800417072696C01
:10FB6000004D6179004A756E65004A756C790041F7
:10FB700075677573740053657074656D62657200A6
:10FB80004F63746F626572004E6F76656D62657269
:10FB900000446563656D62657200000025483A2582
:10FBA0004D3A2553000000004DC1010069C101001C
:10FBB00075C1010081C101009DC10100A9C1010001
:10FBC000B5C10100C3C10100000000002E0000000B
:10FBD00030313233343536373839616263646566C3
:10FBE0003031323334353637383941424344454673
:10FBF000210000002200000000000000000024405E
:10FC00000000000000005940000000000088C340D0
:10FC10000000000084D797410080E03779C341435A
:10FC2000176E05B5B5B89346F5F93FE9034F384D62
:10FC3000321D30F94877825A3CBF737FDD4F15750E
:10FC4000286E756C6C2900002D494E46000000009E
:10FC50002D696E66000000002B494E460000000032
:10FC60002B696E66000000004E414E006E616E0012
:10FC700001000000000000000A0000000000000079
:10FC80006400000000000000E80300000000000025
:10FC90001027000000000000A08601000000000006
:10FCA00040420F0000000000809698000000000015
:10FCB00000E1F5050000000000CA9A3B00000000CA
:10FCC00000E40B540200000000E876481700000032
:10FCD0000010A5D4E800000000A0724E1809000032
:10FCE00000407A10F35A00000080C6A47E8D030005
:10FCF0000000C16FF286230000008A5D7845630131
:10FD0000000064A7B3B6E00D0000E8890423C78AA9
:10FD10000000000000200040000000000020004023
:10FD20000000000000000000FF000000FF000000D5
:10FD3000000000001CD8010024D801002CD80100CC
:10FD400034D801003CD8010044D801004CD801004F
:10FD500054D801005CD8010064D801006CD80100BF
:10FD600074D801007CD8010000000000193900009F
:10FD70006CDE010074DE01008CDE0100A0DE0100FB
:10FD8000B0DE0100C8DE0100D8E0010018E101008A
:10FD90000000000074E10100C0E101000CE201007C
:10FDA000000000000000000058E2010070E20100C5
:10FDB000DCE2010048E301008CE30100D0E3010034
:10FDC0000000000000000000D8E0010014E4010081
:10FDD00070E40100F8E401000000000000000000F1
:10FDE00000000000000000002CE5010060E50100BB
:10FDF000010000006400000001011001FC0C020081
:10FE000000000000000100000090D0032CFA020066
:10FE10002CFA02002CFA02002CFA02002CFA020042
:040000030000037581
:00000001FF
