:02000002E0001C
:10000000000004205D030E0045030E0047030E00B0
:1000100049030E004B030E004D030E0000000000CC
:100020000000000000000000000000004F030E0070
:1000300051030E000000000053030E0055030E0094
:1000400025710E0057030E0057030E0057030E00D4
:1000500057030E0057030E0057030E0057030E0000
:1000600057030E0057030E0057030E0057030E00F0
:1000700057030E0057030E0057030E0057030E00E0
:100080007DAE0E0057030E0057030E0057030E00FF
:1000900057030E0057030E0057030E0057030E00C0
:1000A00057030E0057030E0057030E0057030E00B0
:1000B00057030E0057030E00000000000000000070
:1000C00057030E0057030E0057030E0057030E0090
:1000D0004DA80E0057030E0057030E00BD8D0E00F5
:1000E00057030E0057030E0055F20E0000000000EB
:1000F0000000000057030E000000000057030E0030
:1001000000000000000000000000000000000000EF
:1001100000000000000000000000000000000000DF
:1001200000000000000000000000000000000000CF
:1001300000000000000000000000000000000000BF
:1001400000000000000000000000000000000000AF
:10015000000000000000000000000000000000009F
:10016000000000000000000000000000000000008F
:10017000000000000000000000000000000000007F
:10018000000000000000000000000000000000006F
:10019000000000000000000000000000000000005F
:1001A000000000000000000000000000000000004F
:1001B000000000000000000000000000000000003F
:1001C000000000000000000000000000000000002F
:1001D000000000000000000000000000000000001F
:1001E000000000000000000000000000000000000F
:1001F00000000000000000000000000000000000FF
:10020000314932480A1A02D0072291438D463049BB
:1002100030480A1A06D00722914381F30988022246
:1002200082F314882C482D492D4A00F03CF82D48C3
:100230002D492E4A00F037F82D482E492E4A00F05D
:1002400032F82E482E492F4A00F02DF82E482F491B
:100250002F4A00F028F82F482F49304A00F023F8A1
:100260002F483049304A00F01EF83048304900220B
:1002700000F024F82F483049002200F01FF82F4AE0
:1002800090471F481F49884205D00268043003B4D4
:10029000904703BCF7E700208646EC46002000218B
:1002A000274A9047FEE7884207D0521A05D00378C4
:1002B00001300B700131013AF9D17047884202D008
:1002C00002700130FAE770470000042000F80320B4
:1002D0000000042000000420B0000F001C000020DB
:1002E00078000020B8030E00B8030E00ECFA0E00F0
:1002F000B0000F001C0000201C00002024FB0E009A
:1003000024FB0E0024FB0E0024FB0E0024FB0E0039
:1003100024FB0E0024FB0E0024FB0E00B0000F0097
:100320000C010F00780000207800002078000020E9
:100330006C4000206C4000206C40002085030E00C3
:10034000A99C0E00FEE7FEE7FEE7FEE7FEE7FEE7FC
:10035000FEE7FEE7FEE7FEE700F002B8FFF7FCBFAE
:100360000F484FF00701884385460E4880470E48E6
:10037000016841F470010160BFF34F8FBFF36F8FCD
:10038000FFF73EBF09480A490A4A884207D0521A75
:1003900005D0037801300B700131013AF9D1704773
:1003A00000000420ADB20E0088ED00E010FB0E004E
:0803B000080000201C000020E1
:1003B80082B00190019B184602B0704700B585B025
:1003C8000190019B043B03930399034805F087FEC2
:1003D80000BF05B05DF804FBFCFA0E0000B585B05F
:1003E8000190009103AB009A0199074806F030F894
:1003F800039B1A460449054804F08CFC034618463A
:1004080005B05DF804FB00BF4019002024FB0E0076
:1004180000B589B00390029113468DF80730002388
:10042800079329E0029A079B13441B78194617483B
:1004380006F073F80690069B002B19D1134B5B68E6
:10044800124A9268194603980DF024FC104805F0EA
:100458000FFE0590059B002B14D0059B03330B4A18
:1004680053600A4B00229A60084B00221A7000E081
:1004780000BF079B013307939DF80730079A9A42FC
:10048800D0D300E000BF09B05DF804FB30190020AC
:10049800FCFA0E0000B585B001900B468DF80330CC
:1004A8009DF80330002B09D0022B16D101220D49EB
:1004B8000D4804F07BFC039010E000BF01220949BD
:1004C8000A48FFF7A5FF01220649074804F06EFC19
:1004D8000390039B002BF0D000E000BF00BF05B0E5
:1004E8005DF804FB7419002024FB0E001819002085
:1004F80000B583B003468DF807309DF80730083BF8
:10050800062B35D801A252F823F000BF37050E009C
:100518005D050E0073050E0079050E0079050E00C5
:1005280079050E0031050E0002F083FB25E008F086
:1005380003FE034683F00103DBB2002B01D002F077
:1005480073FB104B1B68002B14D00E4B1B6801204B
:1005580098470FE002F08CFB0A4B1B68002B0BD06E
:10056800084B1B680220984706E002F067FB04E08E
:1005780000BF02E000BF00E000BF00BF03B05DF8AD
:1005880004FB00BFB419002000B583B001900B46EE
:10059800ADF80230019802F079FB00BF03B05DF8B6
:1005A80004FB000000B585B00190019B1B78002B6F
:1005B80003D1019802F06AFB05E0054A042101987D
:1005C80001F03CFE039000BF05B05DF804FB00BFDE
:1005D80091050E0000B58BB00190384805F01DFD5F
:1005E800374A019B1360354805F042FD0990099B85
:1005F800002B01D103235CE0099B0333314A53608C
:10060800304B00229A602F4B40F60302DA602D4BE4
:1006180000221A702C4B2D4A5A602B4B2C4A9A6098
:10062800294B40F60302DA60274B2A4A1A61264B07
:10063800294A5A6105F0FCFF0890089B852B06D0D3
:10064800089B0793079B002B01D0079B31E00020F4
:1006580006F0E4F80890089B0693069B002B01D04F
:10066800069B26E005F0EEFA1C4802F021FA0890F5
:10067800089B0593059B002B01D0059B19E01848A2
:10068800FFF796FE0490049802F06CFD0890089B12
:100698000393039B002B01D0039B0AE002F0A0FA0E
:1006A8000890089B0293029B002B01D0029B00E05C
:1006B800089B18460BB05DF804FB00BFFCFA0E005F
:1006C800B41900203019002018190020E5030E0085
:1006D800C5030E0059190020F4FA0E0048FB0E005D
:1006E80024FB0E0082B001900023184602B0704728
:1006F80084B0039002910192039B029A1A60039BB3
:10070800029A5A60039B00229A60039B019ADA605E
:10071800039B5B689B881A46019B1A44039B1A61DA
:10072800039B1B69039A5268B2F906201A44039B7B
:100738005A61039B5B681B88002B14BF01230023AD
:10074800DBB2184604B0704700B585B00190019B34
:100758005B680293029B1B88002B01D100236BE08E
:10076800019B5B6803F11002019B5A60019B5B6867
:100778001B88002B09D1019B1968019BDB681A466D
:100788000198FFF7B5FF002356E0029B1B890393EE
:10079800029B9B7803F03003302B11D1019B5B68DF
:1007A8009B7803F03003302B0AD100230393019B7D
:1007B8001A69029B9B885B421A44019B1A611BE0E1
:1007C800029B9B7803F0C003002B0DD1029B9B7802
:1007D80003F03003202B07D1029B5B891A46039B49
:1007E80002FB03F3039307E0029B9B7803F0C0032B
:1007F800802B01D104230393029B9B7803F03003E1
:10080800002B04D1019B9B685A1C019B9A60019B99
:100818001A69019B5B689B881946039B0B441A4421
:10082800019B1A61019B1B69019A5268B2F9062063
:100838001A44019B5A610123184605B05DF804FB70
:1008480000B585B001900091019B5B680393019B03
:100858005B681B881A46009B934208D1019B5B6822
:100868009B7803F00F03082B01D0012308E00198BF
:10087800FFF76AFF019B5B68039A9A42E7D100235E
:10088800184605B05DF804FB86B00390029101920A
:10089800039B5B680593039B5A68019B1A44039B5F
:1008A8005A60029B002B0DD007E0059A531C059354
:1008B800029B591C029112781A70019B5A1E0192D0
:1008C800002BF2D10123184606B0704700B589B055
:1008D800039002910192029B002B21D1039B1B687C
:1008E8001F4A93421CD010E004AB1022194603980B
:1008F800FFF7ECFF034683F00103DBB2002B01D0C6
:10090800002329E0019B103B0193019B102BEBD89E
:1009180004AB019A19460398FFF7D8FF03461BE07A
:10092800039B9B68019A9A4201D9002314E0039B18
:100938001B68019A029903989847034683F00103BC
:10094800DBB2002B01D0002306E0039B9A68019BD1
:10095800D21A039B9A600123184609B05DF804FB7C
:1009680091080E0000B583B001900091019B9B682F
:10097800002B01D1002313E0019B1B680122009981
:1009880001989847034683F00103DBB2002B01D09E
:10099800002305E0019B9B685A1E019B9A60012376
:1009A800184603B05DF804FB10B48BB003900291B5
:1009B80001920A4B0693029B0593059B0793019BA3
:1009C800089300230993039B1C4606AB0FCB84E8CE
:1009D8000F0003980BB05DF8044B704791080E00A8
:1009E80000B587B0019000910DF10F0319460198E9
:1009F800FFF7B8FF034683F00103DBB2002B01D0F9
:100A0800002338E09DF80F305BB2002B03DB9DF824
:100A18000F3005932BE0072304939DF80F3003F064
:100A28007F030593049B1F2B01D9002323E00DF1BD
:100A38000F0319460198FFF795FF034683F001035A
:100A4800DBB2002B01D0002315E09DF80F3003F036
:100A58007F02049B02FA03F3059A13430593049B50
:100A6800073304939DF80F305BB2002BDADB009B51
:100A7800059A1A600123184607B05DF804FB2DE9B2
:100A8800F04F89B001900091002307934FF00002C6
:100A98004FF00003CDE90423079B3F2B01D9002326
:100AA8003BE00DF10F0319460198FFF75BFF034682
:100AB80083F00103DBB2002B01D000232DE09DF869
:100AC8000F30DBB200229A4693460AF07F060027D1
:100AD800079BA3F12001C3F1200207FA03F506FAE8
:100AE80001F10D4326FA02F2154306FA03F4DDE993
:100AF800042342EA040843EA0509CDE90489079B6F
:100B0800073307939DF80F305BB2002BC4DB0099C5
:100B1800DDE90423C1E900230123184609B0BDE833
:100B2800F08F00B585B001900DF10F030122194631
:100B38000198FFF7CBFE034683F00103DBB2002BDD
:100B480001D0002305E09DF80F305BB2002BEBDBF2
:100B58000123184605B05DF804FB00B585B0019087
:100B680003AB19460198FFF73BFF034683F00103E7
:100B7800DBB2002B01D0002306E0039B1A460021BC
:100B88000198FFF7A3FE0346184605B05DF804FB7D
:100B980000B587B00390029101920093009B002258
:100BA8001A70029B00221A70019B00221A6005AB82
:100BB80019460398FFF714FF034683F00103DBB2DD
:100BC800002B08D0039B9B68002B02D1009B0122BD
:100BD8001A70002313E0059B002B04D1009B01220F
:100BE8001A7000230BE0059BDA08019B1A60059B2D
:100BF800DBB203F00703DAB2029B1A70012318462E
:100C080007B05DF804FB000000B583B001900B4607
:100C18008DF803309DF80330052B27D801A252F830
:100C280023F000BF450C0E004F0C0E005D0C0E00AB
:100C3800750C0E00750C0E00670C0E000198FFF77E
:100C480070FF034613E0082200210198FFF73EFEDB
:100C580003460CE00198FFF780FF034607E00422F3
:100C680000210198FFF732FE034600E000231846F2
:100C780003B05DF804FB00BF00B587B00390019294
:100C880000930B468DF80B30009B1B6805939DF86D
:100C98000B30052B35D0052B3DDC002B02D0012B6A
:100CA80025D038E0009B00221A60009B1B685A1C64
:100CB800009B1A60009B1B68059A9A4201D2002388
:100CC8002AE0012201990398FFF700FE034683F00A
:100CD8000103DBB2002B01D000231DE0019B5A1C4D
:100CE80001921B785BB2002BDFDB012314E0009B31
:100CF80008221A60082201990398FFF7E7FD0346C6
:100D08000AE0009B04221A60042201990398FFF765
:100D1800DDFD034600E00023184607B05DF804FB3C
:100D280010B584B00190009103AB19460198FFF704
:100D380057FE034683F00103DBB2002B01D00023EA
:100D480016E0009A019B14460FCB84E80F00009B25
:100D58009A68039B9A4201D2002309E0039A009BF8
:100D68009A60019B9A68039BD21A019B9A6001239F
:100D7800184604B010BD82B001900091009B5A68DB
:100D8800019B5A6000BF02B07047000000B58FB0E9
:100D980003900B4601928DF80B30019B5B689B78A2
:100DA8008DF836309DF8363003F00F036A4A52F852
:100DB80023300C939DF8363003F03003302B00F0CD
:100DC8009F80302B00F3C380202B1DD0202B00F3F5
:100DD800BE80002B02D0102B09D0B8E0019B5968C7
:100DE800019B1A690C9B039898470346B0E0019B46
:100DF8005B6901221A70019B5968019B1A690C9B57
:100E0800039898470346A3E09DF80B30022B51D175
:100E18009DF8363003F00F03042B4BDC01238DF8CB
:100E28003730019B5B690B9304AB19460398FFF7B6
:100E380077FF034683F00103DBB2002B23D00023A6
:100E480086E0019B1B69019A5268128911460B9A28
:100E5800128801FB02F213440A93019B596804A803
:100E68000C9B0A9A9847034683F00103DBB2002BD8
:100E780003D000238DF837300FE00B9B1B8801331C
:100E88009AB20B9B1A80069B002B06D00B9B1A88E4
:100E9800019B5B685B899A42D3D304AB19460398DC
:100EA800FFF769FF069B002B01D0002350E09DF857
:100EB80037304DE0019B5B690993019B1B69019ADF
:100EC800526812891146099A128801FB02F21344EA
:100ED8000893099B1A88019B5B685B899A4201D336
:100EE800002335E0099B1B8801339AB2099B1A80BD
:100EF800019B59680C9B089A03989847034627E07A
:100F0800019B5A68019B5B6912881A809DF83630EC
:100F180003F00F03072B11D1019B1869019B5B6834
:100F28001B891A4600210EF05EFA019B5B68DA689D
:100F3800019B1B691946104600F001FA019B59688C
:100F4800019B1A690C9B03989847034600E000230D
:100F580018460FB05DF804FB54FB0E0084B00390F4
:100F68000B4601928DF80B300023184604B07047E9
:100F780010B596B007900B4605928DF81B30059B6F
:100F88001B691593159B04331493159B1B68002B41
:100F980007D19DF81B3019460798FFF735FE034621
:100FA8004DE09DF81B30022B25D110AB1946079850
:100FB800FFF7B6FE034683F00103DBB2002B01D036
:100FC80000233CE0159B1B68059A516810A8149AE9
:100FD8009847034683F00103DBB2002B01D00023BE
:100FE8002DE0129B002BEDD110AB19460798FFF7A7
:100FF800C2FE012323E00A23089308AB09AA9DF83F
:101008001B100798FFF738FE034683F00103DBB295
:10101800002B01D0002312E0089A6B4609A9184654
:10102800FFF7C2FC0CAC6B460FCB84E80F00159B96
:101038001B68059A51680CA8149A984703461846E5
:1010480016B010BD00B585B003900B4601928DF81F
:101058000B30019B5B689B7803F0C003802B0FD09B
:10106800802B1FDC002B02D0402B12D01AE09DF8F9
:101078000B30019A19460398FFF788FE034612E0E1
:101088009DF80B30019A19460398FFF767FF03464E
:1010980009E09DF80B30019A19460398FFF768FF9D
:1010A800034600E00023184605B05DF804FB00B5D0
:1010B80085B001900091009B1B689B680393009B7F
:1010C8005B681A4603990198FFF712FB009B5A6860
:1010D800019B1A61009B03F10C02019B5A61039B5F
:1010E8009B7803F0C003802B03D1009B1A1D019B42
:1010F8001A6100BF05B05DF804FB00B58DB0039020
:10110800029101928DF80330029B1B689B680B9338
:101118000B9B1B881A46019B934201D001230FE0C9
:1011280005AB02991846FFF7C2FF029B01221A730A
:1011380005AA9DF8033019460398FFF783FF034675
:1011480018460DB05DF804FB10B588B00390029105
:10115800009313468DF80730009B1B691B680793A3
:10116800039B9B68059327E0079B1B681B68002B64
:101178000CD0079B1B681C689DF80730029A0799DA
:101188000398A04703468DF81B3009E09DF8073007
:10119800029A07990398FFF7B0FF03468DF81B30B2
:1011A8009DF81B3083F00103DBB2002B01D0002334
:1011B8000BE0079B9B680793079B002B04D0039BBE
:1011C8009B68059A9A42CFD00123184608B010BDF3
:1011D80000B585B00190019B5B680393019B5B6838
:1011E8009B7803F00F03082B01D1012308E0019835
:1011F800FFF7AAFA019B5B68039A9A42EED1002393
:10120800184605B05DF804FB00B58BB00190019B52
:101218005B689B788DF822309DF8223003F00F032D
:10122800082B17D1019B1B691B6809930EE0099BCA
:1012380000221A7302AB09991846FFF738FF02AB70
:101248001846FFF7E1FF099B9B680993099B002B50
:10125800EDD170E09DF8223003F0C003002B50D18F
:1012680001238DF823309DF8223003F03003102B32
:1012780004D1019B5B6900221A7012E09DF82230AC
:1012880003F03003202B05D09DF8223003F0300303
:10129800302B06D1019B5B6900221A8000238DF850
:1012A80023309DF82330002B45D0019B5B689B7849
:1012B80003F00F03072B09D1019B5B68DA68019BD8
:1012C8001B691946104600F03AF834E0019B5B6848
:1012D800DB68002B0BD0019B1869019B5B68D96800
:1012E800019B5B681B891A460EF054F823E0019BAA
:1012F8001869019B5B681B891A4600210EF073F878
:1013080019E09DF8223003F0C003802B13D1019B14
:101318001B6900221A609DF8223003F03003202B4D
:1013280005D09DF8223003F03003302B03D1019B08
:101338005B6900221A8000BF0BB05DF804FB00B5A2
:1013480089B00190009102AB009A01991846FFF705
:10135800CFF9034683F00103DBB2002B0BD102ABBC
:101368001846FFF751FF02AB1846FFF7EDF90346A1
:10137800002BF4D100E000BF09B05DF804FB10B504
:1013880096B003900291019200230D9300230E93CF
:101398004FF0FF3312930023159307AB019A02997C
:1013A8001846FFF7A5F99CE00DF1160306AA0DF102
:1013B80017010398FFF7ECFB034683F00103DBB248
:1013C800002B06D09DF81630002B40F090800023AB
:1013D800D5E0069A07AB11461846FFF731FA0346DF
:1013E80083F00103DBB2002B3DD0069B159A9A428D
:1013F8002BD807AB1846FFF7EBFE034683F0010333
:10140800DBB2002B03D04FF0FF33159302E0089BAB
:101418001B881593069B159A9A4216D8039B9B68BE
:10142800109306999DF8172007AB0398FFF78CFED9
:10143800034683F00103DBB2002B01D000239EE0BA
:10144800039B9B68109A9A4248D19DF81730194619
:101458000398FFF7D9FB034683F00103DBB2002BA7
:101468003ED000238BE0089B9B7803F03003002BD1
:1014780019D1099B3F2B16D8099B03F01F030122A2
:1014880002FA03F31193099B5B099B0016AA134404
:1014980053F8241C099B5B09119A0A439B0016A95F
:1014A8000B4443F8242C039BDB68002B07D0039BD9
:1014B800DC6806999DF8172007AB0398A0479DF8AC
:1014C800173007AA19460398FFF7BCFD034683F0B7
:1014D8000103DBB2002B04D0002350E000BF00E082
:1014E80000BF039B9B68002B7FF45EAF00E000BF4A
:1014F800099B1493089B9B788DF83F3007AB1846DF
:10150800FFF722F90346002BF2D19DF83F3003F094
:101518003003002B06D1089B1B88002B02D0149B9C
:1015280001331493149B002B28D0002313930DE050
:10153800139B9B0016AA134453F8243C129A9A4210
:1015480001D000231BE0139B01331393149B5B0909
:10155800139A9A42ECD3149B5B099B0016AA134476
:1015680053F8242C149B03F01F03C3F12003129992
:1015780021FA03F39A4201D0002300E00123184620
:1015880016B010BD00B587B0039002910192019981
:101598000298FFF7D4FE019A02990398FFF7EFFE2D
:1015A80003468DF817309DF81730184607B05DF8D8
:1015B80004FBF0B585B00190009102AB1946019883
:1015C800FFF75DFA034683F00103DBB2002B01D07D
:1015D800002327E0DDE9022302F00104002554EA94
:1015E800050311D0DDE902014FF000024FF00003BE
:1015F800420842EAC1724B08D643DF4332463B46B3
:101608000099C1E900230CE0DDE902014FF0000276
:101618004FF00003420842EAC1724B080099C1E941
:1016280000230123184605B0F0BD00B585B0019030
:10163800009103AB042219460198FFF747F90346C6
:1016480083F00103DBB2002B01D0002311E09DF8E9
:101658000C301A469DF80D301B021A439DF80E30C7
:101668001B041A439DF80F301B061A43009B1A608F
:101678000123184605B05DF804FB2DE9F04F9DB035
:10168800199018911AAB082219461998FFF71EF9F4
:10169800034683F00103DBB2002B01D000239FE057
:1016A8009DF86830DBB20022009301929DF8693002
:1016B800DBB200221C4615464FF000024FF0000333
:1016C8002B0243EA14632202DDE90045214641EA80
:1016D8000208294641EA03099DF86A30DBB2002274
:1016E8009A4693464FF000024FF000034FEA0B432F
:1016F80043EA1A434FEA0A4248EA0201029149EAD8
:10170800030303939DF86B30DBB200220493059228
:10171800DDE904120B461F0A0B461E06DDE902121C
:101728000B463343069313463B4307939DF86C30AF
:10173800DBB20022089309924FF000024FF0000339
:1017480008990B000022DDE90645214611430A915C
:10175800294619430B919DF86D30DBB200220C939A
:101768000D924FF000024FF000030C990B0200227B
:10177800DDE90A45214611430E91294619430F9187
:101788009DF86E30DBB20022109311924FF00002E8
:101798004FF0000310990B040022DDE90E452146A5
:1017A800114312912946194313919DF86F30DBB20A
:1017B8000022149315924FF000024FF00003149981
:1017C8000B060022DDE912452146114316912946F0
:1017D80019431791189BDDE91612C3E9001201237A
:1017E80018461DB0BDE8F08F2DE9F04F8BB003907F
:1017F8000291019204AB19460398FFF740F903469A
:1018080083F00103DBB2002B01D000235FE0029BD1
:101818001B89082B04D1DDE90423CDE9082307E05F
:10182800DDE904231346DA179A469346CDE908AB57
:10183800029B1B89082B0AD10199DDE90823C1E91C
:101848000023019BD3E90023CDE9062334E0029B62
:101858001B89042B0AD1089A019B1A60019B1B68FB
:10186800DA1798469146CDE9068925E0029B1B893F
:10187800022B0DD1BDF92020019B1A80019BB3F9E1
:1018880000301BB2DA171E461746CDE9066713E08B
:10189800029B1B89012B0DD19DF92020019B1A70F9
:1018A800019B93F900305BB2DA171C461546CDE967
:1018B800064501E000230AE0DDE90601DDE9082329
:1018C800994208BF904201D0002300E00123184646
:1018D8000BB0BDE8F08F2DE9F04389B00390029179
:1018E800019204AB19460398FFF7C9F8034683F041
:1018F8000103DBB2002B01D000234FE0029B1B89C0
:10190800082B0AD1DDE904230199C1E90023019BD1
:10191800D3E90023CDE9062335E0029B1B89042B7C
:101928000BD1DDE90423019B1A60019B1B6800228F
:1019380098469146CDE9068925E0029B1B89022B32
:101948000DD1DDE9042392B2019B1A80019B1B880B
:101958009BB200221E461746CDE9066713E0029B9C
:101968001B89012B0DD1DDE90423D2B2019B1A702A
:10197800019B1B78DBB200221C461546CDE90645C3
:1019880001E000230AE0DDE90423DDE906019942CC
:1019980008BF904201D0002300E00123184609B097
:1019A800BDE8F0832DE9F04389B0039002910192DC
:1019B80004AB19460398FFF7FCFD034683F00103C7
:1019C800DBB2002B01D0002351E0029B1B89082BBE
:1019D8000AD1DDE904230199C1E90023019BD3E978
:1019E8000023CDE9062337E0029B1B89042B0BD18A
:1019F800DDE90423019B1A60019B1B68DA179846EE
:101A08009146CDE9068927E0029B1B89022B0ED15E
:101A1800DDE9042312B2019B1A80019BB3F900305F
:101A28001BB2DA171E461746CDE9066714E0029B7B
:101A38001B89012B0ED1DDE9042352B2019B1A70D8
:101A4800019B93F900305BB2DA171C461546CDE9C5
:101A5800064501E000230AE0DDE90423DDE906018B
:101A6800994208BF904201D0002300E001231846A4
:101A780009B0BDE8F08300B585B0039002910192EA
:101A880001990398FFF7D1FD0346184605B05DF8A4
:101A980004FB00B585B00390029101920199039867
:101AA800FFF7EBFD0346184605B05DF804FB00B5EB
:101AB80089B003900291019205AB19460398FEF78D
:101AC8008FFF034683F00103DBB2002B01D0002314
:101AD8002CE0059BB3F5803F01D3002326E0059B4E
:101AE80002330793059B079A9A4201D200231DE00F
:101AF800029B9B7803F0C003802B01D1002315E0E3
:101B0800029B1B891A46079B934201D900230DE0CB
:101B1800019B0693059B9AB2069B1A80069B02338B
:101B2800059A19460398FEF7D1FE0346184609B0F0
:101B38005DF804FB00B589B003900291019205ABF2
:101B480019460398FEF74CFF034683F00103DBB206
:101B5800002B01D0002328E0059B01330793059B48
:101B6800079A9A4201D200231FE0029B9B7803F058
:101B7800C003802B01D1002317E0029B1B891A4662
:101B8800079B934201D900230FE0059B1A46019950
:101B98000398FEF79BFE03468DF81B30059B019AC0
:101BA800134400221A709DF81B30184609B05DF8DE
:101BB80004FB00B58BB0039002910192029BDB6895
:101BC800089304AB19460398FFF7AAF8034683F075
:101BD8000103DBB2002B01D0002325E0029BDB6868
:101BE800002B01D100231FE0029B9B7803F03003F8
:101BF800202B09D104AB019A08991846FFF7C2FCBB
:101C080003468DF8273008E004AB019A0899184676
:101C1800FFF7B5FB03468DF8273004AB1946039848
:101C2800FFF7A9F89DF8273018460BB05DF804FBBC
:101C380000B585B001900091019B0393039B083385
:101C48002022009918460DF0A5FB039B03F12800FC
:101C5800009B2033202219460DF09CFB00231846D8
:101C680005B05DF804FB00B585B00190012101982D
:101C780004F030F90390BFF35F8F00BF039B002B84
:101C88000CBF01230023DBB2184605B05DF804FB46
:101C980082B00190BFF35F8F00BF019B00221A60E2
:101CA80000BF02B07047000008B50348FFF7DBFF2C
:101CB8000346184608BD00BFB829002008B50248E9
:101CC800FFF7E6FF00BF08BDB829002082B00190E9
:101CD800019B002B07D0019B064A934205D000BF09
:101CE80048F2165303E0002301E048F24253184635
:101CF80002B070478408F00000B58DB005900491DB
:101D080003920293059B0B93049B0A930B9B154A22
:101D18001A60FFF7C9FF03468DF827309DF8273072
:101D280083F00103DBB2002B02D048F2045315E024
:101D380000F0D0F90B980A9B03F10801029B00936D
:101D4800039B0E9A0CF026F9089000F0CFF9FFF7E4
:101D5800B5FF0898FFF7BAFF0790079B18460DB024
:101D68005DF804FBDD55AABB00B585B001900121E3
:101D7800019804F0AFF80390BFF35F8F00BF039B97
:101D8800002B0CBF01230023DBB2184605B05DF819
:101D980004FB82B00190BFF35F8F00BF019B00225C
:101DA8001A6000BF02B0704708B50348FFF7DCFFB0
:101DB8000346184608BD00BFB829002008B50248E8
:101DC800FFF7E7FF00BF08BDB829002084B00190E5
:101DD800019B002B32D0019B284A934245D8019B96
:101DE800274A934241D3019BA3F57003A3F50073DF
:101DF8000F2B3AD801A252F823F000BF4B1E0E0059
:101E0800531E0E005B1E0E00731E0E00731E0E0086
:101E1800731E0E00731E0E00731E0E00731E0E003E
:101E2800731E0E00731E0E00731E0E00631E0E003E
:101E3800731E0E00731E0E006B1E0E00002303930C
:101E480017E048F20153039313E048F20353039356
:101E58000FE048F2025303930BE048F21653039342
:101E680007E048F20353039303E048F21653039341
:101E780000BF039B184604B0704700BF0F02F00074
:101E88000002F00000B587B00190019B083305936C
:101E980005980CF0E9F804900498FFF797FF039071
:101EA800039B184607B05DF804FB000000B58DB031
:101EB800039002910192039B08330993029B0A93B2
:101EC800019B0B93FFF770FF03468DF823309DF8B5
:101ED800233083F00103DBB2002B02D048F2045315
:101EE8002AE000F0F7F80B9BB3F5805F28BF4FF4AA
:101EF80080530793079A0A9911480DF04BFA079AED
:101F08000F4909980CF0CAF806900B9A079BD31A48
:101F18000B930A9A079B13440A93069B002B02D142
:101F28000B9B002BDFD100F0E1F8FFF747FF069885
:101F3800FFF74CFF0590059B18460DB05DF804FBB4
:101F4800B819002000B58BB0039002910192039B51
:101F580008330993029B0893019B1B681F2B02D827
:101F680048F2145324E0FFF71FFF03468DF81F3093
:101F78009DF81F3083F00103DBB2002B02D048F23A
:101F8800045315E000F0A6F8089909980CF0D8F861
:101F9800069000F0ABF8FFF711FF0698FFF716FF61
:101FA8000590059B002B02D1019B20221A60059BFE
:101FB80018460BB05DF804FB82B00190019B00222B
:101FC8001A60BFF35F8F00BF00BF02B07047000008
:101FD80008B50248FFF7F0FF00BF08BDB829002088
:101FE80084B0019003230393019B002B03D0019B32
:101FF800052B03D006E00023039306E048F20353C1
:10200800039302E00323039300BF039B184604B025
:102018007047000000B583B0FFF7DAFF094B0122D3
:10202800C3F800250CF0BCF80190064B0022C3F859
:1020380000250198FFF7D4FF0090009B184603B0D5
:102048005DF804FB00A00250034B0022C3F80025F2
:1020580000231846704700BF00A0025082B0034614
:102068008DF807309DF90730002B0CDB9DF8073001
:1020780003F01F0205499DF907305B09012000FAAA
:1020880002F241F8232000BF02B0704700E100E0EF
:1020980082B003468DF807309DF90730002B13DB1B
:1020A8009DF8073003F01F0209499DF907305B09C5
:1020B800012000FA02F2203341F82320BFF34F8FAA
:1020C80000BFBFF36F8F00BF00BF02B0704700BFF3
:1020D80000E100E008B5044B0122C3F800252A20DE
:1020E800FFF7BCFF00BF08BD00A0025008B5044BB5
:1020F8000022C3F800252A20FFF7CAFF00BF08BD49
:1021080000A0025082B00190019B03F00303002B52
:102118000CBF01230023DBB2184602B07047000051
:1021280082B003468DF807309DF807309AB2064B07
:102138001B889A4204D29DF807300133DBB200E0D5
:102148000023184602B07047C829002000B583B0A4
:102158000B4B1B788DF807300A4B1B78DBB21846FF
:10216800FFF7DEFF03461A469DF8073093420CBF7F
:1021780001230023DBB2184603B05DF804FB00BF5F
:10218800C4290020C529002082B0084B1B788DF88F
:102198000730074B1B78DBB29DF807209A420CBF2B
:1021A80001230023DBB2184602B07047C42900207F
:1021B800C529002000B585B003460092ADF8063069
:1021C8000B46ADF80430BDF8043001339BB2DB0098
:1021D800ADF80E300098FFF795FF034683F0010332
:1021E800DBB2002B01D0072317E00E4A009B1360D7
:1021F800BDF80E30009A13440B4A13600B4B0022B3
:102208001A700B4B00221A700A4ABDF80630138068
:10221800094ABDF8043013800023184605B05DF85C
:1022280004FB00BFBC290020C0290020C5290020CC
:10223800C4290020C6290020C829002000B587B07D
:1022480003900B460192ADF80A30334B1B88BDF85A
:102258000A209A4259D84FF6FF73ADF81230002081
:1022680003F0E8FDFFF772FF0346002B0ED12B4B5E
:102278001B78DBB2ADF81230284B1B78DBB218465E
:10228800FFF74EFF03461A46244B1A70002003F04E
:10229800DAFDBDF812304FF6FF72934232D0204B70
:1022A8001A68BDF81230DB001344019A1A60039BC8
:1022B800002B1CD0BDF80A30002B18D0194B1B6816
:1022C800BDF812201449098801FB02F21344BDF835
:1022D8000A20039918460DF05DF8114B1A68BDF8ED
:1022E8001230DB001344BDF80A209A8007E00C4B3B
:1022F8001A68BDF81230DB00134400229A800023CC
:10230800059304E00423059301E009230593059B45
:10231800184607B05DF804FBC6290020C52900202F
:10232800BC290020C029002000231846704700005F
:1023380000B585B02FE0204B1B78DBB2ADF80E302E
:102348001E4B1B68BDF80E201D49098801FB02F2CF
:10235800134402931B4B1A68BDF80E30DB0013447C
:102368009B88ADF80630174B1A68BDF80E30DB00B5
:1023780013441B680093BDF80620009B1146029881
:1023880098470D4B1B78DBB21846FFF7C9FE03468A
:102398001A46094B1A70FFF7C7FF034683F001037B
:1023A800DBB2002B04D0FFF7EFFE0346002BC2D0B0
:1023B80000BF05B05DF804FBC4290020C029002037
:1023C800C6290020BC290020024BD3F88034DBB298
:1023D8001846704700700240024BD3F88434DBB2D1
:1023E800184670470070024008B506F0DFFD00236C
:1023F800184608BD84B003468DF807300B468DF8A3
:10240800063013468DF805309DF8073003F01F029B
:102418009DF806305B0103F060031A439DF8053010
:10242800DB01DBB213430393039BDBB2184604B012
:10243800704782B00190019B1B7A184602B0704722
:1024480000B585B001900B468DF803300198FFF771
:10245800F0FF03461A469DF80330934201D3002348
:1024680009E0019B093303939DF8032013465B00A1
:102478001344039A1344184605B05DF804FB82B070
:102488000190019B1B78184602B0704782B00190FA
:10249800019B5B78184602B0704784B001900B46E8
:1024A8008DF80330019B5B789DF803209A4201D395
:1024B800002309E0019B9B781A46019B1344039370
:1024C8009DF80330039A1344184604B0704782B04D
:1024D8000190019B1B78184602B0704782B00190AA
:1024E800019B1B68184602B0704700B583B0019085
:1024F8000198FFF7F3FF03461B68184603B05DF821
:1025080004FB00B583B001900198FFF7E7FF03468D
:102518005B68184603B05DF804FB0000014B1846E1
:10252800704700BF10FC0E004FF08043D3F83834DA
:102538001846704708B5FFF7F7FF034603F0010395
:10254800002B14BF01230023DBB2184608BD08B5D1
:10255800FFF7EAFF034603F00203002B14BF012331
:102568000023DBB2184608BD00B583B00190009186
:10257800019B5B681B6800990198984703461846B9
:1025880003B05DF804FB000000B583B003468DF886
:102598000730074B5B68002B05D0054B5B689DF83F
:1025A80007201046984700BF03B05DF804FB00BF42
:1025B800682A002010B58EB0039001930B468DF861
:1025C8000B3013468DF80A300023099300230D932E
:1025D80002E00D9B01330D93039B5B685C6809A8BF
:1025E800012300220399A0470346002BF1D10023C1
:1025F8008DF8233000230C9300238DF82F3000230F
:1026080006934FE0039B5B685C680DF1230206A804
:1026180001230399A047039B5B685C680DF11702CF
:1026280006A801230399A0479DF817309DF80B20B1
:102638009A4227D19DF82F209DF80A309A421CD142
:102648009DF823301A46109B1A60019B5A1C019270
:102658009DF823201A70019B5A1C01929DF80B20AB
:102668001A70039B5B685C689DF82330023B06A8E0
:10267800019A0399A047002319E09DF82F300133F0
:102688008DF82F30039B5B685C689DF82330023B14
:1026980006A800220399A0479DF823301A460C9BF0
:1026A80013440C930C9A0D9B9A42ABD305231846FE
:1026B8000EB010BD84B003468DF807309DF9073081
:1026C800002B0BDA9DF8073003F00F038DF80E305E
:1026D8009DF80E30DB00084A13440AE09DF80730E5
:1026E80003F00F038DF80F309DF80F30DB00034A1D
:1026F8001344184604B07047CC290020142A00203F
:1027080000B583B003468DF807309DF807301846AA
:10271800FFF7D0FF03461B68184603B05DF804FBBB
:1027280000B585B0034600918DF807309DF8073055
:102738001846FFF7BFFF0390039B009A1A60009B9F
:10274800002B03D1039B00225A6004E0009B5B68C6
:102758001A68039B5A6000BF05B05DF804FB0000CF
:1027680000B583B00190064B5B68054A1268019971
:10277800104698470346184603B05DF804FB00BFAF
:10278800142A002000B585B00190019B0393039B98
:102798001B78052B1AD1FFF71FFE03468DF80B3067
:1027A800FFF712FE03468DF80A30002200210020B0
:1027B800FFF720FE03461A469DF80A30934205D1DA
:1027C8009DF80B30052B01D1044B0393044B1B6878
:1027D8000398984700BF05B05DF804FBA8FB0E00FE
:1027E800682A002000B583B003468DF807309DF8AD
:1027F8000730022B0ED0022B10DC002B02D0012B4D
:1028080004D00BE00748FFF7BDFF07E00648FFF7D5
:10281800B9FF03E00548FFF7B5FF00BF00BF03B0ED
:102828005DF804FB9CFB0E00A0FB0E00A4FB0E0051
:1028380000B583B001900198FFF7A4FF00BF03B073
:102848005DF804FB00B583B003468DF807300348F4
:10285800FFF798FF00BF03B05DF804FBACFB0E0068
:1028680082B003468DF807309DF80730082B27D82B
:1028780001A252F823F000BFA5280E00A9280E00D7
:10288800AD280E00B1280E00B5280E00B9280E009C
:10289800BD280E00C1280E00C5280E00002310E038
:1028A80000230EE001230CE000230AE0002308E0E7
:1028B800012306E0012304E0012302E0012300E0F4
:1028C8000023184602B0704782B003468DF80730DF
:1028D8009DF80730082B27D801A252F823F000BF33
:1028E8000D290E0011290E0015290E0019290E00B8
:1028F8001D290E0021290E0025290E0029290E0068
:102908002D290E00002310E000230EE001230CE027
:1029180000230AE0002308E0002306E0002304E087
:10292800002302E0012300E00023184602B07047AC
:10293800014B1B7818467047642A002010B582B0F6
:1029480003468DF807309DF807301846FFF788FFD3
:1029580003461C461C4B1B781846FFF781FF0346AD
:102968009C420DD09DF807301846FFF779FF0346C3
:10297800002B03D0154803F0B9FE01E003F0F2FE86
:102988009DF807301846FFF79FFF03461C460E4B7D
:102998001B781846FFF798FF03469C420CD09DF819
:1029A80007301846FFF790FF0346002B02D006F0C9
:1029B80047FC01E006F03AFC034A9DF80730137023
:1029C80000BF02B010BD00BF642A00202000002014
:1029D80000B587B001900B468DF8033013468DF88B
:1029E80002309DF80230002B01D0072328E09DF823
:1029F800033019460198FFF723FD04900498FFF768
:102A080045FD03468DF80F3000238DF8173010E090
:102A18009DF8173019460498FFF73FFD0290029B76
:102A28001B78184600F026FC9DF8173001338DF806
:102A380017309DF817209DF80F309A42E8D30023ED
:102A4800184607B05DF804FB00B587B001900B4647
:102A58008DF803309DF8033019460198FFF7F0FC14
:102A680004900498FFF712FD03468DF80F300023F9
:102A78008DF8173010E09DF8173019460498FFF7C5
:102A88000CFD0290029B1B78184600F011FC9DF883
:102A9800173001338DF817309DF817209DF80F3047
:102AA8009A42E8D300BF00BF07B05DF804FB0000FE
:102AB80000B589B00190424806F0FEF90690069BE1
:102AC800002B01D0069B76E03E4B00221A703E4B4D
:102AD80000221A603D4B00221A60482200213C481F
:102AE8000CF081FC482200213A480CF07CFC019B48
:102AF800002B09D1384B394A1A60374B00225A60EB
:102B0800354B00221A7204E0334B019A07CA83E856
:102B18000700314B1B68002B02D1304A2E4B1A603C
:102B2800002003F07BFE0690069B002B05D0069B39
:102B3800852B02D0069807F08AF8FFF7EFFC05907E
:102B480000238DF81F3018E000238DF81E3007E0B1
:102B58000398FFF7BCFC034605991846FFF7E0FD0C
:102B68009DF81E305A1C8DF81E2019460498FFF750
:102B780094FC0390039B002BEAD19DF81F305A1C4C
:102B88008DF81F2019460598FFF75AFC0490049BFE
:102B9800002BD9D10B238DF8083002AB19460598C4
:102BA800FFF7E2FC0690069B002B03D0FFF71CFC06
:102BB800069B00E00023184609B05DF804FB00BF3F
:102BC80039280E00642A00205C2A0020602A002090
:102BD800CC290020142A0020682A0020952C0E00F9
:102BE80000B583B006F09CFA034683F00103DBB21C
:102BF800002B04D106F0A0FA0346002B01D00823CD
:102C08000CE0084803F02CFE0190019B0093009B08
:102C1800002B02D0009807F01AF80023184603B0DA
:102C28005DF804FBB0FB0E0008B506F0CBF900BF59
:102C380008BD08B506F022FA00BF08BD08B507E0D0
:102C4800FFF778FC034683F00103DBB2002B0BD1BE
:102C5800FFF77DFC034683F00103DBB2002BEFD1C5
:102C68000248FFF78FFD00E000BF08BDB4FB0E006F
:102C780000B583B082238DF8043001AB1846FFF706
:102C880081FD00BF03B05DF804FB000000B587B00C
:102C98000190019B1B78852B00F24B8201A252F810
:102CA80023F000BFC52F0E0007300E0095300E0030
:102CB80029300E0059300E00BD300E00CD300E0008
:102CC8003B310E0011310E001F310E002D310E0068
:102CD8003B310E003B310E003B310E003B310E0004
:102CE800AF300E003B310E003B310E003B310E0081
:102CF8003B310E003B310E003B310E003B310E00E4
:102D08003B310E003B310E003B310E003B310E00D3
:102D18003B310E003B310E003B310E003B310E00C3
:102D28003B310E003B310E003B310E003B310E00B3
:102D38003B310E003B310E003B310E003B310E00A3
:102D48003B310E003B310E003B310E003B310E0093
:102D58003B310E003B310E003B310E003B310E0083
:102D68003B310E003B310E003B310E003B310E0073
:102D78003B310E003B310E003B310E003B310E0063
:102D88003B310E003B310E003B310E003B310E0053
:102D98003B310E003B310E003B310E003B310E0043
:102DA8003B310E003B310E003B310E003B310E0033
:102DB8003B310E003B310E003B310E003B310E0023
:102DC8003B310E003B310E003B310E003B310E0013
:102DD8003B310E003B310E003B310E003B310E0003
:102DE8003B310E003B310E003B310E003B310E00F3
:102DF8003B310E003B310E003B310E003B310E00E3
:102E08003B310E003B310E003B310E003B310E00D2
:102E18003B310E003B310E003B310E003B310E00C2
:102E28003B310E003B310E003B310E003B310E00B2
:102E38003B310E003B310E003B310E003B310E00A2
:102E48003B310E003B310E003B310E003B310E0092
:102E58003B310E003B310E003B310E003B310E0082
:102E68003B310E003B310E003B310E003B310E0072
:102E78003B310E003B310E003B310E003B310E0062
:102E88003B310E003B310E003B310E003B310E0052
:102E98003B310E003B310E003B310E003B310E0042
:102EA8003B310E00432F0E00C52E0E00092F0E00D9
:102EB800772F0E00972F0E00C5300E00A348FFF79E
:102EC8004FFCA24800F092FA0D20FFF75DFB00F0DE
:102ED800A5FB02F014FE9E4B1B68002B03D19D4BF3
:102EE8001B7A002B01D0012300E0002303F001032B
:102EF800DBB2184606F0D6F80120FFF71FFD21E1E6
:102F080000F08CFB06F0F4F80020FFF717FD92485C
:102F180000F06CFA9048FFF723FC0E20FFF734FB13
:102F2800FFF706FD03461846FFF79AFC0346002BF9
:102F380000F0018103F016FCFDE0FFF7F9FC034601
:102F4800072B0ED0072B10DC052B02D0062B04D044
:102F58000BE00220FFF7F2FC08E00820FFF7EEFC88
:102F680004E00220FFF7EAFC00E000BFEAE0FFF718
:102F7800DFFC0346032B40F0E08006F0E9F8034647
:102F8800002B00F0DA800420FFF7D8FCD5E0FFF72B
:102F9800CFFC0346032B07D106F0DAF80346002BD3
:102FA80002D00420FFF7CAFC06F002F90346002B02
:102FB80000F0C5800620FFF7C1FCC0E0FFF7B8FCB1
:102FC8000346032B04D0FFF7B3FC0346082B02D1BA
:102FD8006248FFF75BFE0020FFF7D6FA00F07CF9A5
:102FE800059008E001990598FFF7BEFA0390059847
:102FF800FFF787FA0590059B002BF3D1A2E000F0BC
:103008000DFB02F073FD0220FFF798FC0120FFF78B
:10301800BBFA0198FFF7A4FB019800F0E7F991E0EB
:10302800FFF786FC0346082B05D10220FFF786FC34
:1030380006F010F902E00520FFF780FC0320FFF7F7
:10304800A3FA0198FFF78CFB019800F0CFF979E01B
:103058000320FFF799FA4248FFF782FB404800F047
:10306800C5F9FFF765FC0346062B02D0082B04D0F0
:1030780007E00720FFF762FC07E00220FFF75EFC8D
:1030880003E00220FFF75AFC5CE05BE00320FFF757
:1030980055FC0220FFF778FA019800F0A7F901988B
:1030A800FFF75EFB4EE00F20FFF76EFA019800F085
:1030B8009DF947E00198FFF753FB43E00198FFF7BC
:1030C8004FFB3FE0019B9B781846FFF7F3FA04900B
:1030D800049B5B68049A1268019910469847034656
:1030E800002B2ED0019B9B7803F00F03002B28D0D8
:1030F800019B9B7803F00803002B22D1019B9B784E
:10310800184606F088FA1CE00820FFF73DFA0198F7
:1031180000F06CF916E00920FFF736FA019800F084
:1031280065F90FE00A20FFF72FFA019800F05EF921
:1031380008E000BF06E000BF04E000BF02E000BFF7
:1031480000E000BF00BF07B05DF804FBB8FB0E004D
:10315800602A0020682A0020BCFB0E00C0FB0E007D
:10316800C4FB0E0000B589B0019000238DF819301A
:103178001CE000238DF81B300BE00398FFF7A7F93C
:1031880003461846FFF7BCFA0346002B01D011236B
:103198005DE09DF81B305A1C8DF81B2019460598D8
:1031A800FFF77BF90390039B002BE6D19DF81930BC
:1031B8005A1C8DF8192019460198FFF741F9059016
:1031C800059B002BD5D100238DF8193018E000237A
:1031D8008DF81A3007E00498FFF779F9034601994A
:1031E8001846FFF79DFA9DF81A305A1C8DF81A20D8
:1031F80019460598FFF751F90490049B002BEAD172
:103208009DF819305A1C8DF8192019460198FFF7B6
:1032180017F90590059B002BD9D10F4B079306E0B2
:10322800079B1B681846FFF759F903460793079B46
:103238001B68002BF4D1079B019A1A600B238DF8A9
:10324800083002AB19460198FFF78EF90346184675
:1032580009B05DF804FB00BF5C2A0020044B1B7812
:10326800002B14BF01230023DBB21846704700BFB0
:10327800652A002000B583B003468DF807309DF815
:10328800073003F00803002B09D19DF807301846D2
:1032980006F009FA9DF80730184606F0CEF99DF8B1
:1032A8000730184606F01AF800BF03B05DF804FBB3
:1032B80000B583B003468DF807309DF807301846EF
:1032C80006F05CF800BF03B05DF804FB014B1B6817
:1032D800184670475C2A0020014B1B681846704747
:1032E800602A002000B587B0034600918DF80730AA
:1032F800FFF7ECFF059031E00598FFF79AF80346D1
:103308008DF8123000238DF813301DE09DF813302E
:1033180019460598FFF794F803900398FFF7AFF85C
:1033280003461A469DF80730934208D1009B002BAC
:1033380003D0009B9DF813201A70059B12E09DF89E
:10334800133001338DF813309DF813209DF8123097
:103358009A42DBD30598FFF7C8F80590059B002B28
:10336800CAD10023184607B05DF804FB00B585B044
:1033780003900B4601928DF80B3001990398FFF7E3
:10338800F3F80346184605B05DF804FB00B585B0B0
:10339800034600918DF807309DF90730002B05DAB8
:1033A8009DF8073003F00F03082B09DD9DF907305E
:1033B800002B16DB9DF8073003F00F03082B10DCF9
:1033C8009DF807301846FFF775F903461B68039305
:1033D800039B002B05D000990398FFF7C5F8034617
:1033E80000E01023184605B05DF804FB00B585B071
:1033F8000190FFF76BFF039007E001990398FFF72F
:10340800B3F80398FFF771F80390039B002BF4D1EE
:1034180000BF00BF05B05DF804FB00B585B00190A2
:1034280006230293FFF752FF03900BE001990398DC
:10343800FFF79AF80290029B062B07D10398FFF733
:1034480054F80390039B002BF0D100E000BF029BCF
:10345800184605B05DF804FB00B583B0034600913B
:103468008DF807309DF80730184605F023FF03460E
:1034780083F00103DBB2002B01D008230CE0084BDA
:103488001B78022B01D0082306E09DF8073000992D
:10349800184605F093FF0346184603B05DF804FB91
:1034A800642A002000B583B0034600918DF80730E8
:1034B8009DF80730184605F0FDFE034683F001032A
:1034C800DBB2002B01D008230CE0084B1B78022B41
:1034D80001D0082306E09DF807300099184606F049
:1034E8001FF80346184603B05DF804FB642A002061
:1034F80000B585B001900B468DF8033013468DF862
:10350800023006230393019B5B689B68002B09D05C
:10351800019B5B689B689DF802209DF80310019849
:1035280098470390039B062B08D19DF802209DF82D
:10353800033019460198FFF74BFA0390039B18468E
:1035480005B05DF804FB00B583B001900B468DF81B
:103558000330019B5B68DB68002B07D0019B5B682D
:10356800DB689DF803201146019898479DF80330C1
:1035780019460198FFF768FA00BF03B05DF804FB2D
:1035880000B585B001900B468DF8033000238DF807
:103598000F30019B5B681B69002B0AD0019B5B689D
:1035A8001B699DF8032011460198984703468DF83A
:1035B8000F309DF80F30184605B05DF804FB00B5D4
:1035C80085B0FFF783FE039020E00398FEF731FFF4
:1035D80003468DF80A3000238DF80B300CE09DF877
:1035E8000B30002219460398FFF782FF01909DF8DF
:1035F8000B3001338DF80B309DF80B209DF80A3005
:103608009A42ECD30398FEF770FF0390039B002BBC
:10361800DBD100BF00BF05B05DF804FB00B583B087
:10362800FFF754FE01901EE00198FEF702FF0346E3
:103638008DF8023000238DF803300AE09DF803303E
:1036480019460198FFF77FFF9DF8033001338DF885
:1036580003309DF803209DF802309A42EED301987A
:10366800FEF743FF0190019B002BDDD100BF00BF97
:1036780003B05DF804FB82B003468DF807309DF86F
:10368800073003F01F03DBB2184602B0704782B060
:1036980003468DF807309DF807305B0903F00303F4
:1036A800DBB2184602B0704782B003468DF8073087
:1036B8009DF80730DB09DBB2184602B0704782B0CC
:1036C8000190019B1B7A184602B0704700B585B07F
:1036D80001900B468DF803300198FFF7F0FF034681
:1036E8001A469DF80330934201D3002309E0019B59
:1036F800093303939DF8032013465B001344039A90
:103708001344184605B05DF804FB82B00190019B94
:103718001B78184602B0704782B00190019B5B7815
:10372800184602B0704784B001900B468DF80330FC
:10373800019B5B789DF803209A4201D3002309E09E
:10374800019B9B781A46019B134403939DF8033011
:10375800039A1344184604B0704782B00190019B45
:103768001B78184602B0704782B00190019B18463A
:1037780002B0704782B00190019B184602B07047B2
:1037880082B00190019B1B680C33184602B0704749
:1037980000B585B001900B468DF803300198FFF70E
:1037A800E9FF0390039BDB69002B06D0039BDB69D1
:1037B8009DF8032011460198984700BF05B05DF8B1
:1037C80004FB00B585B0019000210198FFF77EFF4A
:1037D800039000210398FFF7A6FF02900298FFF7D5
:1037E800BCFF0346184605B05DF804FB00B585B07C
:1037F800019001210198FFF769FF039000210398C8
:10380800FFF791FF02900298FFF7A7FF03461846BB
:1038180005B05DF804FB00B585B001900121019861
:10382800FFF754FF039001210398FFF77CFF0290F4
:103838000298FFF792FF0346184605B05DF804FBAF
:1038480000B589B003900291029B5B781846FFF798
:1038580012FF0346012B21D1029B9B78062B1DD119
:103868000023059304AB184602F0BEF90790029BAB
:103878001979029BDA7805AB0093079B0398FEF74A
:1038880099FE0690069B052B08D0029B0133059AEA
:103898000799184602F03CF9034600E0062318464B
:1038A80009B05DF804FB82B00190009100BF0623C7
:1038B800184602B0704700B585B001900091019894
:1038C800FFF758FF03900398FFF75AFF0290009BF9
:1038D8009B78212B11D1009BB3F807309BB2072BA3
:1038E80001D006230BE0009B581C029B0C330722D7
:1038F800194602F00DF9034601E000BF06231846F9
:1039080005B05DF804FB00B585B0034600918DF85D
:1039180007309DF80730002B01D0032316E0009BE9
:1039280003930398FFF72CFF0290029B1B78202B30
:103938000BD1029B03F10C00029B023307221946AC
:103948000BF028FD00BF002300E00623184605B051
:103958005DF804FB00B58BB0019000910198FFF76A
:1039680009FF08900898FFF70BFF0790009B9A78CB
:10397800079B1A70009BB3F807309BB2DAB2079B1B
:103988005A70079B02330493079B5B7805930023C7
:103998000693002002F04EFA04AB19460020FFF708
:1039A8005BFD0990099B002B09D1094B0293089BE9
:1039B800039302AB1946002002F0F8F809900020A2
:1039C80002F041FA099B18460BB05DF804FB00BFF2
:1039D8000F390E0000B585B001900198FFF7CAFEB7
:1039E80003900398FFF7CCFE0290029B00229A8274
:1039F800029B00229A61029B00221A62029B00220B
:103A0800DA66029B00221A67029B00225A67029B11
:103A180000229A67029B03F12802029B9A6600BF64
:103A280005B05DF804FB00B587B0019000910198DE
:103A3800FFF7A0FE05900598FFF7A2FE0490009BF3
:103A48009B78202B04D0222B10D000BF06237BE0CC
:103A5800009BB3F807309BB2072B01D0062373E015
:103A680000990198FFF776FF03466DE0009BB3F8D5
:103A780007309BB2002B01D0062365E0049B9B8A8C
:103A880003F00103002B14BF012300238DF80F302E
:103A9800009BB3F803309AB2049B9A82049B9B8ADA
:103AA80003F00103002B14BF012300238DF80E300F
:103AB8009DF80F209DF80E309A4201D1002343E073
:103AC8009DF80E30002B01D0022300E003238DF86F
:103AD8000D309DF80D3019460198FFF759FE9DF8F5
:103AE8000E3083F00103DBB2002B2CD00198FFF7D6
:103AF8007DFE03468DF80C309DF80C30184604F016
:103B08009BFB0198FFF787FE03468DF80C309DF864
:103B18000C30184604F090FB049B00229A61049B29
:103B280000221A62049B0022DA66049B00221A67AC
:103B3800049B00225A67049B00229A67049B03F1A6
:103B48002802049B9A660023184607B05DF804FB18
:103B580000B583B001900091009B5B781846FFF791
:103B6800A3FD0346012B16D1009B5B781846FFF78F
:103B78008EFD0346002B02D0012B06D022E00099CF
:103B88000198FFF75DFE03461DE000990198FFF7D5
:103B980092FE034617E0009B5B781846FFF777FD17
:103BA8000346002B02D0012B06D00BE000990198A8
:103BB800FFF779FE034606E000990198FFF733FF07
:103BC800034600E00623184603B05DF804FB86B000
:103BD8000390029101920093029B0593039B009A24
:103BE8005A60059BDB69009A9A421DD8059B9A6921
:103BF800039B1A60059B9A69009B1A44059B9A616E
:103C0800059B1A6F009B1A44059B1A67059BDA6986
:103C1800009BD21A059BDA61059BDB69002B14BF58
:103C280001230023DBB208E0059B03F12802039B74
:103C38001A60059B009A9A670023184606B07047D9
:103C480000B58BB001900198FFF794FD0890089893
:103C5800FFF796FD07900198FFF7DDFD03468DF805
:103C68001B306C4B0393079B0493079BDB69002B6A
:103C780026D1079B1A6F079B5A67079B00221A6772
:103C8800079B0022DA66079B1B6A002B13D0079B51
:103C9800079A1833203292E8030083E80300079B51
:103CA80000221A6203AA9DF81B3011461846FFF736
:103CB800F9FB0346A9E0079B00229A610023A4E0D0
:103CC800079B9B6F0593059B0993079BDB69059AE7
:103CD8009A4202D9079BDB690993079B9869079B5E
:103CE8002833099A19460BF055FB079B1A6F099B55
:103CF8001A44079B5A67079B00221A67059A099B73
:103D0800D21A079BDA66079B03F12802099B1A441B
:103D1800079B9A66079B1B6A002B65D0079B079A2F
:103D28001833203292E8030083E80300079B00223F
:103D38001A6254E0079BDA6E079BDB699A4232D31A
:103D4800079B9869079B996E079BDB691A460BF0DE
:103D580021FB079BDA6E079BDB69D21A079BDA66A1
:103D6800079B9A6E079BDB691A44079B9A66079B19
:103D7800DA69079B5A6700210198FFF709FD079B3D
:103D88001B6A002B0BD0079B079A1833203292E846
:103D9800030083E80300079B00221A621FE0079BC9
:103DA80000229A6123E0079B9869079B996E079BFD
:103DB800DB6E1A460BF0EEFA079BDA6E079B1A6762
:103DC800079BDA69079BDB6ED21A079BDA61079BB0
:103DD8009A69079BDB6E1A44079B9A6107E0079B69
:103DE800DB6E002BA6D102E0079B00229A61079B9D
:103DF8009B69002B08D003AA9DF81B301146184672
:103E0800FFF750FB034600E0002318460BB05DF8AF
:103E180004FB00BFD73B0E0000B585B001900091B0
:103E28000198FFF7CEFC03461A46009B9B789A42FE
:103E380001D1002334E0009B9B785BB2002B10DAA1
:103E4800009BDB78002B02D0032B06D007E0012172
:103E58000198FFF79DFC002322E0002320E00323C4
:103E68001EE0009B9B785BB2002B18DB009BDB7885
:103E7800032B10D0032B10DC002B02D0012B0AD00F
:103E88000BE00198FFF7DCFE039000210198FFF793
:103E98007FFC039B04E0002302E0032300E00623E9
:103EA800184605B05DF804FB00B585B00190009197
:103EB80000230393009B1B780E2B39D801A252F8DC
:103EC80023F000BF3F3F0E00093F0E003F3F0E00AA
:103ED8003F3F0E00393F0E00113F0E001D3F0E0000
:103EE800393F0E00393F0E00293F0E00393F0E00C2
:103EF8003F3F0E003F3F0E003F3F0E003F3F0E008A
:103F08000198FFF767FD17E000990198FFF720FE79
:103F1800039011E000990198FFF77EFF03900BE0F2
:103F280003210198FFF734FC0198FFF753FD03E0E4
:103F38000623039300E000BF039B184605B05DF815
:103F480004FB00BF10B58AB0039002910192009360
:103F58000298FFF7B4FB03461A46CD4B1A70029835
:103F6800FFF708FC0990019B059300230693009B2B
:103F78000793039B0893089B1B68002B00F00C8198
:103F8800B3F5647F80F0B78640F213329342C0F0F5
:103F9800B286A3F213337C2B00F2AD8601A252F84D
:103FA80023F000BFBF410E00F5410E002D420E0068
:103FB80063420E009F420E00D5420E000D430E00D4
:103FC80043430E00FF4C0E00FF4C0E00FF4C0E004A
:103FD800FF4C0E00FF4C0E00FF4C0E0083430E00FA
:103FE800B9430E00FF4C0E00FF4C0E00FF4C0E00B4
:103FF800FF4C0E000B440E0041440E0081440E009D
:10400800FF4C0E00FF4C0E00FF4C0E00CB440E0080
:1040180001450E0037450E00FF4C0E00FF4C0E0008
:10402800FF4C0E00FF4C0E0081450E00BF450E00F0
:10403800F3450E00FF4C0E00FF4C0E00FF4C0E0027
:10404800FF4C0E00FF4C0E00FF4C0E0027460E00E2
:10405800FF4C0E00FF4C0E00FF4C0E00FF4C0E00F4
:1040680071460E00A5460E00D9460E000D470E00FB
:1040780041470E00FF4C0E00FF4C0E0075470E0026
:10408800A9470E00DD470E0011480E0047480E00F4
:10409800FF4C0E00FF4C0E007F480E00B3480E0088
:1040A800E7480E001B490E00FF4C0E00FF4C0E00A7
:1040B8004F490E0083490E00B7490E00ED490E0026
:1040C800234A0E00FF4C0E00FF4C0E00FF4C0E0062
:1040D800FF4C0E00FF4C0E00FF4C0E00FF4C0E0074
:1040E800FF4C0E00FF4C0E00FF4C0E00FF4C0E0064
:1040F800FF4C0E00FF4C0E00FF4C0E00FF4C0E0054
:10410800FF4C0E00FF4C0E00FF4C0E00FF4C0E0043
:104118007D4A0E00B14A0E00FF4C0E00FF4C0E0007
:10412800FF4C0E00054B0E00FF4C0E00FF4C0E001E
:10413800FF4C0E00FF4C0E004D4B0E00FF4C0E00C6
:10414800FF4C0E00FF4C0E00FF4C0E00974B0E006C
:10415800FF4C0E00FF4C0E00FF4C0E00FF4C0E00F3
:10416800FF4C0E00FF4C0E00CB4B0E00FF4B0E0019
:10417800FF4C0E00FF4C0E00FF4C0E00FF4C0E00D3
:104188004B4C0E00FF4C0E00FF4C0E00FF4C0E0077
:10419800FF4C0E00A74C0E00089B08221A71069AC5
:1041A800079B9A4206D3089B40F213321A600123F8
:1041B80000F0A5BD00BF059B002B05D0089A059906
:1041C800069B0B4412791A70069B01330693089BD1
:1041D8000B221A71069A079B9A4206D3089B4FF442
:1041E80045721A60012300F08ABD00BF059B002BB1
:1041F80005D0089A0599069B0B4412791A70069BFC
:1042080001330693089B099A127D1A71069A079B37
:104218009A4206D3089B40F215321A60012300F037
:104228006EBD00BF059B002B05D0089A0599069B1B
:104238000B4412791A70069B01330693089B0222DD
:104248001A71069A079B9A4206D3089B40F21632C7
:104258001A60012300F053BD00BF059B002B05D059
:10426800089A0599069B0B4412791A70069B01332C
:104278000693089B02221A71069A079B9A4209D351
:10428800089B40F217321A60012300F038BD00BFC6
:10429800742A002000BF059B002B05D0089A0599B9
:1042A800069B0B4412791A70069B01330693089BF0
:1042B80002221A71069A079B9A4206D3089B4FF46A
:1042C80046721A60012300F01ABD00BF059B002B3F
:1042D80005D0089A0599069B0B4412791A70069B1B
:1042E80001330693089B099A527E1A71069A079B16
:1042F8009A4206D3089B40F219321A60012300F053
:10430800FEBC00BF059B002B05D0089A0599069BAB
:104318000B4412791A70069B01330693089B0022FE
:104328001A71069A079B9A4206D3089B40F21A32E2
:104338001A60012300F0E3BC00BF059B002B05D0E9
:10434800089A0599069B0B4412791A70069B01334B
:104358000693964B00221A7000F0C0BC089B0922F5
:104368001A71069A079B9A4206D3089B40F221329B
:104378001A60012300F0C3BC00BF059B002B05D0C9
:10438800089A0599069B0B4412791A70069B01330B
:104398000693089B04221A71069A079B9A4206D331
:1043A800089B40F222321A60012300F0A8BC00BF2B
:1043B800059B002B05D0089A0599069B0B4412799A
:1043C8001A70069B01330693784B1B78194602989E
:1043D800FFF77CF90346764A1360754B1B68089C07
:1043E8001846FFF792F903462371069A079B9A42EB
:1043F80006D3089B40F227321A60012300F07FBCE5
:1044080000BF059B002B05D0089A0599069B0B4415
:1044180012791A70069B01330693089B00221A71C1
:10442800069A079B9A4206D3089B4FF44A721A6071
:10443800012300F064BC00BF059B002B05D0089A3F
:104448000599069B0B4412791A70069B0133069353
:10445800574B1B68089C1846FFF75EF90346237103
:10446800069A079B9A4206D3089B40F229321A60A3
:10447800012300F044BC00BF059B002B05D0089A1F
:104488000599069B0B4412791A70069B0133069313
:10449800099B1C7D464B1B681846FFF736F90346F7
:1044A8009C4251D1089B02221A71069A079B9A4294
:1044B80006D3089B40F22D321A60012300F01FBC7E
:1044C80000BF059B002B05D0089A0599069B0B4455
:1044D80012791A70069B01330693089B02221A71FF
:1044E800069A079B9A4206D3089B40F22E321A601E
:1044F800012300F004BC00BF059B002B05D0089ADF
:104508000599069B0B4412791A70069B0133069392
:10451800089B099A527E1A71069A079B9A4205D3FC
:10452800089B40F22F321A600123E8E300BF059B85
:10453800002B05D0089A0599069B0B4412791A702E
:10454800069B013306935CE0099B9C7D184B1B6816
:104558001846FFF7DAF803469C4252D1089B0A2214
:104568001A71069A079B9A4205D3089B4FF44D721D
:104578001A600123C3E300BF059B002B05D0089AEE
:104588000599069B0B4412791A70069B0133069312
:10459800089B00221A71069A079B9A420AD3089B25
:1045A80040F235321A600123A9E300BF752A0020C2
:1045B800782A002000BF059B002B05D0089A059992
:1045C800069B0B4412791A70069B01330693089BCD
:1045D80000221A71069A079B9A4205D3089B40F25B
:1045E80036321A6001238AE300BF059B002B05D0F1
:1045F800089A0599069B0B4412791A70069B013399
:104608000693089B00221A71069A079B9A4205D3C3
:10461800089B40F23D321A60012370E300BF059BFE
:10462800002B05D0089A0599069B0B4412791A703D
:10463800069B01330693099B1C7D8D4B1B6818460E
:10464800FFF763F803469C4240F0F481089B05227B
:104658001A71069A079B9A4205D3089B40F2423288
:104668001A6001234BE300BF059B002B05D0089A75
:104678000599069B0B4412791A70069B0133069321
:10468800089B24221A71069A079B9A4205D3089B15
:1046980040F243321A60012331E300BF059B002B2F
:1046A80005D0089A0599069B0B4412791A70069B47
:1046B80001330693089B00221A71069A079B9A42B7
:1046C80005D3089B4FF451721A60012317E300BF0A
:1046D800059B002B05D0089A0599069B0B44127977
:1046E8001A70069B01330693089B10221A71069ACA
:1046F800079B9A4205D3089B40F245321A60012372
:10470800FDE200BF059B002B05D0089A0599069B82
:104718000B4412791A70069B01330693089B0122F9
:104728001A71069A079B9A4205D3089B40F24632B3
:104738001A600123E3E200BF059B002B05D0089A0D
:104748000599069B0B4412791A70069B0133069350
:10475800089B05221A71069A079B9A4205D3089B63
:1047680040F249321A600123C9E200BF059B002BC1
:1047780005D0089A0599069B0B4412791A70069B76
:1047880001330693089B24221A71069A079B9A42C2
:1047980005D3089B40F24A321A600123AFE200BFFA
:1047A800059B002B05D0089A0599069B0B441279A6
:1047B8001A70069B01330693089B01221A71069A08
:1047C800079B9A4205D3089B40F24B321A6001239B
:1047D80095E200BF059B002B05D0089A0599069B1A
:1047E8000B4412791A70069B01330693089B032227
:1047F8001A71069A079B9A4205D3089B4FF4537285
:104808001A6001237BE200BF059B002B05D0089AA4
:104818000599069B0B4412791A70069B013306937F
:10482800089B099A927D1A71069A079B9A4205D3AA
:10483800089B40F24D321A60012360E200BF059BDD
:10484800002B05D0089A0599069B0B4412791A701B
:10485800069B01330693089B04221A71069A079B4C
:104868009A4207D3089B4FF454721A60012346E218
:10487800782A002000BF059B002B05D0089A0599CF
:10488800069B0B4412791A70069B01330693089B0A
:1048980024221A71069A079B9A4205D3089B40F274
:1048A80051321A6001232AE200BF059B002B05D074
:1048B800089A0599069B0B4412791A70069B0133D6
:1048C8000693089B02221A71069A079B9A4205D3FF
:1048D800089B40F252321A60012310E200BF059B88
:1048E800002B05D0089A0599069B0B4412791A707B
:1048F800069B01330693089B02221A71069A079BAE
:104908009A4205D3089B40F253321A600123F6E11C
:1049180000BF059B002B05D0089A0599069B0B4400
:1049280012791A70069B01330693089B05221A71A7
:10493800069A079B9A4205D3089B40F256321A60A2
:104948000123DCE100BF059B002B05D0089A0599DF
:10495800069B0B4412791A70069B01330693089B39
:1049680024221A71069A079B9A4205D3089B40F2A3
:1049780057321A600123C2E100BF059B002B05D006
:10498800089A0599069B0B4412791A70069B013305
:104998000693089B06221A71069A079B9A4205D32A
:1049A800089B4FF456721A600123A8E100BF059BCB
:1049B800002B05D0089A0599069B0B4412791A70AA
:1049C800069B01330693089B099A127D1A71069A71
:1049D800079B9A4205D3089B40F259321A6001237B
:1049E8008DE100BF059B002B05D0089A0599069B11
:1049F8000B4412791A70069B01330693089B099A97
:104A0800927D1A71069A079B9A4205D3089B40F239
:104A18005A321A60012372E100BF059B002B05D0B2
:104A2800089A0599069B0B4412791A70069B013364
:104A3800069304E0954B1B681846FEF766FE934BF9
:104A48001B681846FEF768FE03461A46904B1A7014
:104A5800904B00221A7034E1089B07221A71069ABB
:104A6800079B9A4205D3089B40F26E321A600123D5
:104A780045E100BF059B002B05D0089A0599069BC8
:104A88000B4412791A70069B01330693089B052282
:104A98001A71069A079B9A4205D3089B40F26F3217
:104AA8001A6001232BE100BF059B002B05D0089A53
:104AB8000599069B0B4412791A70069B01330693DD
:104AC800724B1B68734A127811461846FEF72BFE84
:104AD8000346714A1360704B1B68089C1846FEF722
:104AE8003CFE03462371069A079B9A4205D3089B0E
:104AF80040F273321A60012301E100BF059B002BCD
:104B080005D0089A0599069B0B4412791A70069BE2
:104B180001330693099B1C7D5C4B1B681846FEF706
:104B2800F4FD03469C421AD1089B03221A71069A87
:104B3800079B9A4205D3089B4FF45E721A600123C3
:104B4800DDE000BF059B002B05D0089A0599069B60
:104B58000B4412791A70069B0133069323E0099BD4
:104B68009C7D4A4B1B681846FEF7CFFD03469C42C6
:104B780019D1089B02221A71069A079B9A4205D3FB
:104B8800089B40F27D321A600123B8E000BF059B04
:104B9800002B05D0089A0599069B0B4412791A70C8
:104BA800069B01330693089B40221A71069A079BBD
:104BB8009A4205D3089B4FF461721A6001239EE064
:104BC80000BF059B002B05D0089A0599069B0B444E
:104BD80012791A70069B01330693089B00221A71FA
:104BE800069A079B9A4205D3089B40F285321A60C1
:104BF800012384E000BF059B002B05D0089A059986
:104C0800069B0B4412791A70069B01330693099B85
:104C18001C7D1E4B1B681846FEF777FD03469C4219
:104C28001CD1099B1A6A089B12781A71069A079B6D
:104C38009A4205D3089B40F28A321A6001235EE04B
:104C480000BF059B002B05D0089A0599069B0B44CD
:104C580012791A70069B013306932CE0099B9C7D00
:104C68000A4B1B681846FEF750FD03469C4222D1AA
:104C7800089B00221A71069A079B9A420ED3089B3A
:104C880040F28F321A60012339E000BF782A0020F1
:104C98007C2A00207D2A0020802A002000BF059B56
:104CA800002B05D0089A0599069B0B4412791A70B7
:104CB800069B01330693134B1B780133DAB2114B71
:104CC8001A70104B1A78104B1B789A42FFF4C4AE36
:104CD8000E4B1B780133DAB20C4B1A700B4B1A7857
:104CE8000B4B1B789A42FFF439AB089B40F29A327F
:104CF8001A60012303E0089B00221A60002318466B
:104D08000AB010BD7D2A00207C2A0020752A0020C8
:104D1800742A002000B58FB0039002910192039885
:104D2800FEF722FD0D900398FEF72AFD0C900C9BD0
:104D38009B8A03F00103002B14BF012300238DF885
:104D48002F309DF82F3083F00103DBB2002B01D008
:104D5800082327E00D98FEF749FD03468DF82E300D
:104D6800019B03F03F03002B0ED1029B0893019B8C
:104D7800099301230A9308AA9DF82E301146184674
:104D8800FEF76AFB03460DE0029B0593019B069321
:104D98000023079305AA9DF82E3011461846FEF702
:104DA8005BFB034618460FB05DF804FB00B58BB0FB
:104DB8000390029101920398FEF7E2FC0890089B89
:104DC8009B8A03F00103002B01D108237BE000201C
:104DD80001F030F8089B9B69002B61D1089BDB6EC2
:104DE800019A9A4218D8089B9B6E019A1946029814
:104DF8000AF0D0FA089BDA6E019BD21A089BDA6691
:104E0800089B9A6E019B1A44089B9A66089B019A14
:104E18005A670023099352E0089B029A9A61089BFB
:104E2800019ADA610398FEF79FFC03461846FEF7DD
:104E3800F2FC03468DF81F30254B0593089B06931B
:104E4800089BDB6E002B1DD0089B9869089B996E08
:104E5800089BDB6E1A460AF09DFA089BDA69089BE4
:104E6800DB6ED21A089BDA61089B9A69089BDB6E95
:104E78001A44089B9A61089BDA6E089B1A67089B7C
:104E88000022DA6605AA9DF81F3011461846FEF77B
:104E980009FB0990099B002B11D1922309930EE07D
:104EA800089B1B6A002B08D1089B029A1A62089B70
:104EB800019A5A629223099301E011230993002071
:104EC80000F0C1FF099B18460BB05DF804FB00BF5A
:104ED800D73B0E0082B00190019B03F1804303F59C
:104EE8001C33184602B0704700B583B003468DF8EE
:104EF80007309DF807301846FFF7ECFF03460122FC
:104F08001A60BFF36F8F00BFBFF34F8F00BF00BFA2
:104F180003B05DF804FB82B003468DF807309DF8B6
:104F2800073003F01F03DBB2184602B0704782B0A7
:104F380003468DF807309DF807305B0903F003033B
:104F4800DBB2184602B0704782B003468DF80730CE
:104F58009DF80730DB09DBB2184602B0704782B013
:104F68000190019B1B7A184602B0704782B00190ED
:104F7800019B1B68184602B0704700B583B00190CA
:104F88000198FFF7F3FF03461B68184603B05DF866
:104F980004FB82B00190019B1B78184602B0704751
:104FA80000B583B003468DF807300E4B1B789DF88B
:104FB80007209A4211D00B4A9DF8073013709DF8CC
:104FC8000730052B06D0084B1B7823F00203DAB212
:104FD800054B1A700548FDF759FE00BF03B05DF890
:104FE80004FB00BF842A0020852A002030FC0E0024
:104FF800014B1B7818467047842A00204FF08043E5
:10500800D3F8383403F00103002B14BF0123002325
:10501800DBB2184670470000024B00221A6000BF3E
:10502800704700BFCC2A002000B585B003468DF834
:1050380007300B4B1B680393039B002B0AD0FFF729
:10504800EBFF074B59689DF80720039B10469847CC
:10505800034600E00E23184605B05DF804FB00BFC8
:10506800CC2A0020044B1B68002B14BF012300230B
:10507800DBB21846704700BFCC2A002082B0034636
:1050880000918DF807300023184602B0704710B51C
:105098008EB003900291019201238DF83730029B64
:1050A8000993099B5B68002B15D1099B1B6818465F
:1050B800FFF763FF0346002B0DD1099B9B68002B6C
:1050C80009D100238DF83730039B00221A60039B17
:1050D80000225A60A2E000230C9300238DF82B30A5
:1050E80004F080FA0890099BDB68019A934228BF74
:1050F80013460B9386E0099B9B680B9A934228BF43
:1051080013460793099B5B68002B0CD0089A0C9BED
:10511800D018099B5B68079A19460AF03BF9099B66
:1051280000225A6014E0099B9B68002B10D0099B51
:105138001B685B685C68099B03F11000099B196890
:10514800089A0C9B1A44079BA04701238DF82B3023
:10515800099B9A68079BD21A099B9A60099BDA688F
:10516800079BD21A099BDA600B9A079BD31A0B93F9
:105178000C9A079B13440C93099B9B68002B0BD13B
:105188009DF82B30002B07D0099B1B681846FFF7AA
:10519800F4FE0246099B1A60099BDB68002B03D1C9
:1051A80000238DF837302DE0099B9B68002B29D10F
:1051B800099B1B68002B0DD1099B00225A600C9B90
:1051C800002B24D00C9A019B9A4220D200238DF800
:1051D80037301CE00023059304E0099B9B685A1CA8
:1051E800099B9A60099B1B685B685C68099B196846
:1051F80005A801230022A0470346002BEDD1099BF7
:1052080000221A610B9B002B7FF475AF00E000BFF2
:10521800039B089A1A60039B0C9A5A609DF83730D2
:1052280018460EB010BD00B587B00190019B5B78A1
:105238001846FFF77CFE0346002B01D0062383E0C7
:10524800019B5B798DF81730FFF7D2FE03468DF886
:105258001630019B9B78032B29D0032B6EDC002B87
:1052680002D0012B44D069E09DF81630052B05D0FB
:105278009DF8173003F00F03002B16D103AB184627
:1052880000F0B2FC04909DF81730184604F0F8F9C5
:1052980003469AB2049B1A80019B013302220499A7
:1052A800184600F035FC03464EE008234CE09DF814
:1052B800173003F00803002B42D1019BB3F80330E9
:1052C8009BB2002B3CD19DF8173003F00F03002B45
:1052D80001D1062338E09DF81630052B06D19DF83C
:1052E8001730184604F097F900232DE008232BE027
:1052F8009DF8173003F00803002B23D1019BB3F866
:1053080003309BB2002B1DD19DF8173003F00F031B
:10531800002B01D1062317E09DF81630052B0BD181
:105328009DF81730184604F0BEF99DF81730184656
:1053380004F083F9002307E0082305E000BF02E03A
:1053480000BF00E000BF0623184607B05DF804FB65
:1053580000B58BB003900B4601928DF80B30019B82
:105368005B781846FFF7E3FD0346002B01D00623C0
:105378006AE0FFF73DFE03468DF82730019B5B7816
:105388001846FFF7E1FD0346012B3BD1019B9B78B3
:10539800002B02D00A2B17D055E09DF82730052B9B
:1053A80001D0082350E006AB184600F01DFC07901A
:1053B800079B00221A80019B013302220799184695
:1053C80000F0A6FB03463FE09DF82730052B01D0EF
:1053D800082339E005AB184600F006FC08909DF854
:1053E8000B3019460398FEF7CBF803461A46089B7C
:1053F8001A70019B013301220899184600F088FBB6
:10540800034621E0019B9B780B2B1BD19DF827308D
:10541800052B01D0082317E0019BB3F803309BB29A
:10542800FF2B01D907230FE0019BDB788DF826308D
:105438009DF826209DF80B3019460398FEF758F87A
:10544800034601E000BF062318460BB05DF804FBD5
:1054580000B585B00190009102AB184600F0C4FB7E
:10546800039002220021039809F0BDFFC02303F036
:105478004003002B06D0039B1B7843F00103DAB2EC
:10548800039B1A700D4B1B785B08DBB203F001031A
:10549800002B06D0039B1B7843F00203DAB2039B70
:1054A8001A70009B013302220399184600F030FB62
:1054B8000346184605B05DF804FB00BF852A0020A6
:1054C80010B58EB001900091009B1B79032B00F062
:1054D800A080032B00F3CB80012B02D0022B11D02C
:1054E800C5E0009BB3F807309BB2002B01D1002325
:1054F800BFE0009B013312225F49184600F008FB09
:105508000346B6E0009BB3F807309BB2002B01D1ED
:105518000023AEE0009BB3F807309BB2092B28BFED
:1055280009239BB2069309230A9300238DF833308D
:10553800FDF7CCFE0B9024E000230D93002302938B
:1055480002E00D9B01330D930B9B5B685C6802A81E
:10555800012300220B99A0470346002BF1D10A9A98
:105568000D9B13440A930B98FFF7F9FC03461A4660
:105578009DF8333013448DF833300B98FFF7FDFC5A
:105588000B900B9B002BD7D104AB184600F02CFBDB
:105598000590069A3949059809F0FCFE059B9DF887
:1055A80033201A710A9B9AB2059B5A80FDF756FE62
:1055B8000346002B06D0059BDB7943F02003DAB2C3
:1055C800059BDA71FDF782FE03462D4A13602C4ACB
:1055D800059B53602A4A069B9360009BB3F80730EB
:1055E8009BB21A46264BDA60002000F023FC2549BE
:1055F8008020FDF757FF0990099B002B04D1224911
:10560800802000F0D3FA0990002000F01CFC099BD0
:105618002FE0009BB3F807309BB2002B01D1002389
:1056280027E0009BDB788DF82330009B5A799B7923
:105638001B021343ADF82030BDF820209DF823301D
:105648001146184600F07EFB0790079B002B01D1FE
:1056580006230EE0009B5C1C0798FFF79AFC0346A4
:105668001A460799204600F053FA034601E000BFA6
:10567800062318460EB010BDDCFB0E00F0FB0E0032
:10568800E02A002028FC0E0020FC0E0000B587B0A0
:105698000190009103AB184600F0A6FA0590FFF7B9
:1056A800A7FC03468DF813309DF81330052B03D162
:1056B800059B01221A7009E09DF81330042B03D1D1
:1056C800059B00221A7001E0062307E0009B0133C6
:1056D80001220599184600F01BFA0346184607B040
:1056E8005DF804FB00B585B001900091FFF780FCE0
:1056F80003468DF80F309DF80F30052B05D09DF827
:105708000F30042B01D0082316E0009BDB78002B18
:1057180005D1FDF783FF0420FFF742FC0BE0009B57
:10572800DB78012B05D1FDF74AFF0520FFF738FC90
:1057380001E0072300E00023184605B05DF804FBEC
:1057480000B583B001900091009B5B781846FFF785
:10575800EEFB0346002B01D006237FE0009B5B781D
:105768001846FFF7F1FB0346012B1FD1009B9B78DE
:10577800082B12D0082B16DC002B02D0062B06D0E3
:1057880011E000990198FFF763FE034666E000996F
:105798000198FFF795FE034660E000990198FFF72E
:1057A80075FF03465AE000BF062357E0009B9B782D
:1057B800013B082B4CD801A252F823F01B580E00CD
:1057C80059580E00E9570E0059580E0059580E0046
:1057D80059580E0059580E0059580E004D580E00D1
:1057E800009BB3F803309BB2012B33D1FDF736FD94
:1057F800034683F00103DBB2002B01D00F232DE019
:10580800184B1B7843F00203DAB2164B1A700023C8
:1058180024E0009BB3F803309BB2012B1CD1FDF7A9
:105828001DFD034683F00103DBB2002B01D00F23DB
:1058380014E00C4B1B7823F00203DAB2094B1A7000
:1058480000230BE000990198FFF74CFF034605E0A1
:1058580000BF02E000BF00E000BF0623184603B007
:105868005DF804FB852A002000B58BB00190062363
:10587800099305238DF8103004AB0133184603F063
:1058880021FFFFF7EFFBFFF7C7FB9DF81130184624
:10589800FFF741FB0346032B63D801A252F823F01C
:1058A800B9580E00D7580E0025590E005F590E0042
:1058B80004AB19460198FFF743FF0990099B062B93
:1058C80051D104AB1846FDF7A8FD09904BE09DF8AF
:1058D80015308DF822300DF10F029DF82230114657
:1058E8001846FDF7FFFC0790079B002B02D11023F9
:1058F80009933AE09DF80F3004AA19460798FDF776
:1059080035FD0990099B062B2FD19DF80F3004AA6D
:1059180019460798FFF71CFD099026E0062309930E
:105928009DF815308DF823309DF8233003F00F03D0
:10593800002B07D004AA9DF8233011461846FDF71E
:1059480025FD0990099B062B11D104AB1846FFF7DA
:105958006AFC09900BE004AB1846FDF75EFD099060
:1059680006E000BF04E000BF02E000BF00E000BFA7
:10597800099B002B0FD1FFF775FB0346002B07D0BF
:1059880003F0DCFE0346002B07D103F0C5FE04E05C
:1059980003F0C8FE01E003F0CBFE099B18460BB0EC
:1059A8005DF804FB00B585B00190009106230393D0
:1059B800009B1B780E2B25DC002B40F38880013BD5
:1059C8000D2B00F2848001A252F823F0135A0E0026
:1059D8001B5A0E00215A0E00D75A0E00535A0E00B9
:1059E800995A0E00D75A0E00D75A0E00D75A0E00F1
:1059F800D75A0E005D5A0E00635A0E006F5A0E00F9
:105A08008D5A0E00852B13D061E00320FFF7C8FAEA
:105A180064E00023039361E0334800F0C6FA0346CC
:105A2800002B02D05C20FFF75FFA0023039355E0B8
:105A3800FFF7DEFA03468DF80B309DF80B30032B89
:105A480047D10420FFF7ACFA43E00198FFF70CFFB9
:105A5800039043E00023039340E00020FFF7A0FAFF
:105A6800002303933AE0FFF7C9FA0346002B03D05B
:105A78000220FFF795FA02E00120FFF791FA0023D0
:105A880003932BE00120FFF78BFA0023039325E013
:105A9800009BDB78032B1ED0009BDB781846FFF7B2
:105AA800C3FA0390039B002B0ED1FFF7DBFA0346E2
:105AB800002B06D0009B9B78002B0ED103F02CFE08
:105AC8000BE003F02FFE08E003F032FE05E000BF14
:105AD80004E000BF02E000BF00E000BF039B1846DF
:105AE80005B05DF804FB00BF882A002008B5002037
:105AF800FDF7C0FB8020FDF7BDFB00BF08BD08B562
:105B08000020FDF7D5FB8020FDF7D2FB00BF08BDC4
:105B180000B58DB0039002910192039BDB889BB284
:105B28000A93019A0A9B934228BF13460993019A44
:105B38000A9B9A420ED2802003F0ABFB03461A461A
:105B4800019BB3FBF2F101FB02F29B1A002B01D17E
:105B5800012300E000238DF823309DF8233003F063
:105B680001038DF82330029B0593099B06939DF84A
:105B780023300793002000F05DF905AB194680201B
:105B8800FDF76AFC0B900B9B002B04D10649802083
:105B980000F00CF80B90002000F055F90B9B18460C
:105BA8000DB05DF804FB00BF20FC0E0000B583B00B
:105BB800034600918DF8073003F0C0FD03461A46EE
:105BC8009DF80730934201D0102306E0054B009A58
:105BD80092E8030083E803000023184603B05DF849
:105BE80004FB00BFCC2A002082B00190019B002B4F
:105BF80002D0019B40221A60014B184602B0704740
:105C08008C2A002000B585B00190002303930BE097
:105C1800019A039B13441978094A039B13440A46C3
:105C28001A70039B01330393019809F00FFC024695
:105C3800039B9342ECD300BF00BF05B05DF804FBA3
:105C4800F82A002000B589B04FF08053D3F8A83067
:105C58009BB26FEA83436FEA9343ADF81E304FF06F
:105C68008053D3F8A4300693BDF81E2002A8069BE3
:105C780000931346054A0D2109F067FB02AB18464D
:105C8800FFF7C0FF00BF09B05DF804FB34FC0E004D
:105C980000B587B003460A468DF807301346ADF8BD
:105CA80004309DF80720BDF804302549134451F805
:105CB80023301B78002B09D19DF80720BDF804304C
:105CC8001F49134451F82330023335E00020FFF711
:105CD8008BFF039000238DF817309DF80720BDF83F
:105CE80004301749134451F82330049310E09DF809
:105CF800173001338DF81730049B19789DF8173049
:105D08005B00039A13448AB21A80049B01330493FC
:105D1800049B1B78002BEAD19DF8173001339BB206
:105D28005B009BB21BB2DBB21BB243F440731BB2E5
:105D38009AB2039B1A80039B184607B05DF804FBD0
:105D48002800002000B585B003460A468DF80730C4
:105D58001346ADF804309DF80730002B05D100211B
:105D68000020FFF795FF034640E000238DF80D3033
:105D780000238DF80F3000238DF80E3016E09DF8C3
:105D88000E301C4A12F813309DF807209A4208D1A9
:105D98009DF80E30174A5B0013445B788DF80F307E
:105DA80008E09DF80E3001338DF80E309DF80E3066
:105DB800052BE4D99DF80F30002B01D1002315E005
:105DC8009DF80F209DF80D300B49134451F82330EE
:105DD800002B01D1002309E09DF80D309AB29DF8FF
:105DE8000F3011461846FFF753FF0346184605B013
:105DF8005DF804FB40FC0E002800002072B600BFCE
:105E0800034B1B680133024A136000BF704700BF91
:105E1800082B0020064B1B68013B054A1360044B06
:105E28001B68002B01D162B600BF00BF704700BFDE
:105E3800082B002000B583B00190FFF7DFFF00BFFB
:105E480003B05DF804FB00B583B003468DF8073056
:105E5800FFF7E0FF00BF03B05DF804FB88B00390D4
:105E680002910192019B002B03D0019B1B68DB432D
:105E780001E04FF0FF330793002306931FE0039AD6
:105E8800069B13441B781A46079B53400793082325
:105E980005930EE0079B5B08079A02F00102002AAF
:105EA80001D00B4A00E0002253400793059B013BB9
:105EB8000593059B002BEDD1069B01330693069AAB
:105EC800029B9A42DBD3079BDB43184608B0704716
:105ED8002083B8ED10B487B001900091019B009A1F
:105EE80053E8004F104643E8000191F0000FF7D146
:105EF800059404900391059B184607B05DF8044B80
:105F0800704710B487B001900091019B009A53E844
:105F1800004F44EA020043E8000191F0000FF6D177
:105F2800059404900391059B184607B05DF8044B4F
:105F3800704710B487B001900091019B009A53E814
:105F4800004F04EA020043E8000191F0000FF6D187
:105F5800059404900391059B184607B05DF8044B1F
:105F6800704710B487B001900091019B009A53E8E4
:105F7800004F04EA020043E8000191F0000FF6D157
:105F8800059404900391049B184607B05DF8044BF0
:105F9800704700B583B0019001210198FFF7B1FF68
:105FA8000346184603B05DF804FB00B583B00190C2
:105FB80000210198FFF7BDFF0346184603B05DF8BE
:105FC80004FB00B583B0019000210198FFF7C9FFD9
:105FD8000346184603B05DF804FB82B001900B46F7
:105FE8008DF80330019BDA689DF803300199098A1E
:105FF80001FB03F31344184602B0704782B00190C6
:106008000091009B019AD2689B1A019A128AB3FBED
:10601800F2F3DBB2184602B0704784B00190019BDE
:10602800002B01D10E2320E0019B9A68019B5B683D
:10603800D31A8DF80F30019B1B68019A52681A60B9
:1060480007E0019B1A681368591C11609DF80F201E
:106058001A709DF80F305A1E8DF80F20002BF0D1C2
:10606800019B1B6800221A710023184604B0704770
:1060780000B585B00190002303930020FFF7DAFEF6
:10608800019B1B681A68019B5B689A421FD9019B98
:106098001B681A68013A1A601B681B781946019830
:1060A800FFF79BFF0390019B9A68019B1B681B6885
:1060B800D31A8DF80B30019B1B681B799DF80B20B8
:1060C8009A4204D9019B1B689DF80B201A71002085
:1060D800FFF7B9FE039B184605B05DF804FB10B541
:1060E80084B001900091009B03930020FFF7A2FE6B
:1060F800019B1B681C68621C1A6003990198FFF7D2
:106108007DFF034623700020FFF79DFE00BF04B00B
:1061180010BD00B585B0039002910192039B029ACD
:106128001A60039B1B681B680199039898470346EC
:10613800184605B05DF804FB10B586B005900491CB
:1061480003920293049800F097F8039B184600F016
:1061580093F8029A0499059800F074F8059B1B6857
:10616800DC68089B0093029B039A04990598A04752
:106178000346184606B010BD10B584B003900291CE
:10618800019200930299039800F083F8039B5B68DF
:106198001B68019A02FB03F31A460299039800F060
:1061A80051F8039B1B681C69009B019A029903988C
:1061B800A0470346184604B010BD000000B585B0DE
:1061C8000190019B002B03D0019B1B68002B28D159
:1061D8000023039319E0039A13469B0013449B0082
:1061E8001A46154B13440193019B1B68002B09D0D9
:1061F800019B1B68DB69019898470346002B01D077
:10620800012314E0039B013303930C4A0A4BD31A6E
:106218000B4AA2FB03231B09039A9A42DBD30023F0
:1062280005E0019B1B68DB690198984703461846FF
:1062380005B05DF804FB00BF080000201C0000202A
:10624800CDCCCCCC84B0039002910192039BDB6847
:10625800029A9A4209D3029A019B13445A1E039B3D
:106268001B699A4201D8012300E0002303F00103CF
:10627800DBB2184604B0704782B00190019B03F06E
:106288000303002B0CBF01230023DBB2184602B026
:10629800704782B001900091019B5B681B685A1E91
:1062A800009B1340002B0CBF01230023DBB21846D0
:1062B80002B0704700B58BB00390019200930B4673
:1062C8008DF80B30039B9B68002B13D09DF80B3087
:1062D8008DF8103000230593009B0693019B0793CC
:1062E8000C9B08930D9B0993039B9B6804AA10467B
:1062F800984700E000BF0BB05DF804FB82B0019046
:106308000091019B024A5A600023184602B0704768
:10631800A4FC0E0000B583B0019000910348FFF77C
:1063280050FE0023184603B05DF804FB0C2B002038
:1063380000B585B00390029101920093029B009AE8
:106348001946019809F026F80023184605B05DF8AB
:1063580004FB000000B587B00590049103920293F6
:106368001148FFF716FE0346002B01D0112316E053
:106378000422029BB3FBF2F31A460399049800F037
:10638800D9FA0948FFF71DFE089B0193029B009369
:10639800049B039A01210598FFF78CFF00231846F8
:1063A80007B05DF804FB00BF0C2B002000B589B0D6
:1063B8000590049103920293002307931548FFF771
:1063C800E8FD0346002B0ED011231EE04FF4805247
:1063D800079B03FB02F2049B1344184600F062FA81
:1063E800079B01330793079A039B9A42EED109480A
:1063F800FFF7E7FD029B0193039B0093049B002298
:1064080002210598FFF756FF0023184609B05DF8EA
:1064180004FB00BF0C2B002082B001900091009B70
:10642800184602B0704782B00190009100231846C8
:1064380002B0704782B00190044B1B68002B14BF58
:1064480001230023DBB2184602B070470C2B002052
:1064580086B00390029101920093039B002B05D014
:10646800029B002B02D0009B002B01D10E2351E090
:10647800009B00221A60002305933DE0029A059BC9
:1064880013441B78C02B02D0DB2B13D025E0009BD4
:106498001B68591C009A1160039A1344DB221A7076
:1064A800009B1B68591C009A1160039A1344DC2254
:1064B8001A701EE0009B1B68591C009A1160039A11
:1064C8001344DB221A70009B1B68591C009A116048
:1064D800039A1344DD221A700BE0029A059B1A44B2
:1064E800009B1B68581C0099086003990B4412789C
:1064F8001A70059B01330593059A019B9A42BDD3F7
:10650800009B1B68591C009A1160039A1344C0220F
:106518001A700023184606B0704782B001900B46E7
:106528008DF80330019B002B01D10E2361E0019B04
:106538009A68019BDB689A4201D1042359E0019BC8
:106548001B78022B49D0022B52DC002B02D0012BE6
:106558001AD04DE09DF80330C02B02D0DB2B02D0BF
:1065680005E0002345E0019B01221A700BE0019B26
:106578005A68019B9B68581C0199886013449DF8D0
:1065880003201A7000BF33E09DF80330DC2B02D0E3
:10659800DD2B0ED01BE0019B5A68019B9B68581CA1
:1065A800019988601344C0221A70019B00221A7056
:1065B80012E0019B5A68019B9B68581C01998860EE
:1065C8001344DB221A70019B00221A7004E0019B1D
:1065D80002221A700B230CE00AE09DF80330C02B4E
:1065E80005D1019B00221A70019B00229A6000BF0E
:1065F8001123184602B07047044BD3F80034002B1F
:1066080014BF01230023DBB2184670470000014085
:1066180008B500F02BFB00BF08BD000008B500F06E
:1066280033FB024B00225A7000BF08BD102B00201C
:1066380000B583B000230193144B1B78002B02D0C4
:106648008523019314E0114B00229A600F4B00221E
:106658005A600E4B00221A610C4B0022DA600C487B
:1066680000F0DCFA019000F0F3FA084B01221A70EE
:10667800FFF7C2FF0346002B02D0044B01229A7099
:10668800019B184603B05DF804FB00BF102B0020E7
:10669800E5670E0084B001900091019B1B6803938D
:1066A80006E0039A009B9A420DD0039B1B68039354
:1066B800039B002BF5D1019B1A68009B1A60019B74
:1066C800009A1A6000E000BF04B0704784B00190DF
:1066D800019B1B680393039B002B03D0039B1A6841
:1066E800019B1A60039B184604B0704700B583B03D
:1066F80001901A4B5B78DBB2002B12D0019B002B68
:1067080003D0019B5B68002098470020FFF792FBAD
:10671800124B5B680133114A53600020FFF793FB6B
:1067280017E00020FFF786FB019B002B03D001999F
:106738000B48FFF7AFFF094B5B68002B01D1FFF750
:1067480067FF064B5B680133044A53600020FFF77C
:106758007AFB00BF03B05DF804FB00BF102B0020DC
:10676800182B002008B50020FFF764FB074B5B6877
:10677800013B064A5360054B5B68002B01D1FFF7CC
:106788004DFF0020FFF75FFB00BF08BD102B002066
:1067980000B585B003468DF807309DF80730002B0B
:1067A80002D10C4B039301E00B4B03930398FFF7C3
:1067B8008DFF0290029B002B06D0029B5B689DF820
:1067C800072010469847F1E700BF00BF05B05DF805
:1067D80004FB00BF182B0020202B002000B583B03D
:1067E80003468DF807309DF80730002B05D10A4B7A
:1067F80001225A700020FFF7CBFF9DF80730012BCC
:1068080005D1054B01229A700120FFF7C1FF00BF97
:1068180003B05DF804FB00BF102B002000B585B065
:1068280001900D4B1B78002B01D085230FE0019BB5
:10683800002B01D1094B0193019800F0B1FB0390A3
:10684800039B002B02D1044B01221A70039B1846AC
:1068580005B05DF804FB00BF242B0020D0FC0E001F
:1068680000B583B0019000F00AF8019800F0BEFB73
:1068780000F0D0FB0023184603B05DF804FB08B510
:1068880000F0CFFB00F0D4FB00BF08BD00BF044BF5
:10689800D3F80034002BFAD000BF00BF704700BF08
:1068A80000E0014000B583B001900F4B0222C3F80D
:1068B8000425BFF36F8F00BFBFF34F8F00BF0A4A95
:1068C800019BC2F80835FFF7E1FF074B0022C3F828
:1068D8000425BFF36F8F00BFBFF34F8F00BF00BF0A
:1068E80003B05DF804FB00BF00E0014000B583B0D1
:1068F800019000910E4B0122C3F80425BFF36F8F5E
:1069080000BFBFF34F8F00BF019B009A1A60FFF7CB
:10691800BDFF074B0022C3F80425BFF36F8F00BFEC
:10692800BFF34F8F00BF00BF03B05DF804FB00BF8B
:1069380000E0014000B587B0039002910192174B27
:106948000122C3F80425BFF36F8F00BFBFF34F8F39
:1069580000BF002305930EE0059B9B00029A134499
:10696800059A9100039A0A441B681360FFF78EFF8B
:10697800059B01330593059A019B9A42ECD3074B7B
:106988000022C3F80425BFF36F8F00BFBFF34F8FFA
:1069980000BF00BF07B05DF804FB00BF00E0014086
:1069A80010B487B001900091019B009A53E8004F02
:1069B80004EA020043E8000191F0000FF6D10594C3
:1069C80004900391059B184607B05DF8044B704787
:1069D80082B003468DF807309DF90730002B0CDB99
:1069E8009DF8073003F01F0205499DF907305B0940
:1069F800012000FA02F241F8232000BF02B07047DC
:106A080000E100E082B0034600918DF807309DF95F
:106A18000730002B0ADB009BDAB20C499DF90730DE
:106A28005201D2B20B4483F800230BE0009BDAB288
:106A380007499DF8073003F00F03043B5201D2B217
:106A48000B441A7600BF02B0704700BF00E100E0B7
:106A580000ED00E082B00190019B1B0B5BB2184671
:106A680002B0704700B583B003460A468DF8073078
:106A780013468DF806309DF806209DF9073011461B
:106A88001846FFF7BFFF00BF03B05DF804FB00B571
:106A980083B003468DF807309DF907301846FFF795
:106AA80097FF00BF03B05DF804FB000082B0034607
:106AB8008DF807300F4A9DF90730002B00DA1F3395
:106AC8005B115BB252F823209DF90730594203F05D
:106AD8001F0301F01F0158BF4B425BB222FA03F3B8
:106AE80003F00103002B14BF01230023DBB2184677
:106AF80002B0704700E100E082B001904FF08042A0
:106B0800019BC2F8043300BF02B0704782B0019005
:106B18004FF08042019BC2F8083300BF02B07047B3
:106B280082B003468DF807309DF8073003F18043A3
:106B380001221A6000BF02B0704784B00346ADF866
:106B48000630BDF8063003F1804300221A60BDF814
:106B5800063003F180431B680393039B00BF04B016
:106B6800704782B00346ADF80630BDF8063003F131
:106B780080431B68002B14BF01230023DBB2184697
:106B880002B0704782B001904FF08042019BC2F87A
:106B9800183500BF02B0704782B003468DF8073041
:106BA8004FF08043D3F80C3403F001129DF80730FE
:106BB80043F480339A420CBF01230023DBB218460A
:106BC80002B0704700B583B006238DF807304FF048
:106BD8008040FFF73FFF03461846FFF767FF03466D
:106BE80083F00103DBB2002B13D04FF08040FFF796
:106BF80031FF03461A469DF8073019461046FFF73D
:106C080031FF4FF08040FFF725FF03461846FFF796
:106C18003EFF00BF03B05DF804FB000084B00190A4
:106C280000230393094B1B79002B02D08523039380
:106C380008E0064A019B1360044B01221A71034BBA
:106C480000225A71039B184604B07047282B002075
:106C580008B5FFF7B7FF0120FFF794FF024B0122A9
:106C68001A7000BF08BD00BF302B002008B54FF4D4
:106C78008070FFF762FF0120FFF73EFF0020FFF75B
:106C88004FFF00BF08BD000008B50120FFF73EFF19
:106C98004FF48070FFF751FF0420FFF741FF00BF5A
:106CA8000120FFF779FF0346002BF9D1024B0022A0
:106CB8005A7100BF08BD00BF282B002008B54FF44B
:106CC8008070FFF74EFF0346002B14D04FF48070FE
:106CD800FFF733FF0120FFF719FF114B5B7983F0B2
:106CE8000103DBB2002B06D00D4B01225A710C4B6D
:106CF8001B68002098474FF48270FFF732FF034665
:106D0800002B0AD04FF48270FFF717FF0220FFF71D
:106D1800FDFE034B1B680120984700BF08BD00BF5C
:106D2800282B002082B003468DF807309DF90730E4
:106D3800002B0CDB9DF8073003F01F0205499DF975
:106D480007305B09012000FA02F241F8232000BF56
:106D580002B0704700E100E082B0034600918DF870
:106D680007309DF90730002B0ADB009BDAB20C498B
:106D78009DF907305201D2B20B4483F800230BE08F
:106D8800009BDAB207499DF8073003F00F03043B74
:106D98005201D2B20B441A7600BF02B0704700BF4E
:106DA80000E100E000ED00E082B00190019B1B0BC8
:106DB8005BB2184602B0704700B583B003460A4676
:106DC8008DF8073013468DF806309DF806209DF99A
:106DD800073011461846FFF7BFFF00BF03B05DF844
:106DE80004FB00B583B003468DF807309DF90730E2
:106DF8001846FFF797FF00BF03B05DF804FB0000DB
:106E080082B003468DF807300F4A9DF90730002BF2
:106E180000DA1F335B115BB252F823209DF907306B
:106E2800594203F01F0301F01F0158BF4B425BB2E8
:106E380022FA03F303F00103002B14BF01230023FC
:106E4800DBB2184602B0704700E100E084B00346A8
:106E5800ADF80630BDF8063003F1804300221A6011
:106E6800BDF8063003F180431B680393039B00BF02
:106E780004B0704782B00346ADF80630BDF806305E
:106E880003F180431B68002B14BF01230023DBB2EE
:106E9800184602B0704700B585B00346ADF8063015
:106EA800BDF806301846FFF7E5FF03468DF80F30AA
:106EB8009DF80F30002B04D0BDF806301846FFF7B8
:106EC800C5FF9DF80F30184605B05DF804FB82B089
:106ED80001904FF08042019BC2F8043300BF02B01A
:106EE80070474FF08043D3F804331846704782B098
:106EF80001904FF08042019BC2F8083300BF02B0F6
:106F0800704782B003468DF807309DF80730002B94
:106F180001D0012300E000234FF08042C2F8783509
:106F280000BF02B0704782B003468DF807309DF865
:106F38000730002B01D0012300E000234FF08042EE
:106F4800C2F8803500BF02B0704700B583B0062391
:106F58008DF807304FF08040FFF726FF03461846AC
:106F6800FFF74EFF034683F00103DBB2002B13D07B
:106F78004FF08040FFF718FF03461A469DF8073088
:106F880019461046FFF718FF4FF08040FFF70CFF37
:106F980003461846FFF725FF00BF03B05DF804FB62
:106FA80000B583B00190104B1B78002B01D08523CE
:106FB80015E0019B1B78C3F34003DBB21846FFF7CB
:106FC800B2FF019B1B78C3F30003DBB21846FFF73F
:106FD80098FFFFF7BAFF044B01221A7000231846E6
:106FE80003B05DF804FB00BF312B002000B583B06F
:106FF800019000F01DF8019B1B68002B03D0019B3A
:107008001B68034A136000BF03B05DF804FB00BFB0
:107018003C2B002008B54FF46070FFF758FF00BF05
:1070280008BD08B54FF46070FFF761FF00BF08BDE9
:10703800024B00221A6000BF704700BF3C2B0020A3
:1070480000B583B0FFF74DFF0190019B03F00403E7
:10705800002B09D04FF48470FFF71DFF0346002B67
:1070680002D02B4B1B689847019B03F02003002B91
:107078000AD04FF48A70FFF70EFF0346002B03D0A7
:10708800244B1B6800209847019B03F04003002B0A
:107098000AD04FF48C70FFF7FEFE0346002B03D096
:1070A8001C4B1B6801209847019B03F08003002BB1
:1070B8000AD04FF48E70FFF7EEFE0346002B03D084
:1070C800154B1B6800209847019B03F48073002B25
:1070D8000AD04FF49070FFF7DEFE0346002B03D072
:1070E8000D4B1B6801209847019B03F40073002B8C
:1070F8000AD04FF49270FFF7CEFE0346002B03D060
:10710800054B1B680220984700BF03B05DF804FBDD
:10711800342B0020382B00203C2B002008B5FFF72B
:107128008FFFFFF7CBFD00BF08BD000082B003460C
:107138008DF807309DF90730002B0CDB9DF80730E0
:1071480003F01F0205499DF907305B09012000FA89
:1071580002F241F8232000BF02B0704700E100E0CE
:1071680082B003468DF807309DF90730002B13DBFA
:107178009DF8073003F01F0209499DF907305B09A4
:10718800012000FA02F2203341F82320BFF34F8F89
:1071980000BFBFF36F8F00BF00BF02B0704700BFD2
:1071A80000E100E082B003468DF807309DF9073012
:1071B800002B0DDB9DF8073003F01F0206499DF9EF
:1071C80007305B09012000FA02F2403341F823201E
:1071D80000BF02B0704700BF00E100E082B0034684
:1071E8008DF807309DF90730002B0DDB9DF807302F
:1071F80003F01F0206499DF907305B09012000FAD8
:1072080002F2603341F8232000BF02B0704700BF8C
:1072180000E100E082B0034600918DF807309DF947
:107228000730002B0ADB009BDAB20C499DF90730C6
:107238005201D2B20B4483F800230BE0009BDAB270
:1072480007499DF8073003F00F03043B5201D2B2FF
:107258000B441A7600BF02B0704700BF00E100E09F
:1072680000ED00E082B00190019B03F06043B3F1B0
:10727800005F0CBF01230023DBB2184602B0704741
:1072880082B00190019B9A00024B1B681344184678
:1072980002B0704760FD0E0000B583B003460A4691
:1072A8008DF8073013468DF806309DF806209DF9B5
:1072B800073011461846FFF7ADFF00BF03B05DF871
:1072C80004FB00B583B003468DF807309DF90730FD
:1072D8001846FFF72BFF00BF03B05DF804FB000062
:1072E80082B003468DF807300F4A9DF90730002B0E
:1072F80000DA1F335B115BB252F823209DF9073087
:10730800594203F01F0301F01F0158BF4B425BB203
:1073180022FA03F303F00103002B14BF0123002317
:10732800DBB2184602B0704700E100E000B583B058
:1073380003468DF807309DF907301846FFF710FF10
:1073480000BF03B05DF804FB00B583B003468DF8B9
:1073580007309DF907301846FFF724FF00BF03B038
:107368005DF804FB00B583B003468DF807309DF93E
:1073780007301846FFF732FF00BF03B05DF804FB83
:1073880082B00190019B03F1804303F51C3318463A
:1073980002B0704782B00190019B03F1804303F56E
:1073A8001C33184602B0704700B583B003468DF809
:1073B80007309DF807301846FFF7E2FF0346012221
:1073C8001A60BFF36F8F00BFBFF34F8F00BF00BFBE
:1073D80003B05DF804FB00B583B00346ADF8063092
:1073E800BDF806301846FFF7CBFF034600221A60A7
:1073F800BFF36F8F00BFBFF34F8F00BF00BF03B055
:107408005DF804FB00B583B00346ADF80630BDF85F
:1074180006301846FFF7BEFF03461B68002B14BF53
:1074280001230023DBB2184603B05DF804FB00B566
:1074380085B00346ADF80630BDF806301846FFF7AC
:10744800E1FF03468DF80F309DF80F30002B04D074
:10745800BDF806301846FFF7BEFF9DF80F301846F6
:1074680005B05DF804FB000082B00190034A019B5F
:10747800C2F8043300BF02B0704700BF007002407A
:10748800024BD3F804331846704700BF007002401F
:1074980082B00190034A019BC2F8083300BF02B0D2
:1074A800704700BF00700240054B0122C3F8002559
:1074B800BFF36F8F00BFBFF34F8F00BF00BF704790
:1074C80000700240054B0022C3F80025BFF36F8F00
:1074D80000BFBFF34F8F00BF00BF7047007002406E
:1074E800024BD3F800341846704700BF00700240C2
:1074F80082B00190064A019BC2F80034BFF36F8F37
:1075080000BFBFF34F8F00BF00BF02B0704700BF7E
:107518000070024000B583B0FFF7E2FF01900198C8
:10752800FFF7E6FFBFF36F8F00BFBFF34F8F00BFBA
:10753800019B184603B05DF804FB000084B00346C5
:107548008DF807309DF8073003F00F038DF80F30E2
:107558009DF90730002B07DA094A9DF80F3003F52B
:10756800847352F8233007E0054A9DF80F3003F57D
:1075780088739B0013445B68184604B0704700BFCB
:107588000070024000B583B003468DF807309DF8BF
:10759800073003F00803002B01D000230AE09DF810
:1075A80007301846FFF7CAFF0346012B0CBF01231B
:1075B8000023DBB2184603B05DF804FB024BD3F896
:1075C8006C341846704700BF0070024082B00190CA
:1075D800064A019BC2F86C34BFF36F8F00BFBFF33C
:1075E8004F8F00BF00BF02B0704700BF007002405D
:1075F80000B583B0FFF7E2FF01900198FFF7E6FFBF
:10760800019B184603B05DF804FB0000024BD3F859
:107618008034DBB21846704700700240024BD3F842
:107628008434DBB2184670470070024082B0094BC0
:10763800D3F88834ADF80630064BD3F88C349BB2B7
:107648001B029AB2BDF8063013439BB2184602B02B
:10765800704700BF0070024082B0094BD3F89034E5
:10766800ADF80630064BD3F894349BB21B029AB29D
:10767800BDF8063013439BB2184602B0704700BFEE
:107688000070024082B0094BD3F89834ADF8063048
:10769800064BD3F89C349BB21B029AB2BDF8063055
:1076A80013439BB2184602B0704700BF00700240F7
:1076B80084B003468DF807309DF8073003F00803BF
:1076C800002B0CD00C4BD3F8C0340393039B03F46A
:1076D8008033002B01D000230393039B08E0064A64
:1076E8009DF8073003F00F0303F5947352F8233025
:1076F800184604B0704700BF0070024084B00346CB
:107708008DF807300A4BD3F8C0340393039B002B42
:1077180003D14FF0FF33039306E0039B03F4803358
:10772800002B01D000230393039B184604B0704735
:107738000070024082B003468DF80730094A9DF870
:10774800073003F00F0303F59473002142F8231068
:10775800BFF36F8F00BFBFF34F8F00BF00BF02B0F2
:10776800704700BF00700240054B0122C3F8042592
:10777800BFF36F8F00BFBFF34F8F00BF00BF7047CD
:1077880000700240054B0022C3F80425BFF36F8F39
:1077980000BFBFF34F8F00BF00BF704700700240AB
:1077A80082B003468DF80730034A9DF80730C2F8C7
:1077B800083500BF02B070470070024082B003462F
:1077C8000A468DF8073013468DF806300C4A9DF8A6
:1077D8000730C2F80C35BFF34F8F00BF9DF8072064
:1077E8009DF806301B021A43054BC3F80C25BFF35E
:1077F8006F8F00BFBFF34F8F00BF00BF02B070474D
:107808000070024084B003468DF807309DF80730B9
:1078180003F00F038DF80F309DF90730002B0EDAB7
:107828000F4BD3F810259DF80F3022FA03F303F01D
:107838000103002B14BF01230023DBB20DE0084B2A
:10784800D3F814259DF80F3022FA03F303F001034F
:10785800002B14BF01230023DBB2184604B0704785
:107868000070024084B003468DF807309DF8073059
:1078780003F00F038DF80F309DF90730002B0CDA59
:10788800104BD3F810259DF80F30012101FA03F3AE
:107898000C491343C1F810350BE00A4BD3F81425F3
:1078A8009DF80F30012101FA03F306491343C1F88B
:1078B8001435BFF36F8F00BFBFF34F8F00BF00BFFA
:1078C80004B070470070024084B003468DF807305A
:1078D8009DF8073003F00F038DF80F309DF907303E
:1078E800002B0DDA114BD3F810259DF80F3001212C
:1078F80001FA03F3DB430D491340C1F810350CE0DE
:107908000A4BD3F814259DF80F30012101FA03F32F
:10791800DB4306491340C1F81435BFF36F8F00BF2E
:10792800BFF34F8F00BF00BF04B070470070024024
:1079380082B003468DF807309DF80730064A43F4B5
:107948008073C2F81835BFF36F8F00BFBFF34F8F36
:1079580000BF00BF02B070470070024082B003460B
:107968008DF80730064A9DF80730C2F81835BFF37E
:107978006F8F00BFBFF34F8F00BF00BF02B07047CB
:107988000070024082B003468DF80730034A9DF824
:107998000730C2F81C3500BF02B0704700700240C3
:1079A800024BD3F820351846704700BF00700240DC
:1079B800024B0122C3F82C2500BF7047007002401B
:1079C800024B0022C3F82C2500BF7047007002400C
:1079D800044BD3F82C35002B14BF01230023DBB252
:1079E800184670470070024082B003468DF8073091
:1079F800034A9DF80730C2F8303500BF02B070471F
:107A08000070024086B00346029101928DF80F3053
:107A18009DF90F30002B2DDA9DF80F3003F0080385
:107A2800002B08D02B4A029BC2F8A036294A019B9A
:107A3800C2F8A4364BE09DF80F3003F00F038DF821
:107A4800163024499DF8162013469B0013449B00CA
:107A58000B4403F5C063029A1A601E499DF816206C
:107A680013469B0013449B000B4403F20463019AE2
:107A78001A602CE09DF80F3003F00803002B08D0A3
:107A8800144A029BC2F8A037124A019BC2F8A437D5
:107A98001DE09DF80F3003F00F038DF817300D49E6
:107AA8009DF8172013469B0013449B000B4403F5D5
:107AB800E063029A1A6007499DF8172013469B0055
:107AC80013449B000B4403F20473019A1A6000BF2D
:107AD80006B070470070024082B0164B1B680193D5
:107AE800154B1B680093019B082B1FD1009B052B8E
:107AF8001AD801A252F823F0197B0E001D7B0E0044
:107B0800217B0E00257B0E00297B0E002D7B0E00AD
:107B180001230CE001230AE0012308E0012306E029
:107B2800012304E0012302E0012300E000231846BA
:107B380002B07047300100103401001082B0164BBB
:107B48001B680193154B1B680093019B082B1FD1E1
:107B5800009B052B1AD801A252F823F07D7B0E005A
:107B6800817B0E00857B0E00897B0E008D7B0E00CD
:107B7800917B0E0001230CE001230AE0012308E0B9
:107B8800012306E0012304E0012302E0012300E0D1
:107B98000023184602B0704730010010340100106D
:107BA80082B0164B1B680193154B1B680093019B11
:107BB800082B1FD1009B052B1AD801A252F823F0DD
:107BC800E17B0E00E57B0E00E97B0E00ED7B0E00ED
:107BD800F17B0E00F57B0E0000230CE001230AE088
:107BE800012308E0012306E0012304E0012302E069
:107BF800012300E00023184602B07047300100104E
:107C08003401001082B0164B1B680193154B1B689A
:107C18000093019B082B1FD1009B052B1AD801A2AA
:107C280052F823F0457C0E00497C0E004D7C0E0076
:107C3800517C0E00557C0E00597C0E0001230CE08F
:107C480001230AE0012308E0012306E0012304E000
:107C5800012302E0012300E00023184602B0704728
:107C6800300100103401001000231846704708B591
:107C7800FFF732FF0346184608BD08B5FFF75EFF59
:107C88000346184608BD08B5FFF78AFF034618469D
:107C980008BD08B5FFF7B6FF0346184608BD08B586
:107CA800FFF7E2FF0346184608BD000082B003460E
:107CB8008DF807309DF90730002B01DA064A00E0FD
:107CC800064A9DF8073003F00F035B0013441B8836
:107CD800184602B0704700BF38FD0E004CFD0E007C
:107CE80082B003468DF807309DF90730002B01DA82
:107CF800074A00E0074A9DF8073003F00F031344D2
:107D08001B781A4601239340184602B0704700BFFB
:107D180064FD0E0070FD0E0086B003900291019282
:107D28000093029B0493049B5B680593059A009B50
:107D38009A4207D2039B00225A60039B049A126856
:107D48001A6013E0039B009A5A60039B049A126816
:107D58001A60059A009BD31A0593049B059A5A60EA
:107D6800049B1A68009B1A44049B1A60019A009BA2
:107D78009A4204D1059B002B01D0012300E0002387
:107D880003F00103DBB2184606B0704786B00390D3
:107D980002910192029B0493049B5B680593059AE8
:107DA800019B9A4201D9019B0593039B049A12688F
:107DB8001A60039B059A5A60049B5A68059BD21A5D
:107DC800049B5A60049B1A68059B1A44049B1A601A
:107DD800049B5B68002B14BF01230023DBB2184609
:107DE80006B0704786B0039002910192029B0493FB
:107DF800049B5B680593059A019B9A4201D9019BF4
:107E08000593059B002B02D0049B1B6800E0002310
:107E1800039A1360039B059A5A60049B5A68059B52
:107E2800D21A049B5A60049B1A68059B1A44049B47
:107E38001A60059B002B14BF01230023DBB21846F0
:107E480006B0704700B589B0039002910192029B79
:107E58000693069B5B68079301F0C4FB0590079A9D
:107E6800019B9A4201D9019B0793069B1B68079ABD
:107E78001946059807F08EFA039B059A1A60039B2A
:107E8800079A5A60069B5A68079BD21A069B5A6043
:107E9800069B1A68079B1A44069B1A60069B5B6838
:107EA800002B14BF01230023DBB2184609B05DF88C
:107EB80004FB00B589B0039002910192029B0693DE
:107EC800069B5B68079301F08DFB0590079A019B61
:107ED8009A4201D9019B0793079B002B0AD0069B66
:107EE8001B68079A1946059807F054FA039B059AE8
:107EF8001A6002E0039B00221A60039B079A5A60EB
:107F0800069B5A68079BD21A069B5A60069B1A68FA
:107F1800079B1A44069B1A60079B002B14BF01237A
:107F28000023DBB2184609B05DF804FB82B00346B3
:107F38008DF807309DF80730184602B0704782B0B8
:107F480003468DF807309DF90730002B01DA04222B
:107F580000E028229DF8073003F00F03DBB29B00F6
:107F6800DBB21344DBB2184602B0704782B0034656
:107F78008DF807309DF90730002B01DA054A00E03B
:107F8800054A9DF8073003F00F031B0113441846F8
:107F980002B07047E82B0020582B002082B003461F
:107FA8008DF807309DF90730002B01DA002200E038
:107FB80010229DF8073003F00F03DBB21344DBB245
:107FC800184602B0704782B003468DF807309DF816
:107FD80007300F2B04D99DF80730103BDBB204E0C3
:107FE8009DF8073063F07F03DBB2184602B0704794
:107FF80008B5FFF74EFE0346002B02D0034B822242
:108008001A60034B01221A7000BF08BD1C7C024095
:10801800542B002008B5FFF73CFE0346002B02D086
:10802800034B00221A60034B00221A7000BF08BDE0
:108038001C7C0240542B002000B583B003468DF809
:1080480007309DF807301846FFF779FF03461846B2
:10805800FFF7AAF900BF03B05DF804FB00B583B0D1
:1080680003468DF807309DF807301846FFF7BCFC2B
:1080780000BF03B05DF804FB10B586B003468DF869
:1080880007300020FDF7D6FE9DF807301846FFF7A9
:108098006DFF05909DF90730002B39DB614B1B689C
:1080A800DC439DF807301846FFF778FF03461A4669
:1080B800012393402340002B05D09DF80730184634
:1080C80001F042FB20E0059B00221A609DF8073072
:1080D8001846FFF763FF03461A4601239340DA4325
:1080E800504B1B6813404F4A13609DF807301846E1
:1080F800FFF754FF03461A4601239340DA434A4BDD
:108108001B681340484A1360059B03229A7383E057
:108118009DF8073003F00803002B37D19DF807308E
:10812800802B1CD09DF8073003F00F0303F2DA33DD
:108138003E4A5B0013603E4B1B688DF812309DF879
:10814800123043F002038DF81230394B1A689DF84B
:108158001230374913430B60354B1B6816E0334B1D
:1081680040F2B4721A60324B1B688DF813309DF8D8
:10817800133043F004038DF813302D4B1A689DF823
:1081880013302B4913430B60294B1B68264B1B6884
:10819800DA43244B1B6842EA03049DF8073018466B
:1081A800FFF7FCFE03461A46012393402340002BA9
:1081B80032D09DF807301846FFF7F0FE03461A46FE
:1081C80001239340DA43174B1B681340154A136089
:1081D8009DF807301846FFF7E1FE03461A460123CB
:1081E80003FA02F2104B1B6813430F4A1360059BF6
:1081F80000221A60059B03229A7306238DF80C301F
:108208009DF807308DF80E3003238DF80F30094B99
:108218001B6803AA104698470020FDF714FE00BF0C
:1082280006B010BD502B00204C2B002000780240D7
:1082380004780240442B002000B583B003468DF833
:1082480007309DF807301846FFF716FF00BF03B048
:108258005DF804FB00B587B0214B1B681B0C1B04A1
:10826800204A1268134305932EE0059B0293029B54
:1082780093FAA3F30193019B0393039B002B01D172
:10828800202303E0039BB3FA83F3DBB28DF81330AA
:108298009DF813301846FFF796FE034603F00803CF
:1082A800002B08D19DF813301846FFF78CFE0346C3
:1082B8001846FFF7E1FE9DF81330012202FA03F396
:1082C800DB43059A13400593059B002BCDD1044B46
:1082D80040F2FF121A6000BF07B05DF804FB00BF50
:1082E8004C2B0020502B002008B52720FFF72CF836
:1082F80000BF08BD00B583B0094B00221A70094BB6
:1083080000221A700023019301238DF80430064BD4
:108318001B6801AA1046984700BF03B05DF804FB2C
:10832800482B0020492B0020442B002000BF704719
:1083380000B583B080238DF80730FFF76BFE9DF8FA
:1083480007301846FFF712FE0090009B9B7B032B1B
:108358000ED19DF807301846FFF720FE03461A464F
:1083680001239340DB4319460C48FEF719FB11E043
:10837800009B1B68002B0DD19DF807301846FFF7AE
:108388000DFE03461A4601239340DB431946034872
:10839800FEF706FB00BF03B05DF804FB502B00207E
:1083A80000B585B003468DF80730FFF733FE9DF81A
:1083B80007301846FFF7DAFD0390039B9B7B032BDE
:1083C8000ED19DF807301846FFF7E8FD03461A4618
:1083D80001239340DB4319460C48FEF7E1FA11E00C
:1083E800039B1B68002B0DD19DF807301846FFF73B
:1083F800D5FD03461A4601239340DB43194603483B
:10840800FEF7CEFA00BF05B05DF804FB502B002044
:1084180000B585B003468DF80730FFF7FBFD9DF8E2
:1084280007301846FFF7A2FD0390039B9B7B032BA5
:108438000ED19DF807301846FFF7B0FD03461A46DF
:1084480001239340DB4319461448FEF7A9FA20E0BC
:10845800039B1B68002B1CD19DF807301846FFF7BB
:108468009DFD03461A4601239340DB4319460B48FA
:10847800FEF796FA06238DF808309DF807308DF838
:108488000A3000238DF80B30054B1B6802AA1046F2
:10849800984700BF05B05DF804FB00BF502B0020D3
:1084A800442B002000B585B000238DF80F30FFF76E
:1084B800B1FD9DF80F301846FFF758FD0290029B5A
:1084C8009B7B032B0ED19DF80F301846FFF766FDF6
:1084D80003461A4601239340DB4319461548FEF725
:1084E8005FFA23E0029B1B68002B1DD19DF80F301B
:1084F8001846FFF753FD03461A4601239340DB4312
:1085080019460C48FEF74CFA06238DF804309DF8FE
:108518000F308DF8063000238DF80730064B1B68A6
:1085280001AA1046984701E001F0F6F800BF05B02F
:108538005DF804FB502B0020442B002000B585B0CB
:1085480003468DF80730FFF765FD9DF8073018469C
:10855800FFF70CFD0390039B9B7B032B0ED19DF82B
:1085680007301846FFF71AFD03461A4601239340C1
:10857800DB4319461548FEF713FA20E0039B1B68F6
:10858800002B1CD19DF807301846FFF707FD03465E
:108598001A4601239340DB4319460C48FEF700FABC
:1085A80006238DF808309DF807308DF80A3000232F
:1085B8008DF80B30064B1B6802AA1046984700F04E
:1085C80061FA00BF05B05DF804FB00BF502B002026
:1085D800442B002000B585B003468DF80730FFF71F
:1085E80019FD9DF807301846FFF7C0FC0390039B60
:1085F8009B7B032B20D0039B1B68002B1CD19DF871
:1086080007301846FFF7CAFC03461A460123934071
:10861800DB4319460A48FEF7C3F906238DF80830EC
:108628009DF807308DF80A3000238DF80B30054B84
:108638001B6802AA1046984700BF05B05DF804FB06
:10864800502B0020442B002008B5FFF771FE00BF17
:1086580008BD08B58120FFF7A3FE00BF08BD08B517
:108668008220FFF79DFE00BF08BD08B58320FFF7F5
:1086780097FE00BF08BD08B58420FFF791FE00BF34
:1086880008BD08B58520FFF78BFE00BF08BD08B5FB
:108698008620FFF785FE00BF08BD08B58720FFF7D5
:1086A8007FFE00BF08BD08B58820FFF7B1FE00BFF8
:1086B80008BD08B5FFF7F6FE00BF08BD08B50120E4
:1086C800FFF73CFF00BF08BD08B50220FFF736FFE3
:1086D80000BF08BD08B50320FFF730FF00BF08BD85
:1086E80008B50420FFF72AFF00BF08BD08B505201C
:1086F800FFF724FF00BF08BD08B50620FFF71EFFDF
:1087080000BF08BD08B50720FFF718FF00BF08BD68
:1087180008B50820FFF75EFF00BF08BD00B583B0AD
:1087280000238DF80030FFF73BF903469BB2ADF804
:1087380002308820FFF732FC03461A460123934093
:1087480001930820FEF7DAFF0346B3F1FF3F09D093
:108758000820FFF723FC03461A4601239340019A99
:1087680013430193074B1A68019B1343054A13608F
:10877800054B1B686A461046984700BF03B05DF872
:1087880004FB00BF4C2B0020442B002000B585B013
:1087980003460A468DF8073013468DF806309DF8D3
:1087A800063001229A402B4B1B681343294A136059
:1087B8009DF90730002B30DA9DF807301846FFF78F
:1087C80075FA03461846FEF732FE0346002B0BD017
:1087D8009DF80730802B05D09DF807301846FFF725
:1087E800DFFD01E0FFF7A4FD9DF8063001229A4065
:1087F800194B1B681340002B27D106238DF80C302A
:108808009DF807308DF80E3000238DF80F30134B8C
:108818001B6803AA1046984717E09DF80630012206
:108828009A400D4B1B681340002B0ED106238DF880
:1088380008309DF807308DF80A3001238DF80B3089
:10884800064B1B6802AA1046984700BF05B05DF8A2
:1088580004FB00BF4C2B0020502B0020442B002091
:1088680010B5074B1C78064B1B781846FFF796FB8C
:10887800034619462046FFF789FF00BF10BD00BF19
:10888800492B002010B582B0FEF7C0FE03468DF8D4
:108898000730284B1B68DB439AB2274B1B6842EA18
:1088A8000304264B1B781846FFF778FB03461A4645
:1088B800012393402340002B04D0204B1B781846FB
:1088C800FFF7DAFB9DF90730002B01DB002200E0FF
:1088D80080221A4B1A700020FFF760FB03461A46E5
:1088E800012303FA02F48020FFF758FB03461A46D7
:1088F800012393402343DB4319460F48FEF750F802
:108908008020FFF74BFB03461A46012303FA02F2C5
:10891800084B1B681343074A136000230093052381
:108928008DF80030064B1B686A461046984700BF12
:1089380002B010BD4C2B0020502B0020492B0020EA
:10894800442B002000B585B0FEF7E4FD0390039B9F
:1089580003F48073002B0CD01F4B01221A700023E4
:10896800029302238DF808301C4B1B6802AA10469C
:108978009847039B03F40073002B0CD0164B00227E
:108988001A700023019303238DF80430134B1B68DE
:1089980001AA10469847039B03F48063002B17D065
:1089A8000D4B1B78DBB2002B12D00B4B00221A7038
:1089B8000120FEF7F5FE5820FEF7F6FC0023009391
:1089C80004238DF80030054B1B686A46104698470B
:1089D80000BF05B05DF804FB482B0020442B0020A5
:1089E80000B587B0FEF704FE05902BE0059B0293C7
:1089F800029B93FAA3F30193019B0393039B002B20
:108A080001D1202303E0039BB3FA83F3DBB28DF893
:108A180013309DF813301846FFF7D5FA03468DF842
:108A280012309DF81330012202FA03F3DB43059A52
:108A3800134005939DF813209DF8123011461846EF
:108A4800FFF7A4FE059B002BD0D100F01BF800BF58
:108A580007B05DF804FB86B00190019B0493049B6A
:108A680093FAA3F30393039B0593059B002B01D172
:108A7800202303E0059BB3FA83F3DBB2184606B064
:108A88007047000010B58AB0684B1B7883F001036B
:108A9800DBB2002B00F0C680B8E0089B03F001238E
:108AA800002B09D0089B03F001231846FFF7D3FFDA
:108AB80003468DF8273005E00898FFF7CCFF0346FA
:108AC8008DF827309DF827301846FFF77CFA0346C3
:108AD8008DF81F309DF81F301846FFF747FA0690AB
:108AE8009DF91F30002B15DA069B1B68069A516802
:108AF800069A928902A8984703468DF813309DF884
:108B0800133083F00103DBB2002B44D0069B002214
:108B18001A6040E09DF81F30184600F069FD059086
:108B2800069B1C68069B5968069B9B891A4602A8E7
:108B3800059BA04703468DF81330029B002B20D0DD
:108B4800039B059A9A421CD9069B02229A739DF8A8
:108B58002730012202FA03F3DB4319463448FDF7B4
:108B68001FFF06238DF804309DF81F308DF806305E
:108B780002238DF807302F4B1B6801AA104698472F
:108B880044E09DF8133083F00103DBB2002B02D0E0
:108B9800069B00221A60FFF72BFA9DF82730012266
:108BA80002FA03F3DA43244B1B681340224A13608A
:108BB800069B9A68039B1A44069B9A600299039A3B
:108BC8009DF81F301846FEF71DFF9DF81F30184608
:108BD800FFF732FA00BF9DF81F301846FFF766F816
:108BE80003461846FEF70EFC034683F00103DBB28A
:108BF800002B16D04FF48070FEF704FC034683F078
:108C08000103DBB2002BE6D100BF0BE0084B1A686A
:108C1800094B1B6813400893089B002B7FF43DAF5A
:108C280000E000BF00BF0AB010BD00BF542B0020F9
:108C3800502B0020442B00204C2B002010B582B074
:108C48000346ADF8063000BFBDF80640FEF748FC05
:108C580003462340002BF7D0BDF806301846FEF730
:108C680047FC00BF02B010BD08B50020FDF7E2F8D0
:108C78000B4B1B68002B0BD1094B49F275321A605C
:108C8800084BC0221A60064B49F275321A6002E09E
:108C9800044BC0221A600020FDF7D5F800BF08BDBC
:108CA80000EC064014EC064008B50020FDF7C2F8B9
:108CB8000B4B1B68002B0BD1094B49F275321A601C
:108CC800084B00221A60064B49F275321A6002E01E
:108CD800044B00221A600020FDF7B5F800BF08BD5C
:108CE80000EC064014EC064008B50020FDF7A2F899
:108CF8000B4B1B68002B0BD1094B49F275321A60DC
:108D0800084B03221A60064B49F275321A6002E0DA
:108D1800044B03221A600020FDF795F800BF08BD38
:108D280000EC064014ED064008B50020FDF782F877
:108D38000B4B1B68002B0BD1094B49F275321A609B
:108D4800084B00221A60064B49F275321A6002E09D
:108D5800044B00221A600020FDF775F800BF08BD1B
:108D680000EC064014ED064008B5FEF78CFF0346FC
:108D7800002B01D0FFF7B8FFFEF77FFF0346002B5B
:108D880001D0FFF771FFFEF78FFB4FF40060FFF78C
:108D980055FFFEF772FF0346002B01D0FFF784FF53
:108DA800FEF771FF0346002B01D0FFF7BDFF00BFA0
:108DB80008BD000000B58BB0FEF762FB0790079B6B
:108DC80009930023089330E0099B0493049B93FACA
:108DD800A3F30393039B0593059B002B01D1202349
:108DE80003E0059BB3FA83F3DBB28DF819309DF8E5
:108DF80019301846FEF744FA03469BB21846FEF7A8
:108E080016FB0346002B07D09DF81930012202FA01
:108E180003F3089A134308939DF81930012202FAC4
:108E280003F3DB43099A13400993099B002BCBD129
:108E3800089B03F40003002B14BF012300238DF8C3
:108E48001B30089B23F40003089321E0089B01933F
:108E5800019B93FAA3F30093009B0293029B002BC0
:108E680001D1202303E0029BB3FA83F3DBB28DF830
:108E78001A309DF81A300E4A52F8233098479DF858
:108E88001A30012202FA03F3DB43089A13400893CD
:108E9800089B002BDAD1FFF7F5FD9DF81B30002B5E
:108EA80001D0044B984700BF0BB05DF804FB00BF2E
:108EB800D4FC0E008D880E0000B587B00190394BA8
:108EC8001B78002B01D0082368E0374A019B136008
:108ED800344B01221A7000238DF8173029E09DF8D1
:108EE800173063F07F038DF80F309DF80F3003F0D3
:108EF8000803002B02D04FF4007200E040229DF8D6
:108F08000F301146184600F0ADF99DF80F3018469D
:108F1800FFF72CF80290029B00229A73029B002212
:108F28001A60029B00229A609DF8173001338DF871
:108F380017309DF81730082BD1D900238DF817303A
:108F480027E09DF817308DF816309DF8163003F09D
:108F58000803002B02D04FF4007200E040229DF875
:108F680016301146184600F07DF99DF8163018465F
:108F7800FEF7FCFF0490049B00229A73049B0022D6
:108F88001A60049B00229A609DF8173001338DF80F
:108F980017309DF81730082BD3D90023184607B08F
:108FA8005DF804FB402B0020442B0020034B0022DB
:108FB8001A60034B00221A7000BF7047442B002030
:108FC800402B002008B54FF40060FEF791FAFFF738
:108FD800CBFEFEF764FE0346002B0AD0204B1B781D
:108FE800002B06D0FEF76EFAFFF7BEFE1C4B0022E0
:108FF8001A70FEF748FE0346002B01D0FFF774FEF7
:10900800FEF735FE0346002B0CD0164B40F2E372F8
:109018001A60154B40221A60BFF36F8F00BFBFF371
:109028004F8F00BF8020FEF7ADFC0020FFF716F839
:109038000E4B40F2FF121A600D4B00221A60FEF729
:10904800E9FF0C4B00221A700B4B02221A70FEF734
:109058001AFE0346002B01D0FFF766FE00BF08BDCD
:109068004000002000780240047802404C2B002089
:10907800502B0020492B0020402B002008B500F081
:1090880037F8FEF7FDF903461846FEF701FAFEF732
:1090980019FAFEF7BFFF024B01221A7000BF08BD84
:1090A800402B002000B585B003468DF807300E4BE5
:1090B80000221A700D4B03939DF80730002B03D044
:1090C800039B43F4001303930398FEF7CDF906219D
:1090D8002720FEF7E1F82720FEF7F3F8FEF744FB18
:1090E80000BF05B05DF804FB482B00200714C00141
:1090F80008B52720FEF736F92720FEF7F1F80346D2
:10910800002B0AD0FFF7A6F8FEF73CFB2720FEF756
:109118000DF94FF0FF30FEF7BBF900BF08BD0000A6
:10912800044B1B78002B14BF01230023DBB2184625
:10913800704700BF402B0020044B1B78012B8CBFCD
:1091480001230023DBB21846704700BF402B0020E4
:1091580000B583B000238DF807300020FCF76AFEC5
:10916800124B1B78DBB2002B17D0FFF773F8FEF712
:10917800B7F9034603F40073002B0ED1FEF718FC71
:10918800FEF7AEF9034603F40073002B02D0FEF796
:1091980017FC02E001238DF807300020FCF753FE8E
:1091A8009DF80730184603B05DF804FB482B0020F3
:1091B80000B583B000238DF807300020FCF73AFE95
:1091C800174B1B78DBB2002B21D0FEF701FC0346BE
:1091D800002B1CD0FEF7F4FB01238DF80730FEF7B7
:1091E8004CFD0346002B12D00E4B1B68002B0BD1F5
:1091F8000C4B49F275321A600B4BC0221A60094BAE
:1092080049F275321A6002E0074BC0221A6000204A
:10921800FCF719FE9DF80730184603B05DF804FB0B
:10922800482B002000EC064014EC064008B5034B20
:109238001846FEF72DF900BF08BD00BF04148001D1
:1092480008B5034B1846FEF70FF900BF08BD00BF6D
:1092580004148001024B00221A7000BF704700BF3F
:10926800482B002000B585B003460A468DF8073024
:109278001346ADF804309DF807301846FEF776FE21
:109288000390039BBDF804209A8100BF05B05DF8E8
:1092980004FB00B585B003468DF807309DF807300C
:1092A8001846FEF763FE0390039B9B89184605B09A
:1092B8005DF804FB00B583B003468DF807309DF8D0
:1092C80007301846FEF732FE03461846FEF79AFAAC
:1092D8000346184603B05DF804FB000000B583B0F0
:1092E80003468DF807309DF807301846FEF7F8FC5E
:1092F80003461846FEF7B8F89DF807301846FEF7FB
:1093080081FA0346002B33D19DF807301846FEF743
:109318000DFE03461846FEF7A5FA9DF8073003F040
:109328000F03002B25D09DF90730002B21DB9DF87A
:10933800073003F00803002B1BD10020FCF77AFD4F
:109348009DF80730184600F0FFF99DF807301846D9
:10935800FEF724FE03461A4601239340DA43064BE0
:109368001B681340044A13600020FCF76CFD00E002
:1093780000BF03B05DF804FB502B002000B583B09C
:1093880003468DF807309DF807301846FEF774FE3F
:109398009DF807301846FEF7C9FD03461846FEF744
:1093A80093FA9DF807301846FEF79AFC03461846CC
:1093B800FEF76EF800BF03B05DF804FB00B587B098
:1093C800034600918DF807309DF807301846FEF7E0
:1093D800E5FD03468DF80F300020FCF72BFD9DF8C6
:1093E800073003F00F03002B08D1434B1B789DF87F
:1093F80007209A4202D01023059375E03F4B1B6863
:10940800DB439AB23E4B1B681A439DF80F3001218B
:1094180001FA03F31340002B02D01123059363E0F4
:109428009DF807301846FEF7A1FD02909DF9073018
:10943800002B2FDA9DF8073003F00F0213465B006C
:1094480013449B001A462F4B13440493009B1B683C
:109458001846FDF707FF0346002B0DD0009B9B68BD
:1094680003F00103002B03D1029B274A1A6020E076
:10947800029B264A1A601CE0009B9B6803F00103CC
:10948800002B03D1029B224A1A6012E0029B214A58
:109498001A600EE09DF8073003F00F0213465B00D8
:1094A80013449B001A461C4B13440493029B1B4A0B
:1094B8001A60049B009A07CA83E80700029B049A73
:1094C8005A60029B00229A60029B00229A739DF8C0
:1094D8000F3001229A400A4B1B681343084A136055
:1094E80000230593FEF700FF0020FCF7ACFC059B6A
:1094F800184607B05DF804FB492B00204C2B0020D0
:10950800502B0020782C0020957D0E00ED7D0E005C
:109518004D7E0E00BB7E0E00E42C0020217D0E0047
:1095280000B587B0034600918DF807309DF80730E5
:109538001846FEF733FD03468DF813300020FCF77C
:1095480079FC9DF8073003F00F03002B08D1224B5C
:109558001B789DF807209A4202D01023059332E029
:109568001E4B1B68DB439AB21D4B1B681A439DF8C0
:109578001330012101FA03F31340002B02D0112309
:10958800059320E09DF807301846FEF7EFFC03909E
:10959800039B00229A60039B009A12681A60009B42
:1095A8005A68039B5A60039B00229A739DF81330F4
:1095B80001229A400A4B1B681343094A136000238F
:1095C8000593FEF791FE0020FCF73DFC059B18462D
:1095D80007B05DF804FB00BF492B00204C2B00208E
:1095E800502B0020014B1846704700BF502D00201B
:1095F80000B583B003468DF807309DF8073018464C
:10960800FEF794FC03461846FEF752F80346184640
:1096180003B05DF804FB00B583B003468DF807304E
:109628009DF807301846FEF781FC03461846FEF7FA
:109638007FF900BF03B05DF804FB00B583B00346B3
:109648008DF807309DF90730002B0CDB9DF80730AB
:10965800184600F015F80346002B04D09DF8073093
:10966800184600F071F89DF807301846FEF75EFCC2
:1096780003461846FEF772F900BF03B05DF804FB15
:1096880000B583B003468DF807309DF807301846BB
:10969800FEF74CFC03461846FDF774FF03461846D0
:1096A80003B05DF804FB00B583B003468DF80730BE
:1096B8009DF8073001211846FEF780F800BF03B077
:1096C8005DF804FB00B583B00190082200210198E1
:1096D80005F089FEFDF79AFF03461A46019B1A70AA
:1096E800FDF79CFF03461A46019B5A70FDF79EFF43
:1096F80003461A46019B5A80FDF7AEFF03461A46F9
:10970800019B9A80FDF7BEFF03461A46019BDA804B
:1097180000BF03B05DF804FB08B54C20FDF744FE1C
:1097280000BF08BD08B55020FDF73EFE00BF08BDCC
:1097380008B55420FDF738FE00BF08BD014B1B7863
:1097480018467047492B002000B583B003468DF8B2
:1097580007300020FCF76EFB9DF807301846FEF72F
:109768001DFC03461A4601239340DA430B4B1B6842
:1097780013400A4A13609DF8073003F00803002BD2
:1097880004D19DF807301846FDF7D4FF0020FCF7F8
:109798005AFB00BF03B05DF804FB00BF4C2B002050
:1097A80082B001900091019B002B02D148F2105326
:1097B8000CE0009B002B02D148F2135306E0009BFB
:1097C80000221A60009B019A5A600023184602B0D2
:1097D800704782B001900091019B002B02D148F2A2
:1097E800105308E0019B1B68009A9A4202D048F285
:1097F800405300E00023184602B0704784B003903D
:1098080002910192039B002B02D148F2105307E00A
:10981800029A019B9A4202D048F2115300E00023B9
:10982800184604B07047000000B58BB00390029151
:1098380001920093029B099309990398FFF7B0FFDF
:109848000890089B0793079B002B01D0079B22E0F9
:10985800039B9B791A4600990198FFF7CFFF089060
:10986800089B0693069B002B01D0069B13E00C4B2C
:109878000593059B002B02D148F203530BE0059B8F
:109888000199029898470890089B002B02D1099BE0
:10989800044A1A60089B18460BB05DF804FB00BF29
:1098A800391C0E007052464D10B58EB005900491CB
:1098B8000392029300230D93049B0C9325490C9863
:1098C800FFF787FF0B900B9B0A930A9B002B01D095
:1098D8000A9B3CE00C9B5B680993099B5B795B00E6
:1098E8001A4611991098FFF789FF0B900B9B089364
:1098F800089B002B01D0089B29E0039B002B02D179
:1099080048F2105323E0144B0793A4230693079BB4
:10991800002B02D148F2035319E0059B002B0CD110
:10992800069B002B09D000230D930D9B002B02D121
:1099380048F215530BE00D9B0593109B0093079C71
:10994800029B039A04990598A0470B900B9B184615
:109958000EB010BD7052464D011D0E0082B0019030
:10996800019B002B02D148F2015308E0019B1B68C0
:10997800044A934202D048F2025300E000231846FA
:1099880002B070476E52464800B585B0019000910C
:10999800019B002B02D148F2015318E0009B002BD9
:1099A80002D148F2105312E0019B0393039B009AE3
:1099B8005A60009B1B68019898470290029B002BF5
:1099C80001D0029B03E0039B034A1A600023184658
:1099D80005B05DF804FB00BF6E52464800B587B07D
:1099E800039002910192039B05930598FFF7B6FF38
:1099F8000490049B002B01D0049B13E0029B002BD6
:109A080002D148F210530DE0019B002B01D1002335
:109A180008E0059B5B685B68019A02990398984780
:109A28000490049B184607B05DF804FB00B587B0A6
:109A3800039002910192039B05930598FFF78EFF0F
:109A48000490049B002B01D0049B18E0029B002B80
:109A580002D148F2135312E0019B1A68059B5B6818
:109A6800DB689A4202D248F2145308E0059B5B680F
:109A78009B68019A0299039898470490049B18469A
:109A880007B05DF804FB00B589B00390029101921C
:109A98000093039B07930023069302990798FFF707
:109AA80073FF0590059B002B01D0059B16E0009ADB
:109AB80001990798FFF792FF0590059B002B01D0AD
:109AC800059B0BE00B9A0A990798FFF7AFFF0590E3
:109AD800059B002B01D0059B00E00023184609B028
:109AE8005DF804FB00B585B0134A144BD31ADB08A4
:109AF8000293134B01221A700023039310E0039B77
:109B0800DB000E4A13440193019B1B6898470090A1
:109B1800009B002B01D0009B0AE0039B01330393B9
:109B2800039A029B9A42EAD3054B02221A70002339
:109B3800184605B05DF804FBF4FA0E00ECFA0E00C6
:109B4800902D002086B001900091019B0593009B09
:109B5800013B019A1344049311E0059B1B788DF88F
:109B68000F30049B1A78059B1A70049B9DF80F20F0
:109B78001A70059B01330593049B013B0493049AD7
:109B8800059B9A42E9D200BF00BF06B0704786B075
:109B9800039002910192029B0593019B013B039A5A
:109BA8001344049309E0059B1A78049B1A70059BDB
:109BB80001330593049B013B0493049A039B9A4247
:109BC800F1D200BF00BF06B0704700B585B0039062
:109BD80002910192019A02990398FFF7D8FF039A1C
:109BE800019BD018029A019B1344019A1946FFF76A
:109BF800CEFF00BF05B05DF804FB00B583B001904F
:109C0800009100990198FFF79DFF019A009B13446A
:109C180000991846FFF796FF00BF03B05DF804FBF4
:109C2800BFF34F8F00BF064BDB6803F4E0620449C3
:109C3800044B1343CB60BFF34F8F00BF00BFFDE75A
:109C480000ED00E00400FA0508B5FFF7E9FF00B5EC
:109C580083B00190FFF7F8FF00BF03B05DF804FB85
:109C680082B003468DF807309DF80730072B13D8CC
:109C780001A252F823F000BFA19C0E00A19C0E0087
:109C8800A19C0E00A19C0E00A19C0E00A19C0E00A0
:109C9800A19C0E00A19C0E0000BF00BF02B070473F
:109CA80000B587B001F02CF84FF48051002000F087
:109CB80067FB0590059B0493049B002B02D0049836
:109CC800FFF7C5FF144A144BC3F57E231946104607
:109CD80000F056FB0590059B0393039B002B02D0D5
:109CE8000398FFF7B4FF0D4800F070FA0590059B44
:109CF8000293029B002B02D00298FFF7A8FF0023D3
:109D08000193019B002B02D10020FFF7A0FF002345
:109D1800184607B05DF804FB00000E00699C0E00B1
:109D2800BFF34F8F00BF064BDB6803F4E0620449C2
:109D3800044B1343CB60BFF34F8F00BF00BFFDE759
:109D480000ED00E00400FA0500B585B00190019B24
:109D5800002B0AD0074B43F001030393019B9B019F
:109D68000293039B0298984700E000BF05B05DF896
:109D780004FB00BFC0FD0E0082B00190019B1B6870
:109D88001F2B02D84FF0A04306E0019B1B6803F08D
:109D98001F02019B1A60024B184602B0704700BFB1
:109DA8000003005000B585B00190084611461A46D8
:109DB80003468DF803300B468DF8023013468DF8B4
:109DC800013001AB1846FFF7D7FF03909DF8032039
:109DD8009DF802305B001A439DF801309B001A433E
:109DE8009DF818301B0242EA03019DF81C301B0441
:109DF800019A1943039B02F5E07243F8221000BF51
:109E080005B05DF804FB00B585B003900B468DF8EE
:109E18000B3013468DF80A309DF80B209DF80A3058
:109E28000193002300931346002200210398FFF7B3
:109E3800B9FF00BF05B05DF804FB00B585B001901F
:109E480001AB1846FFF798FF0390039800F00AF853
:109E58000246019B22FA03F303F00103184605B0FA
:109E68005DF804FB82B00190019BD3F810351846C9
:109E780002B070474FF08043D3F80034184670475B
:109E880082B001904FF08042019BC2F8003400BFBD
:109E980002B0704784B003468DF80730044B039333
:109EA8009DF80720039B1A6000BF04B0704700BFED
:109EB8001C05004082B0044B0193019B1B68DBB278
:109EC800184602B0704700BF1C05004082B0034628
:109ED8008DF807304FF080429DF80730C2F82035E2
:109EE80000BF02B070474FF08043D3F82035DBB293
:109EF8001846704700B583B00190019B002B0AD02B
:109F08004FF47A70FFF720FF019B013B0193019BFF
:109F1800002BF5D100E000BF03B05DF804FB00237F
:109F28001846704782B00190024B01221A7000BF98
:109F380002B07047982D002000B583B00190002032
:109F4800FFF7D8FFFFF7ECFE00B583B003468DF8A6
:109F580007309DF80730002B06D0074B00221A70F7
:109F6800064802F009FA02E00020FFF7E5FF00BF0B
:109F780003B05DF804FB00BF982D0020419F0E0040
:109F880008B50120FFF7E0FF00BF08BD00B583B0AA
:109F980003468DF807309DF80730072B15DC062B94
:109FA8000CDA022B0ED0022B0FDB033B012B0CD853
:109FB8000D494FF4701000F093FC07E00120FFF703
:109FC800C3FF03E002F0D6F800E000BF074B1B68B0
:109FD800002B05D0054B1B689DF8072010469847B5
:109FE80000BF03B05DF804FB899F0E00942D00208C
:109FF80000B583B0084A20211820F8F7DBF8019053
:10A00800019B0093009B002B02D00098FFF71FFED6
:10A0180000BF03B05DF804FB9C2D002020BF40BFAB
:10A0280020BF00BF704708B500F058FFF8F780F967
:10A03800FFF7F4FFF8E708B5032200211920FFF71E
:10A04800E2FE00BF08BD00B583B001238DF80730DC
:10A05800FFF710FF034603F48033002B07D04FF4BB
:10A068008030FFF70DFF00238DF8073012E0FFF76F
:10A078003AFF034603F0F903A92B0BD1FFF733FF8F
:10A08800034603F05603DBB21846FFF71FFF002311
:10A098008DF807309DF80730184603B05DF804FBCB
:10A0A80000B585B00390029101928DF803309DF8B8
:10A0B800033083F00103DBB2002B05D0039B1B7830
:10A0C800012B01D1012305E0019A0299039803F0BD
:10A0D80019F90346184605B05DF804FB00B583B0CE
:10A0E80003468DF807301A4B1B6A012B01D0002359
:10A0F80029E043F204031B68164A934210D1144B1B
:10A108005A6B9DF807304FF480511348FFF7C8FF8A
:10A11800034683F00103DBB2002B01D0002312E0D9
:10A1280002F002FA01460A4B9A699DF807300B487B
:10A13800FFF7B6FF034683F00103DBB2002B01D023
:10A14800002300E00123184603B05DF804FB00BFBC
:10A15800DC310020DBE5B1513C3400207D340020A7
:10A1680008B5FFF7A7FE034603F0F903B12B08D1A2
:10A17800FFF7A0FE034603F04E03DBB21846FFF7D5
:10A1880089FE00BF08BD08B5FFF75DFF0346184606
:10A19800FFF7A4FF034683F00103DBB2002B01D0D5
:10A1A800012311E01920FFF748FE0346002B01D1D7
:10A1B800012309E0FFF77EFE034603F0F903B12B04
:10A1C80001D1012300E00023184608BD00B587B07F
:10A1D800019000238DF81330354A019B1360FFF777
:10A1E8002AFF002002F036F80390039B002B01D0D1
:10A1F800032359E000F020FD03468DF80B309DF84D
:10A208000B30022B0FD0022B19DC002B02D0012BB4
:10A2180010D014E04FF470130593FFF7B4FF034612
:10A228008DF813300DE04FF4A023059301238DF82A
:10A23800133006E00120FFF787FE032334E00323F1
:10A2480032E09DF81330002B1DD000F01BFEFFF705
:10A25800CFFEFFF785FFFFF762FE0390039B002BFD
:10A2680001D0032320E01349059800F039FB124878
:10A2780001F04CF90390039B002B01D0032313E05A
:10A28800FFF7D1FE0FE002F09BF80390039B002B31
:10A2980001D0032308E0094B00221A70084802F095
:10A2A8006BF800F00FF80323184607B05DF804FBBD
:10A2B800942D0020899F0E00959F0E00982D002058
:10A2C8002D9F0E0000B583B04FF4805301930A4BC5
:10A2D8004FF0FF32C3F88020074B4FF0FF32C3F82E
:10A2E800802101F0C2F90090019800F087F800BFC2
:10A2F80003B05DF804FB00BF00E100E000B585B0E5
:10A3080001900091019B0393039B83F3088800BF8E
:10A31800009B984700BF05B05DF804FB00B58BB003
:10A328000190EFF305830293029BC3F3080309939B
:10A33800019B1B680893019B04331B680793002348
:10A348000393039B83F3148800BF00230493049BA7
:10A3580083F3108800BF00230593059B83F31188BE
:10A3680000BF00230693069B83F3138800BF079959
:10A378000898FFF7C3FF00BF0BB05DF804FB0000AF
:10A3880084B001900091009BC3F30B03002B03D111
:10A39800019BB3F57F2F01D9072327E002230393FD
:10A3A800144B1B68072B01D904231FE0124A114BD9
:10A3B8001B6880331B011344019A1A600E4A0D4B27
:10A3C8001B6880331B0113440433009A1A600A4A3D
:10A3D800084B1B681B01134403F60803039A1A6011
:10A3E800044B1B680133034A13600023184604B06A
:10A3F800704700BFBC31002000E0014000B587B0C5
:10A4080001901C4BC3F57F230593059B03F58053EF
:10A418000593184B05991846FFF7B2FF0490049B63
:10A428000393039B002B02D00398FFF710FC02F064
:10A438007BF80146104B9A690F4B9B69013BC3F3AC
:10A448000B03D31A0B4403F6FF7319460020FFF7DA
:10A4580097FF0490049B0293029B002B02D0029862
:10A46800FFF7F5FB0198FFF759FF00BF07B05DF84C
:10A4780004FB00BF00000E00DC31002082B0034660
:10A488008DF807309DF90730002B0CDB9DF807305D
:10A4980003F01F0205499DF907305B09012000FA06
:10A4A80002F241F8232000BF02B0704700E100E04B
:10A4B80082B0034600918DF807309DF90730002BD4
:10A4C8000ADB009BDAB20C499DF907305201D2B27F
:10A4D8000B4483F800230BE0009BDAB207499DF890
:10A4E800073003F00F03043B5201D2B20B441A7633
:10A4F80000BF02B0704700BF00E100E000ED00E0DF
:10A5080000B583B003460A468DF8073013468DF828
:10A5180006309DF806209DF9073011461846FFF7CA
:10A52800C7FF00BF03B05DF804FB00B583B0034666
:10A538008DF807309DF907301846FFF79FFF00BFD9
:10A5480003B05DF804FB000000B585B00190019BE5
:10A55800002B0AD0074B43F001030393019B9B0197
:10A568000293039B0298984700E000BF05B05DF88E
:10A5780004FB00BFD0FD0E0082B003468DF8073003
:10A588009DF8073003F1804301221A6000BF02B032
:10A5980070474FF08043D3F818341B0C03F00103C5
:10A5A800002B14BF01230023DBB21846704784B088
:10A5B800039002910192039B029A02F5A8720199F5
:10A5C80043F8221000BF04B0704782B00190009198
:10A5D800019B009AC3F8042300BF02B0704782B001
:10A5E80001900091019B009AC3F8082300BF02B0B4
:10A5F800704782B001900B46ADF80230BDF80230CA
:10A60800019A13441B68184602B0704784B0019041
:10A618000B46ADF80230BDF80230019A134400220F
:10A628001A60BDF80230019A13441B680393039B18
:10A6380000BF04B0704782B00190019BD3F8043585
:10A64800184602B0704782B001900091019B009AB1
:10A65800C3F8082500BF02B0704782B001900B46CE
:10A668008DF803309DF80320019B13441A460123FB
:10A67800136000BF02B0704708B51E4B1B7883F00B
:10A688000103DBB2002B33D0FFF783FF034683F0CF
:10A698000103DBB2002B02D00820FFF76DFF4FF457
:10A6A80080711548FFF7B2FF4FF4A0711248FFF709
:10A6B800ADFF4FF4A2711048FFF7A8FF0521242031
:10A6C800FFF71EFF2420FFF730FF00210A48FFF79D
:10A6D800BAFF08210848FFF7C0FF00210648FFF726
:10A6E800BCFF02210448FFF770FF024B01221A70D9
:10A6F80000BF08BDC43100200040024000B583B04F
:10A7080001900091009A01990E48FFF750FF1F2011
:10A71800FFF71AFF019B9BB250339BB29B009BB281
:10A7280019460848FFF772FF4FF48032019B02FA7E
:10A7380003F319460348FFF748FF00BF03B05DF86D
:10A7480004FB00BF0040024000B585B001900091B5
:10A75800009B6FF07F42934228BF13460293144830
:10A76800FFF769FF0246029B134423F07F430393DC
:10A77800009A029BD21A019B5A60019B5B68002BCE
:10A788000CD0019B5B68952B08D8019B5B6803F193
:10A798009602019B5A60039B963B0393019B1B7B8C
:10A7A80003991846FFF7AAFF00BF05B05DF804FB40
:10A7B8000040024000B583B00190019B1B7B1A4604
:10A7C8004FF48033934019460348FFF708FF00BF52
:10A7D80003B05DF804FB00BF0040024000B583B041
:10A7E8000190019B5B68002B06D0019B5B681946B2
:10A7F8000198FFF7A9FF10E0019B9B68002B05D08B
:10A80800019B9B6819460198FFF79EFF019B1B68F7
:10A81800002B02D0019B1B68984703B05DF804FB2E
:10A8280000B585B0039002910192FFF725FF039BC5
:10A83800019A1A6002990398FFF786FF00BF05B0D6
:10A848005DF804FB00B583B04FF482712148FFF72F
:10A85800D0FE0346002B09D01F4B1B6801331E4A4C
:10A8680013604FF482711B48FFF7D0FE0023019359
:10A8780027E0019B9BB250339BB29B009BB21946C9
:10A888001448FFF7B6FE0346002B17D0019B9BB276
:10A8980050339BB29B009BB219460E48FFF7B6FE99
:10A8A800019B1B010D4A13441846FFF783FF019BC8
:10A8B8001B010A4A13441846FFF790FF019B013316
:10A8C8000193019B012BD4D900BF00BF03B05DF8F1
:10A8D80004FB00BF00400240C031002044000020BB
:10A8E80000B583B001900091094B1B681846FFF72B
:10A8F80061FF019B002B06D0054B1B68009A01994C
:10A908001846FFF78DFF00BF03B05DF804FB00BFDA
:10A918006400002000B583B001900091074B1B68CC
:10A92800019A9A60054B1B68009A01991846FFF72F
:10A9380077FF00BF03B05DF804FB00BF680000208C
:10A9480000B58BB00390029101920093029A039B89
:10A958009A4201D1002362E0029A039BD31A1B0B8F
:10A96800059300230993019B03F6FF731B0B0893C0
:10A9780000F088FA009A059B934228BF134600937B
:10A9880049E0089A009B9A4204D8089B0793019BC8
:10A99800069304E0009B0793009B1B030693002289
:10A9A8000799039800F010FE0990099B002B01D02D
:10A9B800099B34E00299069B013B03F00303069AC6
:10A9C800D31ADA1C0023039800F0E8FD0990099BCC
:10A9D800002B01D0099B22E0089A079BD31A089301
:10A9E800019A069BD31A0193039A069B1344039377
:10A9F800029A069B134402930B4B1A6B069B134453
:10AA0800094A1363002001F0C5FC0990099B002B3B
:10AA180001D0099B03E0019B002BB2D1099B18468A
:10AA28000BB05DF804FB00BFDC31002000B587B037
:10AA3800234B5B6A0493224B9B6C03930023029382
:10AA480001F072FD02461E4B1B6B134401931C4B15
:10AA58001B6B049AD31A0593194B1B6B039A134467
:10AA68000393039A019B9A4201D10023059308237B
:10AA7800059A03990198FFF763FF0290029B002B48
:10AA880001D0029B17E001F04FFD03460022049914
:10AA98001846FBF7E3F90090094B9B6A009A9A4223
:10AAA80008D1074B01221A62054A009BD361044A68
:10AAB800049B9361029B184607B05DF804FB00BF36
:10AAC800DC31002000B587B00023019301F066FD5A
:10AAD8000246224B1B6B13440293204B9B6C04933E
:10AAE8001E4B5B6B03931D4B1B6B039AD21A1B4BBC
:10AAF8001B6B0399CB1A013BC3F30B03D31A03F661
:10AB0800FF730593049B03F5005304331B68144A31
:10AB1800934201D003231CE0104B1B6B049A13448F
:10AB280004930E4B1B6B039A9A4201D1002310E049
:10AB38000823059A04990298FFF702FF0190019BE8
:10AB4800002B01D0019B04E0002001F023FC0190C0
:10AB5800019B184607B05DF804FB00BFDC310020FC
:10AB6800DBE5B15100B585B00B2303931D4B009372
:10AB7800009B1B6802931C4B9B6C0193009B9B687A
:10AB8800AC2B0AD1184B5B6B019A13440193164BFB
:10AB98005B6B029AD31A029305E0019B002B02D14A
:10ABA80001F0DCFC0190039B002B0AD0019B029A68
:10ABB80019460E4804F092FB0346002B01D10023EE
:10ABC8000393039B002B07D000F088F9019B02999F
:10ABD800184600F02FFD0390039B184605B05DF85A
:10ABE80004FB00BF00320020DC31002000000E0012
:10ABF80000B583B000230193FFF764FF0190019B28
:10AC0800002B01D0019B08E0FFF7ACFF0190019BEE
:10AC1800002B01D0019B00E0019B184603B05DF8B2
:10AC280004FB000082B00190024B01221A7000BFA1
:10AC380002B07047C531002000B585B000230293EB
:10AC48002B4B009300238DF80730009B9B68AC2B9F
:10AC580019D0AC2B1ED8AA2B11D0AA2B1AD8012B8D
:10AC680002D0A52B04D015E0FFF7E0FE029013E018
:10AC7800FFF728FF029001238DF807300CE0FFF75B
:10AC880071FF029008E0FFF7B3FF029001238DF8EF
:10AC9800073001E0002326E0029B002B02D00323AB
:10ACA8008DF80F30009801F0FFFB124B00221A704C
:10ACB800114801F06FFB0290029B002B0ED101237B
:10ACC8008DF80F309DF80730002B0AD00B4B1B6A0C
:10ACD800012B06D102238DF80F3002E003238DF8F3
:10ACE8000F309DF80F30184605B05DF804FB00BF23
:10ACF80000320020C53100202DAC0E00DC310020D0
:10AD080008B540F6F8731B68B3F1FF3F05D10A4B4D
:10AD1800194640F6F870FBF7E9FD40F6FC731B682E
:10AD2800B3F1FF3F05D14FF47E2140F6FC70FBF7ED
:10AD3800DDFD00BF08BD00BF00000E0082B0034665
:10AD48008DF807309DF90730002B0CDB9DF8073094
:10AD580003F01F0205499DF907305B09012000FA3D
:10AD680002F241F8232000BF02B0704700E100E082
:10AD780084B00346ADF80630BDF8063003F18043D1
:10AD880003F5803300221A60BDF8063003F18043D2
:10AD980003F580331B680393039B00BF04B070471F
:10ADA800044BD3F80034002B14BF01230023DBB27B
:10ADB8001846704700000140024BD3F80435184686
:10ADC800704700BF0000014082B003468DF807308D
:10ADD800084BD3F808259DF8073022FA03F303F04F
:10ADE8000103002B14BF01230023DBB2184602B075
:10ADF800704700BF0000014082B003468DF807305D
:10AE0800054A9DF8073003F5C073044942F823103A
:10AE180000BF02B0704700BF000001403546526EC7
:10AE280000B583B0FFF7BCFF0346002B19D0002301
:10AE38008DF8073011E09DF807301846FFF7C4FF7A
:10AE48000346002B04D09DF807301846FFF7D4FFBF
:10AE58009DF8073001338DF807309DF80730062B31
:10AE6800E9D900BF03B05DF804FB08B5FFF7D8FFC8
:10AE780000BF08BD08B54FF48070FFF779FF00BF29
:10AE880008BD000000B583B0124B1B78002B1DD104
:10AE9800FFF786FF0346002B14D0FFF78DFF0190C4
:10AEA800019B40F616529342B8BF1346A3F5486378
:10AEB8000093FFF7B5FF08490098FFF72BFD102016
:10AEC800FFF73CFF034B01221A7000E000BF03B0FC
:10AED8005DF804FBC631002073AE0E0008B5FFF71D
:10AEE8005FFF0346002B01D0FFF79AFF00BF08BDA4
:10AEF800BFF34F8F00BF064BDB6803F4E0620449E1
:10AF0800044B1343CB60BFF34F8F00BF00BFFDE777
:10AF180000ED00E00400FA0582B0164B1B680193AF
:10AF2800154B1B680093019B082B1FD1009B052B19
:10AF38001AD801A252F823F059AF0E005DAF0E00E7
:10AF480061AF0E0065AF0E0069AF0E006DAF0E0069
:10AF580001230CE001230AE0012308E0012306E0B5
:10AF6800012304E0012302E0012300E00023184646
:10AF780002B07047300100103401001082B0164B47
:10AF88001B680193154B1B680093019B082B1FD16D
:10AF9800009B052B1AD801A252F823F0BDAF0E0072
:10AFA800C1AF0E00C5AF0E00C9AF0E00CDAF0E0089
:10AFB800D1AF0E0001230CE001230AE0012308E0D1
:10AFC800012306E0012304E0012302E0012300E05D
:10AFD8000023184602B070473001001034010010F9
:10AFE80082B0164B1B680193154B1B680093019B9D
:10AFF800082B1FD1009B052B1AD801A252F823F069
:10B0080021B00E0025B00E0029B00E002DB00E00A4
:10B0180031B00E0035B00E0001230CE000230AE029
:10B02800002308E0002306E0002304E0002302E0F8
:10B03800002300E00023184602B0704730010010DA
:10B048003401001082B0164B1B680193154B1B6826
:10B058000093019B082B1FD1009B052B1AD801A236
:10B0680052F823F085B00E0089B00E008DB00E00A6
:10B0780091B00E0095B00E0099B00E0001230CE0BF
:10B0880000230AE0002308E0002306E0002304E090
:10B09800002302E0002300E00023184602B07047B6
:10B0A800300100103401001082B0164B1B68019368
:10B0B800154B1B680093019B082B1FD1009B052B88
:10B0C8001AD801A252F823F0E9B00E00EDB00E0034
:10B0D800F1B00E00F5B00E00F9B00E00FDB00E0094
:10B0E80001230CE000230AE0002308E0002306E027
:10B0F800002304E0002302E0002300E000231846B8
:10B1080002B07047300100103401001082B0164BB5
:10B118001B680193154B1B680093019B082B1FD1DB
:10B12800009B052B1AD801A252F823F04DB10E004E
:10B1380051B10E0055B10E0059B10E005DB10E00AF
:10B1480061B10E0001230CE000230AE0002308E0AF
:10B15800002306E0002304E0002302E0002300E0CF
:10B168000023184602B07047300100103401001067
:10B1780082B0164B1B680193154B1B680093019B0B
:10B18800082B1FD1009B052B1AD801A252F823F0D7
:10B19800B1B10E00B5B10E00B9B10E00BDB10E00CF
:10B1A800C1B10E00C5B10E0001230CE001230AE075
:10B1B800012308E0012306E0012304E0012302E063
:10B1C800012300E00023184602B070473001001048
:10B1D8003401001082B0164B1B680193154B1B6895
:10B1E8000093019B082B1FD1009B052B1AD801A2A5
:10B1F80052F823F015B20E0019B20E001DB20E005F
:10B2080021B20E0025B20E0029B20E0000230CE078
:10B2180000230AE0002308E0002306E0012304E0FD
:10B22800012302E0012300E00023184602B0704722
:10B23800300100103401001008B5FFF7CBFF0346BA
:10B24800002B07D04FF010234FF08042D3F808327C
:10B25800C2F8583500BF08BD00BF044BD3F800340E
:10B26800002BFAD000BF00BF704700BF00E00140CC
:10B2780000B583B00190054A019BC2F80435FFF779
:10B28800EBFF00BF03B05DF804FB00BF00E0014026
:10B29800024B034A1A6000BF704700BF6C000020D1
:10B2A8000090D00308B5FFF737FE0346002B0ED0F9
:10B2B8004FF080430022C3F80C214FF08043002256
:10B2C800C3F810214FF080430022C3F83825FFF758
:10B2D80055FE0346002B76D04FF08053734AD3F8BF
:10B2E8000434C2F820354FF08053704AD3F808343C
:10B2F800C2F824354FF080536C4AD3F80C34C2F8A6
:10B3080028354FF08053694AD3F81034C2F82C35E9
:10B318004FF08053654AD3F81434C2F830354FF0F3
:10B328008053624AD3F81834C2F834354FF080534A
:10B338005E4AD3F81C34C2F840354FF080535B4A5C
:10B34800D3F82034C2F844354FF08053574AD3F825
:10B358002434C2F848354FF08053544AD3F828347F
:10B36800C2F84C354FF08053504AD3F82C34C2F809
:10B3780050354FF080534D4AD3F83034C2F8543525
:10B388004FF08053494AD3F83434C2F860354FF04F
:10B398008053464AD3F83834C2F864354FF08053A6
:10B3A800424AD3F83C34C2F868354FF080533F4ADC
:10B3B800D3F84034C2F86C354FF080533B4AD3F889
:10B3C8004434C2F87035FFF70BFE0346002B02D059
:10B3D800374B384A1A60FFF735FE0346002B03D077
:10B3E800354BFB22C3F81825FFF75EFE0346002BFA
:10B3F8000AD0324B1B6823F00F02314B1B6803F055
:10B408000F032E4913430B60FFF780FE0346002B02
:10B4180003D02C4B4FF400721A60FFF7A9FE0346C5
:10B42800002B0DD04FF08043D3F8003403F0010314
:10B43800002B05D04FF080436FF00102C3F80024C1
:10B44800214BD3F88830204A43F47003C2F888307F
:10B45800BFF34F8F00BFBFF36F8F00BFFFF7ECFE46
:10B468004FF01023D3F80032002B05DB4FF01023E8
:10B47800D3F80432002B15DA0120FFF7F9FE4FF05C
:10B4880010231222C3F80022FFF7E6FE4FF0102324
:10B498001222C3F80422FFF7DFFE0020FFF7E8FEC0
:10B4A800FFF726FDFFF7F4FE00BF08BD00C000400F
:10B4B8008C5600404881030000F00040E40E004034
:10B4C800580200104096024000ED00E000B583B03D
:10B4D80003468DF807309DF80730063B012B03D84B
:10B4E800002000F0B5FF00E000BF074B1B68002BF1
:10B4F80005D0054B1B689DF807201046984700BFEC
:10B5080003B05DF804FB00BFC831002000B585B06A
:10B5180001900C4A019B13600020FFF7D7FF0A48EF
:10B5280000F06AFF0390039B002B01D0039B04E00B
:10B53800054800F04DFD0390039B184605B05DF8E3
:10B5480004FB00BFC8310020D5B40E0000B583B09D
:10B558000190019B5B69002B06D0019B5B691A4631
:10B56800019BDB681846904700BF03B05DF804FBF9
:10B5780000B585B003468DF80730064B03930022CB
:10B5880003990548FAF7C5FD0346184605B05DF866
:10B5980004FB00BFB0FC0E000800002000B589B015
:10B5A8000590049103920293029B0093039B049AD3
:10B5B80005990448FAF7C0FD0790079B184609B09B
:10B5C8005DF804FB0800002000B587B003900291E5
:10B5D8000192019B029A03990448FAF7CDFD059060
:10B5E800059B184607B05DF804FB00BF0800002063
:10B5F80082B003468DF80730034A9DF80730137070
:10B608000B23184602B07047CC31002082B0064B9D
:10B618001B788DF80730044B00221A709DF807300C
:10B62800184602B0704700BFCC31002018DF7047C1
:10B6380000BF184600B589B001900091009B9B0897
:10B64800079302AB00221A605A609A60DA60019B85
:10B658000393079B049302AB1846FFF7E7FF069096
:10B66800069B184609B05DF804FB00B587B00723B0
:10B6780005934FF4805304936B4600221A605A6076
:10B688009A60DA6006230093049B01936B46184680
:10B69800FFF7CCFF0590059B072B05D14FF0005213
:10B6A800049B136000230593059B184607B05DF8BB
:10B6B80004FB000000B583B00190044B1B68062012
:10B6C800984700BF03B05DF804FB00BFD8310020E5
:10B6D80000B585B003468DF807309DF807300A2B72
:10B6E80002D89DF807300AE09DF807300B3B8DF82B
:10B6F8000F309DF80F301846FFF77AFF03461846BB
:10B7080005B05DF804FB82B001900091009B012216
:10B718001A7100BF02B0704782B0019000914FF0DB
:10B728008053D3F80021009B5A604FF08053D3F820
:10B738000421009B9A604FF08053D3F80C319A0291
:10B74800009B1A614FF08053D3F810319A02009B86
:10B75800DA604FF080531A69009B5A6100BF02B04B
:10B768007047000000B585B00190009101238DF865
:10B778000F3043F204031B68384A934204D19DF802
:10B788000F3001338DF80F30354B1B6A012B04D174
:10B798009DF80F3001338DF80F30009B01225A704D
:10B7A800019B1B7C002B0FD1009B02221A712C4B92
:10B7B800DA68009B9A602B4A009BDA60294BC3F534
:10B7C8007E22009B1A6145E0019B1B7C012B1ED148
:10B7D80043F204031B68214A934218D1009B0022BC
:10B7E8001A714FF440531B78142B03D943F21403F6
:10B7F8001B6800E00023009A9360009B4FF480527E
:10B80800DA6043F208031A68009B1A6122E0019B80
:10B818001B7C9DF80F209A4210D9009B01221A71B7
:10B828000F4B9A68009B9A6000F0B2FE0246009B9C
:10B83800DA600B4B9A69009B1A610BE0009BFF22B0
:10B848001A71009B00229A60009B0022DA60009B1C
:10B8580000221A6100BF05B05DF804FBDBE5B151B9
:10B86800DC31002000000E0082B001900091019BA5
:10B878001A7C009B1A7100BF02B0704782B0019019
:10B888000091019B1A8A009B9A8000BF02B0704702
:10B8980082B00190009100BF02B0704700B583B03C
:10B8A80001900091034B1B680720984700BF03B025
:10B8B8005DF804FBD831002082B00190054BDA6BAB
:10B8C800019B5A60034B1A6C019B9A6000BF02B03F
:10B8D800704700BFDC31002000B583B001900091B3
:10B8E800009B4FF40072DA600098FFF7E5FF00BF95
:10B8F80003B05DF804FB000000B585B0019000912D
:10B908000C4B1B6803209847019B5B69184601F0A4
:10B918001BF803468DF80F309DF80F301846FFF7D7
:10B92800D7FE03461A46009B5A7000BF05B05DF863
:10B9380004FB00BFD831002000B585B0019000910C
:10B94800019B1A69019B9B8A1946104601F024F84D
:10B9580003468DF80F309DF80F301846FFF7B8FEF4
:10B9680003461A46009B5A700098FFF7A5FF019BF3
:10B97800DB68002B05D0019BDB68019A1269104631
:10B98800984700BF05B05DF804FB000000B585B01E
:10B99800019000911049114801F0D4F903468DF83F
:10B9A8000F309DF80F301846FFF792FE03461A46EF
:10B9B800009B5A70009B5B78012B08D1002000F097
:10B9C800E9FC0346002B02D0009B0A225A7000BFF4
:10B9D80005B05DF804FB00BFD4310020D031002051
:10B9E80000B583B0019000910098FFF765FF00BF94
:10B9F80003B05DF804FB000000B583B0019000912E
:10BA0800019B1B78013B072B2BD801A252F823F08E
:10BA180039BA0E006BBA0E0043BA0E0057BA0E00C0
:10BA28006BBA0E0061BA0E006BBA0E004DBA0E006A
:10BA380000990198FFF760FF14E000990198FFF75B
:10BA4800CFFF0FE000990198FFF776FF0AE0009911
:10BA58000198FFF79BFF05E000990198FFF73CFF6D
:10BA680000E000BF00BF03B05DF804FB82B00190A6
:10BA78000091074B9A6C009B9A60054B1A6D009BCE
:10BA88005A60009B4FF48052DA6000BF02B07047E2
:10BA9800DC31002000B583B00190009100F0B2FFC6
:10BAA800034683F00103DBB2002B03D0009B08227E
:10BAB8005A7055E0019B5B69002B03D1009B032260
:10BAC8005A704DE0019B5B69C3F30B03002B0CD04C
:10BAD800254B5A6D019B5B691A44244B1B689A429B
:10BAE80003D0009B03225A703AE0019B5B69B3F5CF
:10BAF800805F03D9009B04225A7031E01A4B5A6DBB
:10BB0800019B5B691A44194B1B689A4203D9009B35
:10BB180008225A7024E0019B5B69134A5364124B54
:10BB2800DB6C114A9364104B5B6D0F4A13650E4B27
:10BB38005B6D0D4A13630C4B1A6D0D4B1B68D018C7
:10BB4800019B5B6903F6FF731B0B00221946FFF785
:10BB58003BFD0346002B03D0009B05225A7000BF13
:10BB680003B05DF804FB00BFDC310020D4310020B5
:10BB7800D031002000B587B00190009100F042FF5D
:10BB8800034683F00103DBB2002B03D0009B08229D
:10BB98005A704FE0294B1A6D284B5B6DD31A0593E9
:10BBA800019B9B8A1A46059B1A44244B5B6C9A425C
:10BBB80003D9009B03225A703CE0204B1A6B204BA0
:10BBC8001B6813440493019B1869019B9B8A1D4AB7
:10BBD8001946FAF743F90390019B1969019B9B8A5F
:10BBE8001A46019BDB680498FFF7D8FC0290029B79
:10BBF800002B06D0019BDB68019A12691046984712
:10BC080018E00E4B1B6B019A928A13440B4A13637C
:10BC18000A4B1B6D019A928A1344084A1365074A16
:10BC2800039B9364054B9A6C009B9A60034B1A6DB7
:10BC3800009B5A6007B05DF804FB00BFDC310020B0
:10BC4800D03100202432002082B001900091054BB1
:10BC58009A6C009B9A60034B1A6D009B5A6000BF58
:10BC680002B07047DC31002000B58BB001900B4664
:10BC7800ADF80230019B09930020FAF79FFA0346BA
:10BC8800002B06D0214A18210998F6F7D7FA089010
:10BC980039E002AB00221A605A609A60DA601A61D1
:10BCA8005A6104238DF80830194B1A6D194B1B681B
:10BCB8009A421ED1184B1B68164A1268114618463C
:10BCC80001F012FC03468DF809309DF8093018463A
:10BCD800FFF7FEFC03468DF80930099B9B68099A1B
:10BCE800516802AA104698470C4800F053FB089088
:10BCF80009E001238DF80930099B9B68099A51686E
:10BD080002AA104698470BB05DF804FB71BC0E0000
:10BD1800DC310020D4310020D0310020BDB60E0027
:10BD280000B585B001900091134B1A6D124B5B6DF5
:10BD3800D31A0393104B5B6C039A9A4204D0009B6E
:10BD480008225A70012313E00B4B00225A640A4B55
:10BD58009B6C094AD364084B1B6D074A5365002145
:10BD68000198FFF781FF054B1B68042098470023C3
:10BD7800184605B05DF804FBDC310020D8310020FE
:10BD880000B585B00190009101238DF80F30019B1B
:10BD98001B78013B072B2FD801A252F823F000BFD4
:10BDA800C9BD0E0001BE0E00DDBD0E00E7BD0E00D0
:10BDB80001BE0E00F7BD0E0001BE0E00D3BD0E0081
:10BDC80000990198FFF766FE17E000990198FFF7C0
:10BDD800D1FE12E000990198FFF736FF0DE00099B7
:10BDE8000198FFF79DFF03468DF80F3005E0009995
:10BDF8000198FFF73BFE00E000BF9DF80F301846A2
:10BE080005B05DF804FB00BF00B585B00190009156
:10BE1800019B1B78062B03D0019B1B78012B04D1B7
:10BE2800019B1B69DAB2134B1A7001238DF80F308E
:10BE3800104B1B78012B02D0022B05D00CE0009987
:10BE48000198FFF7D9FD0EE000990198FFF798FFD8
:10BE580003468DF80F3006E0064B00221A70009B4F
:10BE680005225A7000BF9DF80F30184605B05DF8DE
:10BE780004FB00BF7000002000B58BB001900123C7
:10BE88008DF8273003AB00221A605A609A60DA6096
:10BE98001A615A61019B1B788DF80C3001238DF8CB
:10BEA8000D30019B1B780C2B4FD801A252F823F0C0
:10BEB800EDBE0E0041BF0E0029BF0E0041BF0E00AF
:10BEC80041BF0E0053BF0E0041BF0E001DBF0E0044
:10BED80041BF0E0011BF0E00F9BE0E0005BF0E00D7
:10BEE80035BF0E0003AB19460198FFF70CFC30E094
:10BEF80003AB19460198FFF70FFC2AE003AB19467C
:10BF08000198FFF72FFC24E003AB19460198FFF7CF
:10BF1800ABFC1EE003AB19460198FFF7AFFC18E035
:10BF280003AB19460198FFF7B3FC12E003AB1946BF
:10BF38000198FFF7B3FC0CE003AB19460198FFF733
:10BF480063FF03468DF8273003E002238DF80D3098
:10BF580000BF9DF82730002B0ED0019B9B68019AEB
:10BF6800516803AA104698479DF80D30012B03D05D
:10BF7800034B1B680520984700BF0BB05DF804FB16
:10BF8800D831002000B585B001900B46ADF80230DD
:10BF9800019B03930398FFF76FFF00BF05B05DF89F
:10BFA80004FB000000B585B00190019B9B68002B45
:10BFB80001D1072306E0054A18210198F6F73EF952
:10BFC8000390039B184605B05DF804FB8DBF0E0077
:10BFD80000B585B00190019B002B01D1072326E015
:10BFE8000020FFF7C5FA0390039B002B01D0039BA9
:10BFF8001DE000F091FC00F005FD0346002B0CD07D
:10C008000D490E4800F09EFE03468DF80B309DF852
:10C018000B30012B01D0032309E0094A019B13606F
:10C028000020FFF7E5FA03468DF80B300023184689
:10C0380005B05DF804FB00BFD4310020D0310020EA
:10C04800D831002000B583B00190019B0433002251
:10C0580058211846F9F702FF0346184603B05DF861
:10C0680004FB00B585B00190019B1B68B3F1FF3F4D
:10C078000AD00198FFF7E6FF0390019B1B68039A1B
:10C088009A4201D1012300E00023184605B05DF86B
:10C0980004FB00B583B00190019B03F518730022DF
:10C0A800C3211846F9F7DAFE0346184603B05DF8CF
:10C0B80004FB00B583B001900198FFF7EAFF024640
:10C0C800019BD3F85C329A420CBF01230023DBB2F8
:10C0D800184603B05DF804FB00B583B0044B019328
:10C0E8000198FFF7BEFF0346184603B05DF804FB4E
:10C0F80000F00F0000B583B00E4B1B680193019848
:10C10800FFF7AFFF0346002B0BD0019B5B68012BA9
:10C1180005D00198FFF7CDFF0346002B01D001237E
:10C1280000E0002303F00103DBB2184603B05DF81A
:10C1380004FB00BF7400002000B583B00190019B90
:10C14800181D0B4B1B6804335422194603F022F9BF
:10C15800019B03F15C00064B1B685C3340F2C7226D
:10C16800194603F017F900BF03B05DF804FB00BFE0
:10C178007400002000B583B0FFF7AEFF03468DF8CA
:10C188000730FFF7B7FF03468DF806309DF80730F4
:10C19800002B0DD04FF460722549264803F0FAF8B9
:10C1A8009DF80630002B19D02248FFF7C5FF15E08F
:10C1B8009DF80630002B08D01F4B1B684FF46072A7
:10C1C80019461C4803F0E6F808E04FF460720021B5
:10C1D800184803F008F9174B02225A60154B5B68A0
:10C1E800012B20D1154B40221946154803F0D2F8EF
:10C1F800144B1C221946144803F0CCF80D4B0022AE
:10C2080083F860220B4B012283F8A122094B0022FC
:10C2180083F8E22204220D490D4803F0BBF8054BD0
:10C2280002225A6000BF00BF03B05DF804FB00BFE4
:10C2380000F00F00DC3100207400002038330020AB
:10C24800FF340020783300203F350020F8310020EB
:10C258007E34002000B585B003468DF807309DF880
:10C2680007301846FFF784F90390039B002B01D091
:10C2780003230BE0FFF77EFF002000F08BF803900C
:10C28800039B002B01D0032300E00023184605B0D0
:10C298005DF804FB00B587B003900291019200930A
:10C2A8004FF460720299039803F018F80346002BC4
:10C2B80007D1019B002B02D0019B00209847002347
:10C2C8001FE0039B002201211846FFF77DF9059026
:10C2D800059B002B01D0032313E04FF460720299F1
:10C2E800009803F057F80398019B4FF46072009987
:10C2F800FFF754F90590059B002B01D0032300E0BC
:10C308000023184607B05DF804FB000000B583B0B1
:10C3180001900C48FFF796FE03460A4A1360094845
:10C32800FFF7B7FE0346074AC2F85C32064B019A8C
:10C3380004490648FFF7AEFF0346184603B05DF808
:10C3480004FB00BFDC3100205C35002000F00F004A
:10C3580000B585B001900091054B1868054B019A0E
:10C368000099FFF797FF039000BF05B05DF804FB45
:10C3780074000020DC38002000B583B00190044927
:10C388000198FFF7E5FF00BF03B05DF804FB00BFAD
:10C3980000F00F0000B585B001900020FFF7B6FF50
:10C3A8000390039B002B03D104490198FFF7D0FFAA
:10C3B800039B184605B05DF804FB00BFDC31002084
:10C3C800002318467047000008B54FF40072FF219B
:10C3D800064803F008F820220021054803F003F876
:10C3E800044B00221A6300BF08BD00BF383200208A
:10C3F80014320020DC31002000B587B00190124AC9
:10C40800124BD31ADB0803930023059300230493EC
:10C418000FE0049BDB000D4A13440293029B1B6848
:10C42800019898470590059B002B07D1049B013381
:10C438000493049A039B9A42EBD300E000BF059B48
:10C44800184607B05DF804FBFCFA0E00F4FA0E007B
:10C4580000B587B00190124A124BD31ADB08039338
:10C4680000230593002304930FE0049BDB000D4A8F
:10C4780013440293029B5B68019898470590059BBB
:10C48800002B07D1049B01330493049A039B9A421F
:10C49800EBD300E000BF059B184607B05DF804FB2E
:10C4A800FCFA0E00F4FA0E0000B583B001900C22DD
:10C4B8000021019802F097FF034B00221A6300BF86
:10C4C80003B05DF804FB00BFDC31002000B583B089
:10C4D80043F204031B68114A93421BD10023042230
:10C4E8000F4943F20400FFF759F80190019B002B14
:10C4F80010D10C4B1B6A012B02D10A4B00221A6285
:10C50800084B9A6943F208031B681344A3F5805348
:10C51800044A936100BF03B05DF804FBDBE5B15149
:10C5280088FF0E00DC31002043F204031B680A4A2E
:10C5380093420CD143F208031A6843F208031B68BC
:10C54800013BC3F30B03D31A03F6FF7301E04FF467
:10C5580080531846704700BFDBE5B15100B583B082
:10C56800FFF7E2FF0190094B9A69019B1A44074BB8
:10C578009969019B0B44013BC3F30B03D31A03F6E0
:10C58800FF73184603B05DF804FB00BFDC310020E0
:10C5980008B5FFF7C9FF0346184608BD4FF4805396
:10C5A8001846704700B58BB00190084611461A46E8
:10C5B80003468DF803300B468DF8023013468DF88C
:10C5C800013000238DF81F3079E04C4B0493012390
:10C5D8008DF817309DF81F30022B36D0022B38DC2F
:10C5E800002B02D0012B17D033E0FFF7B7FF0690DE
:10C5F8009DF80230002B05D0414B1B6A012B01D15D
:10C60800012300E000238DF817309DF8173003F060
:10C6180001038DF817301FE0FFF786FF06909DF89D
:10C628000130002B05D143F204031B68354A9342BD
:10C6380001D0012300E000238DF817309DF8173052
:10C6480003F001038DF8173006E0FFF7A7FF069007
:10C6580002E00023069300BF049A069BD31AA3F5B1
:10C668004053019A9A428CBF012300238DF827304A
:10C678009DF82730002B03D19DF80330002B01D003
:10C68800012300E000238DF80F309DF80F3003F0F0
:10C6980001038DF80F309DF80F3083F00103DBB2F2
:10C6A800002B10D19DF81730002B0CD19DF81F30AE
:10C6B800012B08D89DF81F3001338DF81F309DF8E5
:10C6C8001F30022B81D99DF82730002B02D004237C
:10C6D80008930EE09DF81F30012B01D9FFF7F6FEF5
:10C6E8009DF81F30002B02D00748FFF7DDFE00231E
:10C6F8000893089B18460BB05DF804FB00000E0079
:10C70800DC310020DBE5B151F431002088B0039022
:10C718000291009313468DF80730009B0593059B03
:10C728005B68DB68184A93422BD1039B5B680793CD
:10C73800039B9B680693154B1B68002B03D1144B76
:10C748001B68002B09D0134B00221A7019E0079BB5
:10C7580001330793069B013B0693079B1B785BB24B
:10C76800002BF4DB079B01330793069B013B0693E1
:10C77800064A079B1360064A069B1360054B012275
:10C788001A7008B0704700BF38FE0E007C3F0020CA
:10C79800803F00206140002010B586B03E4B9A6B68
:10C7A8003E4C6B463E491846F4F7FEF86B460FCBF5
:10C7B80084E80F00394B3B4ADA603B4B00221A7081
:10C7C8003A4B00221A603A4B00221A604FF4477223
:10C7D8000021384802F007FE364A37492F48F4F757
:10C7E800D1FE034683F00103DBB2002B01D0002306
:10C7F8004EE02D4B1B7883F00103DBB2002B08D1F0
:10C808002C4B93F86C31002B05D02A4B1B78002B4E
:10C8180001D000233CE0274B93F86C31002B26D045
:10C82800244B93F87231002B21D0244B05931F4BD6
:10C8380019681F4B1A68194C6B461846F4F7B4F878
:10C848006B460FCB84E80F004FF4B27200210598B5
:10C8580002F0C9FD059A1A491048F4F793FE0346F9
:10C8680083F00103DBB2002B0ED0002310E0114B44
:10C878001B78002B06D00F4B9B79002B02D0114B55
:10C88800059301E0002303E00F4A059B1360012391
:10C89800184606B010BD00BFDC310020843F0020E0
:10C8A8003832002015C70E00614000207C3F002070
:10C8B800803F0020603C002058FF0E00D43D00203F
:10C8C80038FE0E00683C0020943F002000B593B06D
:10C8D8000D4B1B78002B13D1FDF704F9119001AB18
:10C8E80020220A491846FDF770F901AA4023084991
:10C8F8000848FCF799FF1190034B01221A7000E0D9
:10C9080000BF13B05DF804FB604000207CFD0E0002
:10C91800983F002078FB0E0008B5094B9B6B002B55
:10C9280008D0FFF739FF0346002B03D0054B01223F
:10C938001A7003E0034B00221A7000BF00BF08BD45
:10C94800DC3100205C3C002000B585B0019001235B
:10C958008DF80F30019B002B03D103238DF80F3086
:10C968000FE0019BB3F5007F03D904238DF80F3046
:10C9780007E0074B00221A70FFF726FD054A019BC6
:10C9880093639DF80F30184605B05DF804FB00BFAF
:10C998005C3C0020DC31002000B585B0019000919E
:10C9A80001238DF80F30154BDA6B009B1A44134B9B
:10C9B8009B6B9A4203D903238DF80F3018E00F4B75
:10C9C800DB6B58330D4A13440433009A0199184617
:10C9D80002F0E0FC094BDA6B009B1344074AD3636F
:10C9E800074A00990198F9F739FA0346034A13648C
:10C9F8009DF80F30184605B05DF804FBDC310020C7
:10CA08001C320020014B1B78184670475C3C002004
:10CA180084B003468DF8073001238DF80F309DF858
:10CA28000730012B03D09DF80730002B02D10123DA
:10CA38008DF80F309DF80F30184604B0704700008D
:10CA480010B5D0B0044650A8A0F59870016050A960
:10CA5800A1F59A710A6050AAA2F59C72136050ABB6
:10CA6800A3F2291322461A7020234E932FAB7C225F
:10CA78000021184602F0B7FC50ABA3F59473184692
:10CA8800A4231A46002102F0AEFCFFF71FFF50ABAB
:10CA9800A3F598731B68002B01D1132342E050AB18
:10CAA800A3F229131B78002B01D016233AE050ABD0
:10CAB800A3F59C722FA84EAB01931C4B0093529B7D
:10CAC80012681B49FCF7DFFF4F904F9B002B01D0EA
:10CAD8000A2327E050ABA3F59A731B68402B01D0BB
:10CAE8000A231FE050ABA3F59A7250ABA3F59873D5
:10CAF800126819680F4802F04DFC20210D48FDF717
:10CB08007CF84E9B06A8402201920A4A0092074AE6
:10CB18000949FCF7C9FE4F904F9B002B01D0052314
:10CB280000E00123184650B010BD00BF204000208F
:10CB380084FB0E00E03F0020983F002084B0019065
:10CB480000910F238DF80F3000230293019B93F877
:10CB58005530002B04D0019B93F85530042B08D195
:10CB6800019B93F86430002B03D0019B9B6E0293CA
:10CB78002CE0019B93F8553003F00103002B07D0FC
:10CB8800019B93F85630002B02D0019B9B6D0293BA
:10CB9800019B93F8553003F00203002B16D0019B3C
:10CBA80093F85C30002B11D0019B1A6E0E4BC3F525
:10CBB8007E239A4205D8019B1B6E029A1344029366
:10CBC80004E00023029304238DF80F30029B002B0E
:10CBD80005D0009B029A1A6001238DF80F309DF84A
:10CBE8000F30184604B0704700000E0084B00346AA
:10CBF8008DF8073000238DF80F309DF80F30184658
:10CC080004B0704782B00190019B1B8A002B05D0AD
:10CC1800019B5B69002B01D0012300E0002303F096
:10CC28000103DBB2184602B0704700B583B001902B
:10CC38000198FFF7E7FF0346184603B05DF804FBC9
:10CC480010B586B003900291019201238DF8173038
:10CC5800039B93F855301846FFF7C8FF03461C4658
:10CC68000398FFF7E2FF0346002221460298FFF7E8
:10CC780099FC0490049B002B03D004238DF81730F3
:10CC880004E0FFF76BFC0246019B1A609DF8173021
:10CC9800184606B010BD000000B589B001238DF814
:10CCA8001F30224B069300238DF81730002304937E
:10CCB800002303931E4B93F86C31002B0CD01D4BB3
:10CCC80006931B4B93F8D8328DF817301A4B049300
:10CCD800174BB3F8DA320393069B93F8593018468A
:10CCE800FFF796FE0346002B0ED0144B1A68144B20
:10CCF8001B689DF8170000931346039A0499FFF7E1
:10CD08009FFE03468DF81F309DF81F30012B07D179
:10CD1800069B0433184600F043FD03468DF81F3088
:10CD28009DF81F30184609B05DF804FB643C0020EC
:10CD3800603C0020D03D00203C3F00207C3F00208C
:10CD4800803F002000B585B00190009101238DF847
:10CD58000F302E4BDA6B2D4B9B6B9A4203D0082376
:10CD68008DF80F304CE02A4B1B78002B0ED0FFF7C4
:10CD7800F5FB0246019B1A60264B1B680099184672
:10CD8800FFF7DCFE03468DF80F3039E0FFF704FDAE
:10CD98000346002B31D0FFF77FFF03468DF80F3095
:10CDA800019B00221A60009B00221A609DF80F3038
:10CDB800012B08D1174B1B6800991846FFF7BEFED8
:10CDC80003468DF80F309DF80F30012B0AD1114B17
:10CDD8001868009B1B68019A1946FFF731FF034644
:10CDE8008DF80F309DF80F30012B03D1084B01222D
:10CDF8001A7005E0FFF7E8FA02E005238DF80F3016
:10CE08009DF80F30184605B05DF804FBDC310020B2
:10CE18005C3C0020943F002000B5B1B0059004911F
:10CE280003928DF80B3001238DF8BF302023259312
:10CE380006AB7C220021184602F0D5FAFFF746FD22
:10CE48009DF80B30002B07D026AB202205991846F9
:10CE5800FCF79DFE26AB0593049A06A825AB019323
:10CE68000F4B0093039B0F49FCF70DFE2E902E9B52
:10CE7800002B03D000238DF8BF300AE0202205994B
:10CE8800074802F02BFA0346002B02D000238DF846
:10CE9800BF309DF8BF30184631B05DF804FB00BFC5
:10CEA8004040002084FB0E0000B585B0039002913D
:10CEB8000192039B03F172000123019A0299FFF783
:10CEC800ABFF0346184605B05DF804FB86B0019039
:10CED80043F204031B68294A934209D0019B03F5D6
:10CEE800005304331B68254A934201D1012300E013
:10CEF80000238DF817309DF8173003F001038DF8E3
:10CF0800173043F204031B681C4A934230D1019B3B
:10CF180003F5005304331B68184A934228D14FF491
:10CF280040531B78142B07D943F214031B68144A87
:10CF3800A2FB03239B0C00E000230493019B03F551
:10CF480000531B78142B09D9019B03F500531433A4
:10CF58001B680B4AA2FB03239B0C00E000230393EE
:10CF6800049A039B9A4214BF012300238DF81730BB
:10CF78009DF81730184606B0704700BFDBE5B15181
:10CF880083DE1B4384B00190009101238DF80F309C
:10CF9800019B03F5005304331B68214A934203D0D5
:10CFA80000238DF80F3036E0019B03F5005308335A
:10CFB8001A68009B03F6FF73C3F30B030099CB1A9F
:10CFC80003F5FF531F339A4203D200238DF80F3025
:10CFD80021E043F204031B68114A93421BD14FF42A
:10CFE80040531B78102B03D943F210031A6800E052
:10CFF8000022019B03F500531B78102B05D9019BD8
:10D0080003F5005310331B6800E000239A4202D056
:10D0180000238DF80F309DF80F30184604B0704784
:10D02800DBE5B15110B5A8B00590049103920293C5
:10D038002023269307AB7C220021184602F0D3F95F
:10D0480041220021059802F0CEF9049BB3F89430F0
:10D058001A46039B934209D20499039A13461B016B
:10D0680013449B000B4496331B7801E09DF8AC30C9
:10D07800059A1370059B1B78032B41D801A252F81F
:10D0880023F000BF0DD10E009DD00E00B1D00E00D0
:10D09800D5D00E000298059B5C1C00222A99F8F74F
:10D0A800DDFE0346236030E00299059B013307A8A3
:10D0B80026AA019200932A9B0A461849FCF7E3FC2A
:10D0C8002790279B002B1FD0002324E0059B581C8A
:10D0D800039A13461B0113449B009033049A13448C
:10D0E80003F10A040499039A13461B0113449B0095
:10D0F8000B4498331B881A46214602F04BF904E08A
:10D10800002308E000BF00E000BF2A9A02990598B2
:10D1180000F0F8F80346184628B010BD84FB0E004E
:10D1280000B599B00590049103928DF80B3007A8CB
:10D1380001230193039B0093049B00220599FFF7A9
:10D1480071FF034683F00103DBB2002B01D00023FB
:10D1580024E09DF80B3083F00103DBB2002B01D0F3
:10D1680001231BE007AB412219460E4802F012F9D1
:10D178000D4B0122DA620C4B00221A620598FFF768
:10D1880041FD034683F00103DBB2002B01D0FFF71A
:10D198009DF9059B5B68044A93600123184619B002
:10D1A8005DF804FB7D340020DC31002000B5ABB015
:10D1B800059003930B468DF8133013468DF8123003
:10D1C80017AB41220021184602F00DF906AB4122A7
:10D1D8000021184602F007F9039B29932C9B2893FA
:10D1E8009DF81330002B2DD0059B9B6D1946039895
:10D1F800FFF7C8FE034683F00103DBB2002B01D022
:10D20800002373E00398FFF761FE059B9B6D17A849
:10D21800012201920093039B00220599FFF702FF68
:10D22800034683F00103DBB2002B01D000235DE04D
:10D23800059B9B6D299A13442993059B9B6D289AFE
:10D24800D31A28939DF81230002B13D09DF8133071
:10D258001A4606A800230193289B0093299B059949
:10D26800FFF7E0FE034683F00103DBB2002B01D099
:10D2780000233BE09DF8B43083F00103DBB2002BC0
:10D2880001D0012332E09DF81330002B1CD0039805
:10D29800FFF71CFE0346002B02D01648FFF704F9DF
:10D2A80017AB41221946144802F074F89DF8123061
:10D2B800002B01D0AC2300E0A523104AD362059BC4
:10D2C8009B6D0E4A536302E00C4BAA22DA629DF86A
:10D2D8001230002B09D006AB41221946084802F04B
:10D2E80059F8059B5B68054AD360012318462BB0A3
:10D2F8005DF804FBF43100203C340020DC310020D0
:10D30800BE34002000B58BB0059004910392049BB5
:10D318000993059B1B78032B3BD801A252F823F0F5
:10D3280039D30E003DD30E0061D30E0073D30E0027
:10D3380001232FE0059B01331B6807930022039903
:10D348000998F8F78BFD0690069A079B9A4201D038
:10D3580000231FE001231DE0059B581C0023039AAE
:10D368000499FFF759FD034614E0059B591C039BDC
:10D378000093099B40220020FFF762FB03468DF8CB
:10D3880023309DF82330012B0CBF01230023DBB28F
:10D3980000E0002318460BB05DF804FB00B58BB025
:10D3A8000590049113468DF80F3001238DF827302E
:10D3B8004A4B1B680893049A05990898FFF774FD6F
:10D3C800034683F00103DBB2002B03D017238DF84B
:10D3D800273051E0089B93F85530002B10D19DF869
:10D3E8000F30049A05990898FFF79AFE034683F0D0
:10D3F8000103DBB2002B3FD005238DF827303BE03B
:10D40800089B93F8553003F00103002B14BF012348
:10D4180000238DF81F30089B93F8553003F0020362
:10D42800002B14BF012300238DF81E309DF81E2009
:10D438009DF81F109DF80F300193049B0093059BE6
:10D448000898FFF7B3FE034683F00103DBB2002B15
:10D4580012D005238DF827309DF80F30002B0BD004
:10D468009DF81F30002B07D0FFF798F80246059B60
:10D47800934201D1FFF72AF89DF80F3083F001039A
:10D48800DBB2002B0AD09DF82730012B03D1144BB7
:10D4980001225A611BE0FEF797FF18E09DF827303C
:10D4A800012B0CD1059B002204991846F8F7D6FCED
:10D4B80003460B4A93620A4A049B536202E00948F6
:10D4C800FEF7F2FFFEF780FF054A059B93649DF87F
:10D4D800273018460BB05DF804FB00BF943F0020CE
:10D4E800DC3100200032002000B583B001900091AB
:10D4F800012200990198FFF751FF0346184603B02F
:10D508005DF804FB84B001900B468DF80330134698
:10D518008DF8023000238DF80F3000238DF80E307F
:10D5280027E043F204031B68174A93420AD19DF887
:10D538000E309B00019A13441B6843F20C021288B8
:10D5480093420DD09DF80230002B0DD09DF80E307F
:10D558009B00019A13441B684FF6FE72934203D155
:10D5680001238DF80F300AE09DF80E3001338DF855
:10D578000E309DF80E209DF803309A42D1D39DF8C5
:10D588000F30184604B07047DBE5B15100B585B0DF
:10D59800019001238DF80E3043F204031B68434ABF
:10D5A80093425BD1019B1B8A002B03D100238DF88A
:10D5B8000F3075E0019B5B69002B14D0019B03F1D0
:10D5C8001400019B1B8AD9B2019B93F85530042B98
:10D5D8000CBF01230023DBB21A46FFF793FF034673
:10D5E8008DF80F305CE0019B93F85530002B1DD16E
:10D5F8009DF80E30002B15D0019B1B8A012B11D9E9
:10D60800019B5B69002B0DD1019B03F11400019B69
:10D618001B8ADBB200221946FFF774FF03468DF818
:10D628000F303DE001238DF80F3039E09DF80E30C2
:10D6380083F00103DBB2002B04D1019B93F8553032
:10D64800012B01D0012300E000238DF80F309DF855
:10D658000F3003F001038DF80F3021E0019B1B8A86
:10D66800002B07D0019B5B69002B03D000238DF8AA
:10D678000F3015E09DF80E3083F00103DBB2002B6C
:10D6880003D1019B1B78002B01D0012300E000236C
:10D698008DF80F309DF80F3003F001038DF80F302F
:10D6A8009DF80F30184605B05DF804FBDBE5B15175
:10D6B80082B00190019B93F86E30032B0CBF0123BD
:10D6C8000023DBB2184602B0704784B003468DF8D9
:10D6D800073001238DF80F309DF80730012B03D157
:10D6E80000238DF80F3006E09DF80730002B02D19B
:10D6F80001238DF80F309DF80F30184604B070479D
:10D7080082B00190019B93F85430002B15D0019BF7
:10D7180093F85530002B0ED0019B93F85530012B10
:10D7280009D0019B93F85530022B04D0019B93F844
:10D738005530032B01D1012300E0002303F001033E
:10D74800DBB2184602B0704782B00190019B93F893
:10D758005530002B04D0019B93F85530012B11D183
:10D76800019B5A680D4B9B689A4201D9012312E02C
:10D77800019B5A68094B9B689A4201D101230AE030
:10D78800002308E0019B5A68044BDB689A428CBF6F
:10D7980001230023DBB2184602B07047DC310020B9
:10D7A80000B585B0019001238DF80F300198FFF77F
:10D7B800A7FF034683F00103DBB2002B03D00F233E
:10D7C8008DF80F3049E00198FFF772FF034683F0A8
:10D7D8000103DBB2002B03D014238DF80F303CE09B
:10D7E800019B1B7A83F00103DBB2002B03D00F23CC
:10D7F8008DF80F3031E0019BDB68342B03D0112307
:10D808008DF80F3029E00198FFF7C0FE034683F03A
:10D818000103DBB2002B03D012238DF80F301CE07C
:10D82800019B1B78002B0CD00198FFF78DFF034656
:10D8380083F00103DBB2002B0FD010238DF80F30DB
:10D848000BE0019B93F855301846FFF73EFF03465F
:10D85800002B02D00F238DF80F309DF80F3018469B
:10D8680005B05DF804FB82B003460091ADF80630C0
:10D87800BDF80630DAB2009B1A70BDF806301B0AF4
:10D888009AB2009B0133D2B21A700223184602B032
:10D89800704782B001900091019BDAB2009B1A7028
:10D8A800019B1A0A009B0133D2B21A70019B1A0C11
:10D8B800009B0233D2B21A70019B1A0E009B0333ED
:10D8C800D2B21A700423184602B0704782B0019091
:10D8D800019B1B781AB2019B01331B781B021BB2F8
:10D8E80013431BB29BB2184602B0704782B0019036
:10D8F800019B1B781A46019B01331B781B021A43B4
:10D90800019B02331B781B041A43019B03331B78CA
:10D918001B061343184602B0704710B582B0019039
:10D928000091019A009BD418FDF770FE03462370FE
:10D938000020FDF75DFE0123184602B010BD00006F
:10D9480000B585B00190009100238DF80F30019B40
:10D958001B6902939DF80F305A1C8DF80F201A4648
:10D96800029B134460221A709DF80F305A1C8DF8E0
:10D978000F201A46029B1344009A12781A709DF8D9
:10D988000F305A1C8DF80F201A46029B1344009A38
:10D9980052781A70009B5B78012B40F02B81009B1A
:10D9A8001B780B2B00F2388101A252F823F000BF3C
:10D9B800E9D90E0021DC0E0021DC0E001DDB0E0073
:10D9C80021DC0E0021DC0E005FDB0E00C1DB0E0047
:10D9D80021DC0E00E3DB0E0003DA0E00A5DA0E00F0
:10D9E8009DF80F30029A1344009A12791A709DF824
:10D9F8000F3001338DF80F300FE1009B58689DF808
:10DA08000F30029A13441946FFF743FF03461A469C
:10DA18009DF80F3013448DF80F30009B98689DF8DF
:10DA28000F30029A13441946FFF733FF03461A468C
:10DA38009DF80F3013448DF80F30009BD8689DF87F
:10DA48000F30029A13441946FFF723FF03461A467C
:10DA58009DF80F3013448DF80F30009B18699DF81E
:10DA68000F30029A13441946FFF713FF03461A466C
:10DA78009DF80F3013448DF80F30009B58699DF8BE
:10DA88000F30029A13441946FFF703FF03461A465C
:10DA98009DF80F3013448DF80F30BEE09DF80F301D
:10DAA8005A1C8DF80F201A46029B1344009A1279CB
:10DAB8001A70009B98689DF80F30029A1344194613
:10DAC800FFF7E7FE03461A469DF80F3013448DF81A
:10DAD8000F30009BD8689DF80F30029A13441946FE
:10DAE800FFF7D7FE03461A469DF80F3013448DF80A
:10DAF8000F30009B18699DF80F30029A134419469D
:10DB0800FFF7C7FE03461A469DF80F3013448DF8F9
:10DB18000F3082E0009B58689DF80F30029A13443A
:10DB28001946FFF7B6FE03461A469DF80F30134410
:10DB38008DF80F30009B98689DF80F30029A1344B7
:10DB48001946FFF7A6FE03461A469DF80F30134400
:10DB58008DF80F3061E0009BD8689DF80F30029A6D
:10DB680013441946FFF795FE03461A469DF80F30F1
:10DB780013448DF80F30009B58689DF80F30029AB7
:10DB880013441946FFF785FE03461A469DF80F30E1
:10DB980013448DF80F30009B98689DF80F30029A57
:10DBA80013441946FFF775FE03461A469DF80F30D1
:10DBB80013448DF80F3030E0009B98889DF80F30A3
:10DBC800029A13441946FFF74EFE03461A469DF87B
:10DBD8000F3013448DF80F301FE09DF80F30029A74
:10DBE8001344009A12791A709DF80F3001338DF89A
:10DBF8000F3012E0009B5B780B2B0ED19DF80F3095
:10DC080019460298FFF789FE0346DAB29DF80F30ED
:10DC180013448DF80F3000E000BF019B5B689DF84E
:10DC28000F2011460298984700BF05B05DF804FB25
:10DC380000B585B001900091009B0393019B1B7870
:10DC4800082B1DD1039B5B88013B9AB2039B5A802A
:10DC5800039B1B88002B19D0039B5B88002B15D1D5
:10DC6800039B1A88039B5A80019B03221A70019B0D
:10DC78005A68019B5A60019B9A68019B9A6000E070
:10DC880000BF01990398FFF75BFE00E000BF05B0F5
:10DC98005DF804FB00B58FB0039002910192029BDE
:10DCA80001330C93019B9BB2013BADF82E3004ABC2
:10DCB80000221A605A609A60DA601A615A61029BFF
:10DCC8001B788DF81030039B05933D4B0693012379
:10DCD8008DF837309DF81030013B0A2B5CD801A233
:10DCE80052F823F043DD0E0023DD0E00A1DD0E0007
:10DCF800A1DD0E00A1DD0E003BDD0E008BDD0E0068
:10DD080071DD0E0097DD0E00A1DD0E0019DD0E009D
:10DD18000C9B1B788DF8203041E00C98FFF7D6FD5E
:10DD280003461A46039B1A80039B1A88039B5A8052
:10DD380035E00C9B1B78089331E0039B1A88039B02
:10DD48005A800C9B1B7808930C9B01331846FFF7ED
:10DD5800CDFD03460993089B012B1FD1039B5B69EB
:10DD68001846FEF775FB19E000238DF837300C9B39
:10DD78000893BDF82E30ADF82430039B9B680793B9
:10DD88000DE0039BDB689BB2ADF8203007E00C9BED
:10DD98001B788DF8203002E000BF00E000BF9DF83E
:10DDA8003730002B03D0039B9B680C98984704AB33
:10DDB8001846FEF7F7F80A9000BF0FB05DF804FBAD
:10DDC80039DC0E0030B10268034B04489A4208BFA0
:10DDD8000020704702487047DD55AABB8208F00052
:10DDE8007108F00038B50D460446B0B1A0220021F4
:10DDF800043000F049FD95B10822294604F1640079
:10DE080000F048FD082205F1200104F1840000F02B
:10DE180041FD044B2360002038BD0348FCE703485C
:10DE2800FAE700BFDD55AABB7108F0008308F000CF
:10DE38002DE9F74305460E461F461146FFF7C2FF78
:10DE48000446002840F08280002E00F083800029DC
:10DE580000F08280202F40F0818005F144040822E0
:10DE680005F10409204600F015FD05F124080822F3
:10DE78003146484600F00EFD06F1200108224046D2
:10DE880000F008FD01A94FF48070019700F0A0FA96
:10DE9800002865D1334A4FF48073136001219360E1
:10DEA800314A082300F04AFB012108462F4A05237E
:10DEB80000F044FB08234A4601211C2000F03EFBE9
:10DEC800082342460121032000F038FB224608239C
:10DED8000121022000F032FB254A082301211A20E3
:10DEE80000F02CFB234A052301211B2000F026FB10
:10DEF800214A08230121142000F020FB1F4A08238F
:10DF08000121152000F01AFB082305F16402012104
:10DF1800162000F013FB082305F1840201211720C5
:10DF280000F00CFB0823164A01210B2000F006FB29
:10DF380000F062FB0446019800F0EEFA114B002C49
:10DF480018BF1C46A421284600F0A0FC204603B0B8
:10DF5800BDE8F0830C4CF9E70C4CF7E70C4CF5E7FF
:10DF6800084CEFE790B00250CCFF0E0044000F00C1
:10DF78008CFF0E0030000F00F0FF0E0010000F00A5
:10DF8800ACFF0E008408F0007608F0008008F0006E
:10DF98008108F00037B50193069B009304461546A7
:10DFA800FFF720FF40B9DDE900322946204603B0DB
:10DFB800BDE83040FFF73CBF03B030BD0C4BC26931
:10DFC8001A60826943F8042C426943F8082C0269F4
:10DFD80043F80C2CC26843F8102C826843F8142CC0
:10DFE800426843F8182C026843F81C2C704700BF9D
:10DFF8005CB602500C4B1B68C3610C4B1B688361F9
:10E008000B4B1B6843610B4B1B6803610A4B1B6876
:10E01800C3600A4B1B688360094B1B684360094B4C
:10E028001B680360704700BF5CB6025058B60250C8
:10E0380054B6025050B602504CB6025048B6025080
:10E0480044B6025040B6025030B10268034B04484F
:10E058009A4208BF0020704702487047DD55AABBA6
:10E068000202F0000002F00013B5044670B104305B
:10E078007021019000F00AFC01980549202200F067
:10E0880001FC044B2360002002B010BD0248FBE7EE
:10E0980068000F00DD55AABB0002F0002DE9FF471C
:10E0A800254B04460F4615460FCBE84688E80F0077
:10E0B80025B90026304604B0BDE8F0872046FFF7B2
:10E0C800C3FF06460028F5D1666A231D01938EBB5F
:10E0D800206FC0B1C0F14009A94528BFA94604F185
:10E0E800300A4A463946504400F0CCFB226F4A4475
:10E0F800402A4F442267A5EB090504D15146404602
:10E1080000F0D6FB266705F03F0935F03F0505D03E
:10E1180039462A46404600F0CBFB2F44B9F1000FA0
:10E12800C7D04A46394604F1300000F0ABFBC4F8CA
:10E138007090BFE7014EBDE758000F000C02F000D9
:10E148002DE9FF41144B04460D460FCBE84688E8FD
:10E158000F002046FFF778FF0746B0B9CDB1636AD4
:10E16800261D01963BB90123226F636204F1300139
:10E17800404600F09DFB3346043D243453F8042BFD
:10E1880012BAA34245F8042FF8D1384604B0BDE8C6
:10E19800F081024FF9E700BF58000F000502F000B8
:10E1A800084B1B681B0EF02B08D1074B1A68074B4E
:10E1B8009A4205D1064B0020186070470520704729
:10E1C8000620704728B9025024BA02500000E02007
:10E1D8000CBA0250002230B549001346023840F606
:10E1E800FC75940004F1A04404F52C34904202F12B
:10E1F8000102CABF236025605B181E2AF1D1044AB8
:10E2080013600B445360034B034A1A6030BD00BFD0
:10E2180078B0025084B0025020F80F0030B51F4B80
:10E2280085B01A46196800910099CC07FAD500F113
:10E23800A05000F52C408000016813680193019BF1
:10E24800D807FAD5164B174C1B68174D13F11F004A
:10E2580048BF03F13E0040110138002810DA0023BE
:10E268000130400153B1A0F120014FF000421342A8
:10E2780004D1013888424FEA5202F8D105B030BDC6
:10E2880013680393039BDB07FAD5431823602B68B5
:10E298000293029B002BE3D10138DEE7B4B00250B1
:10E2A800ACB00250E4B00250DCB00250F0B51D68CA
:10E2B80085B001F01F040DB91F2C25D1154D2E4630
:10E2C8002F680197019FFF07FAD500F1A05000F5CC
:10E2D8002C408000006835680395039DED07FAD54A
:10E2E8000D4D00EB611028600C48006802901F2C4F
:10E2F80018BFC94302980FBF106001F01F0100FA50
:10E3080001F111600021196010684300C00F13600B
:10E3180005B0F0BDB4B00250E4B00250DCB0025019
:10E328000C4B18603F3020F03F00890140305860A6
:10E338009960D9601961596199610748D9611C339D
:10E3480082B002680192019AD207FAD5196002B028
:10E35800704700BF90B00250B4B0025038B5A0F179
:10E368002003B3F5426F05462CD88F2826D800F134
:10E37800470300F16604DB064FEA541400D0013469
:10E3880064013F34A409013411B18C421AD80C46F7
:10E39800E3004FF48050B0FBF3F0202828BF202082
:10E3A80002B11060084B01221A602146FFF712FFE4
:10E3B80028462146FFF7B4FF002038BD00F11F04AE
:10E3C8006409DDE70148F8E71CB802502221F00093
:10E3D8000A460021FFF7C2BF2DE9F041484B88B03B
:10E3E8001C461D680195019DEF07FAD5454BDFF8DE
:10E3F80020E1454F13449B000A181B681E2A88BF5A
:10E40800C0F11E011F330A185B095A43B2F5806F29
:10E4180088BF4FF480614FF0000203F1010588BF07
:10E42800B1FBF3F1944688BF091A25F00105800075
:10E43800914233DC22680492049AD207FAD5334A0F
:10E448001268216805910599CF07FAD530482E49F9
:10E458000260002215469A4246D15A1C2A4D194696
:10E4680022F0010200268A4241D8216806910699C5
:10E47800CE07FAD52749096825680795079DED074E
:10E48800FAD50160002120480C46994232D11E4934
:10E4980000209A4231D808B0BDE8F081266802967B
:10E4A800029EF607FAD500F1A04606F52C36366826
:10E4B800D4F80080CDF80C80DDF80C8018F0010F3E
:10E4C800F6D0CEF8006000269E4205D11E46B54221
:10E4D80006D801320430ABE7C7F800C00136F3E7CD
:10E4E800C7F800C00136F2E70D600132B3E72E60CD
:10E4F8000131B8E704600131C7E708600133C8E7B4
:10E50800B4B0025024AC0014D8B002507CB0025011
:10E51800D4B0025078B0025008B540B12028014666
:10E528004FF0070228BF20210020FFF755FF024BBC
:10E5380000221A6008BD00BF1CB80250F0B52A4D71
:10E5480085B02C462E680096009EF707FAD500F194
:10E55800A05000F52C4080000568206801900198C3
:10E56800C607FAD5214E2248356002EB8307BA4226
:10E578002BD15A1C1E4822F0010200279A4229D8A2
:10E5880023680293029BD807FAD51A4B0B449B00C9
:10E5980018681F30B2EB501F4FEA501313D221688E
:10E5A80003910399C907FAD5154400219B1A104A0B
:10E5B800356008468B4210D85A1C0D4922F00102DA
:10E5C80000209A420CD805B0F0BD52F804CBC0F830
:10E5D80000C0CCE707600133D0E710600131E9E7FC
:10E5E80008600133EDE700BFB4B00250D4B0025068
:10E5F800D8B0025024AC00142DE9F041834B1D68BB
:10E6080098682033A0B01E461A680192019AD20772
:10E61800FAD57F4C7F4B236033680293029BDF0758
:10E62800FAD57D4B23607D4B1F461A680392039AE7
:10E63800D107FAD57A4B1968C1F3402132680492A0
:10E64800049AD207FAD5774A22603A680592059A61
:10E65800D207FAD51A68C2F34022002900F0D18007
:10E66800002A00F0CE8032680692069AD107FAD5C1
:10E678006D4A22603A680792079AD207FAD51A6853
:10E68800C2F34022316808910899C907FAD5674949
:10E698002160396809910999C907FAD51B68C3F33C
:10E6A8004023002A00F0AF80002B00F0AC803368D4
:10E6B8000A930A9BDA07FAD5564B236033680B9303
:10E6C8000B9BDB07FAD55A4A226033680C930C9BE4
:10E6D800DF07FAD5574B236033680D930D9BD90795
:10E6E800FAD5554B236033680E930E9BDB07FAD59A
:10E6F800524B236033680F930F9BDF07FAD5504BBB
:10E708002360504B1E46196810911099C907FAD515
:10E718003F4C4D4B236033681193119BDB07FAD5AF
:10E728004A4B236033681293129BDF07FAD5484B94
:10E7380023603A4B9846196813911399C907FAD57B
:10E74800324F386033681493149BDB07FAD5226084
:10E7580033681593159BD807FAD53E4B2360336869
:10E768001693169BD907FAD53B4B2360336817934A
:10E77800179BDA07FAD5394B236033681893189B2F
:10E78800DB07FAD5364B236033681993199BD807F2
:10E79800FAD5344B236033681A931A9BD907FAD5F4
:10E7A800314B236033681B931B9BDA07FAD52F4B39
:10E7B800236000F033FC08BBD8F800301C931C9B86
:10E7C800DB07F9D53D6033681D931D9BD907FAD542
:10E7D800274B236033681E931E9BDA07FAD5254B17
:10E7E8002360D8F800301F931F9BDB07F9D50C4B2B
:10E7F8001B6813F4805F204B08BF184620B0BDE8A3
:10E80800F0811E48FAE71E48F8E700BF90B00250B2
:10E8180080B0025000100251C01F7229B4B00250DB
:10E8280088B00250C0CF0129C01F0E29C03F00295F
:10E8380040010249003184A800001649400108A19E
:10E8480080440888B0B00250C044708880077A417C
:10E85800C0077E4100006A498006164940006E499B
:10E868000002002100822021408220218082242170
:10E8780040A161A100C861510308F1000108F1003D
:10E888000208F10000F086BD00F0ADBD0A46002187
:10E8980000F0A9BD01EB820204388A4201D10020B0
:10E8A800704752F8043D1BBA40F8043FF5E70000F2
:10E8B8002DE9F74F314B4468054691469A461A6848
:10E8C800002AFCD12E4B9B461A68002AFCD14FF037
:10E8D800FF30019100F094FC802000F097FC294E55
:10E8E800294ADFF8B880294F012307203360A2F5B1
:10E8F8009E72C2F83C011360636AC8F80030A36ACC
:10E908003B602B6842F8043CAB6820469847019965
:10E91800DAF80030002BFBD1B9F1000F20D11C4BE5
:10E9280004221A60DAF80030002BFBD1DBF80090E3
:10E93800B9F1000FFAD1EB6820469847D8F80030B3
:10E9480063623B68A362134BC3F80090C3F8449119
:10E95800DAF80030002BFBD1336003B0BDE8F08F4C
:10E96800236A012B04BF0B4A13600B4B402019602C
:10E97800C3F8049000F050FCD4E700BF10B902506F
:10E9880020BC025018B8025000B90250D0B702504B
:10E99800C8B7025084B6025028BC0250CCB7025007
:10E9A80010B5544B98B019461A680192019AD207CB
:10E9B800FAD5514B514A1A600A680292029AD40752
:10E9C800FAD54F4A1A600A680392039AD007FAD513
:10E9D8004C4818600A680492049AD207FAD54A4A41
:10E9E8001A600A680592059AD407FAD5474A1A6048
:10E9F8000A680692069AD207FAD5454A1A600A6842
:10EA08000792079AD407FAD5424A1A600A68089208
:10EA1800089AD207FAD5404A1A600A680992099AF0
:10EA2800D407FAD53D4A1A600A680A920A9AD207A8
:10EA3800FAD53B4A1A600A680B920B9AD407FAD5A2
:10EA4800384A1A600A680C920C9AD207FAD5364AE4
:10EA58001A600A680D920D9AD407FAD5334A1A60DB
:10EA68000A680E920E9AD207FAD5314A1A600A68D5
:10EA78000F920F9AD407FAD52E4A1A600A68109294
:10EA8800109AD207FAD52C4A1A601A4B19461C68F4
:10EA98001194119CE407FAD5174B18600868129076
:10EAA8001298C407FAD51A600A681392139AD00705
:10EAB800FAD5124A1A600A681492149AD207FAD53B
:10EAC8001E4A1A600A681592159AD407FAD51C4A84
:10EAD8001A600A681692169AD007FAD5194A1A6067
:10EAE8000A681792179AD207FAD5174A1A6018B007
:10EAF80010BD00BFB0B0025080B002500093652135
:10EB080000043190409665900083612100C3302154
:10EB180000C364900081619000461021008111219A
:10EB28000041442100C320290C4610C80086312129
:10EB380000C3602140C12829409665210013319007
:10EB480040962529594614C84004324910B5494B06
:10EB580094B019461A680092009AD207FAD5464B23
:10EB6800464A1A600A680192019AD407FAD5444ABB
:10EB78001A600A680292029AD007FAD541481860CA
:10EB88000A680392039AD207FAD53F4A1A600A68BC
:10EB98000492049AD407FAD53C4A1A600A68059286
:10EBA800059AD207FAD53A4A1A600A680692069A6E
:10EBB800D407FAD5374A1A600A680792079AD20723
:10EBC800FAD5354A1A600A680892089AD407FAD51D
:10EBD800324A1A600A680992099AD207FAD5304A65
:10EBE8001A600A680A920A9AD407FAD52D4A1A6056
:10EBF8000A680B920B9AD207FAD52B4A1A600A6850
:10EC08000C920C9AD407FAD5284A1A600A680D9211
:10EC18000D9AD207FAD5264A1A600A680E920E9AF9
:10EC2800D407FAD5234A1A600A680F920F9AD207B6
:10EC3800FAD5214A1A600F4B19461C681094109C8B
:10EC4800E407FAD50C4B1860086811901198C407AE
:10EC5800FAD51A600A681292129AD007FAD5174A9A
:10EC68001A600A681392139AD207FAD5144A1A60DE
:10EC780014B010BDB0B0025080B002508090652131
:10EC880000040990409665908080612180200821C9
:10EC9800802064900081619000461021008111213C
:10ECA8000041442180202029024610C800860921FD
:10ECB80080206021402128294096652140962529F9
:10ECC800594614C810B5504B96B01C461A680192A4
:10ECD800019AD207FAD54D4B4D4A1A602268029222
:10ECE800029AD207FAD54B4A1A604B4A42EA804048
:10ECF80022680392039AD207FAD518602268049210
:10ED0800049AD007FAD5454A1A60A2F5800242EA69
:10ED1800814122680592059AD207FAD519602268BE
:10ED28000692069AD007FAD53D4A1A6022680792D9
:10ED3800079AD107FAD53B4A1A6022680892089ABE
:10ED4800D207FAD5384A1A6022680992099AD00778
:10ED5800FAD5364A1A6022680A920A9AD107FAD571
:10ED6800334A1A6022680B920B9AD207FAD5314AB5
:10ED78001A6022680C920C9AD007FAD52E4A1A60AB
:10ED880022680D920D9AD107FAD52C4A1A6022688A
:10ED98000E920E9AD207FAD5294A1A6022680F9263
:10EDA8000F9AD007FAD5274A1A602168109110994E
:10EDB800C907FAD51A60144B1A46196811911199A6
:10EDC800C807FAD5114B2049196011681291129998
:10EDD800C907FAD51D491960116813911399CC0711
:10EDE800FAD50B491960116814911499C807FAD516
:10EDF80017491960116815911599C907FAD5154A67
:10EE08001A6016B010BD00BFB0B0025080B00250FA
:10EE18004004419000862929D81001C84014419027
:10EE280040142129401465210034409000310C9091
:10EE3800C0400C90C030202940960D900041609051
:10EE4800031645C80086112100416021594644C86F
:10EE58004014459040142D9070B5264888B005465A
:10EE680004680094009CE607FAD52348234C046004
:10EE7800234C44EA83432C680194019CE407FAD5A7
:10EE88000360930143EA824242F0104444F4C044D0
:10EE98002B680293029BDE07FAD504602B68039364
:10EEA800039BDB07FAD5174B03608B0143EA8141CB
:10EEB80041F0104343F4C0432E680496049EF607BD
:10EEC800FAD503602B680593059BDE07FAD5046025
:10EED80041F058412B680693069BDC07FAD5016080
:10EEE80042F058422B680793079BDB07FAD502606C
:10EEF80008B070BDB0B0025080B00250C0210229E5
:10EF08008071009880611890354B8EB019461A6848
:10EF18000092009AD207FAD5324B334A1A600A682F
:10EF28000192019AD007FAD5304A1A600A6802920B
:10EF3800029AD207FAD52E4A1A600A680392039AEF
:10EF4800D007FAD52B4A1A600A680492049AD207A5
:10EF5800FAD5294A1A600A680592059AD007FAD59F
:10EF6800264A1A600A680692069AD207FAD5244AEF
:10EF78001A600A680792079AD007FAD5214A1A60D8
:10EF88000A680892089AD207FAD51F4A1A600A68CE
:10EF98000992099AD007FAD51C4A1A600A680A9297
:10EFA8000A9AD207FAD51A4A1A6008680B900B9881
:10EFB800C007FAD51A600A680C920C9AD007FAD5DD
:10EFC800144A1A600A680D920D9AD207FAD5124AA5
:10EFD8001A600E210D230F2200200EB0FFF73CBF50
:10EFE800B0B0025080B002508043012940633921FB
:10EFF800807001298020542100D13490C040349081
:10F00800C0302029C0530D9000413890832308C890
:10F0180080E3102100413821CF4308C82DE9F04191
:10F02800012392B0CDE90333624B1E461A6805925C
:10F03800059AD107FAD5604C604B2360604B19469E
:10F048001A680692069AD207FAD55E4B1A68D70450
:10F0580000F1A88032680792079AD507FAD55A4A6C
:10F0680022600A680892089AD007FAD51B68DA0461
:10F07800C3F3003700F198801220FFF7CFF8054658
:10F088001320FFF7CBF885428CBF12201320FFF71F
:10F09800C5F8451EFFF738FF03AB01AA2946122021
:10F0A800FFF704F904AB804602AA29461320FFF7AC
:10F0B800FDF800EB4800022832D003283ED0012892
:10F0C80074D133680993099BDB07FAD53F4B23605A
:10F0D80033680A930A9BD807FAD53D4B23603368F7
:10F0E8000F930F9BD907FAD53A4B236033681093D7
:10F0F800109BDA07FAD5384B236033681193119BBC
:10F10800DB07FAD5354B2360013D25D5102319229D
:10F1180018210020FFF7A0FE384612B0BDE8F081A4
:10F1280033680B930B9BD907FAD52D4B23603368B3
:10F138000C930C9BDA07FAD52A4BCFE733680D936B
:10F148000D9BDB07FAD5284B236033680E930E9B83
:10F15800D807FAD5254BC1E703AB01AA29461220E7
:10F16800FFF7A4F804AB044602AA29461320FFF7C8
:10F178009DF810EB440402D1FFF712FCC4E7FFF737
:10F18800E5FC022C08D0032C09D0012C10D1172142
:10F198001620FFF797FDB7E715211420F9E70F218F
:10F1A8000E20F6E7124FB7E7124FB5E7124FB3E755
:10F1B800124FB1E7B0B0025080B0025000084A5177
:10F1C800B4B0025088B0025000084E5100065A49A7
:10F1D80040065E49000442410014424940042E4959
:10F1E800000652494006564900063A4940063E493B
:10F1F8000608F1000708F1000408F1000508F1000D
:10F20800014B1860704700BF08BA0250014B1860E4
:10F21800704700BF04BA0250094BC2431A60043B4E
:10F2280082B01B680193074B019A024204D0064A38
:10F238001060186802B0704720BF1A680192F3E79F
:10F2480004BA02506440002008BA0250054B4FF03F
:10F25800FF321A6053F8042C034B1A601A68034BE8
:10F268001A60704704BA02506440002008BA02507D
:10F2780010B504460846A2684AB12368616803F1DC
:10F28800010C8C4508BF00208B4208D2D054E3689B
:10F298002BB121686268914201D2214698472368C0
:10F2A8000133236010BD70B54C1E09D41646C5B293
:10F2B80029463046FFF7DCFF013CB4F1FF3FF7D1A8
:10F2C80070BD10F0100F08D108B510F4007F14BFFE
:10F2D80030202020FFF7E7FF08BD70479AB330B50C
:10F2E80094460F2A18D902460B4640EA010414F046
:10F2F800030F02D00CF1FF3C11E01946104604320E
:10F3080004330C680568A54206D110461946ACF1CD
:10F31800040CBCF1040FF0D8BCF1010C0FD00A4664
:10F32800034684441146184601330132047891F8A3
:10F3380000E0744503D1184611466345F2D10078C0
:10F348000B78C01A30BD002070470CB400B587B0E8
:10F3580008AA52F8043B05920390002004900291F9
:10F36800194601A800F0A2F807B05DF804EB02B056
:10F378007047037853B159B10144034613F8012F7C
:10F3880012B18B42FAD10B46181A70470346FBE7B5
:10F398000346F9E7844640EA010313F0030F18D146
:10F3A8008446202A0BD32DE9F007B1E8F807A0E836
:10F3B800F807A2F12002202AF7D2BDE8F007042AB4
:10F3C80007D351F8043B40F8043BA2F10402042A95
:10F3D800F7D2002A05D011F8013B00F8013B013AA9
:10F3E800F9D1604670478446002A2DD010F0030FEB
:10F3F80004D000F8011B013A26D0F7E7C9B241EA68
:10F40800012141EA0141202A12D3A2F120022DE96B
:10F41800F0030B460C460D460E460F4688468946B5
:10F42800A0E8FA03203AFBD2BDE8F00320320BD063
:10F43800042A05D340F8041B043A05D0042AF9D25B
:10F4480000F8011B013AFBD16046704700F1010149
:10F4580010F0030F11D010F8012B002A23D010F060
:10F46800030F0AD010F8012B002A1CD010F0030F4C
:10F4780003D010F8012B002A15D02DE970004FF0A9
:10F4880001324FF0803350F8044BA4EB020525EA13
:10F4980004051D4000D1F6E7A0F1040070BC10F887
:10F4A800012B002AFBD1A0EB010070472DE9F04F9A
:10F4B80089B007460392002303600C4614F8011B29
:10F4C800002900F0FC82DFF818B5EBE2002507E020
:10F4D8005E2868D145F4805501E045F040051C469A
:10F4E800234613F8010B3028F2D81F2837D9A0F18A
:10F4F8002002102A33D801A151F822F0E3F40E00BB
:10F5080067F50E0067F50E0049F50E0067F50E0069
:10F5180067F50E0067F50E004FF50E0067F50E0053
:10F5280067F50E0067F50E0055F50E0067F50E003D
:10F538005BF50E0067F50E0067F50E0061F50E002D
:10F5480045F08005CBE745F40045C8E745F02005C0
:10F55800C5E745F01005C2E745F40075BFE72A285E
:10F5680021D1039A111D0391D2F800A0BAF1000F1E
:10F57800BCBFCAF1000A45F010051878A31C2AEA96
:10F58800EA7A2E2826D00021742847D07A2845D038
:10F598006C2800F0A8804C2800F0AB80682800F0A8
:10F5A800B8801C463DE0A0F13002D2B2092A88BFDB
:10F5B8004FF0000AE3D84FF0000A0AEB8A0A303805
:10F5C80000EB4A0A13F8010BA0F13002D2B2092A63
:10F5D800F3D9D4E718782A280AD1039A111D039180
:10F5E8001168587802330029CEDB45F48075CBE7E3
:10F5F8000133A0F13002D2B2092A88BF0021F4D821
:10F60800002101EB8101303800EB410113F8010BB7
:10F61800A0F13002D2B2092AF3D9E4E71C4614F863
:10F62800010B002800F05782A0F12503DBB2532B11
:10F6380062D8A0F12503532B5ED8DFE813F07600DB
:10F648005D005D005D005D005D005D005D005D00CA
:10F658005D005D005D005D005D005D005D005D00BA
:10F668005D005D005D005D005D005D005D005D00AA
:10F678005D005D005D005D005D005D005D005D009A
:10F688005D005D005D005D005D005D005D005D008A
:10F698005D005D005D005D005D005D005D005D007A
:10F6A8005D005D00EC005D005D005D005D005D00DB
:10F6B8005D005D005D005D005D007B0021015D0077
:10F6C8005D005D005D0021015D005D005D005D0085
:10F6D80095000F01D2005D005D00A6005D001A01D3
:10F6E8005D005D00EE001C4614F8010B45F00105B5
:10F6F80097E745F001051C46B54B1E68002E00F043
:10F70800CE8103AB0193009153462A463946B04750
:10F71800C5E11878682803D05C1C45F0040580E72B
:10F7280045F008059C1C58787BE725213846FFF7EB
:10F738009FFDB4E1039B1A1D03921E780AF1FF3A5C
:10F748003A4651462846FFF7BCFD31463846FFF792
:10F758008FFDA94619F0100F00F0A1813A465146D5
:10F768002020FFF7A0FD9AE115F0080F06D03A68AF
:10F77800039B191D03911B681A7090E1039B1A1DC6
:10F7880003921B683A681A6089E1039B1A1D039269
:10F79800D3F800808F4BB8F1000F08BF9846464653
:10F7A80025F4007915F4807F16D04046FFF7E1FD77
:10F7B8000546AAEB050A3A4651464846FFF781FD39
:10F7C800002DC7D016F8011B3846FFF751FDA8EBEE
:10F7D8000603EB42F6D1BDE74046FFF737FE054684
:10F7E800E7E7039B1A1D03921B6815F0800F0CBFF7
:10F7F8000026232645F4807508211A46002B00F0C0
:10F808002A8105AB4FF0000805F4005CA646604667
:10F818008C460146D2E045F4005515F0800F1BD008
:10F8280043F2780643F25803782818BF1E4615F4A9
:10F83800807F01D025F4007515F4804F32D0039BEA
:10F848001A1D03921B6815F0040F1FD01BB2002B62
:10F8580020DA5B422D262DE00026E8E715F0800F20
:10F868000CBF0026302615F4807FE5D025F40075FE
:10F87800E2E715F4807F07D025F400750026DBE762
:10F8880045F480450026D7E70026D5E715F0080F90
:10F89800DDD0DBB215F0200F61D115F0400F18BF95
:10F8A800202607E0039B1A1D03921B6815F0040F1E
:10F8B80050D09BB215F4807F14BF25F40075012148
:10F8C8005838202800F2AF8001A252F820F000BF7B
:10F8D80003F80E002FFA0E002FFA0E002FFA0E0072
:10F8E8002FFA0E002FFA0E002FFA0E002FFA0E0034
:10F8F8002FFA0E002FFA0E002FFA0E002FFA0E0024
:10F9080093F90E002FFA0E002FFA0E002FFA0E00B0
:10F918002FFA0E0093F90E002FFA0E002FFA0E00A0
:10F928002FFA0E002FFA0E002FFA0E006BF90E00B8
:10F9380003F80E002FFA0E002FFA0E002FFA0E0011
:10F948002FFA0E0093F90E002FFA0E002FFA0E0070
:10F9580003F80E0015F0080FACD0DBB2AAE72B268F
:10F96800A8E71A464FF00008002B5ED005A84FF014
:10F97800000803F00703303300F8013B08F10108E1
:10F98800D2081346002AF4D14FE018464FF0000879
:10F99800002B4AD04FF0000805F4004E4FF02C0918
:10F9A80073468E4619462FE002F00F000A4C205C81
:10F9B80003F8010B08F10108120906D00029F3D059
:10F9C80002F00F00054C205CF2E7744661462CE01B
:10F9D80068400020A8000F0088000F0098000F0062
:10F9E800CDCCCCCC08AB03EB080CABFB0032D20877
:10F9F80002EB8203A0EB430330330CF80C3C08F114
:10FA0800010809280DD910460029EBD008F0030396
:10FA1800032BE7D108AB434403F80C9C08F1010819
:10FA2800E0E7714601E04FF00008A1EB080121EA88
:10FA3800E179AAEB090AAAEB080AFF2E0ED9AAF166
:10FA4800020AC6F307213846FFF712FCF1B238461E
:10FA5800FFF70EFC04E04FF00008E6E7002E3DD16A
:10FA68003A4651462846FFF72CFC3A46494630208C
:10FA7800FFF719FCB8F1000F0EDD0DF1140908F1BC
:10FA8800FF38C84498F8001046463846FFF7F0FBA0
:10FA9800C14508F1FF38F5D115F0100F09D114F858
:10FAA800011B61B125293FF411AD3846FFF7E0FB92
:10FAB800F5E73A4651462020FFF7F5FBEFE7BB682C
:10FAC8002BB13A6879688A423CBF0021995438685A
:10FAD80009B0BDE8F08F4FF0FF30F9E70AF1FF3ABF
:04FAE800B4E700BFC0
:08FAEC001D200E0051200E0048
:08FAF400DD050E00ED060E0019
:10FAFC001019002000010020030100200401002047
:04FB0C0004080000E9
:10FB1000000000000000000055B50E0000100000BD
:04FB200000001000D1
:10FB240078000020C8FB0E000200010601020482D6
:10FB34008101000000000101810000009D040E000D
:10FB44001C000020AD050E00F9040E0000000000AA
:10FB5400F1170E00DF180E00AD190E007F1A0E000B
:10FB64009B1A0E00B71A0E003D1B0E00BB1B0E00A5
:10FB740000000000480000000020400000000000D9
:10FB84008D1E0E00B51E0E004D1F0E00200000003D
:10FB94000000000000000000080000000900000050
:10FBA4000A0000008500000080000000ED270E0020
:10FBB400810000000D0000000E00000003000000A2
:10FBC40003000000B13E0E004D3F0E000000000097
:10FBD40000000000000000001201000200000040CC
:10FBE40015191F520001010203010000090200005F
:10FBF400000104C032000000AD590E0000000000F6
:10FC0400000000000000000000000000D42A0020D2
:10FC1400FCFB0E00010002030080000085500E0072
:10FC24000000000097500E00E02A00200F000000A2
:10FC340025303458253038580000000000000101F8
:10FC44000202030304040505000004030904000080
:10FC54004E6F726469632053656D69636F6E64757A
:10FC640063746F720000000053656375726520440D
:10FC7400465520426F6F746C6F61646572000000BA
:10FC840044656661756C7420636F6E66696775722E
:10FC94006174696F6E000000557365722031000055
:10FCA40000100000040000000100000005630E00C5
:10FCB4001D630E0039630E005D630E00B5630E0014
:10FCC40021640E002F640E003D640E00000000004D
:10FCD400FD820E0035830E0051860E005B860E00F9
:10FCE40067860E0073860E007F860E008B860E00DC
:10FCF40097860E00A3860E0069880E00AF860E005C
:10FD0400BB860E00C5860E00D1860E00DD860E0071
:10FD1400E9860E00F5860E0001870E000D870E00A1
:10FD240019870E0025870E004D890E008D880E0060
:10FD3400E9890E0008010C011001140118011C01CD
:10FD4400200124012C0100003001340138013C0160
:10FD54004001440148014C01500100000001000031
:10FD640002030405060708090B0000000C0D0E0F22
:10FD74001011121314000000E66CCFB2137EFB5F67
:10FD84001FC8A59E37D92067835E5DEC405421F5DA
:10FD9400EE3BFE46C362B1E3807E68986BE89B2528
:10FDA400CA42028B3D499DB9D6130B4E00B7B25BD4
:10FDB40068C308DD61D51ECA000000000338FDD801
:10FDC4007047000000000000000000000338FDD868
:10FDD4007047000001000100000000000100000065
:10FDE40000000000020005000100000022000000E5
:10FDF40000000000000000000000000000000000FF
:10FE040000000000010001000000000001000000EB
:10FE14000000000002000500010000004200000094
:10FE240000000000000000000000000000000000CE
:10FE340000000000010011000400FCFF04000000A9
:10FE440000000000020011000400FCFF0400000098
:10FE540000000000030021000400FCFF0400100067
:10FE640000000000040011000100FFFF0100000079
:10FE740000000000050011000200FEFF0400000065
:10FE840000000000060011000400FCFF0400000054
:10FE940000000000070011000400FCFF0400000043
:10FEA40000000000080017000200FEFF240000000C
:10FEB400D8FD0E00090010000100FFFF0100000042
:10FEC400D6FD0E000A0027000200FEFF44000300D6
:10FED40008FE0E000000000000000000000000000A
:10FEE40000000000010011000100FFFF01000000FC
:10FEF40000000000020017000200FEFF6401000081
:10FF040038FE0E00000000000000000000000000A9
:10FF1400000000000100070000000000680100006C
:10FF2400E8FE0E00020001000000000001000000D5
:10FF34000000000003000500010000004200000072
:10FF440000000000000000000000000000000000AD
:10FF540000000000010017000400FCFF680100001D
:10FF6400E8FE0E00020017000400FCFFAC010000D4
:10FF740018FF0E0000000000000000000000000058
:10FF84000000000000000000FFFFFFFFFFFFFFFF75
:10FF9400FFFFFFFF00000000000000000000000061
:10FFA40001000000FFFFFFFFFCFFFFFFFFFFFFFF5B
:10FFB400FFFFFFFF00000000000000000000000041
:10FFC40001000000FFFFFFFF512563FCC2CAB9F323
:10FFD400849E17A7ADFAE6BCFFFFFFFFFFFFFFFFFC
:10FFE40000000000FFFFFFFF0000000096C298D849
:0CFFF4004539A1F4A033EB2D817D03778B
:02000002F0000C
:10000000F240A463E5E6BCF847422CE1F2D1176B5D
:10001000F551BF376840B6CBCE5E316B5733CE2B30
:10002000169E0F7C4AEBE78E9B7F1AFEE242E34F5F
:10003000FFFFFFFF7F0000008000000000000000C5
:1000400000000000FFFFFFFF7F00000080000000B5
:10005000000000000000000002000000000000009E
:10006000C5DF0E00FDDF0E0067E6096A85AE67BBDF
:1000700072F36E3C3AF54FA57F520E518C68059B8A
:10008000ABD9831F19CDE05B30313233343536378D
:1000900038396162636465663031323334353637FE
:1000A0003839414243444546286E756C6C2900003E
:1000B00010000000000000004D280E004CFC0E0057
:1000C00054FC0E006CFC0E00F82A002084FC0E008C
:1000D0009CFC0E0001000000000000000000000079
:1000E0000000000000000000000000000000000010
:1000F0000000000001000000440000205400002027
:0C0100000090D0030100000000E00F00A0
:020000020000FC
:020000041000EA
:0410140000000E00CA
:0410180000E00F00E5
:04000003E000035DB9
:00000001FF
