:1010000000000420751300005D13000095530000DC
:10101000611300006313000065130000000000006E
:10102000000000000000000000000000691D010039
:101030006913000000000000891D01006D1300000D
:10104000498000006F1300005980000009B00000C3
:1010500019B000006F1300000D7D0000F5A700001F
:1010600099A70000A9A70000B9A7000081530000BC
:101070006F1300006F1300006F1300006F13000068
:101080006F130000B11F01006F1300006F13000009
:101090006F1300006F1300006F1300006F13000048
:1010A0006F1300006F1300006F1300006F13000038
:1010B0006F1300006F13000000000000000000002C
:1010C0006F1300006F1300006F13000089B500005C
:1010D0006F1300006F1300006F130000B19F00003A
:1010E0006F130000E58000006F1300000000000097
:1010F000000000006F130000000000006F130000EC
:1011000000000000000000000000000000000000DF
:1011100000000000000000000000000000000000CF
:1011200000000000000000000000000000000000BF
:1011300000000000000000000000000000000000AF
:10114000000000000000000000000000000000009F
:10115000000000000000000000000000000000008F
:10116000000000000000000000000000000000007F
:10117000000000000000000000000000000000006F
:10118000000000000000000000000000000000005F
:10119000000000000000000000000000000000004F
:1011A000000000000000000000000000000000003F
:1011B000000000000000000000000000000000002F
:1011C000000000000000000000000000000000001F
:1011D000000000000000000000000000000000000F
:1011E00000000000000000000000000000000000FF
:1011F00000000000000000000000000000000000EF
:10120000354936480A1A02D0072291438D4634499F
:1012100034480A1A06D00722914381F30988022232
:1012200082F3148830483149314A00F044F831489B
:101230003149324A00F03FF831483249324A00F031
:101240003AF832483249334A00F035F832483349E7
:10125000334A00F030F833483349344A00F02BF871
:1012600033483449344A00F026F8344834490022DF
:1012700000F02CF833483449002200F027F83348B6
:101280003349091A082902DB002202604160314A11
:1012900090471F481F49884205D00268043003B4B4
:1012A000904703BCF7E700208646EC46002000216B
:1012B000294A9047FEE7884207D0521A05D00378A2
:1012C00001300B700131013AF9D17047884202D0E8
:1012D00002700130FAE770470000042000E00320AC
:1012E0000000042000000420786D020000000020AF
:1012F00060000020D0130000D0130000703F0100F8
:10130000786D020000000020000000204440010031
:1013100044400100444001004440010044400100B9
:10132000444001004440010044400100786D020047
:10133000D86D0200600000206000002060000020E6
:10134000A0230120A0230120A8230120A8230120FD
:10135000A84301209D130000C5C30000FEE7FEE77F
:10136000FEE7FEE7FEE7FEE7FEE7FEE7FEE7FEE755
:1013700000F002B8FFF7FCBF0F484FF007018843A9
:1013800085460E4880470E48016841F470010160AF
:10139000BFF34F8FBFF36F8FFFF732BF09480A4982
:1013A0000A4A884207D0521A05D0037801300B70E0
:1013B0000131013AF9D17047000004205D060100B7
:1013C00088ED00E044400100000000200000002003
:1013D0000048704798230120F0B595B01D46164689
:1013E00008460C4604F0EDFD1A9B0D93CDE9086507
:1013F00000252B460C2205A920460A958DF82C5075
:101400000C9504F005FE079B0293069B03939DF841
:1014100014308DF8115003F00302012A1DD1BDF8DC
:101420001420059DC3F3C203C2F383168DF8103058
:10143000B2000C230EA9204604F0EAFDC5F3952561
:1014400008AB0093324602AB0EA9284600F0E0FB41
:10145000204604F0BAFD15B0F0BD022AF8D1BDF85F
:101460001650C3F3C203C5F389158DF810300C274D
:10147000082D2E4628BF08263B4632460EA9204698
:1014800004F0C6FDAD1B08AB02AA31460EA83744D6
:1014900000F022FC002DEBD1DAE70000014B012225
:1014A0001A707047A10000207047000070B50F4D02
:1014B00006460FCD88B06C460FC495E80F00002E8D
:1014C00084E80F000A4A0B484FF0060308BF0022C9
:1014D0006946009306F0C4F818B1074A432100F0AA
:1014E00083FC064B1E7008B070BD00BFAC4001000D
:1014F0009D14000000000020444001006000002016
:1015000007B5044B0093044A4023FFF765FF03B07F
:101510005DF804FB1D1500006100002038B50E4881
:101520000E4C0F4D002323700378EB5CD2B273B1E5
:10153000043007F01DFB18B10A4A532100F054FC97
:10154000094B1A7812B12378002BFBD038BD0C3030
:1015500007F040F8EFE700BF00000020A1000020E6
:1015600028090020444001006000002008B5084818
:10157000084A0378D35C3BB1043007F069FABDE850
:1015800008400020FFF792BF0C3006F0B9FFF6E7E5
:101590000000002028090020037813F0040216D070
:1015A00003F00303012B03D0022B09D00120704765
:1015B0000A6800880332C0F3831002440A60F5E72A
:1015C0000B684288033303EB92130B60EEE710467F
:1015D000704700002DE9F04FDFF81CA10F4685B0E1
:1015E0000446C61C0020154603F08EFEDAF80420DF
:1015F0003A60DAF8083003F580739B1A0AF21C4748
:101600000AF583690AF21448B34219D30020002D69
:101610006CD004F00F039B0143F0050363F30F004C
:10162000DAF80430DAB2033233444AF822000020F8
:10163000CAF8043003F078FE012005B0BDE8F08F51
:101640000121384604F00BF8484604F02EF84046D5
:1016500004F02BF8DAF808000090C0B203300AEB6F
:1016600080006946FFF798FF009B834608B1D8B217
:10167000F4E7DAB20AEB8202591CD2680192C9B2CD
:101680000AEB810102F003020333012AC9680093C7
:101690001ED0022A24D1BDF80620C2F389120332DB
:1016A0004FEA114B03EB92030093404604F000F81D
:1016B00010B1009BCAF808305946384603F0CFFFF6
:1016C000DAF80830DAF8042003F580739B1A9BE7F8
:1016D000BDF80420C2F383124FEA114B1344E3E731
:1016E00004494FF4C27003F003FFDEE7A40544F0A1
:1016F000060095E7E94001007401002030B50A4C6E
:1017000071B10A4A0A49121BD20800239A4201D138
:10171000002030BD31F82350854202D00133F5E777
:10172000034654F83300F4E7703F01002040010005
:1017300000000020094B013903EBC000032909D840
:10174000DFE801F00A0204060420704700797047C0
:10175000407970470020704702207047703F0100B9
:1017600070470000034BD3E90130C31A5842584177
:10177000704700BF740100202DE9FF41FFF7F2FF21
:101780000546002840F0EE80774CC4F81804BFF3FB
:101790004F8FA3680093DBB2033304EB83006946E9
:1017A000FFF7FAFE009B50B1D4F818243AB96268EA
:1017B0009A42F0D8A260284604B0BDE8F081591CD6
:1017C000C9B204EB8101DAB2C968029104EB82026A
:1017D000991CD2680192C9B2033304EB81010093D2
:1017E00002F00303C9680391022B4CD1BDF8063007
:1017F0005E48C3F38917502F3E4628BF502606F196
:101800000C0166F38F13C1F30901ADF8063004F043
:10181000A9FB0546002800F0908004F0D2FB0C22C2
:1018200001A92846002304F0DFFB0099C843C0B299
:101830000130C9B20331B6EB800F4FEA800204EBEE
:1018400081011DD95FFA82F80C23A6EB0806284611
:1018500004F0CAFBF6B208F10C03454903F0FC039F
:101860003246284604F0C0FB009B033703EB970782
:101870000097D4F81834002B3BD1D4F810644BE017
:101880000C233246EDE7012B57D1BDF80430374821
:10189000C3F38311062928BF062161F3891303319D
:1018A00001F00F018900ADF8043004F05BFB054640
:1018B000002842D004F085FB00230C2201A9284611
:1018C00004F092FB0026BDF80420C2F38312B3009B
:1018D000964203F10C03CCD200994A1CC9B20331E1
:1018E000009204EB81010422284604F07DFB0136BE
:1018F000E9E7284604F069FBFFF734FF80F00100B8
:10190000C5B258E7F3685B7923B1336829461B6891
:1019100030469847F3681E68002EF3D1284604F03D
:1019200054FB304603F0F0FCD4F818340BB9009B9C
:10193000A360002003F0F8FCDEE7D4F8104454B9AB
:101940000C4B0D480D49C01AC008000440F00200BD
:1019500000F078F8D0E7236820469B689847E36852
:101960001C68ECE7002526E77401002030400100E8
:1019700080010020703F0100C83F01004A41010082
:101980002DE9F34704460F46914601A90122184666
:101990009846FFF71FFE264E002835D0019D0023F4
:1019A000E81C434503EB000139D12248002103F034
:1019B00033FE80F3100A204B204A4FEA14499B1A49
:1019C000B9EBD30F04D31E4940F2A91003F090FDE8
:1019D0006B1CDBB206EB830349EA0A40D860D6F8F9
:1019E0000C349847AB1CDBB2E40006EB830304F035
:1019F0003804EDB244F00104D860033544EA88139A
:101A000043EA872346F8253033781BB1FFF7B4FE4D
:101A10000028FBD1FFF7A4FE02B0BDE8F087C9B2F1
:101A200006EB810159F82320CA600133B9E700BFF2
:101A3000740100209005002020400100703F01004B
:101A4000E940010000231A46FFF79ABF07B50123BA
:101A5000019201AAFFF794FF03B05DF804FB07B5FC
:101A6000CDE9002302236A46FFF78AFF03B05DF841
:101A700004FB1FB5CDE90123069B039301AA0323B1
:101A8000FFF77EFF05B05DF804FB1FB5CDE900232D
:101A9000069B0293079B03936A460423FFF770FF9C
:101AA00005B05DF804FB7FB5CDE90123089B0393E6
:101AB000099B04930A9B059301AA0523FFF760FF86
:101AC00007B05DF804FB000038B5084B0125D3F8DA
:101AD00010441D7004B938BDE3685D712368204669
:101AE0005B689847E3681C68F4E700BF7401002056
:101AF000F0B5C38887B005460E4633B1294A009237
:101B000029492A4A304603F0BFFF297A052946D0E1
:101B10006B7A4BB1A888FFF70DFE254B254953F88A
:101B20002020304603F0B0FF234B2C681B68B4FB29
:101B3000F3F4224B1868B4FBF0F34FF47A7E00FB09
:101B400013444FF461610EFB04F4B3FBF1F23C2744
:101B500001FB1231B4FBF0FCB1FBF7F300FB1C44BA
:101B600007FB13110EFB04F40091B4FBF0F41449CD
:101B7000CDE901C4304603F087FF2A7A114BA888CB
:101B800053F8222005920021FFF7B8FD059A0E496F
:101B90000346304607B0BDE8F04003F075BF07B01C
:101BA000F0BD00BF7F410100674101005F410100BE
:101BB000084201008441010098050020940500209E
:101BC000874101002C420100A341010007B50346F3
:101BD0000846197A052911D05B7A2BB1094A0A49BE
:101BE000019003F051FF01980849019003F04CFF68
:101BF000019803B05DF804EB03F034BF002AF8D07D
:101C0000F2E700BF7F410100844101007C410100F7
:101C10002DE9F04385B01F460C9D002395F80C90EC
:101C20002B7306460C46904629463846FFF760FF60
:101C3000B8F1060F09D8DFE808F00412181F28339E
:101C400040003146284603F01FFF0022294638464F
:101C5000FFF7BCFF85F80C9005B0BDE8F083226863
:101C60003146284603F010FFEFE7D4E90023314660
:101C7000284603F009FFE8E7A36800933146D4E95A
:101C80000023284603F000FFDFE7E3680193A36821
:101C900000933146D4E90023284603F0F5FED4E74B
:101CA00023690293E3680193A36800933146D4E962
:101CB0000023284603F0E8FEC7E76369039323691E
:101CC0000293E3680193A36800933146D4E90023AB
:101CD000284603F0D9FEB8E708292DE9F74F8046DA
:101CE0000E4617461C463CD8002593F80C901D73F1
:101CF00019461046FFF7FCFEDFF888A0DFF888B031
:101D0000AE4231D918F805205946204603F0BCFEF2
:101D10000135082DF4D11949194DDFF870A020467E
:101D200003F0B2FE4FF0000B5E4522D918F80B20ED
:101D30007E2A05D81046019211F053FA019A00B993
:101D40002E225146204603F09FFE0BF1010BBBF102
:101D5000080FE9D1012221463846FFF737FF84F802
:101D60000C9003B0BDE8F08F5146204603F08CFE86
:101D7000CEE72946204603F087FEE6E7B74101009B
:101D8000B5410100B3410100AD410100B94101007D
:101D900082B001238DF807309DF80730114B186091
:101DA000596044F2010188429A6012D044F2020163
:101DB000884206D1DA60DA6812689A61DA68526895
:101DC000DA6172B69DF80730002BFBD162B602B023
:101DD00070471A611A6992685A611A6912689A61A1
:101DE0001A69ECE79C05002000B583B002900091D1
:101DF000019244F2010071466A4600F003F803B014
:101E000000BD0000F0B5064687B00F46154672B615
:101E1000FFF75AFEFFF7B0FC0028FBD11E4B1F4C0A
:101E2000E41AE40844F2010324049E4244F001044D
:101E300017D044F202039E4228D1D5E90032184956
:101E40002046FFF70CFE174BD3F8F030DB0700D528
:101E500000BE2A463946304607B0BDE8F040FFF7DD
:101E600097BFAA680592104604F004F92968029702
:101E70000191696800910346059A0B492046FFF7D6
:101E800012FE0A492046FFF7DDFDDCE708493A4625
:101E90002046FFF7DBFDD6E7703F0100C83F010099
:101EA0004B42010000ED00E0654201008B42010061
:101EB0009F4201000268530910B5044618D0012B57
:101EC0004FF6FF7318BF002302F01F02D340DB0759
:101ED00004D409494FF4F67003F00AFB23681F2B62
:101EE00083BF03F01F03054823604FF0A04010BDDF
:101EF0004FF0FF33E8E700BFB74201000003005096
:101F000007B5019001A8FFF7D5FF019A012393407F
:101F1000C0F8083503B05DF804FB0000F0B51C46BE
:101F2000114B85B093F858300093074668460E462B
:101F30001546FFF7BFFF009A01239340C0F80C3508
:101F400000220A486946CDE90076CDE9025409F03D
:101F5000AFFC30B1064AF02105B0BDE8F040FFF714
:101F600043BF05B0F0BD00BFBC05002038430100F1
:101F7000DA420100F8B52C4B93F82340002C50D1E5
:101F800046B2002E41DB012583F823501D1900F0D5
:101F90007F0785F82870651C53FA85F50F0E85F8C4
:101FA0002870A51C53FA85F50F0C85F82870E51CE0
:101FB00053FA85F50F0A85F82870251D53FA85F523
:101FC000402885F828102AD048280CBF8721FF21F7
:101FD000023A012A94BF0522012283F82420002E10
:101FE00004F1050453FA84F4A8BF93F824300F4A8F
:101FF00084F82810B8BF01230E33A2F11000DBB221
:102000000621FFF78BFF0020F8BD022483F8234050
:1020100077249C624FF47F449C850624B6E7952183
:10202000D6E71120F0E700BFBC050020F405002032
:102030002DE9F8435B4C9846E38B174640F2D912E2
:10204000934206460D4641D0B3F5ED7F08D2ABB1C1
:1020500040F2C712934231D00023E383032061E0B2
:10206000B3F5F07F4FF0000511D0B3F5F67FF3D153
:1020700084F8235088F80050E5834CE0A38A23B904
:10208000494940F2911003F033FAA38AE382E28ACD
:10209000FF235AB9454A84F8283001210223A2F1CE
:1020A0001000FFF73BFF4FF4F6736DE0002284F859
:1020B000283003232284228384F8233044F62062CC
:1020C0004FF0040C94F82330032B0FD0238BBB422A
:1020D00047D3E38A354A013BE38201210223A2F17F
:1020E0001000FFF71BFF4FF4F0734DE0238C01331A
:1020F0009BB29342238410D83346002D47D0184614
:1021000010F8011BFF290FD0FE2911D0052388F8F4
:1021100000300023E383022004E00220002388F83B
:102120000000E383BDE8F883013DEDB20346E4E738
:10213000691ECDB2BD422946064684F823C028BF99
:1021400039464FF0000E7145E06803D82183014401
:10215000E160B7E713F8019F00F80E900EF1010E51
:10216000F1E7FD1AADB2F02D28BFF025EBB2E26821
:102170000F480121FFF7D2FEE3682B44E360238B75
:102180001D44258340F2D913E3830120CAE7074A9F
:1021900010230121A2F11000FFF7C0FE40F2C71387
:1021A000F2E700BFBC050020DA420100F405002080
:1021B000E405002070B50C461546064620B91A49BC
:1021C00040F2DD3003F094F9184B93F822202AB343
:1021D00093F82220032A23D125B3042283F8222056
:1021E0009A7A9D82120758BF6402012DC3E90364E5
:1021F0004FF001024FF00006214614BF522051203B
:10220000DD829E83FFF7B6FE034628B1064A40F200
:10221000FD31FFF7E9FD3346184670BD0823FBE7A3
:102220001123F9E70723F7E7DA420100BC05002094
:1022300070B50E461546044620B9234940F20540C4
:1022400003F056F9214B93F82220002A35D093F859
:102250002220032A33D1002D33D0052283F82220F7
:102260009A7A9D82110758BF7602C3E90346012D71
:102270004FF00004DD829C830DD12A463146582060
:10228000FFF778FE08B9002070BD0F4A4FF4856152
:10229000FFF7AAFDF7E702F00702012A07BF314660
:1022A00059200122294618BFD720FFF763FE0028D6
:1022B000E9D0054A40F23741EAE70820E4E7112077
:1022C000E2E70720E0E700BFDA420100BC0500209A
:1022D00070B53D4D95F8223088B004460E46002B6F
:1022E0006DD100296DD0C078FF286AD06178FF29B0
:1022F00067D02278FF2A64D0A378FF2B61D010B179
:1023000009B102B123B9314940F24C4003F0F0F871
:10231000E37885F8583004A80493FFF7CBFD049BBD
:1023200003F5E073032240F8232095F85800FFF7E7
:10233000E7FDA3788DF8003023788DF801306378BD
:102340008DF80230FF238DF803304FF60673ADF899
:1023500004304FF0806302931D4A1E4800236946F3
:10236000ADF80C3005F016F920B1184A4FF48C6125
:10237000FFF73AFDAB7A18482E6023F00F03AB72DB
:10238000FF2385F82830154B0122CDE904320024C3
:10239000103385F82220069322460A2304A90793C6
:1023A00085F8234009F084FA034628B1074A40F231
:1023B0006C41FFF719FD2346184608B070BD08238D
:1023C000FAE70723F8E700BFBC050020DA42010066
:1023D000312400003443010038430100E4050020AB
:1023E00013B5114C94F82230CBB194F82230032B62
:1023F00017D10E4809F0F8F994F85830019301A864
:10240000FFF758FD019B03F5E072002340F82230EE
:1024100084F8233084F82230184602B010BD08201A
:10242000FBE71120F9E700BFBC050020384301009D
:10243000F7B5A34CC668E38A057C07461BB994F838
:102440005800FFF75DFD94F82330013B012B77D84E
:10245000062D04D89B4940F2573003F049F87968BB
:102460000878AA1F4C28D2B206F1060303D142B164
:10247000EA1FD2B2F31D194615460B463DB94C284A
:1024800022D1013B012507E0013DEDB2F5E71A78C5
:10249000FF2A01F10101F7D094F82320022A4BD141
:1024A000012284F823201A7812F0FE0F44D194F808
:1024B0002430854A0E33DBB20621A2F10A0003B0B4
:1024C000BDE8F040FFF72ABD94F82230012B31D04F
:1024D00094F82210012204298DF80520CBB21CD0DB
:1024E00007D8013B93420AD9764A4FF4637103201F
:1024F00010E0052BF8D102238DF804300FE0032300
:102500008DF8045084F82230FFF76AFF38B16D4A25
:1025100040F28331FFF768FC01E08DF8042094F865
:102520005800FFF7EDFC032384F82230236801A84C
:1025300098479BE02B46AFE7002284F823201E46F5
:1025400094F82230D9B2013B042B00F2EB82DFE891
:1025500013F005000A00E9029201DD01022384F86C
:1025600022300023A383A18B3378B1F50E7F00F0D6
:10257000DE802CD840F21322914279D0B1F5057F4C
:1025800008D2002965D0B1F5047F54D00023A3837D
:10259000062173E040F21922914200F0998040F246
:1025A00026229142F2D1580740F1F880A37A012205
:1025B00062F30203A372238C01339BB2B3F5FA6F6B
:1025C000238440F2A6800023A383022156E040F238
:1025D0006122914200F0F68015D840F24D229142DE
:1025E00000F0DC8040F253229142CFD113F0FC0F77
:1025F00041D1D6F801301BBA5A0042BFA37A43F04A
:102600000803A37299E040F26B22914200F0EF8040
:10261000B1F51C7FBAD101AB102229463046FFF735
:1026200007FD012822D99DF80410002900F0EA8056
:102630000023A38322E0012200214020FFF79AFC1F
:1026400020B1204A40F21221FFF7CEFB40F21323C3
:102650000BE001224020FFF78DFC20B1194A40F227
:102660000F21FFF7C1FB4FF40473A38303B0F0BD48
:1026700013F0FC0F14D00023A383042100238DF852
:10268000043094F858008DF80510032384F82230A4
:10269000FFF736FC0D4B4FF08042C3F8242545E789
:1026A00003224FF4D5714820FFF764FC20B1054A9E
:1026B0004FF40671FFF798FB40F21923D5E700BFEE
:1026C000BC050020DA420100F40500200030024081
:1026D0005D0707D4A27A032161F3020213F0FC0F15
:1026E000A272C8D100232384A37A03F00703032B2B
:1026F0000CBF4FF0804100210222E920FFF73AFC95
:1027000020B1AB4A40F22521FFF76EFB40F22623B1
:10271000ABE7022200214120FFF72CFC20B1A44AA4
:1027200040F23721FFF760FB4FF40E739DE713F083
:10273000FC0FA0D1D9073FF53EAFA37A03F0070302
:10274000032B43D001224FF400715020FFF712FCFD
:1027500020B1974A4FF41871FFF746FB40F261230E
:1027600083E7238C01339BB2B3F5FA6F23843FF6E2
:102770002AAFA37A03F00703032B0CBF4FF080416D
:1027800000210222E920FFF7F5FB20B1884A4FF42F
:102790001371FFF729FB40F24D2366E713F0FC0F9E
:1027A0007FF469AF13F00101DBD102227A20FFF739
:1027B000E1FB20B17E4A40F25221FFF715FB40F2C7
:1027C000532352E713F0FC0F7FF455AF794BE360CE
:1027D000012200214920A282FFF7CCFB20B1744ADC
:1027E00040F26A21FFF700FB40F26B233DE713F054
:1027F000FC0F7FF440AF013D4FF41C730136EDB286
:10280000E36108E794F848309B09012B24D0DB07EB
:102810002FD494F84F3094F8502094F852009B0035
:1028200003EB921394F84E20920202F440620133BB
:10283000134494F85120520002F0060202EBD01229
:1028400094F84D0000F00F00073802449340636095
:102850004FF400732381EBE694F8513094F8502044
:10286000013303EB022394F84F2003EB02439B0256
:10287000EDE70B46EBE7A38BB3F5267F0FD040F2D5
:10288000A22293423BD0002B3CD1337813F0FC0FB3
:1028900014D1013D4FF426730136EDB2E36101AB73
:1028A0004FF4007229463046FFF7C2FB01287FF63D
:1028B000DDAE9DF8041091B10023A38301238DF8B0
:1028C0000430032384F8223000238DF8051063615F
:1028D00084F8233094F85800FFF712FB26E6A38A09
:1028E000012B0CD901224C20FFF744FB20B1304AC8
:1028F00040F2A121FFF778FA40F2A223B5E60021C9
:10290000A183DBE70023A3830621D7E7A28BB2F5DF
:102910003B7F00F0AD8028D840F2C3239A423FD0DD
:10292000B2F5317F05D2002A48D00023A3830621C7
:10293000ABE040F2D3239A4202D0B2F5397FF4D112
:10294000268BE068B6F5007FC0F080801A4A00F55B
:1029500000700323E0600121A2F1100084F823300D
:10296000FFF7DCFA4FF43B737FE6B2F5487F4FF098
:10297000000300F0B580B2F54C7F00F0CA8040F251
:102980000A318A42D1D1AB4280F08D80F25C002ABC
:1029900000F0A480002384F82330E38A013B28E080
:1029A000337813F0FC0F23D00023A38304216CE0C1
:1029B000DA42010004060020F4050020337813F009
:1029C000FC0FF3D1A37A03F00703012B10D0A38AE5
:1029D000012B0DD9216901225920FFF7CBFA20B133
:1029E000554A40F2C221FFF7FFF940F2C3233CE60B
:1029F000A38AE382E28AA38A7AB9012B40F28F800C
:102A00004E4A4FF6FF53238502210323A2F1100003
:102A1000FFF784FA4FF4487327E60022228304224A
:102A2000012B84F823204FF0FF028CBFFC23FE23F0
:102A300084F82820414A84F8293002231946A2F15B
:102A40001000FFF76BFA40F2D3230EE6C6F50075CF
:102A5000ADB2F02D28BFF0250123E9B2374A30444A
:102A6000FFF75CFA238B1D4425834FF43973FCE593
:102A700094F83A3003F01F03052B4FF0000211D0F9
:102A80000B2B01D00D2B8FD1A28302238DF80430A4
:102A9000032384F8223000238DF8051084F82330B6
:102AA000636117E7228494F82330032B7FF475AF1A
:102AB000238C01339BB244F620629342238403D9D2
:102AC0000023A3830221E0E71C4A10230121A2F185
:102AD0001000FFF723FA40F20A33C6E5013352E74C
:102AE0002384032384F82330238C01339BB244F6E0
:102AF000206293422384E3D8104A10230121A2F1DB
:102B00001000FFF70BFA4FF44C73AEE5F25C32B9EC
:102B10000133AB42FAD394F82330032BE4D00021E5
:102B2000A183B2E7044A40F2D331032003B0BDE8E9
:102B3000F040FFF759B900BFDA420100F405002068
:102B4000064B93F82220032A05D093F82200003880
:102B500018BF012070470020704700BFBC0500204F
:102B6000044890F82230022B00F1040098BF0020A6
:102B7000704700BFBC050020024B5B6803B11847DB
:102B8000704700BF1C06002038B50D46044620B92A
:102B9000064940F2431002F0ABFC6378AB4283BFBE
:102BA000A07840190019002038BD00BF4E43010035
:102BB00038B50D46044620B906494FF4887002F036
:102BC00097FC237AAB4283BF093405EB45056019B6
:102BD000002038BD4E43010070B50D46044620B9B3
:102BE0000D4940F20F1002F083FC636823B90A49D3
:102BF0004FF4887002F07CFC63681B6823B90649B7
:102C000040F2111002F074FC6368294620461B68EC
:102C1000BDE87040184700BFAF43010010B504463F
:102C200020B9044940F2432002F062FC236818688E
:102C300010BD00BF0544010000F00F0310F0800F2D
:102C400010B51C460AD0082B04D909494FF4CC70A2
:102C500002F04EFC074800EBC40010BD082B04D95D
:102C600003494FF4CF7002F043FC0348F3E700BF81
:102C7000AF430100280600207006002070B50D4605
:102C80000646FFF7D9FF044605604DB9730604D127
:102C900005494FF4E17002F02BFC0023636070BD26
:102CA0006B681B68FAE700BFAF430100024B0146A7
:102CB000D3E90002104700BF7006002038B5831E1C
:102CC000DBB2062B98BF1A4A1A4D98BFD25C2B78FC
:102CD000A3F10203DBB288BF0022062B9ABF14497E
:102CE000CB5C00239342044603D0B2B1124804F0F7
:102CF000ABFB022C14D0A4F10800424242412B78D5
:102D0000022B0FD0A3F108014B424B41934202D05A
:102D100052B106F05FFC2C7038BD04F0D1FBE8E73F
:102D20000122ECE70123F1E706F04AFCF3E700BFDC
:102D300064440100EC0700201C0000200378052BF0
:102D400073B504460BD1344AD2F88434D2F88024C7
:102D5000D2B222B9314ADBB2052B08BF1446237820
:102D6000002B32D12E4B2F4E1D68C5B928462E4D53
:102D700002F0CAFA2B6813B92C4B62881A80012121
:102D8000294802F06CFC002002F0CEFA284B1B68A8
:102D900013B10121204698472B6802B070BD2B6803
:102DA00023B931464FF48D7002F0A2FB2B689B686B
:102DB00023B9314640F21B1002F09AFB2B68608861
:102DC0009B6898472B685D68CFE71A4801A902F015
:102DD000AEFB05460028E0D023680360002002F027
:102DE00093FA124B10481B88026801339B1AEB8040
:102DF000002102F011FCA880002002F095FA01A940
:102E00000C4802F0BEFB0A4B1B680146002BC4D0E5
:102E100020469847C1E700BF007002407C44010093
:102E2000E0070020AF430100E8070020B8060020BB
:102E30001C060020C4070020FFF780BF012805D032
:102E4000022805D030B90648FFF778BF0548FBE7F0
:102E50000548F9E7054940F2622002F049BB00BF8E
:102E6000744401007044010078440100AF43010044
:102E700008B520B1044940F27B2002F039FBBDE8DF
:102E800008400248FFF75ABFAF43010080440100E9
:102E90002DE9F04F87B000260546884691461F462B
:102EA00002966B6800225C682946012302A8A047AD
:102EB000044638B98DF8060004908246564503D87A
:102EC000052028E00136ECE76B680DF10602D3F827
:102ED00004B02946012304A8D8476B680DF1070206
:102EE000D3F804B02946012304A8D8479DF8073039
:102EF00043459DF8063013D14C450FD1109A13600D
:102F00003B7087F801806A68023B54682946BA1C06
:102F100004A8A047002007B0BDE8F08F0134E4B258
:102F20006A68023BD2F804B02946002204A8D847B8
:102F30009DF806309A44C1E7F7B5054604F010FA4B
:102F400020B9304940F2313002F0D2FA2E492F48F0
:102F500008234FF4847202F0D7FA002850D12C488D
:102F600006F078FB0446002834D12A4B18702A4B0F
:102F700018602A4B014618604822294810F055FC79
:102F800028484822214610F050FC274B2DBBC3E9AE
:102F900000551D72002004F0B7FA30B1852804D026
:102FA000184A40F25F31FEF71FFF204F00252946E7
:102FB0003846FFF7FDFD0135EDB20446F0B90B23AD
:102FC0001A488DF8043001A9FFF706FE044608B13F
:102FD00006F0BAF9204603B0F0BD95E8070083E893
:102FE0000700D7E700783946FFF748FEF1B22046E0
:102FF000FFF7CAFD01360028F4D1D8E70026F5E72F
:103000000324E7E7AF430100BA060020C40700200D
:10301000392E0000EC070020D8070020DC07002034
:1030200028060020700600201C060020F044010045
:1030300010B506F073FA10B90823184610BD06F053
:1030400075FA04460028F7D1064804F078FA0346DA
:103050000028F2D0044A40F2C231FEF7C5FE2346F2
:10306000EBE700BF6C440100AF43010006F082B9FA
:1030700008B506F065FA20B1044940F2D13002F0FB
:1030800037FABDE8084007F02DB800BFAF43010094
:1030900008B506F04BFA20B90A494FF4767002F0F1
:1030A00027FA4FF08043D3F83824920704D5BDE8BF
:1030B00008400548FFF742BED3F83824D107F2D4C0
:1030C00008BD00BFAF4301008544010007B582235E
:1030D00001A88DF80430FFF731FE03B05DF804FB62
:1030E000F7B5044620B9384940F26A5002F000FAB8
:1030F000636823B9344940F26B5002F0F9F9636810
:103100001B6823B9304940F26C5002F0F1F9236892
:103110001B6823B12C4940F26D5002F0E9F906F02A
:1031200005FA30B1284940F2715002F0E1F9002669
:1031300013E006F0F3F90028F9D1F3E70078FFF780
:103140007BFD0368013713B1112023E00027F9B29A
:103150002846FFF719FD0028F0D131462046FFF739
:1031600027FD0136F6B205460028EFD12946204654
:10317000FFF71EFD0135EDB20646C8B9134D124EDC
:103180002B68BBB92C600B2301A920468DF80430B5
:10319000FFF722FD03B0F0BD00782146FFF76EFD7A
:1031A000F9B23046FFF7F0FC01370028F4D1DDE733
:1031B0000027F5E7A34204D1314640F2975002F0D0
:1031C00097F92B681D68DBE7AF430100D8070020A3
:1031D000024B1878003818BF01207047E407002020
:1031E000030710B5044604D406F036FD204607F068
:1031F0004BF82046BDE8104006F0F2BF06F0BABF1B
:10320000014B1868704700BFD80700202DE9F8432C
:103210000F4B1C6806460D46BCB194F808904FF061
:1032200000085FFA88F7B94504D82046FFF7F6FC96
:103230000446F1E739462046FFF7BAFC0378B3426B
:1032400008F10108EDD105B12F702046BDE8F883E3
:10325000D80700201146FFF7BFBC07B500F00F03E9
:10326000082B019109D8FFF7E7FC006828B1019904
:1032700003B05DF804EBFFF7AFBC102003B05DF8BE
:1032800004FB000038B5074B1C68054604B938BD7F
:1032900029462046FFF7A0FC2046FFF7BFFC044666
:1032A000F4E700BFD807002038B5084B1C68054676
:1032B0000CB9062038BD29462046FFF78DFC0628AC
:1032C000F8D12046FFF7AAFC0446F1E7D807002012
:1032D00013B50446019106F00AFA50B1064B1B786B
:1032E000022B06D10199204602B0BDE8104006F03D
:1032F00005BA082002B010BDEC07002013B5044643
:10330000019106F0F4F950B1064B1B78022B06D15F
:103310000199204602B0BDE8104006F079BA0820B5
:1033200002B010BDEC07002043689B6870B50546ED
:103330000E4614469BB92B7AB34204D20F4940F291
:10334000F92002F0D5F8B4B931462846FFF730FC31
:1033500046780546E1B2B14205D3002002E0984725
:103360000628E8D070BD2846FFF70EFC0078FFF76E
:1033700037FF0134EEE70720F4E700BFAF43010059
:103380004368DB6870B504460D4603B19847237A5D
:10339000AB4204D20B494FF4467002F0A9F829461B
:1033A0002046FFF705FC467804460025E9B28E4228
:1033B00000D870BD2046FFF7E7FB007806F0DAFE84
:1033C0000135F3E7AF43010043681B6903B11847B8
:1033D00018467047F8B50D4B0D4E1C6804B9F8BD82
:1033E000277A0025E9B28F4204D82046FFF716FC61
:1033F0000446F3E700222046FFF796FF20B131464E
:1034000040F26A7002F074F80135EBE7D80700204B
:10341000AF430100094B70B51C6804B970BD267A32
:103420000025E9B28E42204603D8FFF7F7FB044699
:10343000F3E7FFF7A5FF0135F3E700BFD80700204A
:1034400038B5944B1B68044623B9934940F2254094
:1034500002F04EF801F078FF052804D88E4940F2BA
:103460002C4002F045F823780F2B13D9A3F18002EA
:1034700083F08003052B06D9BDE83840864940F229
:10348000265002F035B8052AF6D8DFE802F05C29AC
:103490003E6871D30F2BEFD801A252F823F000BF82
:1034A0008F350000C335000023360000E7350000EB
:1034B000053600003536000047360000793400003C
:1034C000893600008D360000913600007934000006
:1034D0007934000079340000793400003F36000070
:1034E0006E48FFF7E3FB6D48FFF7CCFE0D20FFF7BA
:1034F00043FBFFF78FFF00F0EAF9012005F0DCFF46
:103500000120BDE83840FFF7D9BBFFF783FF06F085
:10351000BBFD0020FFF7D2FB6148FFF7B3FE604818
:10352000FFF7C4FB0E20FFF727FB5E4B1B78023B27
:10353000DBB2062B3DD85C4AD35C002B39D0BDE80A
:10354000384003F0BDBF574B1B78062B05D003F066
:10355000FD03052B2DD10220D3E70820D1E7514BE5
:103560001B78032B25D106F0DFFD10B30420C8E73C
:103570004C4B1B78032B05D106F0D6FD10B104206F
:10358000FFF79CFB05F0EAFF98B10620B9E7474B2F
:1035900062881A80434B1B78032B01D0082B02D181
:1035A0004348FFF74DFF0020FFF7E6FA414B1D6847
:1035B00005B938BD28462146FFF70EFB2B685D682C
:1035C000F6E7FFF727FF00F079F90220FFF776FB17
:1035D0000120FFF7D1FA2046FFF768FB2046BDE83F
:1035E0003840FFF74FBE2F4B1B78082B06D1022027
:1035F000FFF764FB05F0F8FF0320EAE70520FFF77B
:103600005DFBF9E70320FFF7B7FA2B48FFF74EFB06
:103610002948FFF737FE234B1B78062B9BD1072049
:103620006FE70320FFF74AFB0220FFF7A5FA2046C9
:10363000FFF728FE2046BDE83840FFF737BB0F20D4
:10364000FFF79AFACAE7A078FFF7F6FA036805468B
:1036500023B9114940F2025001F04AFF6B6823B9C7
:103660000D4940F2035001F043FF6B682868214682
:10367000984700289DD0A07802079AD0030798D4D5
:10368000BDE8384006F0B0BA0820D9E70920D7E7EE
:103690000A20D5E7D8070020AF4301008444010089
:1036A00083440100EC07002064440100D40700209B
:1036B00082440100DC0700208144010073B5224EE2
:1036C00000230193336823B92049214801F069FFA1
:1036D00030603468ECB1A58885B1E388B3F5006F3C
:1036E00024BF0023E380E388ADF806305A1C013D77
:1036F000E280A58001A8FFF7A3FE07E02046FFF7C0
:103700009FFE1249124801F077FF3560012002B098
:1037100070BD104B18680028F9D0204601F0F4FD68
:103720000D4B0C481A88B2F5006F28BF1C801A8810
:10373000ADF80620511C1980012101F0A8FF0020DE
:1037400001F0F2FDD6E700BFF007002018060020C8
:10375000C4070020E8070020B806002000207047BA
:1037600010B5044620B9044940F2432001F0C0FEE0
:103770002368186810BD00BF054401002DE9F04F13
:103780002DED028B4B6885B007460C4691466BB910
:103790000868FFF7E5FF48B9A5683DB9C7E90055D6
:1037A000284605B0BDEC028BBDE8F08FB9F1400FA3
:1037B00004D9354940F2971001F09AFE06F072F8EC
:1037C000E36801904B4528BF4B46984604F110032F
:1037D0004FF0000A08EE103A56460125B8F1000FE6
:1037E0002DD0A368616843459B4628BFC34651B3AB
:1037F000019B5A4698190FF0EFFF00236360A368FE
:10380000E268A3EB0B03A2EB0B02A360E260A8EB60
:103810000B085E4433B9BAF1000F03D02068FFF7FC
:103820009FFF2060E368002B2CD0A368002BD5D12C
:103830002268BAB9626016B1B14588BF0025019B04
:10384000C7E90036ACE7002BD9D02168019A4B6854
:1038500018EE100AD3F804A032445B46D0474FF06C
:10386000010ACCE7029321684B680022D3F804B028
:1038700002A80123D84708B92061AFE7A368013344
:10388000A360F0E71D46A9E786440100084B1A78BB
:1038900082420CD0052818BF064A187018BF13784A
:1038A00005481CBF23F002031370FFF7C9BD704722
:1038B000000800201C0800200045010008B5002079
:1038C000FFF78EFCBDE808408020FFF789BC08B5F3
:1038D0000020FFF793FCBDE808408020FFF78EBC76
:1038E00038B505460C4606F04BFAA84205BFD4E9A8
:1038F0000001034B1020C3E9000108BF002038BDC0
:10390000200800207FB5C38893421E4628BF164674
:1039100093420D46144620D9802005F0E3FEB4FB07
:10392000F0F202FB1044B4FA84F46409002003941A
:10393000CDE9015601F0E8FC01A98020FFF7C8FCA1
:10394000044620B906498020FFF7CAFF044600203C
:1039500001F0EAFC204604B070BD0024E6E700BF99
:10396000344501002DE9F04F0B780E2B89B0044649
:103970000D4613D8A3B1013B0D2B11D8DFE813F08E
:10398000120024001600100035003A02100010004A
:10399000100010000F021A0227022F02852B1ED0E2
:1039A000062418E00320FFF771FFF9E7A64801F0AD
:1039B0007FFE30B1A54B0122DA65BFF36F8FBFF3F5
:1039C0004F8FA34B1C780CB1002404E0A14940F2B6
:1039D000424001F08DFD204609B0BDE8F08F9C4BC0
:1039E0001B78032BDCD10420DDE705230DF1150046
:1039F0008DF8143006F054F99DF81570964D00239B
:103A000007F01F072B60032F00F28781DFE817F014
:103A1000040034017C01D80024B98E494FF45A7057
:103A200001F066FD9DF8153013F0600FC3F34110EF
:103A300040F0C680DB099DF8161000F0B280062920
:103A400018D0082900F0A080002940F0B980834CEC
:103A5000022220460FF0E9FE237843F00102227093
:103A60007F4A1278910744BF43F003032370022278
:103A70007A490FE09DF81830022B11D0032B75D036
:103A8000012B40F09D80BDF81B30002B00F0AC8076
:103A9000744912220DF11500FFF734FF04463BE094
:103AA000BDF81B30002B00F09F80092B28BF092395
:103AB0009846FFF7A5FBDFF89CA106464FF00909E1
:103AC0007EBB664C6849424620460FF085FE277152
:103AD000A4F80290FFF77CFB18B1E37943F02003D0
:103AE000E371FFF78DFB614BC3E90004C3F8088065
:103AF000BDF81B20DA60002001F006FC5C49802044
:103B0000FFF7FCFB044620B95A498020FFF7E8FE86
:103B10000446002001F008FC062C51D0002C63D094
:103B20005AE0736823B9514640F2D12001F0E0FC1D
:103B300073685B6823B9514640F2D22001F0D8FC8B
:103B40000024039473680022D3F804B031460123A3
:103B500003A8D84740B9337A30461F44FFF700FE28
:103B6000A144FFB20646ABE70134EBE7BDF81B30DA
:103B7000002B39D0BDF819109DF8170001F086FB15
:103B80000146E8B1027885E7314A1278052A03D167
:103B9000324A137001226BE7042A11D12F4B18709F
:103BA000F8E7013908290BD8DFE801F02B0A0E0AE3
:103BB000050A0A0A380027494FF4637001F098FC9F
:103BC00005A8FFF771FB9DE0BDF81730012BF7D179
:103BD000FFF7FEFA18B90F2406F0C8F8FBE6204AF2
:103BE000137843F0020313702C68002C00F021813D
:103BF00006F0C6F8044600287FF4E6AE06F076F834
:103C0000E9E6BDF81730012BDAD1FFF7E1FA002819
:103C1000E1D0134A137823F00203E4E70C4B1B783E
:103C2000043B012B01D90824D6E79DF817302BB9A6
:103C3000FFF7F0FB0420FFF729FED5E7012B5AD14F
:103C4000FFF7C8FB0520F6E72808002000700240B7
:103C50000008002086440100200800202C080020D5
:103C60001C08002020450100014501000408002037
:103C70003C450100344501009DF8190003A9FFF7F8
:103C8000C5FA074608B91024A6E79DF80C1005AA46
:103C9000FFF7E0FA062804467FF440AF9DF81520B0
:103CA00012F0600F98D1654B9DF80C101E789DF8AE
:103CB0001630D20916D07BB10A2B8DD1052EB2D188
:103CC00038460192FFF780FB5D49019A08700DF1BB
:103CD0001500FFF717FE15E0052EA4D158490B80FB
:103CE0000222F4E70B2B7FF477AF052E9BD1BDF8B2
:103CF0001730FF2B01D907246EE79DF817203846AF
:103D0000FFF712FB044609E79DF81900020706D1E8
:103D10009DF8153013F0600F09D006245CE705A963
:103D2000FFF79BFA062804467FF4F8AEF0E79DF80B
:103D30001620424B9DF819401B78012A1DD0032AFA
:103D40000CD0002AE9D1052B02D023077FF46BAFFA
:103D5000204605F063FF3A490880C1E72707DCD415
:103D6000BDF81720002AD8D12607D6D0052B7FF41E
:103D70005AAF204605F038FF36E72007CDD4BDF80E
:103D80001720002AC9D12107C7D0052B7FF44BAFDC
:103D9000204605F061FF204606F076FA24E7274B1F
:103DA0001B78002B3FF410AE264940F2564001F03C
:103DB0009FFB09E6214B1B78012B04D0214940F2DF
:103DC0005C4001F095FB0020FFF760FDFCE54FF043
:103DD0008043D3F83834DA070AD50220F4E7174BCA
:103DE0001B78012B04D817494FF48E6001F080FB3B
:103DF0000120E9E7CB78032B3FF4D2AD8B785B064B
:103E000004D0104940F27E4001F072FB0E4E336840
:103E100093B100227168E878326098470446002820
:103E20007FF4DAAE336823B1AB78002B7FF4CCADEE
:103E3000E4E605F091FFCEE50E24CDE60008002073
:103E40002C080020864401002008002008B14023EF
:103E500003600148704700BF2C08002000687047CD
:103E600038B50D46044620B906494FF4887001F074
:103E70003FFB237AAB4283BF093405EB450560194C
:103E8000002038BD4445010038B50D46044620B930
:103E9000064940F2431001F02BFB6378AB4283BF2D
:103EA000A07840190019002038BD00BF444501002A
:103EB00008B50021FFF7D4FF0021FFF7E5FF0078E8
:103EC00008BD08B50021FFF7CBFF0121FFF7DCFF9C
:103ED000007808BD2DE9F843DFF8808299460B7A17
:103EE00088F800300E461746054620B9964940F638
:103EF000DC0001F0FDFA2C6854B3A4F6E304202C96
:103F000000F21D81202C00F21A81DFE814F0360047
:103F100042001801180118011801550061006F00D6
:103F20007B0088009500A1001801180118011801F4
:103F3000180118011801180118011801C000CC005F
:103F4000180118011801DE00EA00F60002010E0156
:103F50007E4B1C707D4B1A7898F800309A4202D341
:103F600040F6081305E00923A1452B7106D840F659
:103F7000E3032B600120BDE8F88300240FB12B7907
:103F80003B55013404234C452B7103D340F6E40325
:103F9000EFE700240FB12B793B556C4B3046197875
:103FA000FFF75EFF6A4B013418604C4503782B71B4
:103FB00003D340F6E903DCE700240FB12B793B552E
:103FC000013400234C452B7103D340F6EA03D0E7BC
:103FD00000240FB12B793B555D4B1B6801345B7896
:103FE0002B714C4503D340F6EB03C2E700240FB11D
:103FF0002B793B55013408234C452B7103D340F6F4
:10400000EC03B6E700240FB12B793B55013496F849
:1040100028302B714C4503D340F6ED03A9E700246B
:104020000FB12B793B55013496F829302B714C4553
:1040300003D340F6EE039CE700240FB12B793B55E8
:10404000013400234C452B7103D340F6EF0390E776
:1040500000240FB12B793B553D4B1B685A783D4BE3
:104060001A703D4B002201341A703B4B1A78394BC1
:104070001B789A4204D3354A13780133137069E7E9
:104080000723A1452B7103D840F6FA0371E70024FA
:104090000FB12B793B55013405234C452B7103D3CC
:1040A00040F6FB0365E700240FB12B793B552A4B03
:1040B0001978274B1868FFF7E7FE013403782B7156
:1040C0004C4503D340F6FF0353E700240FB12B798F
:1040D0003B55013402234C452B7103D34FF410633D
:1040E00047E700240FB12B793B55013440234C4561
:1040F0002B7103D340F601133BE700240FB12B795A
:104100003B55013400234C452B7103D340F6021379
:104110002FE700240FB12B793B55013400234C4588
:104120002B7103D340F6031323E700240FB12B793F
:104130003B55094A137801330134137095E7002386
:104140002B60184617E700BF7B4501006D08002073
:10415000700800206C0800206F0800206E08002006
:1041600010B5044618B906498E2001F0C1F923683C
:104170001BB903498F2001F0BBF920680C3010BD3A
:104180007B45010003681B6937B504460D4633B90A
:10419000074901924FF4A37001F0AAF9019A23682C
:1041A0001B692946204603B0BDE83040184700BFD0
:1041B000DF45010003685B6910B5044623B9054972
:1041C0004FF4AA7001F094F9236820465B69BDE8BA
:1041D00010401847DF45010003685B6810B50446CE
:1041E0001BB90549FD2001F083F9236820465B686F
:1041F000BDE81040184700BFDF45010038B505464F
:10420000FFF7AEFF0446002001F07EF894F831205D
:1042100094F832309A4204D30C494FF4897001F07B
:1042200067F994F83120AB699A4204D3074940F208
:10423000131001F05DF994F83130013384F8313016
:10424000BDE83840002001F06FB800BF7B45010099
:1042500070B50546FFF784FF0646002001F054F8CC
:104260002846FFF77DFF90F831402CB1D5E9044294
:1042700096F8303002FB0344002001F055F8204648
:1042800070BD38B50446FFF76BFF0546002001F00E
:104290003BF82046FFF764FFA16990F832308B426B
:1042A00015D295F8322095F830301344B3FBF1F075
:1042B00001FB1033D4E90441DBB2013201FB0344BA
:1042C00085F83220002001F02FF8204638BD002468
:1042D000F8E7000038B50546FFF742FF0446002026
:1042E00001F012F894F8313023B913494FF4A37058
:1042F00001F0FEF894F8323023B90F4940F247102C
:1043000001F0F6F894F83130013B84F8313094F83C
:104310003230013B84F8323094F83030AA690133EE
:10432000B3FBF2F102FB113384F83030BDE83840C2
:10433000002000F0F9BF00BF7B4501000149822049
:1043400001F0D6B87B4501002DE9FF4188461746AC
:104350001E46044608B9FFF7F1FF2046FFF700FFAD
:1043600005462046FFF7A4FD002301A9CDE90187FA
:104370000393FEF7ADFF00B92E7004B0BDE8F081E5
:104380007FB5044608B9FFF7D9FF2046FFF7E8FEDE
:1043900005462046FFF795FD6E1C04461F220021AE
:1043A00030460FF042FA1F22002301A92046CDE932
:1043B00002230196FEF78CFF08B902232B7004B08C
:1043C00070BDF8B50F46044608B9FFF7B7FF2046A1
:1043D000FFF7C6FE06462046FFF76AFD0546204663
:1043E000FFF76FFD0446284605F0FEFB204605F06A
:1043F000FBFB284605F09EFD204605F09BFD37702F
:10440000F8BD38B5856804460DB9FFF797FF284613
:10441000FFF7A6FE6368026D5968436C0A440265A3
:10442000826C4B43934294BFD21A00228264C26CC6
:104430000021934294BFD31A0B46C36480F85410F2
:1044400038BD7FB50E46054608B9FFF777FF284609
:10445000FFF786FE04462846FFF72AFDE36CA26BB1
:1044600084F82C60934238BF13461A0A84F8283027
:1044700084F829201A0C1B0E84F82B3004F1200339
:1044800084F82A2001930D22002301A9CDE90223FB
:10449000FEF71EFF08B90623237004B070BD10B5E7
:1044A000044608B9FFF74AFF2046FFF759FE0930D6
:1044B000FFF7D4FC28B920460121BDE81040FFF7E2
:1044C000C0BF20460721FFF77CFF002010BD000081
:1044D0002DE9FF41044608B9FFF730FF2046FFF7FA
:1044E0003FFE90F83C3005461BB1002004B0BDE80B
:1044F000F081436B002BF8D02046FFF731FEA36913
:1045000090F832209A42F0D22046FFF7BAFE6B6B49
:104510006269934228BF13469846064620B90E4961
:1045200040F2D13000F0E4FF012385F83C30204612
:10453000FFF716FE07462046FFF7C3FC002401A93B
:10454000CDE901680394FEF7C3FE10B905233B7063
:10455000CCE785F83C40C9E77B4501002DE9FF41E8
:10456000054608B9FFF7EAFE2846FFF7F9FD90F87F
:10457000543004461BB1002004B0BDE8F08190F82F
:104580005530002B55D1836C002BF4D02846FFF713
:10459000E7FDAB6990F832209A42ECD2EB69A27B3E
:1045A000A76C53F822802846FFF7DAFD6E69436C4A
:1045B000B74228BF374628467E1E1E44B6FBF3F698
:1045C000FFF75FFE054620B91B4940F2AF3000F00F
:1045D0008FFF236D0395CDE90136012384F8543014
:1045E000D8F800309B6823B914494FF4897000F063
:1045F0007FFFD8F800305B6923B9104940F21310EF
:1046000000F076FFD8F80030019D5B69404698477E
:1046100003689D420BD2D8F8003001A99B68404640
:1046200098470028A8D0002384F85430A4E7072036
:10463000F9E70620A0E700BF7B450100DF45010048
:1046400038B5D36C0546144623B9BDE8384001217E
:10465000FFF7F7BE936C23B92846BDE83840FFF753
:104660001EBF92F90D30002BF6DA0846FFF778FDF1
:104670000023038680F83230D4E912239A4288BF9F
:10468000A364A363A36C636388BF02224FF000039B
:1046900088BF84F82C2084F83C3084F854302846B5
:1046A000FFF75CFF044610B12846FFF7F8FE2046EE
:1046B00038BD00002DE9FF41054608B9FFF73EFE71
:1046C0002846FFF74DFD90F85430044623B10025ED
:1046D000284604B0BDE8F08190F85530002B68D131
:1046E000836C002B52D02846FFF73AFD90F831300A
:1046F000002BECD0EB69A27BA76C53F822802846F4
:10470000FFF72EFD6E69436CB74228BF3746284637
:104710007E1E1E44B6FBF3F6FFF79AFD054620B950
:10472000254940F2F53000F0E3FE236D0395CDE915
:104730000136012384F85430D8F80030DB6823B9FF
:104740001E494FF4977000F0D3FED8F800305B6933
:1047500023B91A4940F22F1000F0CAFED8F80030F1
:10476000019D5B694046984703689D420CD2D8F88A
:10477000003001A9DB684046984705460028A7D0CD
:10478000002384F85430A3E70725F9E70378052BC5
:104790009DD1C36C6BB990F82C102846FFF751FEE1
:1047A0000546002894D0044940F20D4000F0A0FED8
:1047B0008EE706258CE700BF7B450100DF45010041
:1047C00073B5044608B9FFF7B9FD2046FFF7C8FCEA
:1047D00090F83C3005461BB10024204602B070BD65
:1047E00090F83D30002B3BD1436B33B32046FFF7AD
:1047F000B7FC90F83130002BEED02046FFF728FDB3
:104800006A6B63699A4228BF1A46064630B9154951
:10481000019240F27F3000F06BFE019A012385F88F
:104820003C30204604233146FFF78EFD0446002825
:10483000D3D0002385F83C30CFE70378042BCBD1CD
:10484000836B6BB990F82C102046FFF7FAFD0446F5
:104850000028C2D003494FF4647000F049FEBCE761
:104860000624BAE77B4501000B78022B70B50C4695
:1048700002D0032B29D070BD002000F045FDA568B3
:104880000DB9FFF75BFD2846FFF76AFC0646284690
:10489000FFF7B4FC637853B92046FFF7B2FD284612
:1048A000FFF78EFF38B12846FFF7F9FD08E0012336
:1048B00086F83D30F3E72846FFF750FE0028F2D196
:1048C000BDE87040002000F02FBD002000F01CFD6E
:1048D000A5680DB9FFF732FD2846FFF7FBFC6378AA
:1048E0005BB92046FFF78DFD2846FFF7F1FD002854
:1048F000D9D12846FFF7DEFEE0E72846FFF7CFFDD7
:10490000F2E738B5D36C0546144623B9BDE8384004
:104910000121FFF796BD936C23B92846BDE83840C6
:10492000FFF7BDBD92F90D30002BF6DB0846FFF70F
:1049300017FC0023038680F83230D4E912239A4210
:1049400088BFA364A363A36C636388BF02224FF094
:10495000000388BF84F82C2084F83C3084F854305D
:104960002846FFF7B5FD044610B12846FFF797FD2E
:10497000204638BD2DE9F04F0E4687B0054628BBCE
:1049800096494FF4046000F0B3FD2EB9934940F608
:10499000410000F0ADFD0DB9FFF7D0FC2846FFF750
:1049A000DFFB337807460E2B32D8DFE813F01C000C
:1049B0001200A9031C0031002100E5003100310084
:1049C00031003100AB031C00C60303040029E5D10C
:1049D000DCE70D2200210EF028FF8149042207F1B7
:1049E00020000EF0F9FE0024204607B0BDE8F08F4D
:1049F00025B97A4940F2213000F07AFD7278D10968
:104A00004FEA52134ED013F0030303D0012B26D0EC
:104A10000624E9E702F01F02012AF9D1B478062C36
:104A2000F6D105A80493FFF711FA04AB0093F278CE
:104A30003179034607462846FEF72AFA0528D3D0DF
:104A4000049B3F2B04D965494FF4187000F050FDCA
:104A5000049A3946701CFEF755FF0446C4E70DB9A9
:104A6000FFF76CFCB378FE2BD2D1B6F80330002BE5
:104A7000CED1B6F80730012BCAD105A8FFF7E6F969
:104A80002B6A044623B9554940F2CE2000F030FD90
:104A90002B6A013B23802846FFF772FC0122214646
:104AA000B018D8E74BB3012BB2D10DB9FFF746FCD4
:104AB0002846FFF755FBB378FF2B0746A8D1B6F879
:104AC0000330002BA4D1B6F80740002CA0D1284613
:104AD000FFF7EEF980462846FFF7F3F90646404611
:104AE00005F028FA304605F025FA3B78022B3FF412
:104AF0007AAF2846FFF744FC76E70DB9FFF71EFCB6
:104B00002846FFF72DFB747804F01F04022C07469B
:104B10007FF47EAF96F80280B8F1010F7FF478AF92
:104B2000B6F80330002B7FF473AF0378082B00F046
:104B300076837679304605F08FF8304605F0A4FB91
:104B400033067FF550AF3B78072B09D0092B7FF454
:104B50004AAF2846FFF7B5F905F096FB214605E078
:104B60002846FFF7AEF905F08FFB4146284607B00F
:104B7000BDE8F04FFFF765BC96F90230002B68DA0C
:104B80000DB9FFF7DBFB2846FFF7EAFA05A9044653
:104B9000B07804F08BFE08B100230593F378002B66
:104BA0007FF421AF2378033B042B50D801A252F8A5
:104BB00023F000BFC94B0000E54B0000E7490000AF
:104BC000E7490000114A0000E36C059A9B1AE36470
:104BD00000212846FFF735FC3FE700BF7B45010079
:104BE0004A460100059E0DB9FFF7A8FB2846FFF7CE
:104BF000B7FA6A69436B934228BF13469E42044644
:104C000004D0B94940F24C7000F072FC626B002392
:104C1000964284F83C3098BF931B6363A36B9E421B
:104C200094BF9B1B0023A3632846FFF753FB284632
:104C3000FFF7C6FD044630B92846FFF78FFC04464F
:104C400000283FF4D0AE2846FFF729FCCCE6032429
:104C5000CAE60DB9FFF772FB2846FFF781FA04A9EF
:104C60000446B07804F022FE08B100230493F278E1
:104C7000012A0CD12378052B3FF4B5AE062B02D0C8
:104C8000012B7FF4B0AE2846FFF77AFBE5E6032A56
:104C900002D101232370A6E6022A237808D1052B2E
:104CA00004D109212846FFF78CFB9CE60821F9E78F
:104CB000023B052B00F2128201A252F823F000BF42
:104CC000D94C0000DD500000DD50000071500000A4
:104CD000E7490000114A00000DB9FFF72FFB2846F5
:104CE000FFF73EFA044628220021303004F1240662
:104CF0000EF09BFD0021042230460EF096FD284662
:104D0000FFF7DFF805A904F0D1FD08B100230593F2
:104D1000059B1F2BCAD175490422601C0EF07EFB37
:104D200007460028C2D104223046611D0EF054FD12
:104D3000A67B84F82C7004F1090284F840601046C8
:104D4000FFF78CF82B6AE0649E4203D32846FFF7F6
:104D5000A6FB82E6237C2A2B5ED8112B08D80A2BCF
:104D60003ED91046FFF77AF80028EFD1012130E74D
:104D7000123B182BF5D801A151F823F02B4F00005E
:104D8000634D0000634D0000D14B0000634D0000F7
:104D9000634D0000634D0000634D0000B34F000001
:104DA000D14B0000634D0000D14B00006D4D000061
:104DB000634D0000634D0000634D0000634D000033
:104DC000634D0000634D0000E34F0000634D0000A1
:104DD000634D000019500000634D00004550000075
:104DE0000A2BBED801A151F823F000BF554E000098
:104DF000634D0000634D00006B4E00004D4D000000
:104E0000634D0000634D0000634D0000AF4E000095
:104E1000634D0000F14E0000552B3FF4D9AE5A2BE4
:104E20009FD1E37B092B91D91046FFF717F804288F
:104E300006468BD804F158080822394640460EF041
:104E4000F4FC062384F8593084F858700323324662
:104E5000414628E01046FFF701F800287FF476AFBE
:104E6000E37B062B3FF4B4AE70E7E37B052B7FF6C4
:104E70006DAF1046FEF7F2FF122806463FF666AF0A
:104E800000283FF4A5AE04F158071222002138464D
:104E90000EF0CBFCF02384F858300B2384F85F30FD
:104EA0003246032339462846FFF74EFAD5E5E37B21
:104EB000052B7FF64BAFEB6953F82600FFF77AF925
:104EC000637C628A4068217D60641B0452BA03F4EB
:104ED000F81392B2134341432365A1642246294645
:104EE0002846FFF7ADFBB8E57B45010046460100CB
:104EF000E37B052B7FF62AAFEB6953F82600FFF71B
:104F000059F9637C628A4068217D60641B0452BA4F
:104F100003F4F81392B2134341432365A16422467C
:104F200029462846FFF7EDFC97E5A37C002B7FF48C
:104F30000DAF1046FEF792FF242807463FF606AF56
:104F400000283FF445AEB74AA265202284F85C20D1
:104F5000EA69012152F82600059305AAFFF712F924
:104F6000059904F1600004F1680804F1780608224C
:104F700089B109680EF0C1FA059B102259684046B4
:104F80000EF0BBFA059B0422996830460EF0B5FA84
:104F900003233A4622E003910EF047FC03991022C6
:104FA00040460EF042FC0399042230460EF03DFCD0
:104FB000EEE7E37B052B7FF6C9AE1046FEF74EFF0A
:104FC00004283FF6C3AE0022032384F8592084F856
:104FD0005A2084F85B2084F85830024604F15801C6
:104FE00061E7E37B092B7FF6B1AE1046FEF736FF93
:104FF000082807463FF6AAAE00283FF4E9ADEB6962
:1050000053F82600FFF7D6F80368013B1BBAA365E7
:1050100043681BBAE365BBE7E37B092B7FF696AEDB
:10502000EB6953F82600FFF7C5F8B4F8173041686C
:10503000D4F8122061645BBA9BB212BA4B4322656A
:10504000A3644BE7E37B092B7FF680AEEB6953F853
:105050002600FFF7AFF8B4F817304168D4F81220F3
:1050600061645BBA9BB212BA4B432265A36456E7F4
:10507000002000F049F9049C0DB9FFF75FF92846BC
:10508000FFF76EF86B69426B934228BF13469C4250
:105090001CBF012380F8553094424FF0000380F884
:1050A0003C3098BF131B4363836B9C4294BF1B1B14
:1050B000002383632846FFF7A1F82846FFF708FA84
:1050C000044620B92846FFF7F5FA044610B12846F1
:1050D000FFF7E5F9002000F027F985E4524940F692
:1050E0002E0000F005FA93E4EB69002253F8240047
:1050F0001146FFF747F801342B6AA342F4D872E453
:105100000024F9E70021032000F0C0F8044600283D
:105110003FF47EAC0378192B4FEA53067FF678AC48
:105120000125B542BFF45FAC34F815000EF04FF81E
:1051300000283FF46DAC0135F3E72B6A102B04D93E
:10514000394940F6990000F0D3F90026DFF8E080F5
:10515000DFF8E090DFF8D0A034462B6AB3427FF648
:1051600043ACEB6953F826B0DBF800301B681BB981
:105170004146F02000F0BCF9DBF800302A461B68FD
:10518000494658469847044690B9B7F87C20012311
:10519000B3401343A7F87C305846FFF70BF86B6910
:1051A00042689A4204D9514640F6A50000F0A0F9A1
:1051B0000136D2E72B6A102B04D91B4940F6AF0009
:1051C00000F096F9194B0026344643F001082B6A8B
:1051D000B3427FF609ACEB6953F826A05046FEF7C0
:1051E000FBFF4FF0FB090446112C0CD1B9F101096A
:1051F00001D10136EBE74FF47A40C0475046FEF745
:10520000EBFF0446F0E7002CF3D1012303FA06F28A
:10521000B7F87C3023EA0203A7F87C30E9E70F24D3
:10522000FFF7E2BB008006127B450100404601000B
:10523000DF45010069480000F8B5124B53F82050D3
:105240002B7813B9AE1C3046F8BD0020FEF7FEFDEA
:105250000D4F0646013D002315F8012F5C1C2AB9AD
:105260006400E4B244F440743480ECE71E2B03D9AC
:105270003946FC2000F03CF9E3B22A7826F81320E6
:10528000EAE700BF084701004E460100034608B99F
:10529000FFF7D2BF012807D0022805D0032803D08A
:1052A000042801D0052809D1054800EB43035878AC
:1052B00020B1044B53F82030002BE9D10020704777
:1052C000204701000847010072B6024A1368013303
:1052D0001360704774080020034A1368013B136091
:1052E00003B962B6704700BF74080020EFF305836E
:1052F000C3F308032BB9EFF31480C04300F001009F
:10530000704701207047000008B5FFF7EFFF012844
:1053100003D00449432000F0EBF8BDE80840FFF754
:10532000D3BF00BF2C47010008B5FFF7DFFF0128FE
:1053300003D00449512000F0DBF8BDE80840FFF736
:10534000CBBF00BF2C470100EFF30583C3F3080375
:105350008BB1103B5AB2002AABBF02F16043074A3F
:1053600003F5614303F00F03ACBF93F80003D05C77
:105370004009C0B270470F20704700BF14ED00E035
:10538000024B034A1B681068184700BF80080020C2
:10539000780800201EF0040F1CBFEFF309800AE01C
:1053A000EFF308800549064A884201D8904202D8A6
:1053B0008D464FF00000034B18470000000004200A
:1053C00000E00320ED530000BFF34F8F0549064B6B
:1053D000CA6802F4E0621343CB60BFF34F8F00BF93
:1053E000FDE700BF00ED00E00400FA052DE9F347FA
:1053F0000546FCF769FBFCF7BFF90028FBD1304CF0
:105400003048314B241AE40824049F6A44F0010414
:10541000002D4FD0AA692D492046FCF717FBEB68F9
:105420000193AB682A4900932046D5E90023FCF795
:105430002CFBEB6900932749D5E904232046FCF7B0
:1054400018FB214BDB6A990703D523492046FCF75B
:10545000F9FADFF89490DFF894A000264FF00108E5
:1054600008FA06F33B4206D059F826201AB15146F5
:105470002046FCF7EBFA01361A2EF1D13A0605D593
:10548000114B16495A6B2046FCF7E0FA17F4004F0F
:105490000D4E04D0B26B12492046FCF7D7FAD6F86D
:1054A000F030DB0700D500BE2846FFF78DFF02B0C5
:1054B000BDE8F0870B492046FCF7C4FAC1E700BFFE
:1054C00008400100703F010000ED00E08B47010043
:1054D000A0470100D5470100304801007F48010086
:1054E0009F480100FD4701007C4D01007448010008
:1054F00007B5CDE900016A46002144F20200FCF73D
:1055000081FC03B05DF804FB10B561B1B2FBF3F4AC
:1055100003FB1424A4B244B9C0E90014846082815E
:10552000C381204610BD0E20FCE70920FAE737B5FD
:1055300050E8013F9DB2C48925448489A54228BF13
:105540002D1B0489A54202BFBFF32F8F002207E065
:10555000C5EA030540E80154002CE9D14FF00102EF
:105560008DF803200193019A0A609DF8031001F061
:10557000FF0321B1006810FA82F003B030BD184675
:10558000FBE70A884B889A4209D150E8012FC2EA0A
:10559000024240E80123002BF7D101207047002090
:1055A000704737B550E8023F1FFAA3F5C488A542FB
:1055B00002BFBFF32F8F00220DE0C48925448489E8
:1055C000A54228BF2D1BC3EA054540E80254002C24
:1055D000E8D14FF001028DF803200193019A0A608F
:1055E0009DF8031001F0FF0321B1006800EB1240A9
:1055F00003B030BD1846FBE70A884B889A4209D1B0
:1056000050E8022FC2EA224240E80223002BF7D1E1
:10561000012070470020704710B5034653E8000F83
:105620000A4643E8002494F0000FF7D110BD10B5EE
:10563000034653E8002F42EA010043E8000494F0D7
:10564000000FF6D110BD10B5034653E8000F00EA75
:10565000010243E8002494F0000FF6D110BD10B50C
:10566000034653E8002F02EB010043E8000494F0E6
:10567000000FF6D110BD10B5034653E8002FA2EB82
:10568000010043E8000494F0000FF6D110BD10B5FE
:10569000034653E8002F8A422CBF501A104643E8B5
:1056A000000494F0000FF4D110BD0121FFF7BFBF3B
:1056B0000021FFF7C8BF000038B5044620B91149E2
:1056C0004FF49270FFF714FF0020FFF71DFE2268D1
:1056D00063681168994213D9481E106011F8013CA3
:1056E000E568218A01FB0355A36811791B1ADBB217
:1056F000994200D213710020FFF716FE284638BDEC
:105700000025F8E7E44D010038B50C46054620B900
:105710000E4940F24710FFF7EBFE24B90B494FF456
:10572000A470FFF7E5FE0020FFF7EEFD2A6813687E
:10573000591C1160E968641A298AB4FBF1F41C70E1
:10574000BDE838400020FFF7EFBD00BFE44D010089
:1057500019B1012905D00620704702B1117000204F
:10576000704712B104301060F9E70720704700005D
:1057700010B5044620B9034940F27D10FFF7B8FE8A
:10578000A06910BD3E4E010008B5FDF7D9F900280B
:10579000FBD108BDF0B50C4685B0054620B91F49C0
:1057A0004FF49470FFF7A4FE24B91C4940F229106D
:1057B000FFF79EFE1A4B1B68AB4203D01124204614
:1057C00005B0F0BDAE69FDF7BBF90028F6D194E84D
:1057D000070006F10C0787E80700A2882168A06887
:1057E000FCF726FD044640B9B36833B9FFF7CCFF98
:1057F0000C4B1B78002B18BF0D24B368002BDED098
:10580000002CDCD04FF48172ADF80420B26902970D
:10581000039201A928469847D1E700BF3E4E0100F8
:105820008408002088080020F0B50C4685B00546A5
:1058300018B91E49F620FFF75BFE1CB91B49F7207B
:10584000FFF756FE1A4B1B68AB4203D011242046CB
:1058500005B0F0BDAE69FDF773F90028F6D194E804
:10586000070006F10C0787E80700A2882168A068F6
:10587000FCF7A0FC044640B9B36833B9FFF784FFD6
:105880000C4B1B78002B18BF0D24B368002BDED007
:10589000002CDCD04FF48172ADF80420B26902977D
:1058A000039201A928469847D1E700BF3E4E010068
:1058B0008408002088080020F0B5054685B018B996
:1058C0001449CA20FFF714FE134F3B68AB4203D0C4
:1058D0001124204605B0F0BDAE69FDF731F900286E
:1058E000F6D1FCF77DFD044600B93860B368002BA3
:1058F000EFD001228DF80420221E18BF01228DF85E
:10590000052000220292B269039201A92846984715
:10591000DFE700BF3E4E0100840800202DE9FF4173
:105920000E461546044618B91B499220FFF7E0FDC4
:105930002369B3F5007F2AD1DFF86880D8F80030FA
:105940003BBBA7691549BD61BE6004F11400C8F8EE
:105950000040FCF7BDFC054630B9A6B9FFF714FFBF
:105960000F4B1B787BB10D250023C8F8003056B1D2
:105970004FF480720293BB690393ADF80420BB68B7
:1059800001A920469847284604B0BDE8F0810625C5
:10599000F9E71125F7E700BF3E4E0100A9590000C5
:1059A0008808002084080020F0B52B4A43782B4F4C
:1059B000137002783D68012AAC6985B0064629D08B
:1059C000022A3BD0002A3ED13BB12846FFF774FFA4
:1059D00018B1234A5821FCF707FAFDF7C1F803680C
:1059E00023604FF4007363603B689B699B687BB1E5
:1059F000737800229B1A18BF01238DF804208DF8BC
:105A00000530A36903930292A36801A92846984729
:105A100005B0F0BDA268002AFAD00221003B18BFF1
:105A200001238DF804108DF8053004F10C03029366
:105A3000A369039301A928469047E9E7A268002AD1
:105A4000E6D00321EAE7064A8821032005B0BDE835
:105A5000F040FCF7C9B900BF880800208408002086
:105A60003E4E010010B5044618B906493120FFF733
:105A70003FFDA2682AB16369216820699847002325
:105A8000A36010BDC04E01000EB433B5059D0446A1
:105A900018B911494220FFF72BFD63691BB90E4964
:105AA0004320FFF725FD23681BB90B494420FFF76E
:105AB0001FFD63681BB908494520FFF719FD35B183
:105AC00006AB01AA29462046019300F079F802B0FE
:105AD000BDE8304003B07047C04E01000A2938B518
:105AE00004460D4602D10D21FFF7F8FFA368226896
:105AF000591CA160D554D4E901329A4204D32046FE
:105B0000BDE83840FFF7AEBF38BD00002DE9F84FC3
:105B10009846DDE90A43154682460F460A464FF08D
:105B20000109AA420FD2C14538BFC14613F0010B8B
:105B300001D16CB900240126B8F1010F1BD908F17D
:105B4000FF386E43F8E709F10109B2FBF5F2E8E727
:105B50009B070ED5B8F1000F0CBF30262026A145BB
:105B6000E9D2013C31465046FFF7B8FF002CF6D190
:105B7000E0E72026F3E7B7FBF6F39D42E1D9DFF833
:105B80003C80B7FBF6F3504618F8031006FB13777A
:105B9000FFF7A4FF3346AB42B6FBF5F6F1D2BBF1FB
:105BA000000F02D00CB1A14501D3BDE8F88F202130
:105BB0005046013CFFF792FFF4E700BF674F01003A
:105BC0002DE9F74F88461746054620B9AF4940F200
:105BD0005220FFF78DFC6B6923B9AC494FF4157067
:105BE000FFF786FC2B6823B9A84940F25520FFF740
:105BF0007FFC6B6823B9A54940F25620FFF778FC7B
:105C0000B8F1000F00F03E8118F8011B49B92B7B59
:105C1000002B00F03781284603B0BDE8F04FFFF7B6
:105C200021BF252940F0B780002698F800302D2BA1
:105C3000424608F1010823D0302B24D02B2B25D04D
:105C400000242A2B02F1010123D13B681A1D1B6895
:105C50003A601C440A4613782E2B26D101324FF0AD
:105C6000000A104610F8011BA1F1300CBCF1090F1D
:105C70001DD80A2303FB0A13A3F1300A0246F0E7FA
:105C800046F00106D1E746F00206CEE746F00406EC
:105C9000CBE711F8013CA3F130000928DBD80A2238
:105CA00002FB0434303C0A46CBE74FF0000A12F8FE
:105CB000011B01F0FB0068289046F8D0782909D82C
:105CC0006F290CD8632962D022D8252963D058299E
:105CD00000F0888098F80030002B95D197E7703954
:105CE0000829F7D801A353F821F000BF5F5E000038
:105CF000D55C0000D55C0000F55D0000D55C0000BF
:105D0000D35D0000D55C0000D55C0000E55D0000BF
:105D1000642901D06929DDD13A68D2F80090111DBB
:105D200089EAE9723960A2EBE9724FF0010B092AA6
:105D300035DCD34538BFD3462CB1B9F1000F01DBB8
:105D4000720700D5013CB30702D5BAF1000F03D0AA
:105D5000F00701D44CBB0024B9F1000F2DDAC9F1D2
:105D600000092D212846FFF7B9FE06F00302022A9A
:105D700004D1BAF1000F01D11CBB0024CDE90046CB
:105D800053460A2249462846FFF7C0FEA2E73B6871
:105D90001A1D19783A602846FFF7A0FE9AE70A23F1
:105DA0000BF1010BB2FBF3F2C1E7A345D4D22021E2
:105DB0002846013CFFF792FECCE77107D5D52B2191
:105DC000D0E7A345DAD230212846013CFFF786FE12
:105DD000D2E73968CDE900460A1D3A6053460A22E7
:105DE0000968D0E739680A1D3A60CDE90046534694
:105DF0001022F5E73B681A1D3A6016F00106D3F849
:105E0000009024D1B9F1000F03D048460DF062FD97
:105E10000646B4421DD809F1FF3919F8011F0029BF
:105E20003FF458AF2846FFF759FEF6E728460136FB
:105E3000FFF754FE19F806100029F7D1A642BFF467
:105E400049AF20212846013CFFF748FEF6E700262F
:105E5000F0E720212846013CFFF740FED9E73B68E8
:105E60001A1D3A60302128461C68FFF737FE78215A
:105E70002846FFF733FE00220823CDE900322146F1
:105E8000102280E703B0BDE8F08F00BF104F010083
:105E90002DE9F74F99469DF8303000938846934698
:105EA000064618B92349B620FFF722FBF28871791C
:105EB0004A43043A4A4505D81E490192C420FFF7D7
:105EC00017FB019ADBF80070B6F806A007EB090192
:105ED000914209F1040488BFA2EB0907B4FBFAF56B
:105EE000CBF800700AFB154445B9AAEB040BBB457F
:105EF00028BFBB462FB903B0BDE8F08F3668013D1F
:105F0000F2E7009B043408EB050034445A466BB1B9
:105F10002146A7EB0B070DF05FFCBA455D443668E0
:105F2000D3464FF0000428BFBB46E3E701462046B6
:105F3000EFE700BF774F0100F8B546790146721EC2
:105F40000546002393422D6803D30024A64202D8BD
:105F5000F8BD0133F6E70F682846FFF7D5FB01349B
:105F60003946F3E72DE9F843068ACD1C0746FFF7CB
:105F7000A3FB043E35440446B5FBF6F5F0B14FF4FF
:105F80008073EDB28380C680013D076081464FF08B
:105F90000008A84512D23846FFF78EFB064648B1E6
:105FA00063790133637108F10108C9F800000760E3
:105FB0008146EEE72046FFF7BFFF34462046BDE8A6
:105FC000F88301210430FFF74ABB10B501210446D4
:105FD0000430FFF750FBC0B220B92046BDE81040A6
:105FE000FFF7AABF10BD00001FB5144603920022A0
:105FF000009203AAFFF74CFF039BA34203D003497F
:10600000F620FFF775FA04B010BD00BF774F01000E
:106010001FB5144603920122009203AAFFF738FF2E
:10602000039BA34204D003494FF48070FFF760FA4A
:1060300004B010BD774F010010B50D49A1F58C7269
:10604000914201D800200FE08C1AE30F03EBE40328
:106050005B1002EBC30452F83330834205D802D2FE
:1060600004F10802ECE7606810BD2146E8E700BFD4
:106070009854010008B5FFF7DFFF024B002808BF66
:10608000184608BD6B5301000268530910B5044659
:1060900018D0012B4FF6FF7318BF002302F01F0228
:1060A000D340DB0704D409494FF4F670FFF720FA18
:1060B00023681F2B83BF03F01F03054823604FF0A5
:1060C000A04010BD4FF0FF33E8E700BFB74201002A
:1060D000000300502DE9F8430468054694F82000B9
:1060E00004F022F904F11807FF264FF0FF394FF0B2
:1060F0000008207AFF2802D004F016F92672607A90
:10610000FF2802D004F010F966722068431C03D007
:1061100001F0F2FCC4F8009084F80B800C34BC420F
:10612000E7D16868BDE8F84304F074BA2DE9F0419E
:10613000134EDFF850800C460025012706EB410680
:10614000735D5BB1735D013BDBB27355735D93B9F6
:1061500058F824301B682046DB6998474DB167B179
:10616000084B53F824300221BDE8F041586804F090
:10617000EFBA0125E4E70027F0E7BDE8F08100BFB2
:10618000A50800208C08002010B540680B49027952
:106190008C5CFF2CE3B20DD0FE2B0DD0006803F514
:1061A000A87350F82330064850F82200984203D1D3
:1061B000FF238B54002010BD0120FCE7A008002025
:1061C000B008002001292DE9F84F066804460D4665
:1061D000904604D95E4940F25B20FFF789F90C2311
:1061E00003FB0563DB7A012B04D059494FF4177088
:1061F000FFF77EF996F82130022B40F0A4800C279F
:106200006F43F3195B68984508D1F36913B900200F
:10621000BDE8F88F626810799847F8E72046FFF7E5
:10622000B3FF8246002840F090806368DFF8309129
:106230001B79FE2209F80320266896F8200004F056
:10624000C7F8B8F1000F1FD13744787A04F0C0F8CE
:10625000387A04F0A7F863681B79FF2209F8032055
:106260000C2303FB05662368C6F80480DB69002B5A
:10627000CDD063681A79374B03EB4203022159559D
:10628000606804F039FAC2E7B169884507D337443A
:106290001FFA81F8387A04F09BF8787AD9E705EB91
:1062A00045034FEA830B06EB830360685A6891420B
:1062B00044D0904542D25346032104F0EFF9D4F87C
:1062C00004A096F820709AF80530032B04D82249D0
:1062D00040F27110FFF70CF90C2303FB0563DAF8A9
:1062E00000109B7A56F80B0001F5A67A1BB301F05B
:1062F000CBFC02465146384604F034F896F82000AC
:1063000004F050F863681B7909F8035063681A7940
:10631000124B43F822800C2707FB056760680023B7
:106320004246294604F0BAF9387A04F03BF8787A04
:1063300004F038F894E701F07DFCDAE70379FF22F6
:1063400009F80320E7E7082062E7112060E700BFB3
:1063500098540100A5080020EC540100B00800206A
:10636000A008002003681B8B5A436423B2FBF3F29E
:1063700092B2FFF727BF00002DE9F04F2DED028B01
:106380008BB0CDE90212044620B9BB4940F211306E
:10639000FFF7AEF8029B002B00F06A81276897F8A0
:1063A0002130002B40F0668104F00EFA08B18528F8
:1063B00046D101F00DFB002839D04FF07043AF4AB1
:1063C000D3F8E83F03F0F003303B18BF012313700C
:1063D000FF2387F820304FF6FF7300223B814FF0F8
:1063E000FF33FA723B60FA75BB82FB6007F1200055
:1063F00003F06CFF804600BB029B08330646049303
:10640000F3B208EE103A029B53F826305A1C00F003
:10641000B480256895F82110B1B108252046FFF712
:1064200059FE28460BB0BDEC028BBDE8F08F01F0A1
:1064300095FA0028C1D00325F3E72046FFF74AFE6E
:106440000425EEE70126DBE7049A05934FF00C09DB
:1064500009FB06F912F806B005EB09024FF0010A34
:10646000516082F80AB003228DF81C20BBFA8BF22F
:10647000520907A918468DF81D208DF81EA001F0BD
:10648000B1FAA8B9059B45F8093008A80893BBF1F3
:10649000000F00F0D980FFF7F7FD089B0AFA03F31D
:1064A000C0F80C3509F10800284403F00FFF08B1CB
:1064B0000425B3E709F10900284403F007FF002889
:1064C000F6D14FF00C0A0AFB065A9AF8080003F0BE
:1064D0007FFF9AF8090003F07BFF55F80900BBF134
:1064E000000F00F0B98001F0CFFB824655F809009B
:1064F00001F0A0FB0C2303FB0653814693F808B080
:1065000063685A79B24206D85D49059340F271102A
:10651000FEF7EEFF059B1B68B10001F5A071524626
:106520001944584603F01EFF0C2303FB0653D4F80E
:1065300004B093F809A09BF80530022B04D8504909
:1065400040F27110FEF7D4FFDBF800104A4601F567
:10655000A471504603F006FF0C2303FB06550123EC
:10656000EB726368474A1B7902EB430300229A559A
:1065700018EE101A2046FFF725FE002E3FF462AFFA
:10658000029B1B69B3F5805F02D3B8F1090F6BD191
:106590003A4B1B7823B1B8F1010F38BF4FF0010817
:1065A00000238DF8213060688DF820804FF4E0637F
:1065B000ADF822300379344A099308A903F044FF67
:1065C000054600287FF42AAF6368029A1B681669A3
:1065D000D3F81035DBB2320FC3F120003601A3F13E
:1065E0002001DE4002FA00F022FA01F1064322FA0D
:1065F00003F30E434FF0FF32B24275EB030304D2B4
:10660000224940F2B920FEF773FF6068BE614FF087
:10661000010804F02DF8CDF80080042332466068AC
:10662000022104F054F80221606804F091F8039B01
:10663000FB616368164A1B7987F8218042F8234082
:10664000144AFF21D154ECE6FFF71EFD089B0AFA1D
:1066500003F3C0F8083525E701F0ECFA824655F857
:10666000090001F011FB45E75B0808F1010889E723
:106670000B25D6E60825D4E698540100C40800206E
:10668000EC540100A50800202D6100001D550100FB
:106690008C080020A00800202DE9F047076897F833
:1066A0002130044623B91B4940F29730FEF720FF02
:1066B0000026DFF868903D46B0464FF00C0A63684C
:1066C0001B7909EB430303F80680EB7A73B1236867
:1066D00028680AFB0633997AB1FA81F1490901F079
:1066E000DBFA286801F052FAC5F804800C357EB157
:1066F0006368094A1B79FF21D154606803F0B8FF31
:10670000606803F051FF022387F82130BDE8F0876D
:106710000126D4E798540100A0080020A508002015
:10672000CA699A4210B543600CD38C690460086F43
:1067300018440867D01A1C44C86100388C6118BF1F
:10674000012010BD01F1280202608B670020F8E7EC
:1067500038B50D46044620B906494FF48870FEF757
:10676000C7FE237AAB4283BF093405EB45056019A8
:10677000002038BD4445010038B50D46044620B917
:10678000064940F24310FEF7B3FE6378AB4283BF85
:10679000A07840190019002038BD00BF4445010011
:1067A00008B50121FFF7D4FF0121FFF7E5FF0078CD
:1067B00008BD00002DE9F843DFF8408299460B7AC6
:1067C00088F800300E461746054620B989494FF42F
:1067D0004470FEF78DFE2B68002B00F08780A3F23B
:1067E00013337C2B00F23B837C2B00F23883DFE8F1
:1067F00013F088009300A100AD00B900C500D100DE
:10680000DD00360336033603360336033603F50060
:10681000070136033603360336031A012601340115
:10682000360336033603470153018101360336032D
:1068300036033603690175018101360336033603D9
:106840003603360336039301360336033603360325
:10685000A701B301BF01CB01D80136033603E40120
:10686000F001FC01080214023603360320022C0258
:1068700038024B0236033603570263026F027B0273
:1068800087023603360336033603360336033603F0
:106890003603360336033603360336033603360330
:1068A0003603360336033603AF02BB023603360324
:1068B0003603CD023603360336033603EA023603C7
:1068C000360336033603EA0236033603360336034D
:1068D00036033603FC020803360336033603360359
:1068E00026033603360336033603260308232B71AB
:1068F000B9F1000F05D140F213332B600120BDE840
:10690000F8830FB12B793B700B23B9F1010F2B7179
:106910000ED84FF44573F0E700240FB12B793B55A7
:106920000134337D2B714C4505D340F21533E4E738
:106930000124F2E700240FB12B793B5501340223E7
:106940004C452B7103D340F21633D6E700240FB128
:106950002B793B55013402234C452B7103D340F274
:106960001733CAE700240FB12B793B5501340223BA
:106970004C452B7103D34FF44673BEE700240FB18F
:106980002B793B550134737E2B714C4503D340F278
:106990001933B2E700240FB12B793B5501340023A2
:1069A0004C452B7103D340F21A33A6E700240FB1F4
:1069B0002B793B55104B002201341A700E4B1A787C
:1069C00098F800309A4202D340F29A3395E70923AF
:1069D000A1452B7103D840F221338EE700240FB17B
:1069E0002B793B55013404234C452B7109D340F2DC
:1069F000223382E741550100C6080020C708002065
:106A000000240FB12B793B559C4B30461978FFF78A
:106A10009FFE9B4B013418604C4503782B7103D3C8
:106A200040F2273369E700240FB12B793B5501343D
:106A300000234C452B7103D34FF44A735DE70024C8
:106A40000FB12B793B558E4B1B6801345B782B7152
:106A50004C4503D340F229334FE700240FB12B7983
:106A60003B55874B327D1B681B789A4204F1010429
:106A70001ED102234C452B7103D340F22D333CE74A
:106A800000240FB12B793B55013402234C452B7167
:106A900003D340F22E3330E700240FB12B793B555E
:106AA0000134737E2B714C4525D340F22F3324E7FC
:106AB000B27D9A422AD10A234C452B7103D34FF45D
:106AC0004D731AE700240FB12B793B550134002395
:106AD0004C452B7103D340F235330EE700240FB140
:106AE0002B793B55013400234C452B7103D340F2E5
:106AF000363302E700240FB12B793B5501340023D4
:106B0000A1452B7109D840F23D33F6E65D4940F2CC
:106B10003A30FEF7EDFCF2E700240FB12B793B553C
:106B2000574B327D1B681B789A4204F1010440F0F8
:106B3000FF8005234C452B7103D340F24233DCE642
:106B400000240FB12B793B55013424234C452B7184
:106B500003D340F24333D0E600240FB12B793B55E9
:106B6000013400234C452B7103D34FF45173C4E619
:106B700000240FB12B793B55013410234C452B7168
:106B800003D340F24533B8E600240FB12B793B55CF
:106B9000013401204C45287104D340F246332B6068
:106BA000ADE600240FB12B793B55013405234C454C
:106BB0002B7103D340F249339FE600240FB12B79A8
:106BC0003B55013424234C452B7103D340F24A3307
:106BD00093E600240FB12B793B55013401204C453D
:106BE000287103D340F24B33D9E700240FB12B793E
:106BF0003B55013403234C452B7103D34FF453739E
:106C00007BE600240FB12B793B550134B37D2B710A
:106C10004C4503D340F24D336FE600240FB12B797E
:106C20003B55013404234C452B7103D34FF454736B
:106C300063E600240FB12B793B55013424234C45E6
:106C40002B7103D340F2513357E600240FB12B7957
:106C50003B55013402234C452B7103D340F2523390
:106C60004BE600240FB12B793B55013402234C45F0
:106C70002B710AD340F253333FE600BFC608002011
:106C8000CC0800204155010000240FB12B793B5561
:106C9000013405234C452B7103D340F256332CE6C7
:106CA00000240FB12B793B55013424234C452B7123
:106CB00003D340F2573320E600240FB12B793B5524
:106CC000013406234C452B7103D34FF4567314E65D
:106CD00000240FB12B793B550134337D2B714C458A
:106CE00003D340F2593308E600240FB12B793B550A
:106CF0000134B37D2B714C4503D340F25A33FCE58C
:106D000000240FB12B793B550134564B1B685A7840
:106D1000554B1A70554B00221A70544B1A78524B2F
:106D20001B789A420DD3524A13780133137045E60B
:106D3000B27D9A42E9D04F4940F26330FEF7D8FB6A
:106D4000E3E70723A1452B7103D840F26E33D4E566
:106D500000240FB12B793B55013405234C452B7191
:106D600003D340F26F33C8E500240FB12B793B55B4
:106D70003E4B19783B4B1868FFF7FEFC0134037853
:106D80002B714C4503D340F27333B6E500240FB1A9
:106D90002B793B55334B327D1B681B789A4204F1AB
:106DA000010406D103234C452B710DD34FF45E73C0
:106DB000A3E5B27D9A4212D102234C452B7103D335
:106DC00040F27D3399E500240FB12B793B55013416
:106DD0004023A1452B7109D84FF461738DE52549F6
:106DE00040F28130FEF784FBF2E700240FB12B79EB
:106DF0003B55013400234C452B7103D340F28533BE
:106E00007BE500240FB12B793B55164B327D1B6877
:106E10001B789A4204F1010407D1336A4C451B7870
:106E20002B710DD340F28A3367E5B27D9A4210D1BF
:106E300000234C452B7103D340F28F335DE50024D2
:106E40000FB12B793B550134084A13780133137085
:106E500063E7084940F29330FEF74AFBF4E700206D
:106E600028604CE5CC080020C5080020C808002098
:106E7000C60800204155010010B5044618B906495E
:106E80005F20FEF735FB23681BB903496020FEF73E
:106E90002FFB20680C3010BD4155010001495220E4
:106EA000FEF726BB4155010013B5044618B9019100
:106EB000FFF7F4FF0199E36923B1204602B0BDE872
:106EC0001040184702B010BD10B5044608B9FFF7CE
:106ED000E5FF2046FFF7D0FF0023C0E91B33C0E9E0
:106EE0001D3383828361036200F12803836610BD32
:106EF00010B5044660B90846FFF7BEFF0378202BA3
:106F000008D1811C07220C300CF066FC204610BD15
:106F10000320FCE70620FAE72DE9F0470E4688B08B
:106F2000054620B9A14940F2DD20FEF7E1FA26B975
:106F30009E4940F2DE20FEF7DBFA33780E2B20D894
:106F4000DFE813F079006201790079001F000F007B
:106F5000C5001F001F005E011F0079007900790045
:106F6000790025B991494FF4E470FEF7C1FA7278BF
:106F7000D1094FEA521342D013F0030306D0012B7C
:106F800028D00624204608B0BDE8F08702F01F0292
:106F9000012AF6D1B478062CF3D105A80393FCF7A7
:106FA00055FF03AB0093F278317903460746284634
:106FB000FBF76EFF0528E5D0039B3F2B03D97B49E8
:106FC000C920FEF795FA039A3946701CFCF79AFC23
:106FD0000446D7E70DB9FFF761FF2846FFF74CFFDE
:106FE000B378212BCDD1B6F80720072AC9D100F1FB
:106FF0000C01701C08B0BDE8F047FCF783BC012B06
:10700000BFD10DB9FFF74AFF2846FFF735FFB37828
:10701000202B074611D0222BB3D1B6F80730002B16
:10702000AFD1828AB6F80330838202F0010203F006
:1070300001018A4229D10024A4E7B6F80730072BC2
:107040009FD10DB9FFF72AFF2846FFF715FFB37848
:107050000370B6F80730DBB243700230CDE90503A8
:1070600000200790FEF750F905A90020FCF730F941
:10707000044630B94E4B03A9CDE90335FCF730FC8B
:1070800004460020FEF750F97CE78CB2C1F1030101
:10709000C9B22846FFF708FF002CCCD101212846B1
:1070A000FFF756FB2146FFF767FB007802F042FF2F
:1070B0002846FFF775FB02F03DFF07F12803C7E9FB
:1070C0001B44C7E91D44BC613C62BB665AE7002112
:1070D0002846FFF73DFB0021FFF74EFBB37802780F
:1070E0009A42A8D01B06F47809D51CB1032CA2D073
:1070F000032447E701212846FFF7D6FE42E704F0C4
:10710000FD03012B97D0002CF2D10DB9FFF7C6FE7D
:107110002846FFF7B1FE06462846FFF741FB254B00
:10712000F469CDE905368046ACB9336FF466C6E93B
:107130001C43336A63B1D6E9080106F1180383E8FA
:107140000300346205A94046FCF7D8F8044600E085
:10715000B4610021CFE7D6F878A0B069544528BFC4
:10716000544606F12807224639460CF035FB336FAA
:1071700023447367AAEB0403F366336A4FF00009F4
:107180003C44C6F87090B4665BB306F1180406F18F
:10719000200797E8030084E80300F36EB069C6F89F
:1071A00020904BB9B369002BCCD11BE041550100B5
:1071B000F16E000021670000F269B16E9A4213D8A7
:1071C0000CF00AFBF369F26E7367D21AF266B26EC4
:1071D0001A44B26600212846FFF766FE336A002B88
:1071E000D7D1B3610024B4E71A460CF0F5FAF26E79
:1071F000F36932679B1AF361B3691344B361D1E752
:1072000003212846FFF750FE2846FFF75DFE12E7F0
:1072100008B5FFF731FE406F08BD08B5FFF72CFE3B
:10722000C06E08BD2DE9F341804616460F4621B9D0
:10723000254940F2D730FEF75BF94046FFF71CFEC8
:10724000838ADB0704463BD58569002D32D1C36EA6
:10725000B3420FD3816E324638460CF0BDFAE36E6E
:1072600066679B1BE366A36E3344A366284602B0A1
:10727000BDE8F081C0E906764046FFF791FA134B6E
:10728000E26ECDE90034064662B1A16EA0690CF051
:10729000A3FAE36EE269D21AE261A269C4E91B5360
:1072A0001A44A26169463046FCF728F8002808BF56
:1072B0009220DCE7036A2BB9C0E908769220D6E772
:1072C0000820D4E71120D2E74155010021670000D2
:1072D00070B54FF0805286B0D2F8A830D2F8A42012
:1072E00000926FEA83436FEA93430B4A0B4E9BB2C3
:1072F0000D2102A80CF0C9F802AD002402A80CF080
:10730000E9FA844201D306B070BD15F8013B06F8D6
:10731000013B0134F2E700BFCC550100D00800204A
:1073200038B5074C051E04F1080318BF1C46236836
:107330002BB11A6822605B6828469847F7E738BD8A
:10734000E808002020B9054B01225A70FFF7E8BF7A
:10735000012802D1014A9070F8E77047E008002048
:10736000014B1878704700BFE008002038B50C4C7E
:1073700023789BB90B486360A3602361E36000F04E
:10738000D1F9054600F0E2F901232370064BD3F84A
:1073900000340BB10123A370284638BD8525F5E7DD
:1073A000E0080020457300000000014038B51A4C89
:1073B000237805461BB91949F620FEF799F8A378FA
:1073C00003F0FF00ABB115B16B68012098470020B6
:1073D000FDF79AFFE36800200133E360FDF7A4FFA7
:1073E000E368C3B9BDE838400C494FF48970FEF733
:1073F0007FB8FDF789FF25B1226913463BB92A60A2
:107400002561E368002BE5D100F0C2F9E2E79D4277
:10741000F7D01B68F2E738BDE0080020D555010021
:1074200008B5074B1B7823B9064940F22510FEF733
:107430005FF84FF08043D3F81804C0F3004008BD54
:10744000E0080020D555010038B51B4C23780546CF
:1074500023B91A4940F23310FEF74AF8637803F073
:10746000FF00ABB115B16B68002098470020FDF715
:107470004BFF6368002001336360FDF755FF6368CD
:10748000C3B9BDE838400D4940F24F10FEF730B89F
:10749000FDF73AFF25B1A26813463BB92A60A56003
:1074A0006368002BE5D100F08BF9E2E79D42F7D04D
:1074B0001B68F2E738BD00BFE0080020D555010089
:1074C00038B50F4C237823B90E494FF4AA70FEF754
:1074D0000FF8636823B90B4940F25510FEF708F81E
:1074E0000020FDF711FF6368013B6360656815B913
:1074F00000F07EF96570BDE838400020FDF714BF4C
:10750000E0080020D555010010B5074C23784BB991
:10751000064B002808BF184600F0CAFC08B9012332
:10752000237010BD8520FCE7F408002034560100CC
:1075300008B500F000FDBDE8084000F003BD07B548
:107540000190FFF7F5FF019800F0DEFC00F0ECFC85
:10755000002003B05DF804FB7FB503788DF804309C
:107560004368029383688DF80C30C3680493036901
:10757000064A8DF81430064B01A853F8213052F812
:107580002110984707B05DF804FB00BFF808002001
:1075900008090020F0B50546174615F804CB124A35
:1075A00042F82C70114A42F82C30114B0C460FCB8C
:1075B00085B06E4686E80F002368009323798DF826
:1075C000053063798DF80630A3680293002FA389F4
:1075D000084AADF80C3008BF3A46634631462846A3
:1075E00004F004F805B0F0BD08090020F8080020F8
:1075F00038560100597500001FB503788DF800302A
:107600004368019383688DF80830C368054A039383
:10761000054B684653F8213052F82110984705B0C1
:107620005DF804FB18090020200900201FB503782D
:107630008DF800304368019383688DF80830C36883
:10764000054A0393054B684653F8213052F8211040
:10765000984705B05DF804FB1809002020090020B8
:107660002DE9F0411E4B90F8008043F828201D4B77
:107670001646B8F1010F0A6943F8282088B007467A
:107680000C4605D14B7F1BB917497620FDF730FF1B
:10769000DFF860C0637F0CF808300FCC6D460FC573
:1076A00094E80F0085E80F003B78CDF810801CF8B7
:1076B000033053B1002E0D4A694608BF3246381DCB
:1076C00001F0CEF808B0BDE8F081002E084A694606
:1076D00008BF324607F10C0000F028FEF2E700BFB9
:1076E000200900201809002048560100F975000003
:1076F0002D7600002809002010B5034653E8000F3E
:1077000000EA010243E8002494F0000FF6D110BD16
:1077100000F18040002382B0036003680193019B65
:1077200002B0704710B5044618B90649A420FDF709
:10773000DFFE054A107918B901211460918010BD4F
:107740008520FCE7A05601002C09002008B50C4B51
:107750001B791BB90B49BD20FDF7CAFE0A4B1A68FD
:10776000D20704D4C02283F8002301221A604FF00C
:1077700080420123C2F81835044A137008BD00BFC7
:107780002C090020A056010000E100E0340900208F
:1077900008B5094B1B791BB90849EA20FDF7A8FE7B
:1077A0004FF48270FFF7B4FF4FF080430222C3F81A
:1077B000042301229A6008BD2C090020A056010074
:1077C00008B5094B1B7923B908494FF48170FDF7BF
:1077D0008FFE4FF48070FFF79BFF4FF08043012234
:1077E000C3F804231A6008BD2C090020A05601002C
:1077F00010B50E4C237923B90D494FF48570FDF770
:1078000077FE4FF080420121C2F808134FF48070D8
:10781000FFF77EFF5160D2F80C3403F00113B3F18F
:10782000011FF8D00023637110BD00BF2C09002098
:10783000A05601004FF0804110B5D1F8003163B17E
:107840004FF48070FFF764FF0D4B58790122C1F8A7
:10785000082310B95A711B6898474FF08042D2F83C
:10786000043163B14FF48270FFF752FF0223C2F874
:107870000833034BBDE810401B680120184710BDBA
:107880002C09002000F1804000F5C040002382B0A8
:10789000036003680193019B02B0704743090BD05A
:1078A000012B4FF6FF7318BF002300F01F0023FACF
:1078B00000F000F0010070474FF0FF33F5E70000E3
:1078C000054B4FF0FF32072843F8202084BFC01833
:1078D00080F85820704700BF3809002010B50446D2
:1078E0000068FFF7DBFF20B907494FF4F670FDF79A
:1078F000FFFD23681F2B83BF03F01F030348236092
:107900004FF0A04010BD00BFB7420100000300507F
:1079100013B5019001A80C46FFF7E0FF019B00EBB7
:107920008300D0F8003723F44033C0F80037D0F894
:10793000003743EA0443C0F8003702B010BD00002E
:10794000C208054900F0070001238340885C20EA53
:1079500003008854704700BF9C09002010B5184CE4
:1079600094F86A2052BBFF211046FFF797FF10B131
:10797000A31883F830100132302AF5D10021C8B2A3
:107980000131FFF79DFF0C29F9D1062200210D4896
:107990000BF04BFF0C4BC02283F8062340221A60E9
:1079A0004FF4BE70FFF76EFF084B4FF00042C3F874
:1079B0000423012384F86A30002010BD0820FCE76E
:1079C000380900209C09002000E100E00060004030
:1079D000034B93F86A00003818BF0120704700BFBE
:1079E0003809002073B504460D46FFF757FF20B94C
:1079F0003E4940F24910FDF77BFD3D4E96F86A3056
:107A0000012B04D039494FF4A570FDF771FD25B95C
:107A1000364940F24B10FDF76BFD331993F93020D6
:107A2000013260D1AA78002A51D0314B002253F89C
:107A3000041B013145D1331983F83020002346F867
:107A40002230920002F1804202F5C0422B78D2F837
:107A50001005697820F499101B04090520F4F850EA
:107A600001F4801103F44033C2F810050B432102E6
:107A7000D2F8100501F47C510B430343C2F81035D2
:107A80006D780194012D01A825D1FFF727FF019BF7
:107A90009D40C0F8085501A80194FFF71FFF019B06
:107AA00003F5E073032240F82320E308114A012084
:107AB000D15C04F0070400FA04F40C43D454002011
:107AC00003E00132082AB2D1042002B070BDFE22C8
:107AD00083F83020D4E7FFF701FF019A0123934098
:107AE000C0F80C35D7E70820EFE700BFFD560100CE
:107AF000380900209C09002037B50446FFF7CEFE68
:107B000020B91F4940F28110FDF7F2FC1D4D2B19E1
:107B100093F93030013304D119494FF4C170FDF7A6
:107B2000E7FC291991F83000072809D8FFF7C8FEAB
:107B300091F93030144A03F5A273002142F8231062
:107B40002B19FF2205EBD40583F8302095F864202B
:107B500004F0070101238B401A420FD001A80194C1
:107B6000FFF7BCFE019B03F5E073022240F82320DF
:107B7000204603B0BDE83040FFF7E2BE03B030BDA1
:107B8000FD560100380900200060004038B5054668
:107B9000FFF784FE20B9144940F2B310FDF7A8FCAA
:107BA000124C631993F93030013304D10E494FF46C
:107BB000DA70FDF79DFC631993F83030072B04D978
:107BC000094940F2B510FDF793FC2C4494F930308C
:107BD0009B0003F1804303F5C043D3F8102542F026
:107BE0000302C3F8102538BDFD56010038090020F6
:107BF00038B50546FFF752FE20B90C494FF4EC703A
:107C0000FDF776FC0A4C631993F83030072B04D942
:107C1000064940F2D910FDF76BFC2C4494F9300072
:107C20000C30800000F0FC0038BD00BFFD560100A4
:107C30003809002008B5FFF7DBFF00F1804000F5B0
:107C4000C04008BD38B50546FFF728FE20B90C49ED
:107C50004FF4F570FDF74CFC0A4C631993F8303083
:107C6000072B04D9064940F2EB10FDF741FC2C44E8
:107C700094F930001830800000F0FC0038BD00BFDF
:107C8000FD5601003809002008B5FFF7DBFF00F1C1
:107C9000804000F5C04008BD70B506460C46FFF7B1
:107CA000FDFD20B9174940F2FB10FDF721FC164DF0
:107CB000AB1993F93030013304D112494FF4FE70FF
:107CC000FDF716FCAB1993F83030072B04D90D499A
:107CD00040F2FD10FDF70CFC3544003C95F93030C6
:107CE0004FEA830303F1804303F5C04318BF012427
:107CF000D3F8101521F4801141EA0451C3F810158E
:107D000070BD00BFFD560100380900202DE9F04F7D
:107D1000002485B0CDE90244594D4FF48072012111
:107D200002F1804303F5C04390B21B68012B06D1DA
:107D3000D5F804330B4202D0FFF7A4FD0C43043204
:107D4000B2F5907F4FEA4101EAD14D4BD3F87C3137
:107D5000012B11D14FF4BE70FFF794FD4FF0A043FB
:107D600044F00044D3F820250292C3F82025D3F82C
:107D700020280392C3F82028E3B2D3B1414F002555
:107D80000126344210D0AB0003F1804303F5C04319
:107D9000D3F81005D3F8101557F8253023B1C1F3E7
:107DA0000141C0F3052098470135082D4FEA4606EA
:107DB000E7D1002C5CDA334D334C344E4FF00009E0
:107DC000012716F9013B5A1C3FD0C3F3C20204A994
:107DD0000A445FFA83FA12F8082C03F03F0803F014
:107DE000070307FA03F31A422FD001A8CDF8048045
:107DF000FFF774FD019B03F5E07350F82330C3F3E4
:107E0000014BBBF1020F0CBF032102214046FFF7DB
:107E10007FFD01A8CDF80480FFF760FD019B07FA04
:107E200003F3C0F8203505EB080393F9303055F81B
:107E3000233053B14FEA9A11032904D0BBF1020F4A
:107E400019D1012901D14046984709F10109B9F139
:107E5000040FB6D14FF0A043D3F820250292C3F807
:107E60002025D4F820350393C4F820351343A4D13A
:107E700005B0BDE8F08FBBF1030FE6D10229E1E7C1
:107E800000600040380900200003005098090020DD
:107E900000F1804382B01A68002A14BF012000203C
:107EA00004D000221A601B680193019B02B0704746
:107EB00010B5044618B911497020FDF719FB104A96
:107EC0001378C3B923784FF08041C3F34003C1F85E
:107ED0008035237803F00103C1F87835094B196820
:107EE000C90704D4C02183F80013012119600123BC
:107EF0001370002010BD8520FCE700BF5C57010017
:107F0000B009002000E100E010B5044618B90449AA
:107F1000ED20FDF7EDFA034B22681A6010BD00BF9B
:107F20005C570100AC0900204FF080434FF46072B1
:107F3000C3F8042370474FF080434FF46072C3F8D6
:107F400008237047014B00221A607047AC090020DB
:107F50004FF0804370B5D3F8044366070ED54FF455
:107F60008470FFF795FF48B1334D2B6823B933492F
:107F70004FF48B70FDF7BCFA2B689847A5060FD518
:107F80004FF48A70FFF784FF50B12D4D2B6823B951
:107F90002A4940F21F10FDF7ABFA2B6800209847E2
:107FA00060060FD54FF48C70FFF772FF50B1244D6F
:107FB0002B6823B921494FF49370FDF799FA2B6888
:107FC0000120984721060FD54FF48E70FFF760FF10
:107FD00050B11C4D2B6823B9184940F22F10FDF702
:107FE00087FA2B6800209847E2050FD54FF4907070
:107FF000FFF74EFF50B1134D2B6823B90F494FF4D3
:108000009B70FDF775FA2B6801209847A30511D5E1
:108010004FF49270FFF73CFF60B10A4C236823B91C
:10802000064940F23D10FDF763FA23680220BDE8DF
:108030007040184770BD00BFA40900205C570100C4
:10804000A8090020AC09002008B5FFF781FFBDE8B2
:108050000840FFF7EFBB000010B5054C23681BB9C3
:1080600004495120FDF744FA2368BDE81040184741
:10807000B4090020B357010038B50D4628B90C49A2
:108080007720FDF735FA002038BD0A4B9842FAD127
:108090000020FDF739F9084B1C7914B901221D6045
:1080A0001A710020FDF740F9002CECD01120EBE70D
:1080B000B357010000200040B409002018B9064958
:1080C0009B20FDF715BA054B984201BF044B0022D7
:1080D0001A601A71704700BFB357010000200040BA
:1080E000B4090020064AD2F800313BB1054B00200C
:1080F00058719968C2F800011A681047704700BFAC
:1081000000900240BC0900200023435082B0435835
:108110000193019B02B070470A4610B54FF48E716F
:10812000FFF7F2FF136A9168C95C136A01331362A7
:10813000C0F81C1510BD00000268530910B50446B4
:1081400018D0012B4FF6FF7318BF002302F01F0257
:10815000D340DB0704D409494FF4F670FDF7C8F9A2
:1081600023681F2B83BF03F01F03054823604FF0D4
:10817000A04010BD4FF0FF33E8E700BFB742010059
:108180000003005007B5019001A8FFF7D5FF019B40
:1081900003F5E073022240F8232003B05DF804FBEE
:1081A0008B690A4610B54FF4847123B9FFF7ACFF11
:1081B000D0F8183510BDFFF7A7FF536AD168D0F883
:1081C0001805C854536A01335362F3E71FB50123FE
:1081D0008DF80030044BCDE90110D3E90012684658
:1081E000904705B05DF804FBC809002030B54D4D3F
:1081F000D5F804339A0585B051D5D5F82431002B34
:108200004DD04FF492712846FFF77EFF4FF4017373
:10821000C5F80833444B93F829200AB901226A6053
:10822000404902228DF80020D1F88024C1F8802432
:1082300003929A690292DA6801920022C3E9062247
:108240006846D3E9001290473648D0F81C315BB13C
:10825000354A5169136A99424DD992F82830002B5A
:1082600049D11146FFF758FF2E48D0F84431002B72
:1082700056D04FF4A271FFF747FF2B4B93F82920FC
:108280000AB1012202609A69002A49D0586AD96865
:1082900000229A6105B0BDE83040FFF797BFD5F8DE
:1082A00004335B07D0D5D5F80831002BCCD01E4C59
:1082B0001C482146FFF774FF636AA2699A42C3D142
:1082C000E369E1684BB1A3612369E3600023606A5D
:1082D000E3616362FFF77AFFB6E794F829300BB9E0
:1082E00001236B600F4B4FF40172C3F80823002386
:1082F000606AA361EEE70B484FF48E71FFF704FF4D
:108300005369002BB0D051690291002391688DF818
:108310000030019153616846D2E900139847A3E702
:1083200005B030BD00200040C80900202DE9F3470A
:10833000054691460C4619B96A49AA20FDF7D8F8B6
:1083400095F80480684E2C2303FB086393F82A30C9
:10835000002B40F0C38065492868FFF78DFE074673
:10836000002840F0BD8023685A1C13D001A8019357
:10837000FFF7E2FE019A01239340C0F80835236815
:10838000019301A8FFF7D8FE019B03F5E0730322D8
:1083900040F823206368581C09D001A80193FFF717
:1083A000CBFE019B03F5E073002240F823202B68ED
:1083B000A269C3F82425217D627D0A43C3F86C2598
:1083C000D4E900020129C3F81425C3F80C052AD109
:1083D000A368591C09D001A80193FFF7ADFE019BCA
:1083E00003F5E073002240F82320E3685A1C13D001
:1083F00001A80193FFF7A0FE019A01239340C0F862
:108400000835E368019301A8FFF796FE019B03F589
:10841000E073032240F82320D4E902212B68C3F83B
:108420000815C3F810252C2303FB08F3F218C2F833
:1084300004902269F250B9F1000F3BD0286894F8FB
:108440001C902B4A4FF48E71FFF75EFE28684FF4A4
:10845000A271FFF759FE2C68B9F1070FC4F8042385
:108460004FEA143A44F3073403D922496B20FDF74D
:108470003FF8002CAEBF04F160431F4B0AF00F0A17
:108480004FEA4919A8BF03F561435FFA89F9B4BF00
:1084900003F80A9083F800932B681A0B43F3073311
:1084A000002B07DB02F01F0101228A405B09134900
:1084B00041F823202B680422C3F800252C2303FB5A
:1084C00008630022C3E9062283F829205A610122A9
:1084D00083F82A20384602B0BDE8F0870827F9E77C
:1084E0001127F7E710580100C8090020ED810000AE
:1084F000800002006658010014ED00E000E100E099
:108500002DE9F84303680679294D0022C3F80025B8
:108510002C2202FB065204465268A2B1254AC3F837
:1085200008231A0B43F30733002B0CDB02F01F0167
:108530005B0901228A4020331F4941F82320BFF301
:108540004F8FBFF36F8F2368D3F80C05D3F81495C2
:10855000D3F80875D3F810854FF0FF329042C3F876
:108560001425C3F80C25C3F80825C3F8102501D03D
:10857000FFF708FEB9F1FF3F02D04846FFF702FEC1
:10858000B8F1FF3F02D04046FFF7FCFD7B1C02D054
:108590003846FFF7F7FD2068FFF790FD2C2303FB1B
:1085A0000655002385F82A306B60BDE8F88300BFCC
:1085B000C80900208402020000E100E00279044BB7
:1085C0002C2101FB02335869003818BF0120704785
:1085D000C80900202DE9F84F334F90F804802C2370
:1085E00003FB0873064693F82A30012B894692460E
:1085F00004D02E494FF48C70FCF77AFFB9F1000FCC
:1086000004D12A4940F21910FCF772FFBAF1000FA9
:1086100004D126494FF48D70FCF76AFF3046FFF70E
:10862000CDFF044600283BD12C2508FB057B4FF4E9
:108630008E71CBF814A0CBF80890CBF820008BF803
:1086400028003068FFF760FD3068012383605946D9
:10865000FFF762FDDBF804305D461BBB3068DBF8DA
:1086600014402B6A9C4211D83368D3F81C21002A8D
:10867000FBD00122DA6000202C2303FB08770023C3
:108680007B61BDE8F88F95F828303BB9D0F81C31F4
:10869000002BF8D05946FFF73FFDE2E70F20EBE74C
:1086A0001120EEE72046ECE7C80900201058010031
:1086B0000023435082B043580193019B02B070479E
:1086C0000268530910B5044618D0012B4FF6FF730A
:1086D00018BF002302F01F02D340DB0704D409496E
:1086E0004FF4F670FCF704FF23681F2B83BF03F0E1
:1086F0001F03054823604FF0A04010BD4FF0FF332B
:10870000E8E700BFB74201000003005007B5019041
:1087100001A8FFF7D5FF019B03F5E073022240F8A3
:10872000232003B05DF804FB1FB501238DF8003052
:10873000044BCDE90110D3E900126846904705B01B
:108740005DF804FBF40900207FB5434AD2F82461A8
:10875000002E60D010464FF49271FFF7A9FF02235C
:108760008DF80030D2F88034C2F880340393D2F808
:108770003C350293394BDA6801920022C3E90622A4
:108780006846D3E9001290473348D0F8443173B1BA
:108790004FF4A271FFF78CFF304B9A693AB1002277
:1087A000C3E90622D968D0F83C05FFF7BDFF2A4887
:1087B000D0F82031ABB14FF49071FFF779FF01236E
:1087C000C360264B5A6962B1D0F84C150291002261
:1087D00099688DF8002001915A616846D3E900122A
:1087E00090471D48D0F858319BB14FF4AC71FFF75A
:1087F0005FFF1A4B5A6962B1D0F84C150291002202
:1088000099688DF8002001915A616846D3E90012F9
:10881000904704B070BDD2F81031002BB4D04FF4A3
:1088200088711046FFF744FF0C4BD2F83C0599695C
:108830008842A9D1DC69D96864B1D2F8005225F028
:108840002005C2F800521A699C61DA60DE61FFF708
:108850006BFF99E79C61FAE700200040F4090020D3
:108860002DE9F347054691460C4619B97149CF20C9
:10887000FCF73EFE95F804806F4E242303FB08634B
:1088800093F82030002B40F0D0806C492868FFF727
:10889000F3FB0746002840F0CA8023685A1C13D017
:1088A00001A80193FFF70CFF019A01239340C0F840
:1088B00008352368019301A8FFF702FF019B03F528
:1088C000E073032240F823206368581C09D001A8F4
:1088D0000193FFF7F5FE019B03F5E073002240F8DA
:1088E00023202B68A269C3F82425217D627D0A43D9
:1088F000C3F86C25D4E900200129C3F80C25C3F87E
:1089000014052AD1A368591C09D001A80193FFF7C7
:10891000D7FE019B03F5E073002240F82320E368B3
:108920005A1C13D001A80193FFF7CAFE019A012334
:108930009340C0F80835E368019301A8FFF7C0FE33
:10894000019B03F5E073032240F82320D4E90221C0
:108950002B68C3F80815C3F81025242303FB08F37C
:10896000F218C2F804902269F250B9F1000F4AD00F
:10897000286894F81C90324A4FF48871FFF798FEEB
:1089800028684FF49071FFF793FE28684FF49271B6
:10899000FFF78EFE28684FF4A271FFF789FE286862
:1089A0004FF4AC71FFF784FE2C68B9F1070FC4F8DF
:1089B00004234FEA143A44F3073403D921496B20C6
:1089C000FCF796FD002CAEBF04F160431E4B0AF08D
:1089D0000F0A4FEA4919A8BF03F561435FFA89F905
:1089E000B4BF03F80A9083F800932B681A0B43F383
:1089F0000733002B07DB02F01F0101228A405B09CD
:108A0000124941F823202B680822C3F800252423AB
:108A100003FB08660023C6E906337361012386F869
:108A20002030384602B0BDE8F0870827F9E7112763
:108A3000F7E700BF8F580100F409002049870000C4
:108A4000100342006658010014ED00E000E100E070
:108A50002DE9F8433D4D06790468242303FB0653B2
:108A600002465B68ABB13A4BC4F8083344F30733B2
:108A7000002B4FEA14310CDB01F01F005B090121D0
:108A800081402033334840F82310BFF34F8FBFF3AA
:108A90006F8FD4F8003223F02003C4F8003224236F
:108AA00003FB06539B6933B14FF4A2712046FFF7D5
:108AB000FFFD012363604FF4AC712046FFF7F8FD22
:108AC0000123E360242303FB0653D4F85811002943
:108AD000FBD0996919B1D4F844110029F5D00023CD
:108AE000C4F800351368D3F80C05D3F81495D3F8FF
:108AF0000875D3F810854FF0FF329042C3F80C256B
:108B0000C3F81425C3F80825C3F8102501D0FFF7D2
:108B1000FDFDB9F1FF3F02D04846FFF7F7FDB8F180
:108B2000FF3F02D04046FFF7F1FD7B1C02D03846E4
:108B3000FFF7ECFD2046FFF7C1FA242303FB06559F
:108B4000002385F820306B60BDE8F883F40900202D
:108B50001003420000E100E00279044B242101FBF4
:108B600002335869003818BF01207047F40900200B
:108B70002DE9F047384F90F80490242303FB097344
:108B8000054693F82030012B8846924604D033499D
:108B900040F25310FCF7ACFCB8F1000F04D12F49A0
:108BA0004FF4AA70FCF7A4FCBAF1000F04D12B49D2
:108BB00040F25510FCF79CFC2B7913B9BAF5803FB5
:108BC00004D326494FF4AB70FCF792FC08F06043E5
:108BD000B3F1005F39D12846FFF7BEFF04460028F5
:108BE00035D1242606FB09762868C6F814A04FF470
:108BF0009071C6F80880FFF75BFD4FF4AC712868F0
:108C0000FFF756FD2B687269B168C3F84415C3F8C5
:108C1000482501229A607268DAB9D3F82021D3F886
:108C200058011AB90028F8D00F2007E00028FBD11E
:108C30000122DA60D3F85821002AFBD0242303FB59
:108C4000097700237B61BDE8F0871020FBE7112046
:108C5000F9E72046F7E700BFF40900208F5801002C
:108C60004FF08053D3F83001A0F108035842584127
:108C7000704700004FF08053D3F83021082A06D106
:108C8000D3F83431052B04D8034AD05C7047002058
:108C900070470120704700BF6A59010008B5FFF70F
:108CA000DFFF18B1034B0022C3F81C2C024B00223B
:108CB0001A7008BD00700240190A002007B5094A61
:108CC00000231370084AADF8053013708DF8073093
:108CD00001238DF80430054B01A81B68984703B0A9
:108CE0005DF804FB180A0020200C00201C0C00205A
:108CF000704700009A422DE9E84107460E4690462B
:108D00001D4604D213494FF4E970FCF7F1FB3368B8
:108D10004BB103F06043B3F1005F04D00D4940F262
:108D2000D310FCF7E5FB70683368854297BFC7E94D
:108D300000350022401B5B198EBFC7E9003270600E
:108D40003360A84504D1003818BF0120BDE8E88190
:108D50000020FBE7EC5801000B6803F06043B3F11F
:108D6000005F70B506460C46154604D00A4940F22D
:108D7000F910FCF7BDFB606821682368854228BFB5
:108D80000546401BC6E900155A196060003822608C
:108D900018BF012070BD00BFEC5801000B6803F044
:108DA0006043B3F1005F70B506460D46144604D02B
:108DB0000C4940F21A20FCF79BFB69682A688C4238
:108DC00028BF0C46002C14BF10460020A1EB040164
:108DD0002244C6E9000469602A6014BF0120002013
:108DE00070BD00BFEC58010038B500F00F05082D2C
:108DF000044604D9074940F2A220FCF779FB064B50
:108E000014F0800FA3F1900018BF184600EB051076
:108E100038BD00BFEC5801008C0B002038B500F0C5
:108E20000F05082D044604D9054940F2B520FCF78A
:108E30005FFB14F0800F14BF00201020284438BDC1
:108E4000EC58010038B500F00F05082D044604D990
:108E500006494FF4B970FCF74BFB054A054B14F07B
:108E6000800F08BF134633F8150038BDEC580100D9
:108E7000965901007A590100294B37B5D3F80044BF
:108E8000C3F80044BFF36F8FBFF34F8FBFF36F8FF3
:108E9000BFF34F8FE1050ED5224B01221A7000233C
:108EA000ADF805308DF8073002238DF804301E4BE5
:108EB00001A81B689847A2050DD51A4A0023137014
:108EC000ADF805308DF8073003238DF80430164BCC
:108ED00001A81B689847630520D5124D2B78EBB18C
:108EE0000F4CD4F82C3523B1104940F2F540FCF773
:108EF000FFFA012200232B70C4F80825A265BFF3F6
:108F00006F8FBFF34F8FADF805308DF80730042316
:108F10008DF80430044B01A81B68984703B030BD9E
:108F200000700240180A00201C0C0020EC580100C0
:108F300038B500F00F05082D044604D9084940F261
:108F4000B740FCF7D5FA074B14F0800F14BFD3F8E5
:108F50001005D3F81405E84000F0010038BD00BF4B
:108F6000425901000070024038B500F00F05082D8D
:108F7000044604D9074940F29B10FCF7B9FA064AA7
:108F8000064B14F0800F08BF134601205B5D98402C
:108F900038BD00BFEC5801008C5901007059010028
:108FA000F8B50B6803F06043B3F1005F06460C466A
:108FB000174604D110494FF40E70FCF799FA656812
:108FC000BD4228BF3D46402D04D90B4940F2422006
:108FD000FCF78EFA094F21682A4638460AF0FCFB56
:108FE00060682368401BC6E900752B446060003848
:108FF000236018BF0120F8BDEC580100240C0020AC
:10900000F8B50B6803F06043B3F1005F06460D4608
:10901000174604D1124940F25B20FCF769FA6C68EC
:10902000BC4228BF3C46402C16D90D4940F2652071
:10903000FCF75EFA0B4F2968224638460AF0CCFB53
:1090400037606B6874601B1B6B602B68201E2344A9
:109050002B6018BF0120F8BD002CEBD13460F0E785
:10906000EC580100240C002008B50020FCF74CF956
:109070000A4BD3F8001C032261B949F27531C3F8D9
:10908000001CC3F8142DC3F8001CBDE808400020E4
:10909000FCF74AB9C3F8142DF7E700BF00E006401B
:1090A00008B50020FCF730F90A4BD3F8001C61B971
:1090B00049F27532C3F8002CC3F8141DC3F8002C14
:1090C000BDE808400020FCF72FB90022C3F8142D9A
:1090D000F6E700BF00E0064000F00F03082B10B5D4
:1090E000044604D9034940F28520FCF701FA2046E2
:1090F00010BD00BFEC580100010610B5044604D4B1
:10910000144940F2B630FCF7F3F9220704D51149AF
:1091100040F2B730FCF7ECF9230704D10D494FF4C6
:109120006E70FCF7E5F9FFF7B9FD2046FFF75CFE2E
:10913000837B032B0AD12046FFF770FE012181407B
:10914000BDE810400448C943FEF7D6BA0368002BB7
:10915000F1D010BDEC580100880A00208720FFF7ED
:10916000CBBF8620FFF7C8BF8520FFF7C5BF84208F
:10917000FFF7C2BF8320FFF7BFBF8220FFF7BCBF4E
:109180008120FFF7B9BF000008B5FFF787FD084B46
:1091900093F89E20032A06D1BDE8084005486FF0E9
:1091A0000101FEF7A9BAD3F89030002BF4D008BD26
:1091B000FC0A0020880A0020012273B502FA01F59A
:1091C0001D491E4E0B6810F0800F43EA050304464C
:1091D0000B6025D0FFF736FE00F1804000F51C3013
:1091E000036853B100230360BFF36F8FBFF34F8F4A
:1091F000802C12D02046FFF77FFF316829400AD12A
:1092000006238DF804308DF806408DF807100C4BBE
:1092100001A81B68984702B070BDFFF7B5FFECE7E7
:1092200033681D42F7D106238DF804308DF806000F
:109230008DF80720EBE700BFF80A0020880A00201D
:109240001C0C002010B5054B1C782046FFF7E6FDEE
:1092500001462046BDE81040FFF7AEBF200C0020BD
:10926000FFF792BF07B500238DF804300B4BD3F8FE
:109270002025ADF80620D3F8C034094A002B136826
:109280000CBF4FF480714FF001210B431360054B6D
:1092900001A81B68984703B05DF804FB007002400A
:1092A000F80A00201C0C002007B5FFF7F7FC0D4B57
:1092B00093F88E20032A11D0D3F8803073B90A486E
:1092C0006FF08071FEF718FA06238DF8043008233A
:1092D000ADF80630054B01A81B68984703B05DF850
:1092E00004FB00BFFC0A0020880A00201C0C0020A0
:1092F00007B5FFF7D3FC114B93F81E21032A07D1C2
:109300000F486FF4807103B05DF804EBFEF7F4B919
:10931000D3F8103173B90A486FF48071FEF7ECF995
:1093200006238DF804308823ADF80630054B01A8DC
:109330001B68984703B05DF804FB00BFFC0A0020DF
:10934000880A00201C0C002010B5074C2378012B44
:1093500004D0064940F2AA60FCF7CAF8044A002388
:109360001360237010BD00BF1A0A0020EC580100E2
:109370001C0C002010B5494C2378012B04D048491F
:1093800040F2B360FCF7B4F8464B4FF40062C3F808
:109390000024BFF36F8FBFF34F8FFFF76BFC08B153
:1093A000FFF762FEFFF75CFC98B10020FBF7ACFF13
:1093B0003D4BD3F8001CC022002966D149F275311B
:1093C000C3F8001CC3F8142CC3F8001C0020FBF7E2
:1093D000ABFF344B0122C3F80025BFF36F8FBFF3FF
:1093E0004F8FD3F800241205FBD54FF40062C3F869
:1093F0000024BFF36F8FBFF34F8FFFF731FC90B1A5
:109400000020FBF781FF284BD3F8001C00293FD137
:1094100049F27532C3F8002CC3F8141CC3F8002CB1
:109420000020FBF781FFFFF725FC30B1FFF738FE86
:10943000FFF720FC08B1FFF717FEFFF711FC194BEF
:1094400050B140F2E372C3F800284022C3F8042868
:10945000BFF36F8FBFF34F8F00218022C3F81C250D
:10946000C3F83015114B40F2FF121A60104B19600F
:10947000FFF714FC0F4B197002232370FFF7FAFB60
:1094800050B1BDE81040FFF70BBEC3F8142C9DE7A8
:109490000022C3F8142CC3E710BD00BF1A0A002035
:1094A000EC5801000070024000E00640F80A00207D
:1094B000880A0020200C002010B5114B1B78022BCD
:1094C000044604D00F4940F20770FCF711F80E4B28
:1094D00000221A700D4A0E4B002C18BF13460D4A7D
:1094E000C2F804330C4BC02183F827138021596044
:1094F0000123C2F80435BFF36F8FBFF34F8F10BD48
:109500001A0A0020EC580100180A00200714E00194
:109510000714C0010070024000E100E0024B18781F
:10952000003818BF012070471A0A0020034B187832
:10953000012894BF00200120704700BF1A0A0020B4
:10954000044B1B78012B83BF034B5868C0F3C0103A
:10955000002070471A0A002000E100E010B500204A
:10956000FBF7D2FE134B1B7803F0FF04BBB1124A8A
:10957000D2F82C35DBB10023C2F82C35FFF770FB95
:1095800068B10E4BD3F8001CC02269B949F275319D
:10959000C3F8001CC3F8142CC3F8001C04460020B8
:1095A000FBF7C2FE204610BDC3F8142CF6E71C469C
:1095B000F5E700BF180A00200070024000E00640F6
:1095C000024B034AC3F80823704700BF00700240F3
:1095D00004148001024B034AC3F80423704700BF00
:1095E0000070024004148001014B00221A70704781
:1095F000180A0020CB0770B505460C4600F0080697
:1096000007D5124940F29F70FBF772FF26B9402C34
:109610000DE00029FAD17EB10D4BD3F81C35DBB239
:10962000802B0CBF4FF400734FF480639C4208D929
:10963000064940F2A37002E0044940F2A170FBF732
:1096400057FF2846FFF7D0FB848170BDEC5801001E
:109650000070024073B5054620B91F4940F285608D
:10966000FBF746FF1D4B1C78002C33D11C4A1560BC
:1096700001221A702546264615F0080F65F07F0076
:10968000C0B20CBF40214FF400710190FFF7B2FF50
:109690000198FFF7A9FB0135092D867306608660E6
:1096A000EAD1402100252046FFF7A4FF2046FFF71E
:1096B0009BFB0134E4B2092C85730560856002D1FF
:1096C000002002B070BD14F0080F14BF4FF40071F9
:1096D0004021E8E70820F4E7EC5801001A0A0020CE
:1096E0001C0C002008B5FFF77FFB808908BD08B57A
:1096F000FFF7F2FCBDE80840FFF71ABC2DE9F04780
:1097000081460F46FFF78AFB804627B9344940F26D
:10971000EE70FBF7EDFE0020FBF7F6FD19F00F06EB
:1097200003D1304B1B784B4555D12F4BDFF8DCA0D4
:109730001C68DAF80030E4430120A4B200FA08F80B
:109740001C4314EA080448D14846FFF74DFB0C239C
:1097500019F0800F054603FB06F62CD0234B3A6820
:109760001E4402F06042BB68B2F1005F03F00103E7
:109770001CD1CBB91E4B2B6097E80700002386E86D
:109780000700AB60AB73DAF800306E6043EA0803A1
:10979000CAF80030174B8022C3F804210020FBF7E1
:1097A000C3FD2046BDE8F087134BE4E70BB9134B2C
:1097B000E1E7134BDFE7134B1E443B684BB103F06B
:1097C0006043B3F1005F04D0054940F64800FBF761
:1097D0008FFE0D4BCFE71024E0E71124DEE700BF3A
:1097E000EC580100200C0020F80A00208C0A002010
:1097F000598D000000E100E09D8D0000A18F000068
:10980000019000001C0A0020F58C0000880A00204E
:109810002DE9F04107460D46FFF700FB064625B946
:109820001B4940F65E00FBF763FE0020FBF76CFD72
:109830003B0703D1174B1B78BB4225D1164BDFF8F2
:1098400060801C68D8F80030E4430120A4B200FA1C
:1098500006F61C43344019D13846FFF7C5FA2B6889
:1098600003606B684360D8F8003084603343C8F805
:1098700000300A4B84738022C3F804210020FBF7D8
:1098800053FD2046BDE8F0811024F7E71124F5E7E9
:10989000EC580100200C0020F80A002000E100E054
:1098A000880A002000487047240C002038B50D4677
:1098B000FFF79AFA04460020FBF726FDA3682B6009
:1098C00023682BB9A47B0020FBF72EFD204638BD72
:1098D0000424F8E738B5FFF7FFFB00F00F05082D6B
:1098E000044604D90D4940F25F40FBF701FE230610
:1098F00004D50A494FF48C60FBF7FAFD14F0080F09
:10990000074B06D0D3F8C00410F4803F18BF0020E6
:1099100038BD05F5947553F82500F9E74259010063
:10992000007002402DE9F04FDFF8CC9199F800303B
:1099300087B0002B7AD1DFF8C4816B4FD8F8004094
:109940003B681C4072D014F0012372D093FAA3F448
:10995000002C71D0B4FA84F40F2C6FD9A4F1100547
:10996000EDB22846FFF740FA0368824623B95F4903
:1099700040F26150FBF7BCFD01236EB203FA04F420
:10998000E343002E00935CDADAF80030BAF80C20DA
:10999000DAF8041004A8984708B9CAF80000FFF7DD
:1099A0005FF918B1524B8222C3F81C2C0123009C92
:1099B00089F800303B68059A04991C40DAF80830B1
:1099C0003C601344002ECAF8083005F00800484BEC
:1099D00005F00F0475DA00286BD0C3F8A016C3F8A1
:1099E000A426082C7ED9414940F29220FBF780FD45
:1099F000002EB4BF0423282303EB840303F1804328
:109A000003F51C3301221A60BFF36F8FBFF34F8F32
:109A1000374C2846FFF716FA00F1804000F51C305D
:109A200003681BB9D4F80031002BF2D007B0BDE8B1
:109A3000F08F94FAA4F48BE720248FE744F080059C
:109A40008FE72846FFF746FFBAF80C20DAF8041033
:109A500001900346DAF8004004A8A047DDE90412AB
:109A6000019B834659B922B1204940F27D50FBF752
:109A70003FFDBBF1000F92D1CAF800B08FE79342CF
:109A800012D9022600998AF80E604046FDF734FE8E
:109A900006238DF80C30174B8DF80E501B688DF88F
:109AA0000F6003A8984749E7E3D0104940F28C5073
:109AB000DDE7142000FB0433C3F80016C3F80426C6
:109AC0008FE738B1C3F8A017C3F8A427082C8AD8A9
:109AD000282391E7142000FB0433C3F80017C3F8D0
:109AE0000427F3E7042387E7F80A0020EC58010075
:109AF000007002401C0C0020190A0020880A002077
:109B000038B5134BD3F86C44C3F86C44BFF36F8F74
:109B1000BFF34F8F01251CB9BDE83840FFF702BFE6
:109B200094FAA4F171B1B1FA81F30F2B19460BDD50
:109B3000A1F11000C0B205FA01F324EA0304FFF713
:109B40003BFBE8E72021F3E743F08000F3E700BFA9
:109B50000070024037B50446FFF7A0F82046FFF733
:109B600043F9837B032B0DD12046FFF757F90121E1
:109B70008140C9430F48FDF7BFFD03B0BDE8304049
:109B8000FFF7D0BE0568002DF7D12046FFF746F954
:109B900001218140C9430748FDF7AEFD06238DF83A
:109BA0000430054B8DF806401B688DF8075001A85E
:109BB0009847E2E7880A00201C0C00200720FFF7E6
:109BC000C9BF0620FFF7C6BF0520FFF7C3BF0420AB
:109BD000FFF7C0BF0320FFF7BDBF0220FFF7BABFEA
:109BE0000120FFF7B7BF000010B5FFF775FA0307B4
:109BF000044604D507494FF49E60FBF779FC064BF9
:109C000044F48074C3F81845BFF36F8FBFF34F8FD0
:109C100010BD00BF425901000070024008B5FFF7B7
:109C20005BFA020713D400F00F0310F0800F094A0B
:109C30000BBF03F5887303F5847302EB830352F8BB
:109C4000230008BF5868431E5842584108BD0020F1
:109C5000FCE700BF0070024000F00F03082B10B5B6
:109C6000044604D90C4940F2A340FBF741FC23070A
:109C700004D5094940F2A440FBF73AFC074BC3F86E
:109C80000C45BFF34F8F44F48074C3F80C45BFF309
:109C90006F8FBFF34F8F10BD42590100007002401B
:109CA00010B508220021044609F0BFFD0E4BD3F881
:109CB00080242270D3F884246270D3F88824D3F8E7
:109CC0008C1442EA01226280D3F89024D3F89414D1
:109CD00042EA0122A280D3F89824D3F89C3442EAC5
:109CE0000323E38010BD00BF00700240034B01223C
:109CF000DA64BFF36F8FBFF34F8F7047007002407D
:109D000013B5FEF7CBFF114B9A7B032A07D11048FE
:109D10006FF4803102B0BDE81040FDF7EDBC1C6867
:109D20007CB96FF480310A48FDF7E6FC06238DF814
:109D30000430084BADF806401B6801A8984702B0F4
:109D400010BD02B0BDE81040FFF7D0BFFC0A0020F4
:109D5000880A00201C0C0020034B01221A65BFF367
:109D60006F8FBFF34F8F704700700240034B01228B
:109D70005A65BFF36F8FBFF34F8F7047007002407B
:109D8000014B1878704700BF200C002038B545B251
:109D9000002D044604DA164940F6DF00FBF7A8FB65
:109DA0000020FBF7B1FA2046FFF738F811490122ED
:109DB0000B6802FA00F023EA00030B60230712D4B9
:109DC000002D04DA0C4940F28340FBF791FB04F0CC
:109DD0000F040A4B04F59474002243F82420BFF3C7
:109DE0006F8FBFF34F8FBDE838400020FBF79CBA60
:109DF000EC580100F80A00204259010000700240AE
:109E00002DE9F74304460020FBF77EFA2046FEF7D3
:109E1000EBFF14F0800F434E05462BD130686FEAFC
:109E200000082046FEF7FAFF012707FA00F010EAC3
:109E300008000AD02046FFF7A9FF0323AB730020D8
:109E400003B0BDE8F043FBF76FBA28602046FEF789
:109E5000E5FF336807FA00F023EA00032046336089
:109E6000FEF7DCFF304B07FA00F01F6827EA000717
:109E70001F60E2E7230715D4802C2C4B45D004F05B
:109E80000F0202F2DA325200C3F80028D3F8042895
:109E9000D3F80418D2B242F002020A43C3F80428ED
:109EA000D3F80438DFF880803368D8F800202046E3
:109EB00063EA0209FEF7B2FF012707FA00F010EA91
:109EC000090FBCD02046FEF7A9FF336807FA00F05F
:109ED00023EA000320463360FEF7A0FF00232B6037
:109EE000032307FA00F0AB73D8F800708DF8073041
:109EF0000F4B8DF80640062207431B688DF804209F
:109F000001A8C8F80070984799E740F2B472C3F806
:109F10000028D3F80428D3F80418D2B242F004027F
:109F2000BBE700BF880A0020F80A0020007002404A
:109F30001C0C0020FFF764BFF7B5184B184DD3F881
:109F400080742B68174EDC43174B30781B68A4B223
:109F50001C43FEF763FF012303FA00F0204202D006
:109F60003078FFF74DFF6FF0011107F080070E48C2
:109F70003770FDF7C1FB2B6843F001032B60002312
:109F8000ADF805308DF8073005238DF80430074B08
:109F900001A81B68984703B0F0BD00BF00700240E5
:109FA000F80A0020200C0020880A00201C0C002049
:109FB0001C4BD3F8041300232DE9F04101241D4666
:109FC00071B9194F03F4000623F400044FF001089F
:109FD000D4B9FFF7A7FC1EB3BDE8F041FFF7ACBF53
:109FE00091FAA1F21148B2FA82F29600304404FAD2
:109FF00002F206682EB10560BFF36F8FBFF34F8F7B
:10A00000134321EA0201DBE794FAA4F5B5FA85F5DA
:10A0100057F8253008FA05F5984724EA0504D7E7EC
:10A02000BDE8F08100700240A859010000710240B3
:10A03000F8B5134E134B34681B68240C24041C43DE
:10A0400001271CB940F2FF133360F8BD94FAA4F560
:10A0500085B1B5FA85F30F2B1D460DDDA5F1100076
:10A06000C0B2030701D4FFF7CBFE07FA05F524EAD7
:10A070000504E6E72025F1E743F08000F1E700BFA3
:10A08000F80A0020880A002038B5124B1B78022BF2
:10A0900004D0114940F22670FBF72AFA0F4C8025B4
:10A0A000C4F8845163681B0613D5FFF7C1FF0C4B3E
:10A0B0000022C3F80425BFF36F8FBFF34F8FC4F89E
:10A0C0008450BFF34F8FBFF36F8F4FF0FF32C3F851
:10A0D000082338BD1A0A0020EC58010000E100E016
:10A0E0000070024010B50D4C237823B90C4940F2A2
:10A0F000F260FBF7FDF9FFF7C7FF0A4BD3F8042323
:10A10000C3F808230022C3F80025BFF36F8FBFF305
:10A110004F8FFEF7C3FD0123237010BD1A0A0020E4
:10A12000EC5801000070024010B50020FBF7ECF87D
:10A130000E4B1B7803F0FF042BB900240020FBF723
:10A14000F3F8204610BDFFF773FF094AD2F8003438
:10A1500013F40073F1D10121C2F82C15D2F80014C8
:10A16000890544BFC2F82C351C46E7E7180A0020D1
:10A170000070024070B50446FFF742FE2046FEF72D
:10A18000ABFF00F00F06082E054604D9124940F235
:10A19000D740FBF7ADF9114A15F0800F4FF00103DE
:10A1A00014BFD2F81015D2F8141503FA06F36FEAAB
:10A1B000030315BF0B400B40C2F81035C2F814352D
:10A1C000BFF36F8FBFF34F8F2046FEF7CDFE034BDB
:10A1D000C3F8080370BD00BF42590100007002407F
:10A1E00070B50446FEF7C0FE244BC3F804032046B6
:10A1F000FEF79EFE002840D12046FEF76DFF00F0DE
:10A200000F06082E054604D91D4940F2C640FBF74B
:10A210006FF91A4B15F0800F14BFD3F81015D3F84F
:10A2200014154FF0010202FA06F215BF0A430A4361
:10A23000C3F81025C3F81425BFF36F8FBFF34F8FFA
:10A2400022071AD0230618D414F0080515D1284681
:10A25000FBF75AF82046FFF799FD2046FEF7DEFD92
:10A26000084901220B6802FA00F023EA000328469D
:10A27000BDE870400B60FBF757B870BD007002403E
:10A2800042590100880A0020020610B5044605D490
:10A29000FFF7C4FC10B12046FFF778FD2046FEF71B
:10A2A0001BFF0307044604D506494FF49F60FBF7E4
:10A2B0001FF9054BC3F81845BFF36F8FBFF34F8FDE
:10A2C00010BD00BF42590100007002402DE9F84F57
:10A2D000134DDFF8508007464FF0000A04264FF078
:10A2E00001095FFA8AFB002009FA0BF4FBF70CF86E
:10A2F0002C420AD0D8F8003014EA030201BF2343ED
:10A30000C8F8003087F800B016460020FBF70CF8BC
:10A310001EB1A5430AF1010AE3D13046BDE8F88F2A
:10A32000FFFF0F00640C0020012310B503FA00F4B6
:10A33000C4F313037BB1094B0020C3F80845FAF7B7
:10A34000E3FF074B186820EA040018600020FAF7C2
:10A35000EBFF002010BD0720FCE700BF00F001402C
:10A36000640C002010B5A1B19AB101238340C3F35E
:10A37000130484B10A4C246823420ED0C00000F1BB
:10A38000804000F5F830C0F81015C0F81425002002
:10A3900010BD0E20FCE70720FAE70820F8E700BF11
:10A3A000640C0020012303FA00F0C0F313031BB177
:10A3B000054B1B68184204D0044BC3F80405002069
:10A3C00070470820704700BF640C002000F0014077
:10A3D000012303FA00F0C0F313031BB1054B1B6804
:10A3E000184204D0044BC3F8080500207047082029
:10A3F000704700BF640C002000F001402DE9F743D6
:10A40000002406460F4600F5A0754FF48038A1469B
:10A410002B688BB1D6F8043308FA04F21A420BD039
:10A42000C5F800902B680193019BA30003F5A0736E
:10A4300098B2D7E9003198470134042C05F104059E
:10A44000E6D103B0BDE8F0832DE9F347064607796E
:10A4500014460D4619B94E494A20FBF749F81CB974
:10A460004B494B20FBF744F8DFF838810C2303FB02
:10A4700007831B7A002B40F089803368454A93425A
:10A480000FD002F5805293420BD002F580529342D6
:10A4900007D002F58032934203D002F580529342F6
:10A4A00002D1AB78032B03D939495F20FBF720F8A1
:10A4B0000C237B4308EB030248F803406B685360AE
:10A4C0007079336800221446D1B2884255D895F885
:10A4D0000390B9F1070F4FEA133A43F3073403D956
:10A4E0002D496B20FBF704F8002CAEBF04F160434C
:10A4F0002A4B0AF00F0A4FEA4919A8BF03F5614336
:10A500005FFA89F9B4BF03F80A9083F800933368BF
:10A510001A0B43F30733002B07DB02F01F01012264
:10A520008A405B091E4941F8232033686A78D3F8D2
:10A53000041502F0030221F003010A43C3F80425C5
:10A54000D3F80815AA7821F0030102F003020A43A8
:10A55000C3F80825D3F810152A7821F00F0102F06E
:10A560000F020A43C3F810250C2303FB07870123BE
:10A570003B72002002B0BDE8F087910001F5A071A8
:10A5800001325C505958019101999DE70820F1E78B
:10A59000105A0100008000406658010014ED00E0F0
:10A5A00000E100E0680C002038B50B4D03790C2267
:10A5B00002FB035304461B7A012B03D007498F206B
:10A5C000FAF796FF236801221A6023790C2202FB16
:10A5D000035502232B7238BD680C0020105A01006D
:10A5E00038B50A4D03790C2202FB035304461B7A4B
:10A5F0001BB907499720FAF77BFF226801231361F3
:10A6000022790C2101FB02552B7238BD680C002009
:10A61000105A010038B503681A0B43F30733002BB7
:10A6200004460CDB02F01F015B0901228A40203343
:10A630000D4941F82320BFF34F8FBFF36F8F23687D
:10A640000025D3F80022C3F800524FF0FF32C3F8C0
:10A6500008232046FFF7C4FF2279044B0C2101FB9D
:10A6600002331D7238BD00BF00E100E0680C00201D
:10A6700010B5084B02790C2101FB023304461B7A0A
:10A680001BB90549B320FAF733FF23680122DA60CA
:10A6900010BD00BF680C0020105A010037B54FF400
:10A6A000803400688C407BB18B0003F5A0730025DB
:10A6B000C550C3580193019BC0F8044301F5A8712C
:10A6C00040F8212003B030BDC0F80843F6E770B46D
:10A6D000046840F20116D4F800528E4025EA0605BF
:10A6E000C4F80052D4F800522B43C4F800329DF84D
:10A6F0000C3070BCFFF7D2BF37B5134B02790C4654
:10A700000C2101FB023305461B7A1BB90F49FB20C4
:10A71000FAF7EEFE6B79A34203D80C49FC20FAF756
:10A72000E7FEA30003F5A0732A689BB20021D15075
:10A73000D3580193019B4FF4803101FA04F4C2F81D
:10A74000044303B030BD00BF680C0020105A010064
:10A7500038B50F4B02790D460C2101FB023304463C
:10A760001B7A23B90B4940F20710FAF7C1FE63794F
:10A77000AB4204D807494FF48470FAF7B9FE236856
:10A780004FF4803101FA05F5C3F8085338BD00BF16
:10A79000680C0020105A010001490248FFF72EBE44
:10A7A000680C00200080004001490248FFF726BEE7
:10A7B000740C00200090004001490248FFF71EBEC3
:10A7C000800C002000A00040034B187810B9012233
:10A7D0001A707047852070478C0C002000F1804073
:10A7E00000F5E040002382B0036003680193019B01
:10A7F00002B07047F0B5524B524CD3F8043185B0DB
:10A80000002B3DD094F82E204FF48270FFF7E6FF26
:10A810002AB394F82F3013BB494AD2F80031002BE9
:10A8200032D04FF48070FFF7D9FF638B94F82D007E
:10A83000834250D921891B1A9BB289B26383CB1AF8
:10A84000616801EB4303C2F82C36C2F830064FF4BE
:10A850008270FFF7C3FF3A4B01225A6014E063682D
:10A8600002932389ADF80C30E36800218DF80410C1
:10A8700033BB2374236801A89847002384F82F3042
:10A8800094F82E30002BC7D12D4BD3F810315BB18B
:10A890004FF48870FFF7A2FF0023237402238DF882
:10A8A000043001A823689847254BD3F81431EBB145
:10A8B0004FF48A70FFF792FF0023237405B0F0BDB8
:10A8C000208B608363602081E160002AD2D11C4B21
:10A8D00001221A60CEE7BAD1E368012184F82F1073
:10A8E00013B100216183AEE76383B0E766694FF07F
:10A8F00000470125002EE1D0B6FA86F227FA02F3CE
:10A900004632920026EA030602F1804303F5E04353
:10A910001B68002BEED01046A2F58C72FFF75EFF8D
:10A92000D30882F00402C2F380028DF808308DF85B
:10A93000045023688DF8092001A89847DAE700BF82
:10A9400000700040900C002070B50E46054618B906
:10A950002749D820FAF7CCFD1EB92549D920FAF7A6
:10A96000C7FD244C94F82C30002B3FD1224A297883
:10A970002660C2F8F0156978C2F8F415E97884F811
:10A980002E10237484F82D30636184F82F30012158
:10A990006FF0004384F82C104FF48270C2F8083333
:10A9A000FFF71CFF4FF48070FFF718FF4FF48A7019
:10A9B000FFF714FFAD78072D03D910496B20FAF784
:10A9C00097FD0F4B6D01EDB283F8075380221A609B
:10A9D000094B94F82E100222C3F80423012209B176
:10A9E000C3F80423C3F80025002070BD0820FCE74D
:10A9F0006D5A0100900C0020007000406658010064
:10AA000000E100E070B53A4E96F82C3004460D4651
:10AA100023B9384940F22510FAF76AFD072C04D90A
:10AA200034494FF49370FAF763FD334BD3F8F435A0
:10AA3000DBB23BB196F82D3023B12E494FF4947020
:10AA4000FAF756FDEB79013B0C2B04D929494FF459
:10AA50009670FAF74DFD2B7A0D2B04D925494FF44A
:10AA60009770FAF745FD337C002B3ED104F10C01C1
:10AA700006EB41031B7923B996F82D30013386F894
:10AA80002D306B78A878EA791B01000200F4E060B1
:10AA900003F030030343287800F003000343E87811
:10AAA000000300F4805003432879000400F4E02000
:10AAB00003436879000500F480100343A879000679
:10AAC00000F080700343200100F1804000F5E04079
:10AAD00006EB4106297A32717171C0F81835C0F859
:10AAE0001415C0F81025002070BD1120FCE700BF30
:10AAF000900C00206D5A01000070004070B5364C7B
:10AB0000227C02F0FF03002A63D1344A0125032688
:10AB10002574C2F80863C2F82C16C2F8305694F8AF
:10AB20002D20AA420CD919461A0102F1804202F5E1
:10AB3000E0420133082BC2F81415C2F81015F3D106
:10AB400000F10C03000104EB430300F1804000F529
:10AB5000E0401A795B79C0F81435C0F810251F4A17
:10AB600001231360536042F21073D2F8041131B91B
:10AB7000013BFAD11A494FF4D270FAF7B9FC4FF4FD
:10AB80008070FFF72BFE4FF48270FFF727FE94F8DA
:10AB90002D30012B11D910490022130103F18043FC
:10ABA00003F5E0430132087F4D7FC3F81455082AAE
:10ABB000C3F8100501F10201EFD194F82E20074BE4
:10ABC0002AB103220020C3F80423207470BD02229E
:10ABD000F8E71120FAE700BF900C00200070004059
:10ABE0006D5A01000023435082B043580193019BEA
:10ABF00002B070470268530910B5044618D0012B03
:10AC00004FF6FF7318BF002302F01F02D340DB078B
:10AC100004D409494FF4F670FAF76AFC23681F2B35
:10AC200083BF03F01F03054823604FF0A04010BD11
:10AC30004FF0FF33E8E700BFB742010000030050C8
:10AC40008B6A4A6B9A4210B54FF0010305D2496AEC
:10AC50008A5CC0F81C251A4604E091F82C201AB131
:10AC6000C3610022104610BD0C6A640603D5C3619F
:10AC700081F82D30F6E74361EDE770B5D0F8046157
:10AC800005460C4626B14FF48271FFF7ABFF012653
:10AC900094F82F2022B34FF492712846FFF7A2FFB9
:10ACA0004FF48E71FFF79EFF4FF48471FFF79AFF08
:10ACB000002E69D094F82F20002384F82D3092BB09
:10ACC000A36A616B99421CBF1646052386F00106F4
:10ACD0001CBFC5F80025C5F8003584F82F6023E0B7
:10ACE000D5F824314BB14FF492712846FFF77AFF23
:10ACF00001236B6184F82F30DAE7D5F81C31ABB152
:10AD00004FF48E712846FFF76DFF636B0133636369
:10AD1000D5F8243113B14FF49271E7E72146FFF7DC
:10AD20008FFF0028C4D10022104670BDD5F808312D
:10AD3000002BBDD04FF484712846FFF753FFD5F8A0
:10AD40002431002BE7D1636BA16A8B42B0D2616AD8
:10AD5000D5F81805C854636BA16A0133481E8342B5
:10AD6000636308D1206A400610D40223C5F800327C
:10AD700001232B629CE78B42FAD1236A5B0697D5AD
:10AD8000022384F82D30CFE70122CDE78B42EFD1AB
:10AD9000F6E7000037B5314B01930D464FF4827151
:10ADA000FFF720FF4FF49271FFF71CFF4FF48E71F5
:10ADB000FFF718FF4FF48471FFF714FF0023C0F86A
:10ADC00000326B6385F82F300123036295F82D2044
:10ADD0009A4218BF836029460446FFF731FF2B686B
:10ADE00083B140F28623AB60AB68C4F80433002023
:10ADF00003B030BD29462046FFF73FFF28B1019B35
:10AE0000013B0193019B002BF4DC95F82F0050B916
:10AE1000019B002BECDC0023C4F800350523C4F8AB
:10AE200000350320E4E7D4F8C434C4F8C43493B143
:10AE300013F0010F14BF4FF40240032048F2012227
:10AE400013F0020F18BF104613F0040F48F202234C
:10AE500018BF1846DCE70320DAE700BFA086010030
:10AE600037B5344B01930D464FF48271FFF7BAFEAC
:10AE70004FF49271FFF7B6FE4FF48E71FFF7B2FEFA
:10AE80004FF48471FFF7AEFE00236B6385F82F301B
:10AE9000AB6A012B044617D12B6A5B0614D402233C
:10AEA000C4F800320123236295F82D20022A18BF2E
:10AEB00023602B6893B140F28623AB60AB68C4F883
:10AEC0000433002003B030BD0123E9E729462046C2
:10AED000FFF7D3FE28B1019B013B0193019B002B9F
:10AEE000F4DC95F82F0050B9019B002BEADC00231D
:10AEF000C4F800350523C4F800350320E2E7D4F890
:10AF0000C434C4F8C43493B113F0010F14BF4FF428
:10AF10000240032048F2012213F0020F18BF10462E
:10AF200013F0040F48F2022318BF1846DCE7032091
:10AF3000DAE700BFA0860100F0B50B6887B00546D0
:10AF40000C4623B92F4940F2BA20FAF7D1FA21462C
:10AF50002846FFF792FE002846D194F82FC0D4F877
:10AF600020E0BCF1000F1FD1237B9A1E012A1BD8C1
:10AF7000616AA269914217D1E2696262CEF3401E12
:10AF80006269A262032B84F82CE084F82DC021466C
:10AF9000284604D107B0BDE8F040FFF7FBBE07B07C
:10AFA000BDE8F040FFF75CBF04F10C070FCF01AE26
:10AFB0000FC63B683360BCF1000F20D0D5F8C43415
:10AFC000C5F8C434990711D501238DF8003000234A
:10AFD0001EF0040F84F8303002D0BCF1000F03D013
:10AFE000D4E900316846984707B0F0BD5A0701D54B
:10AFF0000223EAE7DB074CBF03230423E5E78DF8D0
:10B0000000C0E4E7CA5A010001490248FFF794BFB3
:10B01000C00C00200030004002494FF04020FFF7F4
:10B020008BBF00BFFC0C00202DE9F04F85B081469E
:10B03000934601930D4619B94649AA20FAF758FAE2
:10B04000D5E900239A4203D14249AB20FAF750FADE
:10B0500099F80480404F3C2202FB08FA07EB0A04EF
:10B0600094F82E30002B71D13C4BD9F8000053F8E6
:10B070002810FDF701F80646002869D1019B63609E
:10B080006B7BA06084F82D0084F8310084F83000D8
:10B0900084F8383047F80AB02B68039303A8FFF709
:10B0A000A9FD039B03F5E07340F20C6440F82340D4
:10B0B0006B68039303A8FFF79DFD039B57F80A20D5
:10B0C00003F5E07340F82340D5E90010D9F80040BB
:10B0D000C4F80815A968C4F80C05C4F824155AB3B7
:10B0E0002D7B072D4FEA143A44F3073403D91C494A
:10B0F0006B20FAF7FDF9002CAEBF04F16043194B49
:10B100000AF00F0A4FEA4515A8BF03F56143EDB2F7
:10B11000B4BF03F80A5083F80053D9F800301A0B73
:10B1200043F30733002B07DB02F01F0101228A40A3
:10B130005B090D4941F823203C2303FB08770123D9
:10B1400087F82E30304605B0BDE8F08F0826F9E7C5
:10B150001126F7E7CA5A0100C00C0020245B010049
:10B160006658010014ED00E000E100E070B50D4C00
:10B1700006793C2303FB0643054693F82E30012B4A
:10B1800004D009494FF48570FAF7B2F92B6805220B
:10B19000C3F800253C2303FB0644022384F82E3029
:10B1A00070BD00BFC00C0020CA5A010070B5114C20
:10B1B00006793C2303FB0643054693F82E3023B95A
:10B1C0000D494FF48B70FAF793F92B680B4AC3F8CB
:10B1D0000823D3F8002222F00302C3F80022002241
:10B1E000C3F800253C2303FB0644012384F82E30DA
:10B1F00070BD00BFC00C0020CA5A01008642040086
:10B200002DE9F0470579404F4FF03C0909FB05F95E
:10B21000064657F809300C469046A3B90B78022B26
:10B2200008D02378032B0ED1384940F28720FAF753
:10B230005FF908E0354940F28620FAF759F957F8E6
:10B240000930002BEDD03C2303FB0573D6F80090AA
:10B2500093F82D30012B04D12378012B06D108203F
:10B2600011E0022B02D12378012BF8D13C26284B88
:10B27000C9F8083306FB057696F830302BB1B36871
:10B28000C9F804331120BDE8F08788F00403C3F344
:10B29000800386F83030C6F82080A646BEE80F004E
:10B2A00006F10C0CACE80F00DEF80030CCF80030F2
:10B2B0006368B362E36873626378C9F8883523789A
:10B2C000C5EB051A012B07EB8A0A17D09BB9C8F307
:10B2D00040183C2303FB0573514683F82C804846F5
:10B2E000FFF758FD3C235D437A197B59002BCAD1E7
:10B2F00082F83030C7E74FF00108EAE75146484688
:10B30000FFF7AEFDEEE700BFC00C0020CA5A0100F7
:10B310008642040010B586B00024CDE902349DF8C1
:10B3200020308DF80510A342CDE9042401A914BFF3
:10B33000202222468DF80440FFF762FF06B010BDC0
:10B3400010B586B0012402930023CDE903328DF8B5
:10B3500005101A4601A98DF804400593FFF750FF28
:10B3600006B010BD1FB503788DF800308388ADF8A6
:10B37000043083688DF80630C3688DF807300369A0
:10B3800002934369054A0393054B684653F82130FD
:10B3900052F82110984705B05DF804FB380D0020E5
:10B3A000400D00200268530910B5044618D0012B47
:10B3B0004FF6FF7318BF002302F01F02D340DB07D4
:10B3C00004D409494FF4F670FAF792F823681F2B5A
:10B3D00083BF03F01F03054823604FF0A04010BD5A
:10B3E0004FF0FF33E8E700BFB74201000003005011
:10B3F00007B5019001A8FFF7D5FF019A01239340FB
:10B40000C0F8083503B05DF804FB0000024B4FF4B0
:10B41000807043F001031847305B01002DE9F743CA
:10B42000154690F80080354A42F82850344A42F8D0
:10B4300028304B7B06460C467BB308684FF0A0478C
:10B4400000F5E07340F20C6247F823204B6803F5E7
:10B45000E0734FF0010947F82320FFF7C9FF606848
:10B46000FFF7C6FF236803F5E07340F20D6247F86B
:10B470002320636803F5E07347F82320FFF7C6FF36
:10B4800000276368019301A8FFF78CFF019AD0F8A9
:10B490001035D340DB070CD5FFB91A4A002D4346BF
:10B4A00008BF2A462146301D03B0BDE8F043FFF730
:10B4B000BBBD2368019301A8FFF774FF019B09FA44
:10B4C00003F3C0F80C35FFF7A1FF01372068FFF741
:10B4D0008FFFFFF79BFF092FD3D16368019301A86A
:10B4E000FFF760FF019A01239340C0F80C35FFF786
:10B4F0008DFF6068FFF77CFFCFE700BF400D0020A5
:10B50000380D002065B300000268530910B50446E9
:10B5100018D0012B4FF6FF7318BF002302F01F0253
:10B52000D340DB0704D409494FF4F670F9F7E0FF84
:10B5300023681F2B83BF03F01F03054823604FF0D0
:10B54000A04010BD4FF0FF33E8E700BFB742010055
:10B550000003005007B5019001A8FFF7D5FF019A3D
:10B5600001239340C0F80C3503B05DF804FB07B528
:10B57000019001A8FFF7C8FF019A01239340C0F88A
:10B58000083503B05DF804FB144BD3F8182113B54C
:10B5900012B30022C3F81821D3F81831104C0193CC
:10B5A000019B236823B90F4940F29720F9F7A0FFC8
:10B5B000E07FFF2803D0A37F5BB1FFF7CBFF002321
:10B5C00063772372D4E90031074802B0BDE8104028
:10B5D0001847FFF7CCFFF2E702B010BD0030024081
:10B5E000480D0020365B0100500D00202DE9F04F82
:10B5F00085B0CDE9002380460C4619B97449AD20C9
:10B60000F9F776FF98F80490724D242303FB09FBA9
:10B6100005EB0B0A9AF81C10002940F0D580D8F8E9
:10B6200000606D493046FCF727FD0746002840F0D2
:10B63000CD80009B45F80B30019BCAF80430237B7A
:10B640002078012B00F2AE80FFF784FF237803936C
:10B6500003A8FFF759FF039B03F5E073012240F8AD
:10B66000232094F801A0BAF1FF0F00F09E8050460D
:10B67000FFF770FF03A8CDF80CA0FFF745FF039B71
:10B6800003F5E073032240F8232094F802B0BBF1E5
:10B69000FF0F00F08D8003A8CDF80CB0FFF734FF4A
:10B6A000039B03F5E073042240F82320242303FBCB
:10B6B0000953A27883F82020E078D877FF2814D0A7
:10B6C0002379002B77D0FFF745FFE378039303A896
:10B6D000FFF71AFF039B03F5E073032240F82320D2
:10B6E000242303FB095322799A772378C6F8083577
:10B6F000A368C6F80CA5C6F810B5C6F82435637B58
:10B70000227B003B18BF0123022A57D0032A58D0BE
:10B71000012A01D143F00203C6F85435A379C6F8D3
:10B72000C0350723C6F80035242303FB09F3EB5883
:10B730006BB36479D8F80060072C4FEA163A46F3E9
:10B74000073603D925496B20F9F7D2FE002EAEBF8C
:10B7500006F16043224B0AF00F0A4FEA4414A8BFD7
:10B7600003F56143E4B2B4BF03F80A4083F8004331
:10B77000D8F800301A0B43F30733002B07DB02F035
:10B780001F0101228A405B09164941F82320242326
:10B7900003FB095500236B7701232B77384605B04F
:10B7A000BDE8F08FFFF7E3FE50E74FF0FF3A6CE79C
:10B7B0004FF0FF3B7AE7FFF7DAFE86E743F004033A
:10B7C000AAE743F00603A7E70827E7E71127E5E71D
:10B7D000365B0100480D002089B500006658010065
:10B7E00014ED00E000E100E02DE9F3412C4C057977
:10B7F000242303FB054306461B7F23B929494FF445
:10B80000AE70F9F775FE24236B43E35893B13368A8
:10B810001A0B43F30733002B0CDB02F01F015B090B
:10B8200001228A402033204941F82320BFF34F8F63
:10B83000BFF36F8F24236B43E218E35837687BB163
:10B840001A4BC7F80833537F53B101237B61D7F8F4
:10B850000431002BFBD0242303FB054300225A773D
:10B86000242303FB054393F82030FF2B09D001A8C4
:10B870000193FFF749FE019B03F5E073022240F8B4
:10B8800023204FF000083068C7F80085FCF716FC4D
:10B89000242303FB054484F81C8002B0BDE8F0813A
:10B8A000480D0020365B010000E100E05201080075
:10B8B0002DE9F341584E0779242303FB07638046A3
:10B8C0001B7F0D46144623B9544940F22D20F9F749
:10B8D0000FFE2B6833B96B6823B1504940F22E201C
:10B8E000F9F706FEAB6833B9EB6823B14B4940F278
:10B8F0002F20F9F7FDFD98F804303BB9EB68B3F55C
:10B90000803F03D26B68B3F5803F04D343494FF4C3
:10B910000C70F9F7EDFD24237B43F218517F0029C9
:10B9200078D1F35823B114F0140F04BF01235377D7
:10B9300095E80F004FF0240C0CFB076C0CF10C0E7B
:10B940008EE80F009CF81F00FF2804D09CF81E30E2
:10B95000C3B1FFF70CFE296821B101F06043B3F1D8
:10B96000005F06D1AA6882B102F06043B3F1005FC4
:10B970000BD0242303FB076600237377102002B04B
:10B98000BDE8F081FFF7E6FDE5E7D8F8003068682C
:10B99000C3F84415C3F84805E968C3F83425002204
:10B9A000C3F83815C3F81821D3F818210192019A69
:10B9B00014F0010218BF0122C3F8502514F002024E
:10B9C00018BF0122C3F8402522075CBF01221A617B
:10B9D00024227A43B25892B9D3F81821002AFBD016
:10B9E000242303FB0766F07FFF2803D0B47F1CB13C
:10B9F000FFF7B0FD0020C2E7FFF7B9FDFAE714F04A
:10BA000004004FF0400202D0C3F80823F2E7C3F865
:10BA10000423B4E71120B2E7480D0020365B010093
:10BA20002DE9FF4102284FF001038DF807008DF842
:10BA30000B305ED1614B1A889B78ADF80C208DF8E5
:10BA40000E305F4802F022FF5E48002300681A466D
:10BA50000DF1070105F028FD012802D05A4802F037
:10BA600015FF5A48002300681A460DF1070105F03A
:10BA70001BFD012802D0564802F008FF554800235C
:10BA800000681A4603A905F00FFD012802D05248AC
:10BA900002F0FCFE5148002300681A460DF1070130
:10BAA00005F002FD012802D04D4802F0EFFE00240F
:10BAB000DFF86C81274625462646D8F8000005F0B9
:10BAC00035FF002875D0D8F8000000220DF10A01DA
:10BAD00005F0E6FD012802D0424802F0D7FE9DF8AD
:10BAE0000A30013B042B5CD8DFE803F0505B0D5EAD
:10BAF00057000128A5D13C4B9DE701250126DCE735
:10BB00003D463E46D9E7394802F0C0FE002DF5D04B
:10BB1000002FF2D0002CF3D0354802F0B7FE3548A4
:10BB2000002300681A460DF10B0105F0BDFC012849
:10BB300002D0314802F0AAFE3048002300681A46BD
:10BB40000DF10B0105F0B0FC012802D02C4802F0E9
:10BB50009DFE2C48002300681A460DF10B0105F0EC
:10BB6000A3FC012802D0284802F090FE27480023B9
:10BB700000681A460DF10B0105F096FC012802D071
:10BB8000234802F083FE04B0BDE8F081214802F0B2
:10BB90007DFE002EBCD101258FE71F4802F076FE06
:10BBA0000127002EB2D188E71C4802F06FFE012465
:10BBB000F7E7322005F030F9F3E700BF94690100A0
:10BBC0009A5B0100B00E0020C55B0100E80D00206B
:10BBD000125C0100481800205A5C0100E40E0020AD
:10BBE000A05C0100E75C010097690100375D01007E
:10BBF000F15D0100B40E0020285E0100E40D00207C
:10BC0000795E0100E00E0020CB5E01003C180020B0
:10BC10001C5F0100665D0100965D0100C25D0100D0
:10BC2000CC0D00200D480E49006808B500231A46C7
:10BC300005F03AFC012802D00A4802F027FE0A4823
:10BC40000A49006800231A4605F02EFC012804D09A
:10BC5000BDE80840064802F019BE08BD700E00207D
:10BC6000906901006A5F0100AC0E00203C69010090
:10BC7000A55F01000D480E49006808B500231A466B
:10BC800005F012FC012802D00A4802F0FFFD0A4824
:10BC90000A49006800231A4605F006FC012804D072
:10BCA000BDE80840064802F0F1BD08BD700E002056
:10BCB00092690100F05F0100AC0E0020A069010054
:10BCC000236001000E480F49006808B500231A469A
:10BCD00005F0EAFB012802D00B4802F0D7FD0B4823
:10BCE0000B49006800231A4605F0DEFB012802D04C
:10BCF000084802F0CBFDBDE80840642005F08CB890
:10BD0000700E00209A69010066600100AC0E0020F0
:10BD100058690100A26001000D480E49006808B58D
:10BD200000231A4605F0C0FB012802D00A4802F0A1
:10BD3000ADFD0A480A49006800231A4605F0B4FB25
:10BD4000012804D0BDE80840064802F09FBD08BDA8
:10BD5000700E00209C690100EC600100AC0E002018
:10BD6000BC690100206101002DE9F74F724D0123EC
:10BD7000002BFDD0DFF8E091D9F80000002201A9E6
:10BD800005F08EFC012810D1019B6C4A132B127810
:10BD900009DC1AB96A4A9289934206DA0020FFF751
:10BDA0003FFE0023E4E7002AF4D028684FF0FF327A
:10BDB000694605F075FC012802D0624802F066FD74
:10BDC0009DF80030002BD5D09DF80160002ED1D019
:10BDD0000220FFF725FE642005F01EF8DFF85C81E5
:10BDE000662005F019F8FFF71DFF04F01DFF98F815
:10BDF00000300746002B6DD1514B5C89524B5C43A0
:10BE00004FF47A73B4FBF3F44FF47A7A28684FF066
:10BE1000FF32694605F044FC9DF800B09DF8013002
:10BE2000BBF1000F59D05BB104F0FEFEC01BA0FBBC
:10BE30000A309B0A43EA80539C42E7D84FF0000B3C
:10BE4000FFF740FF642004F0E7FFBBF1000F46D18D
:10BE5000FFF710FF04F0E8FE98F800300746002BCB
:10BE600050D1374B1C89384B5C434FF47A73B4FB89
:10BE7000F3F44FF47A7828684FF0FF32694605F002
:10BE80000FFC9DF800A09DF80130BAF1000F3CD0E6
:10BE90005BB104F0C9FEC31BA3FB08309B0A43EA55
:10BEA00080539C42E7D84FF0000AFFF735FFBAF104
:10BEB000000F2CD025482649006800231A4605F0BB
:10BEC000F3FA012802D0234802F0E0FC0120FFF73A
:10BED000A7FD51E74FF4E11496E7B346B0E71B48DE
:10BEE0001B49006800231A4605F0DEFA012802D03B
:10BEF000184802F0CBFC0120FFF792FD642004F00B
:10BF00008BFF39E74FF43434B3E7B246CDE7642012
:10BF100004F082FF4FF0FF322868694605F0C0FB4D
:10BF20009DF800209DF801300AB1002BF2D10120CC
:10BF3000FFF776FDFA20E2E7D00D0020E00D0020AB
:10BF4000740D0020626101000080A903AC0E002086
:10BF500074690100A0610100C80D002013B5002321
:10BF60004D4C4E494E48019400934FF4806204F0CA
:10BF7000E7FC0128014605D04A4802F087FC20680A
:10BF800004F0B4FD0023484C48494948019400930B
:10BF90004FF4806204F0D4FC0128014605D04548E6
:10BFA00002F074FC206804F0A1FD0023424C4349D8
:10BFB0004348019400934FF4806204F0C1FC0128CF
:10BFC000014605D03F4802F061FC206804F08EFD78
:10BFD00000233D4C3D493E48019400934FF480625C
:10BFE00004F0AEFC0128014605D03A4802F04EFCB0
:10BFF000206804F07BFD0023374C38493848019411
:10C0000000934FF4806204F09BFC0128014605D0A8
:10C01000344802F03BFC206804F068FD0023324CF9
:10C0200032493348019400934FF4806204F088FC55
:10C030000128014605D02F4802F028FC206804F0B2
:10C0400055FD00232C4C2D492D48019400934FF4AD
:10C05000806204F075FC0128014605D0294802F0F1
:10C0600015FC206804F042FD0023274C274928488E
:10C07000019400934FF4806204F062FC01280146B1
:10C0800008D0244802F002FC206802B0BDE810404D
:10C0900004F02CBD02B010BDC40D0020E66101000B
:10C0A00069BD0000EF610100BC0D002014620100B9
:10C0B000D9C500001F620100C00D002046620100CA
:10C0C000F1C9000051620100D80D00207862010022
:10C0D00065CD0000846201006C0D0020AC6201009F
:10C0E00041C40000B8620100DC0D00204F63010074
:10C0F0007DD40000EB620100D40D00201A63010022
:10C10000E9D6000022630100700D002046630100A3
:10C1100035D300005763010010B50022042101202F
:10C1200005F0A2F9784B186010B9784802F0AEFB20
:10C1300000220221012005F097F9754C206010B90A
:10C14000744802F0A3FB00220121042005F08CF9C1
:10C15000714B1860236813B9704802F097FB0022F6
:10C160000221012005F080F96D4B186010B96D486F
:10C1700002F08CFB00221021012005F075F96A4BBA
:10C18000186010B9694802F081FB012100220846BD
:10C1900005F06AF9664B186010B9664802F076FB44
:10C1A00001210022084605F05FF9634B186010B9C1
:10C1B000624802F06BFB01210022084605F054F9A9
:10C1C0005F4B186010B95F4802F060FB012100224C
:10C1D000084605F049F95C4B186010B95B4802F05D
:10C1E00055FB01210022084605F03EF9584B186026
:10C1F00010B9584802F04AFB01210022084605F018
:10C2000033F9554B186010B9544802F03FFB012137
:10C210000022084605F028F9514B186010B9514822
:10C2200002F034FB01210022084605F01DF94E4BB7
:10C23000186010B94D4802F029FB002203210120AB
:10C2400005F012F94A4B186010B94A4802F01EFB7B
:10C2500000220221042005F007F9474B186010B9AD
:10C26000464802F013FB00220221042005F0FCF8EE
:10C27000434B186010B9434802F008FB012100222B
:10C28000084605F0F1F8404B186010B93F4802F03D
:10C29000FDFA00220421012005F0E6F83C4B18606D
:10C2A00010B93C4802F0F2FA00221C21022005F0ED
:10C2B000DBF8394B186010B9384802F0E7FA012171
:10C2C0000022084605F0D0F8354B186010B9354803
:10C2D00002F0DCFA01210022084605F0C5F8324BD5
:10C2E000186010B9314802F0D1FA01210022084645
:10C2F00005F0BAF82E4B186020B9BDE810402D4863
:10C3000002F0C4BA10BD00BFC80D00208563010053
:10C31000D00D0020B3630100CC0D0020DC630100D0
:10C32000700E00200C640100680E002038640100CB
:10C330006C0E00206C640100E40E00209864010083
:10C34000E80E0020C6640100E00E0020F264010047
:10C35000EC0D002028650100E80D00205C6501005F
:10C36000F00D00208B650100E40D0020B865010090
:10C3700048180020EF650100401800201C660100ED
:10C38000501800204F6601003C1800207C66010018
:10C39000B80E0020AF660100AC0E0020E36601007D
:10C3A000B00E002012670100B40E002046670100A5
:10C3B000B81800207C670100014802F067BA00BF8E
:10C3C000A567010008B5FAF7D1FF20B1184A4FF46C
:10C3D0002C71F5F709FD0020FAF7E8FFFBF720F8CC
:10C3E0000028FBD001F07EFA00F072FC0123172236
:10C3F0001821002001F0C2FA012318461022112151
:10C4000001F0BCFA01F0BEFF0A4802F015F828B1AD
:10C41000094802F03BFA094B01221A7001F080FD35
:10C42000FFF79CFDFFF778FE04F0BAFB002008BD83
:10C43000CA670100740D002002680100E00D0020B1
:10C44000F0B54E4A4E4D118852884E4E4E4F85B033
:10C450000123ADF80C204D4A8DF80630ADF80810D8
:10C460001370286805F062FA044620B32868002299
:10C47000394605F015F9012802D0454802F006FAC0
:10C480004448002300681A460DF1060105F00CF837
:10C49000012802D0404802F0F9F9404B4FF0FF323A
:10C4A00018680DF1070105F0FBF80128D9D03C48C8
:10C4B00002F0ECF9D5E7306805F038FA40B330689F
:10C4C000224601A905F0ECF8012802D0354802F017
:10C4D000DDF93548002300681A4602A904F0E4FF9C
:10C4E000012802D0314802F0D1F9314802F0CEF9EA
:10C4F0004FF4705004F090FC2E48002300681A4658
:10C5000003A904F0D1FF012802D02B4802F0BEF9A4
:10C510003B78012B0DD129482949006800234FF4AD
:10C520007A7204F0C1FF0128014602D0254802F0CA
:10C53000ADF9254C206805F0F9F918B9642004F02C
:10C540006BFC8EE720684FF0FF32694605F0A8F8D3
:10C55000012802D01D4802F099F99DF80030032B04
:10C56000ECD11B481649006800231A4604F09CFFD2
:10C570000128E3D0174802F089F9DFE7846C010055
:10C58000E80D0020F00D002024000020F40D002014
:10C59000D8690100CC0D0020206A0100E40D0020C4
:10C5A0006B6A0100B66A010040180020006B0100B0
:10C5B0004C6B010050180020716B0100C80D002069
:10C5C00028000020B36B0100EC0D0020FD6B010082
:10C5D000B80E0020416C0100F0B5A94B89B01A8853
:10C5E0005B88ADF81C30A74BADF818201B78002BEA
:10C5F00000F01B81DFEDA41A9FEDA41A9FEDA40AA1
:10C60000A448F0EE020A00F099FFDFEDA31A9FEDB7
:10C61000A31ADFEDA30A9FEDA30AA34800F08EFF43
:10C62000DFEDA21A9FEDA21ADFEDA20A9FED9D0A8F
:10C63000A14800F083FFDFEDA11A9FEDA11ADFED05
:10C64000A10A9FED980AA048A04EA14C00F076FFE9
:10C65000306805F06BF90546002840F05B819D4F7E
:10C66000386805F063F940B338682A4605A905F033
:10C6700017F8012802D0984802F008F997480023DB
:10C6800000681A4606A904F00FFF012802D094485A
:10C6900002F0FCF8934802F0F9F84FF4705004F0FF
:10C6A000BBFB9148002300681A4607A904F0FCFE72
:10C6B000012802D08D4802F0E9F8642004F0ACFBB8
:10C6C00023781BB98A4B1B78002BC1D0894B8A4930
:10C6D00018684FF0FF3204F0E3FF012802D08748CA
:10C6E00002F0D4F8237853B3834D6F4F95ED000AD1
:10C6F000384600F037FFD7ED077A6F4FFDEEE77A47
:10C7000017EE900A00F0C6FF95ED010A384600F0DA
:10C7100029FFD7ED077A6C4FFDEEE77A17EE900A06
:10C7200000F0C6FF384695ED020A00F01BFFD7ED7A
:10C73000077AFDEEE77A17EE900A00F0C7FF6C4F1C
:10C740003B7873B1534D6C4B284693ED030A00F0D0
:10C7500009FFD5ED077AFDEEE77A17EE900A00F0B3
:10C760008BFF2378002B48D0634D286806F0EAF849
:10C770000B464D490246C869CDE9022306F0E2F8AE
:10C78000DDE90223CDE900015D4802F07FF8686829
:10C7900006F0D8F80B4648490246C869CDE902239D
:10C7A00006F0D0F8DDE90223CDE90001554802F09A
:10C7B0006DF8A86806F0C6F80B4643490246C869FA
:10C7C000CDE9022306F0BEF8DDE90223CDE9000140
:10C7D0004D4802F05BF8E86806F0B4F80B462D49C6
:10C7E0000246C869CDE9022306F0ACF8DDE9022370
:10C7F000CDE90001454802F049F83B78002B3FF4B1
:10C8000027AF3D4BD86806F09DF80B4621490246FC
:10C81000C869CDE9022306F095F8DDE90223CDE9E8
:10C8200000013A4802F032F812E7394C1948D4EDC9
:10C83000081A94ED071AD4ED060A94ED040A00F0E4
:10C840007DFED4ED0B1A94ED0A1AD4ED090A94ED8D
:10C85000050A154800F072FED4ED0E1A94ED0D1A7B
:10C86000D4ED0C0A94ED050A134800F067FED4EDF0
:10C87000111A94ED101AD4ED0F0A94ED050AE2E6B0
:10C88000986E0100E00D0020EC5110403108AC3CE6
:10C890000000AA42840E00202506A13F6F12833CAF
:10C8A0000AD70B4000008242F80D0020BC74A33F61
:10C8B000A69B443CD9CE07401C0E00203789A13FDF
:10C8C0004260653C4A0C0A40400E0020700E002079
:10C8D000640E00206C0E0020886C010040180020BF
:10C8E000D06C01001B6D0100501800203F6D01004D
:10C8F000A80E0020680E0020740E0020CA6D0100F2
:10C900001C6E01003B6E01005A6E0100796E010041
:10C91000740D00201D493068002204F0C1FE01287A
:10C9200002D01B4801F0B2FF184A51781378F9B9C8
:10C930002370002B7FF4CAAE164A174F174D4FF0E5
:10C940007E530120D361FB61EB6100F0A3FED7EDC4
:10C95000077AFDEEE77A17EE900A00F0A9FED5ED12
:10C96000077AFDEEE77A17EE900A00F0AFFEA7E631
:10C97000012050700A4A1370002B7FF4A7AE094BB8
:10C980004FF07E52DA6100F077FE99E6A90E0020A2
:10C99000806D0100F80D00201C0E0020400E0020CC
:10C9A000A80E0020840E00201FB504460C4801F09C
:10C9B00061FE30B90B4801F069FF0B49204606F0D3
:10C9C00078FD074A09495378029393780193937944
:10C9D0000093D3785279204606F06BFD04B010BD69
:10C9E000BC0E00209C6E0100CD6E0100D96E0100CE
:10C9F0002DE9F04F2DED048BE5B001238DF8393092
:10CA000003238DF83A30894BDFF8749293ED018A55
:10CA1000D9F800004FF0FF320DF1390104F040FE6B
:10CA2000012802D0824801F031FF824800230068CB
:10CA30001A460DF13A0104F037FD012802D07E4874
:10CA400001F024FF7D4B4FF0FF3218680DF13B01E0
:10CA500004F026FE012802D0794801F017FF9DF866
:10CA60003930022B0AD117A8FFF79EFF17A801F053
:10CA70007DFA082804D1734801F008FF002514E06E
:10CA80000028FBD07048F7E7D9F8000004F04EFF0B
:10CA900090B1D9F800002A460DF1390104F000FEEA
:10CAA000012802D0624801F0F1FE9DF83930022BD6
:10CAB000AED1002DE8D0ABE76448654900682B464D
:10CAC0002A4604F0F1FC012802D0624801F0DEFEA3
:10CAD000614B4FF0FF3218680FA904F0E1FD012807
:10CAE00002D05E4801F0D2FE5D4E5E4B4FF0FF3249
:10CAF000186810A904F0D4FD012802D05A4801F0AA
:10CB0000C5FE304601F0B6FD10B9584801F0BEFE32
:10CB10009DF84040F7EE008A002C46D17378B27839
:10CB20000F9913980D930C920A9105F00BFFCDE924
:10CB30000801129805F006FFCDE90601119805F0ED
:10CB400001FFCDE90401149805F0FCFECDE90201D6
:10CB500031780091DDE90C23454924A806F0A9FCB1
:10CB6000DDED117ADDF848A0DDF84CB0F0EE679A03
:10CB7000B4EEE88ADDED147AF1EE10FA0746B0EE75
:10CB8000679A92D44FF001083A4624A917A801F0F9
:10CB900015FA00283ED0374801F078FEB8F1000FB2
:10CBA00001D1002CA1D025467FE7012C34D1169964
:10CBB0007378B2780B9158460F990D930C920A91A5
:10CBC00005F0C0FECDE90801504605F0BBFECDE9F9
:10CBD000060119EE900A05F0B5FECDE9040119EE43
:10CBE000100A05F0AFFECDE9020131780091DDE9D0
:10CBF0000C23214924A806F05CFC9DF8543003F076
:10CC0000FB03022B074607D1B4EEE88AF1EE10FAD7
:10CC1000C9D408E01948BFE7B4EEE88AF1EE10FA8B
:10CC20003FF563AF00244FF00008ADE7740D00201E
:10CC3000F26E0100CC0D0020206A0100B40E00202D
:10CC40003E6F0100886F0100DE6F0100EC0D0020D7
:10CC5000C471010023700100B80E0020787001003B
:10CC6000BC0E0020AC0E0020C6700100087101004F
:10CC70002B7101007D71010055710100A771010048
:10CC8000B00E00200268530910B5044618D0012BDD
:10CC90004FF6FF7318BF002302F01F02D340DB07DB
:10CCA00004D409494FF4F670F8F722FC23681F2BCF
:10CCB00083BF03F01F03054823604FF0A04010BD61
:10CCC0004FF0FF33E8E700BFB74201000003005018
:10CCD0007FB5022303A80393FFF7D4FF039B03F55B
:10CCE000E073042240F82320272502A80295FFF7CD
:10CCF000C9FF029B03F5E073032640F8236002A8F6
:10CD00000295FFF7BFFF029B012404FA03F3C0F86A
:10CD1000083501A80195FFF7B5FF019B03F5E07306
:10CD200040F8236001A80195FFF7ACFF019B9C40F0
:10CD3000C0F8084504B070BD13B5044600F042FFCA
:10CD40000C2004F069F86946204600F06DFF10B130
:10CD5000034801F09BFD9DED000B02B010BD00BF2C
:10CD6000C57101002DE9F04385B004238DF8023030
:10CD7000914B924F1A885B88ADF808303B78ADF83C
:10CD80000420002B40F0F9808D4BD3ED016A93ED28
:10CD9000007AC6EE877AFCEEE77A17EE909A0020CA
:10CDA00001F05CF8012001F059F8022001F056F87A
:10CDB000032001F053F8834E834D0024DFF8708286
:10CDC000D8F8000004F0B2FD20B3D8F8000000222B
:10CDD000314604F065FC012802D07C4801F056FD84
:10CDE0007B48002300681A460DF1020104F05CFB49
:10CDF000012802D0774801F049FD774B4FF0FF3210
:10CE000018680DF1030104F04BFC012802D07348AF
:10CE100001F03CFDDFF81C82D8F8000004F086FD2C
:10CE200048B3D8F800000022694604F039FC012814
:10CE300002D06B4801F02AFD6A48002300681A46B8
:10CE400001A904F031FB012802D0674801F01EFD62
:10CE5000664801F01BFD4FF4705003F0DDFF64489D
:10CE6000002300681A4602A904F01EFB012802D024
:10CE7000604801F00BFD95F8018000F022FD40456F
:10CE8000687004D000287BD05B4801F0FFFC0223CF
:10CE900003A895F800800393FFF7F4FE039AD0F8F7
:10CEA0001035D340DB4303F0010343452B7004D01E
:10CEB000002B67D0514801F0E9FC0020FFF73CFF50
:10CEC00051EC100B05F058FDDFF84081C8F80C005C
:10CED0000120FFF731FF51EC100B05F04DFDC8F8B4
:10CEE00000000220FFF728FF51EC100B05F044FD75
:10CEF000C8F804000320FFF71FFF51EC100B05F0EA
:10CF00003BFDC8F808003E48002300681A46294641
:10CF100004F0CAFA012802D03A4801F0B7FC33788D
:10CF2000022B10D138483949006800231A4604F012
:10CF3000BBFA0128014602D0354801F0A7FC33783E
:10CF4000022B08BF01344C4511D398E80F00314C37
:10CF500084E80F003048002300681A46211F04F0BF
:10CF6000A3FA012802D02D4801F090FC00243B7860
:10CF700053B19C2003F050FF20E74FF019090EE752
:10CF8000274882E7274896E70D4B9FED277AD3ED98
:10CF9000006ADFED267AE6EE877A4FF47A70B7EE14
:10CFA000007A77EE877AFCEEE77A17EE903A9B02EA
:10CFB000B3FBF0F0DEE700BFD1740100E00D00200C
:10CFC000740D00202C000020EC0E0020EF710100F9
:10CFD000CC0D0020206A0100E00E00203672010016
:10CFE0008072010040180020C97201001573010011
:10CFF000501800203A7301007C730100BC730100DB
:10D00000D00D0020F4730100680E0020F00E002007
:10D0100033740100C80E0020AC0E00208C74010097
:10D0200097730100D373010000007A44000040C2EE
:10D03000E40E0020E80E002070470000023808B51A
:10D040000C2815D8DFE800F0070C141414141C2A5F
:10D050003714140E15001B48BDE8084001F016BC3B
:10D060001948F9E7194801F011FC194B01221A700F
:10D0700008BD184801F00AFCBDE80840F5F7F8BF04
:10D08000154801F003FC154B01221A70FCF74EFA0B
:10D090000028EDD1BDE80840F5F7E8BF104801F0E1
:10D0A000F5FBF6F713F80F4A002313700B4A1370C1
:10D0B000074A1370DCE70C4801F0E8FBBDE80840C4
:10D0C000F5F7E6BFD5740100E5740100F3740100C3
:10D0D00044180020017501000F7501003A18002066
:10D0E000247501003B18002038750100F8B504468E
:10D0F00059B1022921D1114801F0C8FBBDE8F8401F
:10D100000F4910480122FAF78DB8FAF786F8014660
:10D110000D480B4F0D4E0B4D01F0B8FB2046FAF7B2
:10D1200077F83A780146304601F0B0FB0449012215
:10D130002846FAF777F80028F0D0F8BD44750100CA
:10D1400034180020947801005675010069750100BB
:10D150002DE9F743012341488DF800300023006892
:10D160001A46694604F0A0F9012802D03C4801F0B3
:10D170008DFB3C48002300681A46694604F094F988
:10D18000012802D0384801F081FB384800230068AC
:10D190001A46694604F088F9012802D0344801F0A3
:10D1A00075FB3448002300681A46694604F07CF990
:10D1B000012802D0304801F069FB0024DFF8C0806C
:10D1C000DFF8C09025462646274647B13EB135B127
:10D1D0002CB12A4B01221A7003B0BDE8F083D8F8B5
:10D1E000000004F0A3FB0028EFD0D8F800000022D4
:10D1F00001A904F055FA012803D0484601F046FB86
:10D20000E3E79DF80430013B052BDED801A252F87C
:10D2100023F000BF2DD2000039D20000CBD1000096
:10D2200051D20000CBD1000045D200009DF805305E
:10D23000002B18BF1F46C8E79DF80530002B18BF0C
:10D240001E46C2E79DF80530002B18BF1D46BCE7FF
:10D250009DF80530002B18BF1C46B6E7F00D0020E6
:10D26000817501006C0E0020C3750100B818002004
:10D2700004760100E80E0020427601004C180020E0
:10D28000401800208376010038B51B4B1B780546FB
:10D290000C460BB100F044FEFAF71AF81748F5F700
:10D2A0004BFE18B1164AE421F4F79EFD154BF5B17B
:10D2B000012215481A70F5F713FF18B1104AEA2138
:10D2C000F4F792FD114BA4B1012211481A70F5F741
:10D2D00007FF18B10A4AF421F4F786FDF5F7A8FE16
:10D2E00048B1BDE83840064AFD21F4F77DBD1D7008
:10D2F000E8E71C70F2E738BDB41D0020007901009A
:10D30000C2760100000F002094780100361800203A
:10D31000B878010008B5054801F0B8FAF5F7D6FE6F
:10D3200001F030F8024B00221A7008BDF9760100B6
:10D33000441800202DE9F74F662003F06DFD434BA4
:10D340001B781BB901210846FFF79EFF0024DFF878
:10D350001C91DFF81C81DFF81CA1274626462546D4
:10D36000F6F7ACF90028FBD199F80030ABB19AF888
:10D37000003093B198F800307BB9354B93F800B08A
:10D38000BBF1000F09D1334B1B78012B05D1FFF7FF
:10D39000DFFE5C465F465E465D4698F80030002B37
:10D3A0004FD0DFF8D4B0DBF8000004F0BFFA08B3C8
:10D3B000DBF80000002201A904F072F9012802D074
:10D3C000254801F063FA9DF80430013B052B11D884
:10D3D000DFE803F00822103010293546C0E73E464A
:10D3E0003D46BDE79DF805301C48002B18BF1D4683
:10D3F00001F04CFA002DB3D0002EB1D0002FECD0AC
:10D40000002CECD0002388F80030114B01221A7058
:10D41000274626462546A3E79DF805301048002BF1
:10D4200018BF1E46E4E79DF805300E48002B18BFD4
:10D430001F46DDE79DF805300B48002B18BF1C4642
:10D44000D6E7322003F0E8FC8AE700BF441800204A
:10D450003B180020351800202D7701006D77010062
:10D4600091770100B4770100D477010036180020CD
:10D470004C1800203A180020501800202DE9F341E4
:10D480000523244D244E8DF8063000238DF80730F7
:10D49000224F234CDFF8A08001232B7033703868B3
:10D4A0004FF0FF32214604F0FBF8012802D040463D
:10D4B00001F0ECF92378FBB9A37833702B78012BBA
:10D4C0001FD11848002300681A460DF1060103F029
:10D4D000EBFF012802D0144801F0D8F9134B4FF0AC
:10D4E000FF3218680DF1070104F0DAF80128D6D0F0
:10D4F0000F4801F0CBF9D2E7012B04BF63782B7002
:10D50000DCE7022BCBD10B4B1B78002BD9D0FFF7DC
:10D5100001FFD6E735180020010F00204818002031
:10D5200037180020CC0D0020206A01003C18002094
:10D530003B78010044180020F77701000023436185
:10D540008361C361064BC3604FF07E5380ED080AD0
:10D55000C0ED000A80ED011AC0ED021A03617047A8
:10D560000000164390ED087AD0ED056A90ED016A4F
:10D57000D0ED007A37EE407AE6EE076A67EE277A5A
:10D5800090ED037AC0ED056AF4EEC76AF1EE10FA89
:10D5900020DD80ED057AD0ED066AD0ED055A90EDDC
:10D5A000026A70EE666A77EEA57AE6EE667AB4EE07
:10D5B000E77AF1EE10FA08D490ED047AB4EEE77A47
:10D5C000F1EE10FAD8BFB0EE677A80ED077A80ED01
:10D5D000060A704790ED046AF4EEC66AF1EE10FA9E
:10D5E00048BF80ED056AD6E7014B01221A707047EB
:10D5F000B4180020014B01221A707047B5180020A2
:10D6000070B5174C0FCC8AB06D460FC554F8043B6B
:10D610002B600FCC05AD0FC540F201162368114AEF
:10D620001148ADF8086069462B60ADF81C60F8F74A
:10D63000A3FE18B10D4A2E21F4F7D6FB0C4A0D4873
:10D6400005A9F8F799FE18B1084A3121F4F7CCFB87
:10D650000548F9F721F80748F9F71EF80AB070BD38
:10D660002C7A0100E9D50000587A01000C790100FC
:10D67000F5D50000607A0100044B00281860044BC7
:10D68000D4BF002001201870704700BFBC180020D4
:10D69000C0180020044B00281860044BD4BF0020A1
:10D6A00001201870704700BF54180020581800203F
:10D6B000044B00281860044BD4BF002001201870D0
:10D6C000704700BF5C18002060180020044B002841
:10D6D0001860044BD4BF002001201870704700BFB1
:10D6E00064180020681800202DE9F04F604B614D50
:10D6F0001A8D614E5B8D614FDFF8B881DFF8B8910C
:10D700005F4C85B0ADF80C30ADF80820FFF778FF1E
:10D710002A885C480021F8F725FE32885948012103
:10D72000F8F720FE3A8858480021F8F71BFEB8F8B1
:10D73000002055480121F8F715FE99F80030002B1C
:10D7400043D1524A1278002A3FD1514A1278002A16
:10D750003BD1504A92F800B0BBF1000F35D1DFF851
:10D760005CA1642003F058FBDAF8000004F0DEF856
:10D770000028E2D0DAF800005A4601A903F090FF31
:10D78000012802D0444801F081F844480023006891
:10D790001A4602A903F088FE012802D0404801F091
:10D7A00075F8404801F072F84FF4705003F034FB04
:10D7B0003D48002300681A4603A903F075FE0128BE
:10D7C000BBD03A4801F062F8B7E72278002A32D09D
:10D7D000DFF8B8A013B99AF8002072B100212170C7
:10D7E0001BB12A882748F8F7BDFD9AF8003023B10D
:10D7F000328824480121F8F7B5FD2D4B1A7832B351
:10D80000234ADFF890A012781AB99AF8001000297C
:10D8100093D0002119701AB13A881B48F8F7A2FD7D
:10D820009AF80030002B88D0B8F800201648012163
:10D83000F8F798FD81E72278002ADED11BB9134B57
:10D840001B78002BD9D0052003F0E6FAD5E71B782A
:10D85000002B7FF472AF0E4B1B7823B90D4B1B7856
:10D86000002B3FF46AAF052003F0D6FA65E700BF4E
:10D870002C7A0100BC180020541800205C180020ED
:10D88000B4180020587A0100607A0100581800206E
:10D89000601800206818002043790100401800201B
:10D8A00085790100CD79010050180020EE79010042
:10D8B000B518002064180020C0180020B8180020F7
:10D8C000704707B500200DF10601FDF717F9BDF906
:10D8D0000600B0F5167FACBF0020012003B05DF854
:10D8E00004FB00001FB50E4A10685168127A01ABA4
:10D8F00003C30C490C481A70FDF726F818B10B4AFF
:10D900001B21F4F771FA01A90020FDF77BF818B18B
:10D91000064A1F21F4F768FA05B05DF804FB00BF62
:10D92000AF7A0100C1D80000B87A0100787A01000E
:10D930000268530910B5044618D0012B4FF6FF7347
:10D9400018BF002302F01F02D340DB0704D40949AB
:10D950004FF4F670F7F7CCFD23681F2B83BF03F05D
:10D960001F03054823604FF0A04010BD4FF0FF3368
:10D97000E8E700BFB74201000003005070B501287E
:10D9800086B004460D46164641D8002B0CBF4FF01A
:10D99000CC734FF0CD631F4804930223ADF81430CD
:10D9A0000023CDE9022100EB04101A4602A98DF8EC
:10D9B0001630FDF733FD18B1174A3221F4F714FA87
:10D9C00001A80196FFF7B4FF019B03F5E0730C2655
:10D9D00040F8236001A80195FFF7AAFF019B0F4DB6
:10D9E00003F5E073032240F823600021012003F0D7
:10D9F0003BFD45F8240018B907494420F7F778FDA6
:10DA0000002355F824001A46194603F04DFD06B0D0
:10DA100070BD00BF007B0100BC7A0100C41800206B
:10DA20002DE9F74FDFF898B0BDF830A08BF8002053
:10DA300006460F469946BAF1000F38D0DFF88480C9
:10DA40004FF0FF3158F8200003F0BEFE01280546D4
:10DA50002FD1194C04EB061404342046FDF786FB45
:10DA600000952B465A4639462046FDF753FC18B11F
:10DA7000124A5821F4F7B8F95FFA8AF34A46394650
:10DA80002046FDF75DFC054618B10C4A5A21F4F713
:10DA9000ABF92046FDF78AFB002358F826001A460A
:10DAA000194603F001FD284603B0BDE8F08F0925B3
:10DAB000F9E71125F7E700BF007B0100BC7A010000
:10DAC000CD180020C41800202DE9F74FDFF89CB0D6
:10DAD000BDF830A08BF8002006460F469946BAF1F3
:10DAE000000F3AD0DFF888804FF0FF3158F820005F
:10DAF00003F06AFE0128054631D11A4C04EB0614E6
:10DB000004342046FDF732FB00952B465A46394631
:10DB10002046FDF7FFFB18B1134A7221F4F764F9B0
:10DB2000002300934A465FFA8AF339462046FDF700
:10DB3000F1FB054618B10C4A7421F4F755F920465B
:10DB4000FDF734FB002358F826001A46194603F067
:10DB5000ABFC284603B0BDE8F08F0925F9E7112595
:10DB6000F7E700BF007B0100BC7A0100CC18002061
:10DB7000C418002073B5104C267800250A462946A3
:10DB800016B1022002B070BD03289FBF0B490D5C87
:10DB90000B49095C9DF81800009001262846267064
:10DBA000FFF73EFF28B1002311282370E9D00120A0
:10DBB000E8E72070E6E700BFF6180020207B0100B0
:10DBC000287B010073B5134C23780025294613B137
:10DBD000022002B070BD012323700F4B03284FF0C9
:10DBE00048021A709EBF0D4B1D5C0D4B4FF0010695
:10DBF00098BF195C0096084B48222846FFF764FF3F
:10DC000028B1002311282370E2D03046E1E72070CC
:10DC1000DFE700BFF6180020F7180020207B010086
:10DC2000247B0100000000002DE9F04F2DED048B56
:10DC300089B0032303910093052207AB002182469C
:10DC4000FFF798FF9DF81D30DFF80C9205469DF810
:10DC50001C001B0203EB00439DF81E00184404F057
:10DC600063FE7B4B002204F001FC04F035FE83468A
:10DC70000A2000FB0AFA09EB0A046FF00108208968
:10DC80009FED619B08FB00F004F03AFEB0EE490AFC
:10DC9000F0EE690A9FED5E1BCDE9040105F028F95D
:10DCA000DDE9040153EC102B04F0E0FB0646584676
:10DCB0000F4604F039FE9FED581B41EC100B41EC70
:10DCC000180B05F015F9304653EC102B394604F0CB
:10DCD000CDFB0646E08880000F4604F011FEB0EE52
:10DCE000490AF0EE690A9FED4E1BCDE9040105F0EB
:10DCF000FFF8DDE9040153EC102B04F0B7FBB0EEA4
:10DD0000480AF0EE680A9FED481BCDE9040105F0D2
:10DD1000EFF8DDE9040153EC102B04F0A7FB3246C9
:10DD20003B4604F07DFA0646A08808FB00F00F464B
:10DD300004F0E6FDB0EE490AF0EE690A9FED3C1BE7
:10DD4000CDE9040105F0D4F8DDE9040153EC102B12
:10DD500004F08CFBB0EE480AF0EE680A9FED361B2B
:10DD6000CDE9040105F0C4F8DDE9040153EC102B02
:10DD700004F07CFB32463B4604F052FA06466088CB
:10DD80000F4604F0BDFDB0EE490AF0EE690A9FEDC2
:10DD90002C1BCDE9040105F0ABF8DDE9040153ECDF
:10DDA000102B04F063FB53EC182B04F05FFB32469E
:10DDB0003B4604F035FA064639F80A000F4604F0EF
:10DDC0009FFD244B002204F051FBB0EE490AF0EE17
:10DDD000690A9FED1D1BCDE9040105F089F8DDE915
:10DDE000040153EC102B04F041FB3B46324604F097
:10DDF00017FA039BC3E90001284609B0BDEC048B68
:10DE0000BDE8F08FAFF30080000000000000244068
:10DE100000000000000035C00000000000001040BD
:10DE200000000000000030C00000000000000840BA
:10DE300000000000000026C00000000000000040BC
:10DE400000000000000018C000000000000000C03A
:10DE50000000703F0000F8BFCE1800207FB50225FB
:10DE600003AB00950322AA210446FFF783FE9DF829
:10DE70000C009DF80D2020490A23634302EB002289
:10DE8000CE18CA52204603AB00950322A821FFF703
:10DE900071FE9DF80C209DF80D3003EB022373807A
:10DEA000032203AB0095A6212046FFF763FE9DF8F1
:10DEB0000C209DF80D3003EB0223B380032203AB4B
:10DEC0000095A4212046FFF755FE9DF80C209DF8F3
:10DED0000D3003EB0223F380032203AB0095A22154
:10DEE0002046FFF747FE9DF80C209DF80D3003EB10
:10DEF0000223338104B070BDCE18002002490348CC
:10DF0000012201F01DBF00BF7E410100601B002007
:10DF100000220249104601F013BF00BF7E410100FC
:10DF200008B5FFF7F5FF002000F068FD034B04483B
:10DF300000221A70BDE8084000F0A8BCB41D002003
:10DF40002C7B010008B5FFF7D9FF38B90449054813
:10DF500002F0EBF910B9044802F0BAF908BD00BFAD
:10DF60005C7B010004190020AA7B010007B5019029
:10DF7000FFF7E8FFB0B901990C48062201F006FF4F
:10DF800080B90B4B0B490948352202F08CF848B98F
:10DF9000064802F090F928B9074803B05DF804EB91
:10DFA00002F096B903B05DF804FB00BF38190020F9
:10DFB000F8180020AF7B0100E57B010073B5064631
:10DFC0000C461546FFF7BEFF98B90B483222314682
:10DFD00001F0DCFE68B9084801AB2A46214602F090
:10DFE00062F830B9044802F066F910B9034802F04B
:10DFF0006FF902B070BD00BF38190020E57B010049
:10E0000000B5B1488FB002F063F9002840F02981D3
:10E01000AE49AF48062201F0B9FE082800F0218180
:10E0200091A3D3E90023AB4901A805F042FA6B465E
:10E03000024601A9A64802F036F8002840F01181F6
:10E04000A54BA649002201A805F033FA6B4602460B
:10E0500001A99F4802F027F8002840F00281A0495A
:10E060001E2201A805F025FA6B46024601A9984830
:10E0700002F019F8002840F0F4809A49032201A820
:10E0800005F017FA6B46024601A9914802F00BF819
:10E09000002840F0E6809449142201A805F009FA0E
:10E0A0006B46024601A98A4801F0FDFF002840F0B6
:10E0B000D8808E4B8E49002201A805F0FAF96B46F4
:10E0C000024601A9824801F0EEFF002840F0C98015
:10E0D000884B8949002201A805F0EBF96B460246FE
:10E0E00001A97B4801F0DFFF002840F0BA80834B94
:10E0F0008349002201A805F0DCF96B46024601A91C
:10E10000734801F0D0FF002840F0AB8058A3D3E95A
:10E1100000237C4901A805F0CCF96B46024601A911
:10E120006B4801F0C0FF002840F09B8052A3D3E968
:10E130000023754901A805F0BCF96B46024601A908
:10E14000634801F0B0FF002840F08B804CA3D3E976
:10E1500000236E4901A805F0ACF96B46024601A9FF
:10E160005B4801F0A0FF00287BD147A3D3E900233F
:10E17000674901A805F09DF96B46024601A954487C
:10E1800001F091FF00286CD141A3D3E9002361493C
:10E1900001A805F08EF96B46024601A94C4801F032
:10E1A00082FF00285DD13CA3D3E900235A4901A88E
:10E1B00005F07FF96B46024601A9454801F073FF5F
:10E1C00000284ED136A3D3E90023544901A805F015
:10E1D00070F96B46024601A93D4801F064FF002832
:10E1E0003FD131A3D3E900234D4901A805F061F9DE
:10E1F0006B46024601A9364801F055FF002830D190
:10E200002BA3D3E90023474901A805F052F96B4637
:10E21000024601A92E4801F046FF10BB26A3D3E910
:10E220000023414901A805F044F96B46024601A9C3
:10E23000274801F038FFA0B921A3D3E900233B49C7
:10E2400001A805F036F96B46024601A9204801F005
:10E250002AFF30B91E4802F02EF810B9344802F0F7
:10E2600037F80FB05DF804FB9A9999999999C93FCD
:10E270001B2FDD240681953F0AD7A3703D0A02407B
:10E280007B14AE47E17A0140FCA9F1D24D62903F88
:10E2900054E3A59BC420F43F60E5D022DBF90040A5
:10E2A000FA7E6ABC7493883F3BDF4F8D976EF43FD4
:10E2B000A8C64B378941014079E9263108AC8C3F2B
:10E2C000FED478E92631F43FE87B0100EF7B0100C2
:10E2D00038190020FA7B0100000014400D7C010079
:10E2E000217C0100377C01004F7C0100004055403B
:10E2F000677C0100004050407D7C0100000002402E
:10E300009B7C0100AB7C0100BB7C0100CB7C01004D
:10E31000DA7C0100E97C0100F87C0100077D010046
:10E32000167D0100257D0100347D0100437D010043
:10E33000E57B010008B50D4802F02BF810B90C4838
:10E3400000F0A4FA0B4802F024F810B90A4800F0D3
:10E350009DFAFFF755FE20B90848BDE8084000F0D7
:10E3600095BA082801D00648F7E708BDAA7B010046
:10E37000527D0100E87B01006A7D0100847D01007F
:10E38000D87D010038B54FF40E7200211D481E4D96
:10E3900005F04BFA1D48012100F0B4FC03242B7852
:10E3A0001BBB1B4B1B485D691B4CA8474FF48013DC
:10E3B00042681848B3FBF2F32360A847236801685A
:10E3C000B1FBF3F1154B1648196000F05FFAFFF747
:10E3D00095FD144B187010B1134800F057FAFFF771
:10E3E000A9FF124B01221A7038BD002000F0B6FAC6
:10E3F000013C2870D3D10028D3D00D4800F046FA54
:10E40000CFE700BF601B0020340000203800002050
:10E41000A84E0100B87E0100FC1800200019002061
:10E42000257E0100341900204B7E0100B41D002020
:10E43000057E0100000000002DE9F04706468EB081
:10E44000322004F04BFF0546FFF758FD0446002834
:10E4500064D17949794801F068FF044600285DD10C
:10E46000774801F035FF0446002857D175497648B2
:10E47000012201F08BFC044600284FD10FF2B019A5
:10E48000D9E90089714FDFF8D4A16F4A322101A880
:10E4900002F036F8394601A805F05AF8514602460E
:10E4A000284605F006F83946002005F051F8514697
:10E4B0000246284604F0FDFF631E2846112B0AD8A9
:10E4C000DFE803F030383C40444C545C646C747CAE
:10E4D000848C949CA4AC05F0D5F851EC100B04F09E
:10E4E0004BFA306004F02EFA42464B4604F0B2F983
:10E4F00020B1574800F0CAF9564B33600134132C51
:10E50000C3D1514801F0D7FE044638B9524801F052
:10E51000DFFE044610B9284604F028FF20460EB05E
:10E52000BDE8F08705F0AEF851EC100B04F024FACA
:10E530007060E3E705F095F87081DFE705F091F88A
:10E540003081DBE705F08DF8B081D7E705F09AF868
:10E5500051EC100B04F010FA3061CFE705F092F89F
:10E5600051EC100B04F008FA7061C7E705F08AF867
:10E5700051EC100B04F000FAB061BFE705F082F82F
:10E5800051EC100B04F0F8F9F061B7E705F07AF8F8
:10E5900051EC100B04F0F0F93062AFE705F072F8BF
:10E5A00051EC100B04F0E8F97062A7E705F06AF887
:10E5B00051EC100B04F0E0F9B0629FE705F062F84F
:10E5C00051EC100B04F0D8F9F06297E705F05AF817
:10E5D00051EC100B04F0D0F930638FE705F052F8DE
:10E5E00051EC100B04F0C8F9706387E705F04AF8A6
:10E5F00051EC100B04F0C0F9B0637FE705F042F86E
:10E6000051EC100B04F0B8F9F06377E705F03AF835
:10E6100051EC100B04F0B0F930646FE705F032F8FC
:10E6200051EC100B04F0A8F9706467E7AFF30080B9
:10E63000FA7E6ABC7493A83F5C7B01000419002039
:10E64000E87B0100EF7B010038190020657E0100A6
:10E65000677E0100A69B443DE57B010084410100EB
:10E66000030903EB830300F00F0000EB4300C0B28B
:10E67000704700001FB5072304460093042202AB35
:10E6800051210120FFF7CCF928B11B4800F0FEF81A
:10E69000002004B010BD9DF8080000F07F00FFF7D7
:10E6A000DFFF20709DF8090000F07F00FFF7D8FF22
:10E6B00060709DF80A0000F03F00FFF7D1FFA070E6
:10E6C0009DF80B0000F03F00FFF7CAFFE0709DF8D7
:10E6D0000C0000F00700FFF7C3FF20719DF80D004C
:10E6E00000F01F00FFF7BCFF60719DF80E00FFF700
:10E6F000B7FFA0710120CCE7D47E01000369C26896
:10E7000093429CBF80681B18013B981A70472DE903
:10E71000F843D0E902940546A9EB04084068904507
:10E7200020440F46144404D905F056F8EC60BDE8C7
:10E73000F8834246A4EB090405F04EF868682246C7
:10E7400007EB0801F0E72DE9F843C568064689465E
:10E7500017464FF000083469B3687068A54228BFB7
:10E76000E418013C621B5C1BBC4228BF3C4694423F
:10E7700028BF144649462844224605F02DF8B368C0
:10E780002544AB4208BF00253F1BA044A144F560CF
:10E79000E1D14046BDE8F88310B5114C114AA261A1
:10E7A0000223C4E90433104BE361A2644FF4007305
:10E7B0000E4A0F492362E26400231022E01DA36287
:10E7C0006362E362A3656365E365226505F060F853
:10E7D0000849204605F05CF82023A37110BD00BF56
:10E7E000B81D0020037F0100401E0020301E0020C5
:10E7F0000C7F0100107F010070B5164B182400FB40
:10E8000004451D4404FB00331646DC6A012C0ED07F
:10E81000022C18D0E4B92846FFF770FF864204D8CE
:10E8200032462846FFF773FF3446204670BD28461F
:10E83000FFF764FF8642344628BF04462246284636
:10E84000FFF765FFF1E72846BDE87040FFF77BBFA3
:10E850000024EAE7B81D002070B50B4B1B78044676
:10E860000D4616460BB9FFF797FF0020F6F74CFD53
:10E87000324629462046FFF7BFFF04460020F6F740
:10E8800053FD204670BD00BFB81D00200FB410B569
:10E89000A2B024AB802153F8042B019302A804F00A
:10E8A0008DFF802804460ADD802202A90020FFF7A0
:10E8B000D3FF204622B0BDE8104004B070470028C6
:10E8C000F7DD0246F1E720BF7047000038B50B4B7B
:10E8D0000D7A1B78AB420C4603D809493F20F6F766
:10E8E00007FE2378032B08D8064B1B680C2202FB7B
:10E8F000053362781A7200229A7238BD44200020D3
:10E90000177F01004020002003685B6910B50446B2
:10E9100023B905494FF4AA70F6F7EAFD23682046AB
:10E920005B69BDE810401847DF45010003681B69BB
:10E9300013B50A46044633B901914FF4A370064952
:10E94000F6F7D6FD019A23681B690021204602B024
:10E95000BDE81040184700BFDF450100F8B5214D64
:10E960002B6804461BB920495920F6F7C1FD1F4BFF
:10E970001B78A34234D904EB44032A689F0002EBBE
:10E980008303D659002E2BD05A7AD20702D4587A54
:10E99000C0B2F8BD5A680AB9154A5A6001229A7283
:10E9A00033681B681BB91349F020F6F7A1FD3368E3
:10E9B00011491B6822463046984720B12B683B44DA
:10E9C000E5E75B6898472B683B449A7A002AF8D1C0
:10E9D0001A7A002AF2D15A7A02F0FE025A72EDE750
:10E9E0000320D6E740200020177F010044200020AC
:10E9F000C7E80000DF450100CDE80000F8B5224D72
:10EA00002B6804461BB921498620F6F771FD204B7F
:10EA10001B78A34235D904EB44042B68A60003EB12
:10EA20008404985900282CD0617A11F0010102D099
:10EA3000607AC0B2F8BDFFF779FF164F2B689C597A
:10EA400023685B681BB93946FD20F6F751FD236842
:10EA500020465B6898471128F0D038B12B683344C2
:10EA60001A7A4AB1587AE4E75B6898472B683344CE
:10EA70009A7A002AF8D1F1E75A7A42F001025A72E2
:10EA8000F0E70320D6E700BF40200020177F0100F9
:10EA900044200020DF45010038B50B4D2B680446AB
:10EAA0001BB90A49B320F6F723FD094B1B78A34293
:10EAB00083BF286804EB440400EB8404012084BF76
:10EAC000607AC0B238BD00BF40200020177F01002F
:10EAD000442000202DE9FF472B4F1E463B6804468B
:10EAE000894692461BB92949BE20F6F701FD284BFD
:10EAF0001B78A34244D9002E42D004EB44043B6867
:10EB00004FEA840803EB840453F80850002D39D0F1
:10EB1000637ADB0736D40123CDF80C90A3722B68FF
:10EB20009B68CDE901A623B91A494FF48970F6F71D
:10EB3000DFFC2B685B6923B9164940F21310F6F726
:10EB4000D7FC2B68019C5B692846984703689C4268
:10EB500003D3012004B0BDE8F0872B6801A99B68AE
:10EB6000284698470028F4D13B6843449A7A22B952
:10EB7000187A003818BF0120ECE75B689847F3E784
:10EB80000420E7E70320E5E740200020177F01008D
:10EB900044200020DF4501002DE9FF472E4F1E468F
:10EBA0003B680446894692461BB92C49E520F6F796
:10EBB0009FFC2B4B1B78A34247D9002E45D004EB7A
:10EBC00044043B684FEA840803EB840453F808507C
:10EBD000002D3CD0637ADA0739D4637A5B0738D4E6
:10EBE0000123CDF80C90A3722B68DB68CDE901A658
:10EBF00023B91C494FF49770F6F77AFC2B685B69D0
:10EC000023B9184940F22F10F6F772FC2B68019CCB
:10EC10005B692846984703689C4203D3012004B0EF
:10EC2000BDE8F0872B6801A9DB68284698470028D3
:10EC3000F4D13B6843449A7A22B9187A003818BF55
:10EC40000120ECE75B689847F3E70420E7E703203F
:10EC5000E5E70220E3E700BF40200020177F010026
:10EC600044200020DF450100F7B5234E33680446F9
:10EC70000F46154623B921494FF48870F6F738FC42
:10EC80001F4B1B78A34231D9012F18D0022F22D05D
:10EC900001236FBB04EB44048DF80730A4003368F4
:10ECA0000DF107011859FFF741FE08B1112803D1F2
:10ECB0009DF80730002BF2D1384603B0F0BD336821
:10ECC00004EB440453F82400A0B1FFF71DFE0368D1
:10ECD0002B600027F0E7336804EB440453F824006A
:10ECE00040B1FFF711FE43682B80F2E70427E3E70A
:10ECF0001F46E1E70327DFE740200020177F0100E0
:10ED00004420002038B50D46044620B904494FF48C
:10ED1000A470F6F7EDFB034B1C60034B1D7038BD70
:10ED2000177F010040200020442000200068704729
:10ED30000B0A017043700B0C090E8370C170704791
:10ED4000024400F8011B9042FBD17047C3690239AD
:10ED5000023B8B4283BF4389006B01FB0300002011
:10ED60007047C2F307238A76CB760378032B01BF63
:10ED7000120C0A75120A4A75704700F10B01002245
:10ED8000D30143EA520310F8012B52FA83F388426D
:10ED9000DAB2F5D110467047026810B552B111468B
:10EDA0000B4611F8014B1F2C0CD93A2CF8D1511CF1
:10EDB0008B4202D04FF0FF3005E01278302AF9D1B3
:10EDC00001330360002010BD38B50D46044618B964
:10EDD000002309202B6038BD0368002BF8D01A7877
:10EDE000002AF5D0D98882889142F1D15878FFF76E
:10EDF00053FE10F00100EBD12368EBE701380A4421
:10EE000011F8013B00F8013F9142F9D170472DE91B
:10EE1000F041466B00F13808044601234078324641
:10EE20004146FFF7B9FE0546A8B9A36A226AE07019
:10EE3000F31A934202D2A778012F02D82846BDE8E0
:10EE4000F081236A60781E44324601234146FFF771
:10EE5000A3FE013FF0E70125F0E7C3780BB1FFF710
:10EE6000D6BF1846704738B5436B8B4205460C46F3
:10EE700010D0FFF7F2FF60B922466878012305F150
:10EE80003801FFF727FE00281CBF4FF0FF34012098
:10EE90006C6338BD0020FCE7002310B5C3704FF051
:10EEA000FF3343630446FFF7DEFF034618BBB4F8A5
:10EEB00036124AF6552291421FD194F83820E92A99
:10EEC00005D0A26B0F4902F0FF128A4217D104F15C
:10EED0006E00FFF72BFF0C4A20F07F40904208D0D5
:10EEE00004F18A00FFF722FF02F14C52904218BF52
:10EEF0000223184610BD0423FBE70323F9E702238E
:10EF0000F7E700BFEB009000464154002DE9FF41B8
:10EF100000230B600F461546FFF73EFF061EC0F2AA
:10EF200014818D4B53F82640002C00F010813C607A
:10EF3000237805F0FE056BB16078FFF7ADFDC107E2
:10EF400008D41DB110F0040500D00A25284604B0ED
:10EF5000BDE8F0810023F0B223706070FFF7FEFC83
:10EF6000C20700F1F6800DB14307EED40021204620
:10EF7000FFF792FF022840F0CC806F4604F5FF7344
:10EF800004F23E213A4613F8040C10B11846FFF77C
:10EF9000CDFE10338B4242F8040BF4D1002557F814
:10EFA000046B002E00F0AC8031462046FFF774FF62
:10EFB000012800F2A680B4F84330B3F5007F40F09A
:10EFC000AC80B4F84E1021B904F15C00FFF7AEFE3E
:10EFD000014694F8483021625A1E012AA37000F2BB
:10EFE0009C8094F845506581002D00F096806A1E43
:10EFF0002A4240F09280B4F84980A4F8088018F0C2
:10F000000F0F40F08A80B4F84B0018B904F1580093
:10F01000FFF78CFEB4F84670002F7ED001FB03FE94
:10F0200007EB181CF444604577D3A0EB0C02AA420E
:10F03000B2FBF5F371D34FF6F572934271D840F6F7
:10F04000F575AB428CBF02250125023337440CEB2A
:10F050000602032DE3616662A762226363D1B4F8FE
:10F06000622052EA080258D104F16400FFF75EFE04
:10F070009B00E06203F2FF13B1EB532F4DD34FF02F
:10F08000FF33C4E90433032D4FF0800323712BD1E8
:10F09000B4F86830012B27D1711C2046FFF7E3FE3E
:10F0A00010BBB4F8362220714AF655239A421BD180
:10F0B00004F13800FFF73AFE284B984214D104F5CA
:10F0C0000770FFF733FE03F1FF5303F500532033BE
:10F0D000984209D104F50870FFF728FE606104F535
:10F0E0000970FFF723FE20611D4A25701388013344
:10F0F0009BB21380E38000251A4BE360A56125E7EE
:10F1000003200135042D7FF44AAF042805D10125E1
:10F110001CE70428FBD0012801D90D2516E700269D
:10F1200049E7032591E7B8F1000FF6D0022D4FEA29
:10F13000430218BFD218774418BF03F00103E762F7
:10F140000CBF134603EB520394E70B25FEE60C2598
:10F15000FCE60325FAE600BF482000205252614138
:10F160004C2000204E20002001292DE9F0470646C2
:10F170000C46174673D9C3698B4270D90378022BAA
:10F180003FD0032B50D0012B69D101EB5108816A8C
:10F1900001EB5821FFF767FE054638BB06F1380939
:10F1A00008F1010AC8F3080814F001041FBF19F898
:10F1B000083003F00F023B0103F0F00314BF1343C8
:10F1C000FBB209F80830B16A0123F37001EB5A2150
:10F1D0003046FFF748FE054640B9CAF3080A44B175
:10F1E000C7F3071709F80A700123F3702846BDE832
:10F1F000F08719F80A30C7F3032723F00F031F43E2
:10F20000F0E7816A01EB1421FFF72DFE0546002887
:10F21000ECD1640006F1380304F4FF7418191F558B
:10F22000C7F307274770DFE7816A01EBD411FFF7C7
:10F230001AFE05460028D9D1A40006F1380304F4CB
:10F24000FE741C442046FFF771FD27F0704700F064
:10F25000704047EA00012046FFF76AFDC4E7022537
:10F26000C4E7F8B50446FFF7F8FD0546002842D18B
:10F270002378032B37D12779012F34D104F13806B5
:10F2800001464FF4007230465523FFF759FD84F8CC
:10F290003632AA2384F8373252234122722184F86D
:10F2A000383084F83930612384F83A3084F81F32DA
:10F2B00084F83B2084F81C1284F81D1284F81E2266
:10F2C000616904F50870FFF733FD216904F50970E1
:10F2D000FFF72EFD626A6078013262633B46314679
:10F2E000FFF75AFC2571002260781146FFF7BCFC3D
:10F2F000003818BF0120F8BD03284B8B04BF8A8A51
:10F3000043EA0243184670470129F8B506460C4601
:10F310004ED9C36999424BD20378022B29D0032BD3
:10F3200034D0012B44D101EB5105816A01EB552109
:10F33000FFF799FD10B14FF0FF30F8BD6F1CB16AB7
:10F34000C5F30805354401EB5721304695F8385090
:10F35000FFF789FD0028EED1C7F308073E44E30715
:10F3600096F8380045EA00204CBF0009C0F30B00B6
:10F37000E3E7816A01EB1421FFF775FD0028DAD17C
:10F38000640004F4FF742644308FD6E7816A01EBF1
:10F39000D411FFF768FD0028CDD1A40006F1380094
:10F3A00004F4FE742044FFF7C1FC20F07040C4E771
:10F3B0000120C2E737B50C46012C054611462BD972
:10F3C000C3699C4228D222B14FF0FF32FFF7CCFE36
:10F3D00040B9214628460194FFF796FF019904465B
:10F3E00010B9002003B030BD012815D0431C15D042
:10F3F00000222846FFF7B8FE0028F3D1EA696B69BE
:10F40000911E8B4205D201336B612B7943F00103CE
:10F410002B719442DDD3E4E70220E3E70120E1E72A
:10F42000F8B505460F4671B90669DEB1C3699E425B
:10F4300028BF01263446EB6901349C4215D3012EC6
:10F4400012D8002405E0FFF75FFF0128044602D828
:10F4500001242046F8BD431C2FD0EB699842F8D315
:10F460003E46E7E70126E5E7022421462846FFF766
:10F470004BFF30B10128EBD001301ED0A642DAD1CB
:10F48000DFE74FF0FF3221462846FFF76DFE90B9C7
:10F4900057B9EA696B692C61023A934210D32B7910
:10F4A00043F001032B71D4E7224639462846FFF783
:10F4B0005BFE0028EDD00128CAD14FF0FF34C8E729
:10F4C000013B6B61EBE7B1F5001FF8B506460C4652
:10F4D00001D30220F8BDCA06FBD18268056801612C
:10F4E000CAB92B78022B01D9EB6A9BB92B89B3EBF4
:10F4F000541FEED9EB6AB361B3697261002BE8D097
:10F5000003EB54233835C4F308042C44B361F4618D
:10F510000020DFE71A466F897F02BC42114604D201
:10F520002846FFF713FCB061E6E73068FFF7ECFE12
:10F53000431C024606D00128CBD9EB698342C8D9C7
:10F54000E41BEAE70120C5E703692DE9F04703F171
:10F550002008836905468A4693B1B8F5001F0FD28B
:10F56000C8F308090468B9F1000F4DD141690133AE
:10F57000836139B92389B3EB581F45D80023AB61A8
:10F5800004200BE06789013F17EA58273CD1204649
:10F59000FFF7BAFE0128064602D80220BDE8F08730
:10F5A000421C01D10120F9E7E369834226D8BAF170
:10F5B000000FE3D069692868FFF732FF064600288C
:10F5C00035D00128E9D0431CECD02046FFF745FC9C
:10F5D00001460028E6D104F138004FF40072FFF72D
:10F5E000AFFB31462046FFF7B1FB4FF0010A6063E5
:10F5F00063899F420FD3636BDB1B63636E6131468C
:10F600002046FFF7A3FBA86138344C44C5F81080AE
:10F61000EC610020C2E784F803A02046FFF7F7FB67
:10F620000028BFD1636B013301376363E0E7072034
:10F63000B4E700002DE9F04F002185B0D0F800B00C
:10F640000446FFF740FF0646002840F098804FF040
:10F65000FF3A4FF0FF08C4F82CA0C146A1695846F4
:10F66000FFF701FC0646002840F08980E5692F7805
:10F67000002F00F08880EA7AE52F02F03F03A371A3
:10F6800003D0100704D50F2B04D0C4F82CA050E0F1
:10F690000F2B56D194F82B30590640D47A0646D514
:10F6A000236995F80D80E36207F0BF076B7B434544
:10F6B0003FD16B8B002B3CD12E78DBF80C300093C4
:10F6C00006F03F06013E0D23DFF8C4905E430122A1
:10F6D00019F8013BEB5A7AB3FE2E2AD81846039349
:10F6E00000F056FF009B0290711C33F81600019148
:10F6F00000F04EFF029A82421BD1039B01991A46E9
:10F700000E46224B9945E3D12B785B0604D51AB1FE
:10F71000009B33F8163063B9013F5FFA87F9002187
:10F720002046FFF711FF0646002897D027E0B9458D
:10F73000BCD04FF0FF09F2E74FF6FF718B42E0D0EB
:10F74000F7E7B9F1000F04D12846FFF716FB404553
:10F7500015D094F82B6016F0010696D104F1200222
:10F7600005F10B0115F8013B12F8010B8D42A3EBDB
:10F77000000302D0002BF5D087E7002B85D130465F
:10F7800005B0BDE8F08F0426F9E700BF897F0100CE
:10F790007C7F01002DE9F04F90F82B5015F0A0056B
:10F7A00089B0044640F09C800668F26832F8153053
:10F7B000002B64D104F120070C22394605A8FFF77D
:10F7C0001DFB9DF81F30DB0740F193804023DFF8DD
:10F7D000588284F82B304FF0010A0B2205A93846D5
:10F7E000D6F80C90FFF70AFBBAF1050F58D9A9F12A
:10F7F0000201534631F8022F002A42D10DF1130CB9
:10F80000072203F00F0101F13000392888BF01F110
:10F8100037000F2B0CF8010902F1FF314FEA1310EA
:10F8200040D808AB0B447E2003F8140CA2F1020C64
:10F830000023994202D9FA5C202A36D104F11F0034
:10F8400007299CBF08AA521803F1010396BF12F8BA
:10F85000142C20220131072BC254F1D92046FFF786
:10F86000E9FE814600283ED10AF1010ABAF1640F8F
:10F87000B3D14FF00709484609B0BDE8F08F013514
:10F8800094E7102002F0010C0CEB430313F4803FCB
:10F8900018BF83EA080301384FEA5202F2D1A9E700
:10F8A0005346ABE70A460346ABE702F17F00C0B21E
:10F8B0001E2803D92032D2B21C2A04D89C4503F159
:10F8C0000102BBD013460133B3E780460121204635
:10F8D000FFF73AFE814610B3B9F1040FC9D0CAE769
:10F8E0004FF00609C7E70428C5D19DF81F3084F8FA
:10F8F0002B309DF81F30D4F800A09B0748BF0C3573
:10F900004FF00001204649BF0D230125B5FBF3F55B
:10F910000135FFF7D8FD81460028DDD18046A16979
:10F920005046FFF7A0FA81460028D5D1E3691B783D
:10F93000E52B01D0002BC8D108F101084545C5D100
:10F94000013D55D021692046A1EB4511FFF7BBFDD4
:10F95000814600288FD13846FFF70FFA4FF6FF781F
:10F960000190A1693046FFF77EFA8146002882D1D6
:10F97000E369019AD6F80CE05A73E9B24FF00F022E
:10F980004FF00D0CDA72DFF8A4A018734A1E0CFBBE
:10F9900002F29876D87684461AF8019B404518BF43
:10F9A0003EF8120003F8090003EB090B0CF1010CFF
:10F9B00018BF01324FEA1029002808BF4046BCF1A9
:10F9C0000D0F8BF80190E7D1404502D03EF8122090
:10F9D0000AB941F0400119700123F370002120465B
:10F9E000FFF7B2FD814600287FF445AF013DB8D155
:10F9F000A1693046FFF737FA814600287FF43BAF14
:10FA000001462022E069FFF79BF90B22E0693946A5
:10FA1000FFF7F4F994F82B30E26903F0180313733D
:10FA20000123F37027E700BF211001007C7F010054
:10FA30002DE9F74F0B78D0F800B02F2B06468846FB
:10FA400001D05C2B0AD1424613782F2B904602F14D
:10FA50000102F9D05C2BF7D0002301E0DBF818306D
:10FA6000B36098F800301F2B00F20581802300213D
:10FA7000304686F82B3003B0BDE8F04FFFF723BDCA
:10FA8000013309E1FF2D17D002F17F01C9B21E2910
:10FA900003D92032D2B21C2A10D818F80330A3F1AF
:10FAA000400203EB00203E2A04F1020480B206D992
:10FAB00083F080037C2B02D9062029E11C4601211A
:10FAC00000F042FD0028F7D07F2806D89A4A12F8A5
:10FAD000013B13B18342FAD1EEE72AF81500013554
:10FAE000CEE0022D04D1BAF802302E2B00F0E480D3
:10FAF000AAF1020275BB4FF000032AF81530002D61
:10FB0000DAD0202170180B22FFF71AF900213AF8F9
:10FB10001130202B26D02E2B24D009B144F0030421
:10FB2000AAF1020232F815302E2B01D0013DF9D195
:10FB30004FF0000908234F463AF811004A1CF8B16B
:10FB4000202803D02E280FD1AA4211D044F003045C
:10FB50001146F1E732F81530202B01D02E2BCAD1F7
:10FB6000013DC7E70131D2E7994504D2AA4236D117
:10FB70000B2B2DD101E00B2B25D144F003040B23DB
:10FB800096F82020E52A04BF052286F82020082BBD
:10FB900004BFBF00FFB207F00C030C2B03D007F02B
:10FBA0000302032A01D144F00204A00700F19B8064
:10FBB00007F00307012F08BF44F01004042B08BF0F
:10FBC00044F008048FE0AA4202D044F00304D7D8DE
:10FBD000BF00FFB22A460B234FF00809B8E77F2881
:10FBE00026D9CDE9002300F0D3FC002100F0ACFCC5
:10FBF000FF28DDE9002344F0020117D903F1FF3C9F
:10FC0000E14503D344F003049946A1E706EB090458
:10FC10004FEA102C84F820C009F101090C4606EBCC
:10FC2000090109F1010981F8200091E70C4638B17A
:10FC3000DFF808C11CF8011B00296ED08142F9D100
:10FC400044F003045F20EAE747F00207E7E7002AF1
:10FC500008BF05205CE05A075AD4B379DB065AD5B1
:10FC600031699BF800000BF13803C1F30801194416
:10FC7000FFF742FBB06033680025D3F80CA02C4698
:10FC800018F804201F2A04F1010310460CD92F2A6A
:10FC900002D05C2A7FF4F6AE18F803202F2A3FF436
:10FCA000EFAE5C2A3FF4ECAE202834BF04240024DD
:10FCB000012D98447FF415AFBAF800302E2B7FF455
:10FCC00017AF4FF000032AF8153006F12002002389
:10FCD0009D428CBF2E21202101330B2B02F8011BEA
:10FCE000F6D144F0200486F82B403046FFF7A2FC02
:10FCF00096F82B300028AED0042809D1990603F0DD
:10FD00000402A4D5002AB6D0802386F82B30002028
:10FD100003B0BDE8F08F0520FAE7A0F1410189B2F8
:10FD2000192991D9A0F1610189B219299EBF203802
:10FD300047F0010780B272E76C7F0100757F010018
:10FD40001FB5CDE9001003A814460391FFF724F86E
:10FD5000031E15DB0C4A52F8231009B1002008706D
:10FD6000019808B10021017042F8230030B1012C44
:10FD700008D1002201A96846FFF7C8F804B010BDF9
:10FD80000B20FBE70020F9E7482000202DE9F04395
:10FD900091B0174601910446002800F0D68002F089
:10FDA0003F052A4603A901A8FFF7B0F80646002838
:10FDB00052D1039B0199049304A8FFF739FE20B99F
:10FDC0009DF93B30002BB8BF062017F01C0F00F048
:10FDD0009C80002847D004283ED104A8FFF7DAFC15
:10FDE000002839D145F008050B9BDDF80C90002761
:10FDF000212148225A749F73DF7319740B9B5A7622
:10FE00009F75DF7519760B9B2022DA720B9999F892
:10FE10000000FFF771FA3A4680464846FEF7A1FF18
:10FE20000B9B1F775F779F77DF77039B0122DA7049
:10FE3000B8F1000F20D00498D3F834903A464146E8
:10FE4000FFF7B8FA40B903984946FFF70CF8039A50
:10FE500008F1FF33136178B1002323600646304672
:10FE600011B0BDE8F0839DF8163013F0110F56D194
:10FE7000780764D43907B7D4039F29077B6B0B99A4
:10FE800023626162387848BF45F04005FFF734FAD5
:10FE9000A06001F11C00FEF749FF0021FB882760EC
:10FEA00004F12807E0604FF40072A38025746174A8
:10FEB000E16161613846FEF743FFAA06CFD5D4F869
:10FEC0000C80B8F1000FCAD0039BA1685D89C4F80B
:10FED00014806D02454524D30020A1610028BBD1C8
:10FEE000C8F30803002BBAD0039D2846FEF72EFF67
:10FEF00048B300EB5822E261687801233946FEF7E7
:10FF0000E9FD0028ABD00120A6E70028A4D19DF888
:10FF10001630DA0615D4BF07AED5D807ACD5072002
:10FF20009AE72068FFF7F0F901280146A8EB0508D9
:10FF300003D9431CCED10120CFE70220CDE7082012
:10FF40008AE7042088E7022086E7092687E72DE96B
:10FF5000F04F994685B000238846C9F8003003A9C0
:10FF600004461646FEF730FF054608BB657CFDB922
:10FF7000237C13F00103009300F09380E26863692F
:10FF8000D21A964228BF164604F1280A86B1636940
:10FF9000C3F30802002A76D1039A5289013A12EA81
:10FFA000532217D143B9A06801280CD802256574E3
:10FFB000284605B0BDE8F08FA16920680192FFF7DF
:10FFC000A3F9019AF0E7431C03D10123009D637458
:10FFD000EEE7A061DDF80CB0A1695846FEF7B6FE69
:10FFE0000028E3D0B6F5007F02EB00072ED3BBF864
:10FFF0000A1002EB562088424FEA56239BF8010074
:020000021000EC
:1000000088BF8B1A3A4641460193FEF763FD0028EC
:10001000DBD194F91020019B002A0BDAE069C01BA8
:10002000984207D24FF40072514608EB4020FEF789
:10003000E5FE019B5F0263693B446361D9F80030D0
:100040003B44B844C9F80030F61B9FE7E269BA4266
:1000500018D094F91030002B0BDA9BF80100012323
:100060005146FEF799FD0028AFD1237C03F07F03B2
:1000700023740398012340783A465146FEF72AFD3F
:100080000028A2D1E7616169C1F30801C1F50077D9
:10009000B74228BF37463A4651444046FEF7AEFEC7
:1000A000C9E7072584E72DE9F04F994685B000237D
:1000B0008846C9F8003003A904461646FEF784FEB8
:1000C000054620BB657C15BB237C9A0740F1AA80BE
:1000D0006369F34228BFDE4304F1280A9EB16369D5
:1000E000C3F30802002A40F08B80039A5789013F2E
:1000F00017EA53271ED173B9A06870B9014620686A
:10010000FFF78EF948B9237C43F040032374284657
:1001100005B0BDE8F08FA169F1E7012802D1022501
:100120006574F4E7431C01D10125F9E7A368A061D8
:1001300003B9A06094F91030002B0CDA0398E2693F
:10014000407801235146FEF727FD0028ECD1237C9F
:1001500003F07F032374DDF80CB0A1695846FEF765
:10016000F5FD0028DBD0B6F5007F07EB000235D3A4
:10017000BBF80A1007EB562088424FEA56239BF83B
:10018000010088BFCB1B4146CDE90023FEF704FDEB
:100190000028C9D1E169009A019B891A99420CD2C1
:1001A0004FF4007208EB412150460093FEF726FE03
:1001B000227C009B02F07F0222745F026369E26886
:1001C0003B4463619A422CBFE260E360D9F800309F
:1001D0003B44B844C9F80030F61B7FE7E36993421B
:1001E0000DD0E1686369994209D99BF8010000923A
:1001F00001235146FEF76EFC009A002894D1E2617B
:100200006069C0F30800C0F50077B74228BF3746E1
:100210003A4641465044FEF7F1FD237C63F07F03EC
:100220002374CBE7072572E773B501A90546FEF7EE
:10023000CBFD0446002839D12B7C13F0400435D087
:100240001B060CD50198EA694078012305F12801C5
:10025000FEF7A2FC68BB2B7C03F07F032B74296A9A
:100260000198FEF700FE044600BB6E6AF37A43F085
:100270002003F372AA6828683146FEF772FDE96828
:1002800006F11C00FEF754FD212333760198B47566
:10029000482373760123F475B474F474C370FEF7C5
:1002A000E0FF2B7C23F0400304462B74204602B071
:1002B00070BD0124FAE713B50446FFF7B5FF28B96E
:1002C00001A92046FEF780FD00B9206002B010BDF4
:1002D00030B591B00022019003A901A8FEF716FEE7
:1002E000044670B9039B0199049304A8FFF7A0FB8F
:1002F0000446A0B99DF93B30002B05DA039B069A12
:100300009A61204611B030BD9DF81630DB060AD543
:10031000039D0B992878FEF7EFFFA861F1E7042809
:1003200008BF0524EDE70524EBE71FB5044601915E
:1003300050B3002203A901A8FEF7E8FD70B9039BA2
:10034000019923602046FFF773FBF8B994F92B302D
:10035000002B0CDBA379DB0603D4052000232360EC
:1003600010E0039BE1691878FEF7C6FFA060039BCD
:10037000DB88A38000212046FFF7A5F80428ECD0F5
:100380000028EBD104B010BD0920FBE70428E4D01D
:10039000E4E72DE9F04790B00222019003A901A8FB
:1003A000FEF7B4FD039B04930446002840F08380CD
:1003B000019904A8FFF73CFB0446002800F09C804C
:1003C000042878D19DF83B1011F0200140F0968070
:1003D0000498FFF725F8039A53895B0207930546B3
:1003E00000287ED0012800F08380431C00F082802A
:1003F0001046FEF732FD07460446002872D1039CE2
:1004000029462046FEF7A2FC04F1380839464FF48D
:10041000007206464046FEF793FC10230B22202173
:100420004046FEF78DFC84F8433021234FF02E091F
:1004300084F8503048234146039884F84E7084F87D
:100440004F7084F851302A4684F8389004F15807E8
:10045000FEF787FC20223846FEF7D0FC039884F88C
:1004600059900178069A032903D1C16A914208BFC5
:1004700000223946FEF775FC039B5F894FF00109A6
:100480003744BE421BD104A8FFF784F9044648BB99
:100490000B9903988C7521230B764823CC754B76EA
:1004A0002A46FEF75EFC03981023CB720123C3702B
:1004B000FEF7D7FE0446204610B0BDE8F08703984B
:1004C000466380F80390FEF7A2FC06F1010A044699
:1004D00040B901464FF400724046FEF731FC5646E3
:1004E000CFE70724049800222946FEF763FFE2E7DE
:1004F0000224F7E70124F5E70824DCE70624DAE71D
:100500002DE9F34104469046064600254F1EAF42B2
:1005100010DD01AB012269464046FFF718FD019B43
:10052000012B07D19DF8003006F8013B0A2B05F19D
:100530000105ECD100239D4214BF204618463370BC
:1005400002B0BDE8F08100008028F0B518D90E4A4D
:100550000E4B41F6DD45002908BF1A460024102144
:100560002B1B03EBD37304EB63039E0032F8237061
:10057000874206D034BF1C461D460139F0D10846DB
:10058000F0BD32445088FBE738820100B0F501002D
:1005900070B51E4B1E4AB0F5805F28BF1346191D6B
:1005A00031F8043C0A46ABB1984213D331F8024CFF
:1005B000250AE6B253FA84F4A04221DA082D09D8BC
:1005C000DFE805F005090F11131517191B00C01AF4
:1005D00031F8100070BDC31A03F00103C01A80B2D5
:1005E000F8E71038FBE72038F9E73038F7E71A3832
:1005F000F5E70830F3E75038F1E7A0F5E350EEE710
:100600000431002DCCD102EB4603C8E78A7F0100FC
:100610007C8101004FF08053D3F83001A0F1080332
:1006200058425841704700004FF08053D3F83021B2
:10063000082A06D1D3F83431052B02D8024AD05CFF
:1006400070470020704700BF2E690200024AD2F8AE
:100650000034002BFBD0704700E0014010B5FFF7DD
:10066000D9FF40B14FF080430022C3F80C21C3F8FA
:100670001021C3F83825FFF7CDFF002846D04FF0F2
:100680008052654BD2F80414C3F82015D2F8081430
:10069000C3F82415D2F80C14C3F82815D2F8101496
:1006A000C3F82C15D2F81414C3F83015D2F8181466
:1006B000C3F83415D2F81C14C3F84015D2F820142E
:1006C000C3F84415D2F82414C3F84815D2F82814F6
:1006D000C3F84C15D2F82C14C3F85015D2F83014C6
:1006E000C3F85415D2F83414C3F86015D2F838148E
:1006F000C3F86415D2F83C14C3F86815D2F8401456
:10070000C3F86C15D2F84424C3F87025FFF78CFFAA
:1007100018B1424B424AC3F88C26FFF785FF18B147
:10072000404BFB22C3F81825FFF77EFF70B14FF056
:1007300080414FF08053D1F8E42ED3F8583222F0A4
:100740000F0203F00F031343C1F8E43EFFF76CFF01
:1007500020B1354B4FF40072C3F84026FFF75AFF23
:1007600048B14FF08043D3F80024D20744BF6FF064
:100770000102C3F800242D4AD2F8883043F47003F4
:10078000C2F88830BFF34F8FBFF36F8F4FF08053A5
:10079000D3F83021082A0ED1D3F83431052B02D8F2
:1007A000234AD35C3BB14FF01023D3F808224FF01B
:1007B0008043C3F858254FF01023D3F80022002AB5
:1007C00003DBD3F80432002B22DA1A4901234FF05D
:1007D0001020C1F804351224FFF738FFC0F800429A
:1007E000FFF734FFC0F80442FFF730FF0023C1F8E1
:1007F0000435FFF72BFFBFF34F8F0C490E4BCA6830
:1008000002F4E0621343CB60BFF34F8F00BFFDE7FC
:100810000A4B0B4A1A6010BD00C000400050004057
:100820004881030000F000400090024000ED00E02D
:100830002869020000E001400400FA05440000209D
:100840000090D003F8B5154B154E1D68044630686E
:1008500004300F4600F02BFD631C07D137B131681F
:100860001048BDE8F840043100F0FEBC33682C1994
:100870005C6007D30C4B18683168BDE8F840043160
:1008800000F0FEBC094B18683168043100F0F8FC38
:10089000074B1A68A24288BF1C60F8BD24230020C1
:1008A00050220020FC220020582200205422002048
:1008B000DC220020064A13681968064B19B94FF06C
:1008C000FF321A6070471268D268D2685268F8E73F
:1008D00054220020DC22002080B5144C144F154E09
:1008E00023686BB9144B1B68012BF8D9134B4FF0DD
:1008F00080525A6040BFBFF34F8FBFF36F8FEEE758
:1009000001F0FAFAFB68DD68281D00F0D0FC3368BE
:10091000013B33602368013B236001F007FB286B38
:1009200001F044FC284601F041FCD9E79C2200205C
:1009300010230020982200205C22002000ED00E01F
:100940002DE9F84F9500074628460E46984601F0D7
:10095000A1FB8246002800F09B80482001F09AFB12
:100960000446002800F09180C0F830A02A46A52156
:10097000504602F05AFFD4F830B0731E04F134022E
:10098000033613F8011F02F8011B09B1B342F8D175
:100990000A9E022E28BF02264FF0000904F1040A25
:1009A000C4E90E69E662504684F83790043D00F0D1
:1009B00058FCC6F1030604F118005D4400F051FC38
:1009C000C4F840902461A661646284F84490424671
:1009D000394625F0070001F019FA0B9B206003B19E
:1009E0001C6001F089FA314B314D1A68314E0132E9
:1009F0001A602A68002A4FD12C601B68012B1FD176
:100A00002D48DFF8E4802D4F00F020FC2C4800F04A
:100A10001DFC2C4800F01AFC404600F017FC38463C
:100A200000F014FC284800F011FC284800F00EFCEF
:100A3000274800F00BFC274BC3F80080264B1F60B3
:100A4000264A136801331360254AE36A11688B4212
:100A500088BF1360184A142000FB0320514600F0A1
:100A600003FC01F063FA33686BB12B68DA6AE36A5E
:100A70009A4208D21B4B4FF080525A6040BFBFF3DE
:100A80004F8FBFF36F8F012004E0504601F08EFBC3
:100A90004FF0FF30BDE8F88F3368002BD0D12B68C2
:100AA000DA6AE36A9A4298BF2C60C9E7982200206C
:100AB00050220020F82200205C220020C4220020C6
:100AC0007022002084220020E42200201023002035
:100AD000FC2200205422002058220020A8220020BE
:100AE000AC22002000ED00E0B022002070B50446EA
:100AF000224D01F001FA04B92C68261D304600F0A1
:100B0000D6FBA36A1BB104F1180000F0D0FB1C4A0D
:100B10001368013313602B68A34221D11948314671
:100B200000F0A2FB184A13680133136001F0FEF9CC
:100B3000164B1B689BB12B68A34210D1144B1B684A
:100B400023B1144940F2A540F4F7D2FC124B4FF008
:100B500080525A6040BFBFF34F8FBFF36F8F70BD9D
:100B60000E4A206B1368013B136001F01FFB204607
:100B700001F01CFBFFF79EFED8E700BF50220020CB
:100B8000A8220020102300209C220020F822002010
:100B9000A42200203469020000ED00E09822002029
:100BA00013B5164B019300241549164800942346AB
:100BB0003C22FFF7C5FE012813D100F047FF0128B2
:100BC0000FD1402383F311880F4B4FF0FF321A608F
:100BD0000E4B18600E4B1C6002B0BDE8104001F0D7
:100BE00027B9013007D10B4940F2DC7002B0BDE8F3
:100BF0001040F4F77DBC02B010BD00BFD822002029
:100C000086690200D9080100DC220020F8220020B9
:100C10002423002034690200024A13680133136060
:100C2000704700BFA4220020014B1868704700BF26
:100C3000242300202DE9F84F324B1B68002B5BD199
:100C4000314B1D6801351D609DB9304C23681B6810
:100C500023B12F4940F63320F4F74AFC2D4B22688C
:100C6000196821601A602C4A136801331360FFF77A
:100C700021FE2A4F3B68AB424FF0000607D9284BB4
:100C80001B68002B0CBF30460120BDE8F88FDFF851
:100C90007C80DFF89890DFF898A0D8F800301B68C7
:100CA0001BB94FF0FF333B60E9E7D8F80030DB6851
:100CB000DC6863689D42F6D304F1040B584600F0EB
:100CC000F6FAA36A1BB104F1180000F0F0FAE36A27
:100CD000D9F800201420934200FB03A0594688BF96
:100CE000C9F8003000F0C0FA0E4BE26A1B68DB6AFC
:100CF0009A4228BF0126D0E70B4A136801331360DC
:100D00000026BCE7A4220020242300205422002037
:100D10003469020058220020E0220020DC2200205A
:100D20002823002050220020A0220020AC220020F6
:100D30005C220020F7B52E4C236823B92D494FF4CF
:100D40000460F4F7D5FB01F0D7F82368013B23607A
:100D500024682CB1002401F0E9F8204603B0F0BD6E
:100D6000254B1B68002BF5D0244D254E254F1EE04A
:100D7000EB68DC6804F1180000F099FA211D0846C0
:100D8000019100F094FAE36A3268019914209342C9
:100D900000FB037088BF336000F066FA1A4BE26A0A
:100DA0001B68DB6A9A4202D3184B01221A602B6837
:100DB000002BDDD10CB1FFF77DFD154D2C6844B142
:100DC000124E0127FFF736FF00B13760013CF9D121
:100DD0002C600E4B1B68002BBCD00E4B4FF080528A
:100DE0005A6040BFBFF34F8FBFF36F8F0124B2E74C
:100DF000A42200203469020098220020E42200206E
:100E0000AC2200205C220020502200202823002059
:100E1000A022002000ED00E010B5044648B90E4BBA
:100E20004FF080525A6040BFBFF34F8FBFF36F8FB8
:100E300010BD0A4B1B6823B1094940F20F50F4F76B
:100E400057FB00212046FFF7E7FEFFF7FBFCFFF70B
:100E500071FF0028E3D0EBE700ED00E0A4220020C2
:100E6000346902001C4B1A681C4B2DE9F0411AB181
:100E700001221A60BDE8F081194E1A6032683368A9
:100E800012681B6B9A4204D8306831683431FBF722
:100E900093FA144F144D3C68DFF8508014236343D9
:100EA000EA18E85880B151680833496851602B440A
:100EB000994204BF4B685360142303FB04556B68CD
:100EC000DB6833603C60D5E724B941464FF43560B8
:100ED000F4F70EFB013CE1E7A422002028230020C8
:100EE00050220020AC2200205C2200203469020045
:100EF00038B50D46044620B908494FF43660F4F77A
:100F0000F7FA074B19682046183100F0B9F928465E
:100F10000121BDE83840FFF795BC00BF34690200ED
:100F20005022002070B50E461446054620B90A49E5
:100F300040F68B30F4F7DCFA084B19682846183174
:100F400000F092F9002C21460CBF30464FF0FF30E4
:100F5000BDE87040FFF776BC3469020050220020E3
:100F6000C36813B5DC6824B9174940F6BB30F4F701
:100F7000BFFA04F118010846019100F098F9134BEB
:100F800001991B68EBB9211D0846019100F08FF90A
:100F90000F4AE36A10680199834288BF13600D4AC3
:100FA000142000FB032000F05FF90B4BE26A1B6882
:100FB000DB6A9A4285BF094B01200020186002B00D
:100FC00010BD0748EFE700BF34690200A4220020EB
:100FD000AC2200205C220020502200202823002088
:100FE000E4220020034B1B680360034B1B68436033
:100FF000704700BFE02200202423002070B50C467B
:10100000054620B9154940F62640F4F771FA24B98F
:10101000124940F62740F4F76BFA00F06DFF104BD1
:10102000196823685A1C10D00E482E6800686A6838
:10103000864201D08A420FD9881A83420AD95B1AA4
:10104000134423602846FFF7CDFF002400F06EFF15
:10105000204670BD002323600124F7E734690200B5
:1010600024230020E0220020014B01221A60704757
:1010700028230020054B1B6833B1054B1B68002B50
:101080000CBF02200020704701207047F82200208A
:10109000A422002073B5044600282BD01B4DC36A40
:1010A0002A68D26A934229D28269194E002AA1BFC6
:1010B0002A68D26AC2F103028261142202FB03632E
:1010C00042699A4212D1011D0846019100F0EFF8E1
:1010D0002B68104ADB6A10680199E36283420BD8DF
:1010E000142000FB036000F0BFF802E02B68DB6A0D
:1010F000C362012002B070BD1360F1E72B68806B02
:10110000DC6AA0422CBF00200120F3E7502200201F
:101110005C220020AC22002013B5044610B9002048
:1011200002B010BD184B1B68834204D0174940F62B
:101130003B70F4F7DDF9E36B23B9144940F63C70DA
:10114000F4F7D6F9E36BE16AA26B013B9142E363EA
:10115000E5D0002BE3D1211D0846019100F0A7F84E
:10116000A36B0199E362C3F10302A261084A10680C
:10117000834288BF1360074A142000FB032000F05D
:1011800073F80120CCE700BF502200203469020030
:10119000AC2200205C22002037B50D460446002812
:1011A0003DD0C36B23B91F4940F68A70F4F7A0F90C
:1011B000A16BE36A8D4238BF0D46AB422FD0E36B83
:1011C000012B2CD1184B1B68A34204D1154940F6C2
:1011D000A570F4F78DF9A269E36AE562002AA4BF5D
:1011E000C5F10305A561114D142202FB0353626989
:1011F0009A4214D1211D0846019100F058F80C4A7A
:10120000E36A1068019983424FF0140000FB035019
:1012100088BF136003B0BDE8304000F025B803B0CC
:1012200030BD00BF34690200502200205C22002043
:10123000AC220020044B1A681AB11968CA6B01323B
:10124000CA631868704700BF5022002000F10803ED
:101250004FF0FF32C0E902234360036100230360C3
:10126000704700230361704743684B609A688A6047
:101270009A685160996003680861013303607047A0
:1012800030B50C68631C0AD103695A684A609160E2
:101290008B605960036808610133036030BD00F161
:1012A0000802134652681568A542FAD9EDE7D0E95D
:1012B000011203698A6051605968814208BF5A600F
:1012C000002202611A68013A1A601868704710B566
:1012D000044600F011FEA46B00F028FEB4FA84F07E
:1012E000400910BDF8B51546026C866B044652B92C
:1012F000076847BB4068FFF70FFF67600546013688
:10130000A6632846F8BD65B9806802F065FAA3684F
:10131000226C13446268A3609342F0D32368A360F5
:10132000EDE7C06802F058FA226CE36851429B1A5C
:101330002268E36093423EBF63685B18E360022D5E
:1013400001D116B1013E0025D9E73546D7E703465E
:1013500010B41A6C08466AB1DC68596814448C42AF
:1013600028BF1968DC6028BFD960D9685DF8044BD4
:1013700002F032BA5DF8044B704770B5044600F0D5
:10138000BBFD94F8455004F124066DB2002D14DC29
:10139000FF2384F8453000F0C9FD00F0ADFD94F85E
:1013A000445004F110066DB2002D12DCFF2384F8C6
:1013B0004430BDE8704000F0B9BD636A002BE7D04F
:1013C0003046FFF7CDFD08B1FFF74EFE013D6DB28F
:1013D000DCE72369002BE9D03046FFF7C1FD08B1F7
:1013E000FFF742FE013D6DB2DEE7000038B50D4665
:1013F000044618B91A49FC20F4F77AF800F07CFD8D
:10140000D4E90F312268A2604B43D0185B1A134411
:101410006060E3600020FF23A06384F8443084F818
:1014200045309DB923696BB104F11000FFF798FDB9
:1014300040B10C4B4FF080525A6040BFBFF34F8F0A
:10144000BFF36F8F00F072FD012038BD04F1100072
:10145000FFF7FCFE04F12400FFF7F8FEF2E700BFFF
:101460008B69020000ED00E070B50D46064620B91C
:101470000C4940F26D10F4F73BF805FB06F04830DC
:1014800000F008FE044648B155B100F14803C4E934
:101490000F65236001212046FFF7A8FF204670BD9D
:1014A0000346F4E78B6902002DE9FF470F460192DE
:1014B0001E46044620B94E494FF43770F4F718F829
:1014C00037B9236C23B14A4940F2DD20F4F710F814
:1014D000022E07D1E36B012B04D0454940F2DE20F8
:1014E000F4F706F8FFF7C6FD30B9019B23B1404978
:1014F00040F2E120F3F7FCFF4FF00008DFF8F4A022
:10150000C14600F0F9FCA26BE36B9A4201D3022EB4
:101510001AD1324639462046FFF7E4FE636A1BB112
:1015200004F12400FFF71CFD40B1324B4FF0805214
:101530005A6040BFBFF34F8FBFF36F8F00F0F6FCD0
:10154000012004B0BDE8F087019D1DB900F0EEFC5C
:101550000020F6E7B8F1000F02D102A8FFF742FD24
:1015600000F0E4FCFFF758FB00F0C6FC94F84430B0
:10157000FF2B08BF84F8449094F84530FF2B08BF38
:1015800084F8459000F0D2FC01A902A8FFF736FDCF
:1015900038BB00F0B1FCA26BE36B9A420FD100F0B4
:1015A000C5FC019904F11000FFF7A2FC2046FFF7EB
:1015B000E4FEFFF7BFFB50B14FF00108A1E700F0D8
:1015C000B5FC2046FFF7D9FEFFF7B4FBF4E74FF078
:1015D0008053CAF8043040BFBFF34F8FBFF36F8F03
:1015E000EAE72046FFF7C9FEFFF7A4FBB0E700BF1C
:1015F0008B69020000ED00E02DE9F8438946904632
:101600001F46044620B9254940F2A230F3F770FF87
:10161000B9F1000F06D1236C23B1204940F2A33069
:10162000F3F766FF022F07D1E36B012B04D01B49B0
:101630004FF46970F3F75CFF00F08CFCEFF3118658
:10164000402383F31188A26BE36B9A4201D3022FEC
:1016500022D194F845503A466DB249462046FFF7EC
:1016600041FE6B1C13D1636A0BB901200BE004F13E
:101670002400FFF775FC0028F7D0B8F1000FF4D074
:101680000120C8F8000086F31188BDE8F883013511
:101690006DB284F84550E8E70020F4E78B6902005A
:1016A0002DE9F04385B00E460192044620B9444925
:1016B00040F2DF40F3F71CFF36B9236C23B14049F9
:1016C00040F2E340F3F714FFFFF7D4FC30B9019B7D
:1016D00023B13B494FF49D60F3F70AFF0027DFF881
:1016E000E490B84600F008FCA56BDDB13146204619
:1016F000013DFFF72CFEA56323696BB104F11000D7
:10170000FFF72EFC40B12F4B4FF080525A6040BF84
:10171000BFF34F8FBFF36F8F00F008FC012005B0BF
:10172000BDE8F083019D1DB900F000FC0020F6E744
:1017300017B902A8FFF756FC00F0F8FBFFF76CFAA8
:1017400000F0DAFB94F84430FF2B08BF84F84480A3
:1017500094F84530FF2B08BF84F8458000F0E6FB85
:1017600001A902A8FFF74AFCF8B92046FFF7AFFD30
:10177000A8B1019904F12400FFF7BAFB2046FFF756
:10178000FCFDFFF7D7FA40B94FF08053C9F8043099
:1017900040BFBFF34F8FBFF36F8F0127A2E72046F3
:1017A000FFF7EBFDFFF7C6FAF7E72046FFF7E5FD89
:1017B000FFF7C0FA2046FFF78AFD0028EDD0B5E715
:1017C0008B69020000ED00E02DE9FF410446019124
:1017D00020B9544940F27150F3F78AFE236C23B1CB
:1017E000504940F27550F3F783FEFFF743FC30B9E0
:1017F000019B23B14B4940F27A50F3F779FE002563
:10180000DFF824812F462E4600F076FBA36BEBB168
:10181000013BA363236813B9FFF70CFD60602369E4
:101820006BB104F11000FFF79BFB40B13E4B4FF052
:1018300080525A6040BFBFF34F8FBFF36F8F00F0ED
:1018400075FB0125284604B0BDE8F081019B4BB92A
:1018500025B1344940F2C250F3F74AFE00F066FB6E
:101860000025EFE717B902A8FFF7BCFB00F05EFB0D
:10187000FFF7D2F900F040FB94F84430FF2B08BF8B
:1018800084F8446094F84530FF2B08BF84F8456025
:1018900000F04CFB01A902A8FFF7B0FB48BB2046B3
:1018A000FFF715FDF8B123683BB900F025FB606830
:1018B000FFF7F0FB054600F039FB019904F1240025
:1018C000FFF716FB2046FFF758FDFFF733FA40B944
:1018D0004FF08053C8F8043040BFBFF34F8FBFF3C1
:1018E0006F8F012790E72046FFF747FDFFF722FAA9
:1018F000F7E72046FFF741FDFFF71CFA2046FFF708
:10190000E6FC0028EDD0002D9CD000F0F5FA616ACD
:1019100019B1236B1968C1F103016068FFF73CFC42
:101920009CE700BF8B69020000ED00E013B50446A0
:1019300020B9074940F26C70F3F7DAFD00F0DCFAE9
:10194000A06B019000F0F2FA019802B010BD00BF48
:101950008B690200054B1A6812B19A682AB90122F4
:1019600043F8321003EBC203586070472C23002069
:1019700070B504460D46164600F0BEFA94F84430A1
:10198000FF2B04BF002384F8443094F84530FF2B2C
:1019900004BF002384F8453000F0C8FAA36B2BB9CC
:1019A0003246294604F12400FFF7BCFA2046BDE880
:1019B0007040FFF7E2BC0000F8B50F4C00F09CFA55
:1019C0002568ADB90D4F0E4E3846FFF73FFC304647
:1019D000FFF73CFC0B4B1F600B4B2A4610212020CD
:1019E0001E60FFF741FD206010B10849FFF7B2FF0C
:1019F000BDE8F84000F09ABA70230020442300208C
:101A0000582300203C23002040230020DD690200F1
:101A1000914208B5416000610AD8D21A83699A429E
:101A20000DD2084B011D1868FFF72AFC002008BDE5
:101A30009A4201D2994202D2034B011DF3E70120E1
:101A4000F5E700BF402300203C23002007B5FFF747
:101A5000B3FF0C4B1B6843B94FF488700A49F3F786
:101A600047FD002003B05DF804FB084B01930223FF
:101A700000930749074800235022FEF761FF002822
:101A8000EAD0EFE770230020E2690200742300200F
:101A9000356A0200A11B0100F0B5174687B00C465D
:101AA0001A46054630B91149019340F28310F3F705
:101AB0001FFD019A0E4E306880B1052CCDE902471A
:101AC00004950DDCFFF7D6FA0023022808BF0C9A14
:101AD000306818BF1A4602A9FFF7E6FC07B0F0BD50
:101AE000002302A9FFF788FDF8E700BFE2690200C2
:101AF000702300202DE9F04FDFF89C8085B006466A
:101B0000FFF792F8D8F80030834205463DD9204FC0
:101B1000DFF888A04FF000093B681A685AB91D4ADF
:101B2000116839601360012328463360C8F80050FB
:101B300005B0BDE8F08FDB68DC68D3F800B0211D8C
:101B400008460391FFF7B3FB636A20469847E369B1
:101B50000399012BE0D1A3695B449B4505D238680A
:101B600063602461FFF78CFBD6E70023CDF800907B
:101B70005A4619462046FFF78FFF0028CCD1514620
:101B800040F26F30F3F7B4FCC6E70023CCE700BFA8
:101B90003C230020402300206C230020E269020047
:101BA0002DE9F047644F654D8AB03B681E68002EF2
:101BB00062D0DB68D3F80090DFF88C81FFF72CF857
:101BC00006A8FFF797FF069C8246002C71D1002ED5
:101BD00054D0484558D3FFF7ADF83B68DB68DE6862
:101BE000301DFFF764FBF369012B14D1B1694B463B
:101BF000524649443046FFF70BFF60B1009423463C
:101C00004A4621463046FFF747FF20B9294640F2B1
:101C1000E510F3F76DFC736A30469847D8F800007A
:101C2000002206A9FFF73CFD0028BED0069B0898BD
:101C3000002B41DB089C6369002B44D105A8FFF70A
:101C400059FF069B0246092BE8D801A151F823F061
:101C5000CF1C0100CF1C0100CF1C01001D1C010086
:101C60000D1D01002F1D0100CF1C0100CF1C010024
:101C70001D1C01000D1D0100B1469DE7304B1B6886
:101C80001C68B4FA84F46409D8F800002246A9EB71
:101C90000A01FFF76DFEFFF74DF80028BED1294B72
:101CA0004FF080525A6040BFBFF34F8FBFF36F8F2A
:101CB000B4E7FFF73FF8B1E7079B09999847069B00
:101CC000002BABDBB6E7201DFFF7F1FAB6E7A16901
:101CD000079B20461944FFF79BFE00289ED0636AAD
:101CE00020469847E369012B98D1A2690799002300
:101CF0000A44009319462046FFF7CEFE00288DD1F6
:101D0000294640F2FE20F3F7F3FB87E7079BA36128
:101D100033B90390294640F21530F3F7E9FB039AF3
:101D2000A169134611442046FFF772FE76E720466C
:101D300000F03CFA72E700BF3C230020E269020099
:101D40004023002000ED00E07023002005480068DB
:101D500080F3088862B661B6BFF34F8FBFF36F8F11
:101D600000DF00BF00100000064B19680868B0E8EB
:101D7000F04F80F30988BFF36F8F4FF0000080F3BE
:101D80001188704750220020EFF30980BFF36F8F56
:101D9000144B1A681EF0100F08BF20ED108A20E9BE
:101DA000F04F10604DF8043D4FF0400080F3118873
:101DB000BFF34F8FBFF36F8FFFF754F84FF0000062
:101DC00080F3118808BC19680868B0E8F04F1EF06D
:101DD000100F08BFB0EC108A80F30988BFF36F8F33
:101DE000704700BF5022002008B5064B1B68013326
:101DF00003D005499E20F3F77BFB402383F3118832
:101E0000FEE700BF802300203D6A02004FF0807390
:101E100040E90213054B40F80C3C6FF0020340F818
:101E2000202C40F8243C4438704700BFE91D0100D5
:101E3000294B1A68294B9A4213B503D02849B02080
:101E4000F3F756FB274B1A78D2B20192FF221A7091
:101E50001B78254ADBB28DF803309DF8033003F080
:101E600002031370214A0723136000219DF8030029
:101E7000000603F1FF3425D401B113601368164C3A
:101E800003F007031360019B164ADBB21370E023D3
:101E900084F8223000F0BEF8154B00221A60D4F806
:101EA0008830144A43F47003C4F88830536B43F00D
:101EB00040435363236943F010032361FFF746FF58
:101EC000FFF792FF9DF803305B00DBB28DF8033023
:101ED00001212346CAE700BF00ED00E041C20F41E7
:101EE0003D6A020000E400E0782300207C2300200B
:101EF0008023002000EF00E0402383F31188084A8C
:101F000013680133012B136009D1064B5B68C3F3DF
:101F1000080323B1044940F21110F3F7E9BA7047FE
:101F20008023002000ED00E03D6A020010B5074C60
:101F3000236823B906494FF48C70F3F7D9FA236864
:101F4000013B23600BB983F3118810BD802300206F
:101F50003D6A020008B5EFF30583C3F308030F2BB6
:101F60000DD903F1E0230E4AF033127893F80033D1
:101F70009A4204D90B494FF4A970F3F7B9FA0A4B06
:101F80000A4ADB681268C3F302239A4206D2BDE80C
:101F9000084004494FF4B170F3F7AABA08BD00BF76
:101FA000782300203D6A020000ED00E07C23002041
:101FB00073B5EFF31186402383F31188134B00228E
:101FC000D3F80445C3F80021D3F800310193019BF5
:101FD000FEF72AFE201A20F07F4424F0010020B1F1
:101FE000FFF748F8022818BF01240025013C09D258
:101FF00025B1074B4FF080525A6040BF86F31188DD
:1020000002B070BDFEF716FE0543EFE70010014079
:1020100000ED00E008B50020F5F7C8F9094B1F22D4
:10202000C3F808250122C3F804239A601A6002222B
:10203000C3F84423044BE02283F811234FF4003209
:102040001A6008BD0010014000E100E010B50F4B20
:102050001A461B688342FBD354681119884201BF9A
:102060004168104609195160446801198B4207D133
:10207000074909688B421FBF59681B6809194160ED
:102080009042036018BF106010BD00BF9423012070
:10209000842300202DE9F8430446FEF7BDFD3B49AB
:1020A0003B4F0B68CBB93B4B3B4A58071CBF073330
:1020B00023F00703002013605060384A22F0070223
:1020C000C2E90000D01AC3E90020354B0A6018604D
:1020D000344B18604FF000433B603B681C4253D1C7
:1020E000002C42D004F1080562071CBF25F007054B
:1020F0000835002D48D0DFF8AC80D8F80030AB426E
:1021000042D3254B1E687268AA4202D2306800286A
:1021100037D10968B14237D01C6831681960521B49
:10212000102A04F1080410D906EB050919F0070F6D
:1021300003D01D49C320F3F7DBF973685B1BC9F8B3
:10214000043048467560FFF781FF15497268D8F87A
:10215000003008689B1A8342C8F8003038BF0B6013
:102160003B681343736000233360FEF7E3FD6307AE
:1021700004D00D4940F20310F3F7BAF92046BDE848
:10218000F88333460646BEE70024EEE784230020AA
:10219000882301208823002094230120802301200C
:1021A000902301208C230120A26A020038B5044646
:1021B00070B3184D50F8042C2B681A4204D11649FC
:1021C00040F21710F3F794F954F8083C23B1124980
:1021D0004FF48C70F3F78CF954F8043C2A681342DE
:1021E00016D054F8081C99B923EA020344F8043CB9
:1021F000FEF712FD094A54F8043C1168A4F10800E6
:102200000B441360FFF722FFBDE83840FEF792BD94
:1022100038BD00BF88230120A26A02008C23012060
:1022200030B591EA030F00F18480841A71EB030C3E
:1022300005D2121953EB0C03001B71EB0C0140F299
:10224000000CCFF6E07C1CEA430F54D0BCEB410FEE
:1022500061D90C0DA4EB135E31EA0C0141F480113D
:1022600033EA0C0343F48013DEF1200C2AD303FA83
:102270000CF5401941F1000122FA0EF5401923FA3C
:102280000EF5694112FA0CF2CD0208D349085FEA53
:1022900030005FEA320228BF42F001020134013C03
:1022A0005FEA500C72F1004250F1000051EB045112
:1022B0004FF4001313EB410F38BF30BD090D090572
:1022C000002030BDBEF1200EBEF1200F1ED223FA39
:1022D0000EF5401941F10001CEF1200C124218BF59
:1022E000012203FA0CF52A43CEE711EA5C0F04BF82
:1022F0000020002130BD1CEA410F04BF01F0004165
:10230000002030BD01F00041002030BD21F48011DB
:1023100001EB045130BD004218BF41F00101BCEB9C
:10232000410F08BF30BD4FF0FE4141F4780100205D
:1023300030BD83F00043841A71EB030E07D28EF098
:10234000004E001B71EB0E01121953EB0E0340F20D
:10235000000CCFF6E07C1CEA430FC6D0BCEB410F6B
:1023600072D90C0DA4EB135EC90241EA5051C002B0
:1023700041F00041DB0243EA5253D20243F00043F2
:10238000DEF1200C41D312FA0CF522FA0EF203FA18
:102390000CF542EA050218BF42F0010223FA0EF3DF
:1023A000801A9941E30AC4F30A0411F0404F03D4A0
:1023B00018D0013C40004941013C23D44205C00AE9
:1023C00040EA4150C90A51EAC3715FEA500C72F108
:1023D000004250F1000051EB045130BD01002FD0FC
:1023E0000020203C0029F9D0B1FA81FCDCF1200E5C
:1023F00011FA0CF130FA0EF510FA0CF02943A4EBA7
:102400000C04D9E70020D90730BDAEF1200EBEF193
:10241000200F0DD2CEF1200C03FA0CF533FA0EF397
:102420002A4318BF43F00103C01A61F10001B9E764
:1024300021F00041C00A40EA4150C90A01EB0451B1
:1024400030BD0020002130BD004218BF41F0010125
:10245000BCEB410F7FF467AFBCEB430F3FF463AFBE
:1024600030BD00BF83F00043FFF7DABEF0B540F2A5
:10247000FF7681EA030C16EA115E1EBFB64516EA26
:102480001355B5425AD021EA465141F48011A1FBBF
:10249000024723EA465343F48013AE44A0FB03658E
:1024A0000CF0004C36197D41A1FB034747F10003B6
:1024B000A0FB0217F619654153F10003094218BF4A
:1024C00046F0010640F2FE74B3F5007F13D2AEF57C
:1024D000806EA6452BD24CEA0331280341EA155100
:1024E00040EA16503203450872F1004250F10000F4
:1024F00051EB0E51F0BDAEF2FF3EA64517D24CEAAD
:10250000C321E80241EA555140EA5650F20245081B
:1025100072F1004250F1000051EB0E51F0BD0CF091
:10252000004141F0FE4141F470010020F0BD1EEA7F
:102530000E0FF4D50CF000410020F0BD16EA115F3B
:1025400004BF01F000410020004218BF41F001012A
:1025500016EA135F04BF03F000430022124218BFC3
:1025600043F0010306EA1354B44218BF9EEA060F73
:1025700003D00CF000410020F0BD21F0004123F019
:102580000043B1EB065F06D8B3EB065F03D8002922
:1025900018BF002BC3D140F20001C7F6F87100202C
:1025A000F0BD00BF2DE9F04391EA030E0EF0004E9E
:1025B00040F20007CFF6E07717EA41051EBF95EA23
:1025C000070F17EA430595EA070F00F0A1807F0D7A
:1025D00017EA135623EA475343F4801317EA1155B9
:1025E00021EA475141F48011AD1B05F2FD354FEA58
:1025F000D31C1CF1010C4FF00047B7FBFCF77F0127
:10260000A2FB079C0024E3FB07C4DCF1000CD9F11A
:1026100000097CF1000CA0FB07620020E1FB072011
:1026200000275FEAC628E0FB0987760D46EAC22646
:10263000520DF61900277A41E0FB0C625FEAC823CD
:10264000E2FB09375FEA585848EAC628760D18EBCE
:10265000070800214E41E2FB0C8602EBC020DA02A3
:10266000E6FB09215B0D43EAC8235FEA58585B1873
:10267000002758EB0708E6FB0C38D102E8FB0917E6
:10268000520D42EAC3225B0DD21900277B41E8FBC1
:102690000C2308EBC6265FEAC128E3FB0987490D36
:1026A00041EAC221520DC91942F10002E3FB0C12AA
:1026B000470019EB08095CEB010C72EB040453EBC7
:1026C000C62047EB56530026B3F5000F7641AD19EF
:1026D0000236D6F1200910FA09F4F04013FA09F293
:1026E0001043F340E40F001943F10003B3F5001F5A
:1026F00024BF5B08013540F2FE77BD4204D24EEAAA
:1027000005511944BDE8F0832D4224D5714626E0D9
:10271000004218BF41F00101124218BF43F001030B
:10272000B7EB410F2CBFB7EB430F1BE0B7EB410FEB
:1027300004BFB7EB430F15E017EA410F04BF17EAD8
:10274000430F0FE017EA410FE0D017EA430F02D022
:10275000B7EB430FDAD04EF0FE4141F47001002098
:10276000BDE8F08340F20001C7F6F871F7E700BF5B
:102770004FF4001C1CEB410F98BF1CEB430F11D80A
:1027800051EA030C50EA4C0C5CEA020C0CD004D267
:1027900082428B4180410130704790429941804193
:1027A0000130704700207047012070474FF4001C33
:1027B0001CEB410F98BF1CEB430F0CD850EA410CA7
:1027C00008BF52EA430C08D0904208BF99420CBFA0
:1027D000012000207047002070470120704700BF93
:1027E0004FF4001C1CEB410F98BF1CEB430F11D89A
:1027F00051EA030C50EA4C0C5CEA020C0CD004D2F7
:102800009042994180410130704782428B41804122
:102810000130704700207047012070474FF4001CC2
:102820001CEB410F98BF1CEB430F11D851EA030C6E
:1028300050EA4C0C5CEA020C0AD004D282428B4172
:1028400080414042704790429941804140427047E8
:10285000002070474FF4001C1CEB410F98BF1CEB8D
:10286000430F11D851EA030C50EA4C0C5CEA020CFD
:102870000AD004D29042994180414042704782423E
:102880008B4180414042704700207047C1F30A539A
:1028900040F21E42D21A0EDD202A0AD8CB0243EAA9
:1028A000505040F00040D04090EAE170B0EBE17051
:1028B0007047002070474B00004218BF43F00103EF
:1028C00013F5001F88BF21F0004111F0004058BFF0
:1028D0006FF00040704700BF0B0D40F21E42D21A4D
:1028E00009DBCB0243EA505040F00040202A28BFC9
:1028F0002022D0407047490060EB0000704700BFC5
:1029000080B110F0004248BFD0F10000120D02F279
:102910001D42B0FA80F18840521AC30A400503EB09
:10292000025170470100704750B140F21D42B0FAA9
:1029300080F18840521AC30A400503EB02517047E8
:1029400001007047C0F3C75191B142004FEA407097
:102950004FEAD2014FEA310101F16051B2F17F4FEC
:1029600038BF704701F1605118BF41F40021704732
:1029700010F000410020704701F000428B1AA3F1D3
:102980006051B1F5801F0ADBB1F17F6F09D242EAD5
:10299000C102C10071F1004142EB50707047104616
:1029A000704701285B4113F5001F04D842F0FE4038
:1029B00040F400007047C90041EA507040EA02004C
:1029C00040F4800040F08040704700BF51EC100B95
:1029D0000128494111F5001F8CBF012000207047DC
:1029E00051EC100B21F0004141EC100B704700BF7F
:1029F0002DE9F04155EC104B8046002210EE100AF4
:102A00000023294610EE106AFFF7D0FE30B10023F4
:102A100045EC104BC8F80030BDE8F08125F0FF43CD
:102A200023F4E00343F07F57C5F30A5347F400173C
:102A3000A3F2FE3347EC106BC8F80030BDE8F0811C
:102A40002DE9704355EC104B0646002210EE100A9B
:102A50000023294610EE108AFFF7A8FEB0B9C5F38F
:102A60000A53334440F2FE72934213DC002E01DB22
:102A7000002B0FDB002B09DD25F0FF4222F4E002E2
:102A800042EA035949EC108BBDE870839FED060BB9
:102A9000BDE8708300F0AAFB074B1B6803609FED45
:102AA000040BBDE8708300BF0000000000000000C0
:102AB000000000000000F07F6C6D020000000000CC
:102AC0002DE9704355EC104BFFF780FF002840F0D4
:102AD000A7806AA3D3E9002320462946FFF79EFE7C
:102AE000002840F0A48067A3D3E9002320462946AC
:102AF000FFF7B0FE18B19FED540BBDE8708345ECB5
:102B0000104BFFF76DFF61A3D3E9002351EC100BCD
:102B1000FFF7A0FE002840F0878000220023204617
:102B20002946FFF75DFE4FF00008002800F088807E
:102B3000DFF8409157A3D3E9002320462946FFF749
:102B400095FC42464B46FFF76BFBFFF79FFE0646A0
:102B5000FFF7D6FE51A3D3E9002380468946FFF74D
:102B600085FC02460B4620462946FFF77BFC4DA319
:102B7000D3E9002304460D4640464946FFF776FC5C
:102B800002460B4620462946FFF74AFB02460B4603
:102B900080468946FFF76AFC44A3D3E90023044634
:102BA0000D46FFF763FC43A3D3E90023FFF738FB8F
:102BB00022462B46FFF75AFC2D4B0022FFF730FB35
:102BC00042464B46FFF752FC21A3D3E9002380463F
:102BD000894620462946FFF749FC1FA3D3E9002375
:102BE000FFF71EFB22462B46FFF740FC214B00223D
:102BF000FFF716FB42464B46FFF734FC02460B46F6
:102C000040464946FFF7CEFC1A4B0022FFF708FB6F
:102C1000013641EC100B3046FFF712FFBDE8708320
:102C200045EC104BBDE870839FED0D0B65E700F0A0
:102C3000DDFA114B1B6803609FED0B0BBDE8708341
:102C4000DFF8789076E700BF000000000000000089
:102C50000938DE6F993F403FB35142718E71AC3FEE
:102C6000000000000000F03F000000000000F07FC6
:102C70000000D03F0000E03F6C6D0200EF39FAFE2B
:102C8000422E8640D2BC7ADD2B2386C02342920C92
:102C9000A19CC73B3CF92F9E2C15F73F000000007C
:102CA0000030E63FA80C615C10D02B3F1CDC586F55
:102CB000A452F13EE0F6B36FE4707C3F0000E0BF49
:102CC0002DE9F04F85B055EC104BFFF77FFE002843
:102CD00040F0C3800022002320462946FFF766FD0E
:102CE000002840F0BF800022002320462946FFF73D
:102CF000B1FD002840F0B18045EC104B03A8FFF770
:102D000077FE55EC104B78A3D3E9002310EE100AA0
:102D10002946FFF783FD002840F0A9800399704BF6
:102D20004E1E2046294600220396FFF79BFB0446D1
:102D30000D4645EC104B4FF0FF30FFF781FE684B1E
:102D400051EC100B0022FFF76BFA02460B462046AF
:102D50002946FFF727FC02460B4606460F46FFF7BB
:102D600085FB4BA3D3E9002304460D46FFF77EFB0A
:102D700049A3D3E90023FFF753FA49A3D3E900237A
:102D80008046894620462946FFF76CFB22462B46A3
:102D9000FFF76CFB44A3D3E90023FFF741FA424657
:102DA0004B4682468B4620462946FFF75FFB40A3F1
:102DB000D3E90023FFF756FB52465B46804689461F
:102DC00020462946FFF752FB3BA3D3E90023FFF738
:102DD00049FB02460B4640464946FFF7E3FB0246E5
:102DE0000B4620462946FFF741FB32463B46FFF79C
:102DF0003DFB02460B460398CDE90023FFF780FD1B
:102E0000DDE9002304460D4630463946FFF708FA4F
:102E10002BA3D3E9002306460F4620462946FFF799
:102E200025FB02460B4630463946FFF7F9F90246C4
:102E30000B462046294614461D4623A3D3E900230A
:102E4000FFF714FB02460B4620462946FFF7E8F938
:102E500041EC100B05B0BDE8F08F9FED1D0B05B0E8
:102E6000BDE8F08F9FED1C0B05B0BDE8F08F002290
:102E7000204629461B4BFFF7F5FA024645EC104B5E
:102E80004FF0FF3014460D4657E700BFAFF3008008
:102E900029BD56B31544E9BFEDAF16204A62304054
:102EA0000FCE674B80D541407E2615FA8380734054
:102EB0009AB5B312FF07504077900D9CFE0B8840E7
:102EC000A80C615C10D02BBF000000000030E63F72
:102ED000000000000000F87F000000000000F0FF8C
:102EE0000000E03F0000F03FCD3B7F669EA0E63F44
:102EF0002DE9F04157EC116B2DED028B544B11EE87
:102F0000100A0022394655EC104BFFF74FFC002801
:102F100047D10022002320462946FFF747FC88B10D
:102F20000022002330463946FFF722FC002842D118
:102F30009FED418BB0EE480AF0EE680ABDEC028BC3
:102F4000BDE8F08139463046FFF7A0FC8046FFF728
:102F5000D7FC32463B46FFF729FCD8BB00220023B2
:102F600020462946FFF776FC28BB45EC104BFFF7BF
:102F700037FDFFF7A5FE304653EC102B3946FFF71F
:102F800075FA41EC100BFFF79BFDB0EE408AF0EEB6
:102F9000608AB0EE480AF0EE680ABDEC028BBDE82C
:102FA000F08145EC184BB0EE480AF0EE680ABDEC33
:102FB000028BBDE8F0819FED228B00F017F9B0EE97
:102FC000480AF0EE680ABDEC028B224B1B680360D6
:102FD000BDE8F081B8F1000F1EDB28D018F0010F1A
:102FE0009FED198B22462B4605D051EC180BFFF7AD
:102FF0003DFA41EC180B5FEA680822462B46204652
:10300000294697D0FFF732FA18F0010F04460D4613
:1030100022462B46EFD0E8E722462B460C490020FB
:10302000FFF7C0FAC8F1000804460D46D6E79FED49
:10303000068B7FE7AFF30080000000000000000077
:10304000000000000000F0FF000000000000F03F62
:103050000000F03F686D02007F2805D8034B185C24
:10306000034B5B5C1840704700207047146B0200F4
:10307000946B0200A0F16103192B98BF20387047B0
:10308000A0F14103192B98BF203070477F2805D845
:10309000034B185C034B5B5C184070470020704783
:1030A000146B0200946B0200A0F16103192B98BF0E
:1030B00020387047A0F14103192B98BF203070478A
:1030C0007F299ABF017001206FF02E0070475AB11E
:1030D0000A787F2A0AD800B102600021196059607D
:1030E000501A18BF01207047002070476FF02E0063
:1030F000704710B504460846A2684AB12368616863
:1031000003F1010C8C4508BF00208B4208D2D0543B
:10311000E3682BB121686268914201D22146984749
:1031200023680133236010BD70B54C1E09D41646C8
:10313000C5B229463046FFF7DCFF013CB4F1FF3F42
:10314000F7D170BD10F0100F08D108B510F4007F52
:1031500014BF30202020FFF7E7FF08BD70470000B4
:1031600008B5034B5B689B681B68984708BD00BFA8
:103170004800002008B50721FFF7F2FF08BD08B599
:103180000621FFF7EDFF08BD08B50421FFF7E8FFB2
:1031900008BD38B504460D46FFF7F6FF30B1A4F17F
:1031A0003000A842A8BF4FF0FF3038BD2046FFF7DF
:1031B000E6FF10B1A4F15700F3E72046FFF7DAFF6E
:1031C00010B1A4F13700ECE74FF0FF30E9E708B5A4
:1031D0000C21FFF7C5FF08BD08B50821FFF7C0FFA8
:1031E00008BD08B50921FFF7BBFF08BD00B5EEF724
:1031F000EFF8024B18445DF804FB00BF0C00000020
:103200002DE9F04F83B001908B4692460446264646
:1032100014F8015BE5B12846FFF7DEFF0028F6D180
:10322000302D15D1B31C257805F0DF02582A06D0C1
:10323000BAF1000F4ED14FF0010A082606E03AF02D
:10324000100243D1A31C6578924610261C4603E069
:10325000BAF1000F1CD10A264FF000084746C146BC
:1032600031462846FFF795FF002815DB08FB0608C6
:103270004FEA184307FB06371FFA88F8B7F5803F77
:1032800028BF4FF0010914F8015B4FF0010AE7E78E
:1032900056464FF0000ADFE7BBF1000F07D0BAF146
:1032A000000F01D0631E0193019BCBF80030B9F1F0
:1032B000000F04D148EA074003B0BDE8F08FFFF7E4
:1032C00095FF222303604FF0FF30F5E756464FF09D
:1032D000010ABBE756464FF0010AB7E738B5204B65
:1032E000204A9B1A102B39D9044600F03FFE04F106
:1032F000130020F00F021C4B186858B34FF0FF3436
:103300000025294611E041B103680B60044644F8EA
:10331000042B00F02CFE204638BD0168124B1960CA
:10332000F4E70368014653B1184643689342EAD074
:103330009342F6D9A3423CBF1C460546F1E74DB186
:103340006B689B1A6B60A31AEC18EA5000F00FFE32
:103350000434E0E700F00BFE0024DCE70024DAE7A9
:10336000A8430120A82301205C00002000284DD0A4
:1033700038B50446264B98423BD3264B984238D862
:1033800000F0F4FD221F54F8040C234B1B68ABB172
:1033900093422FD219461B6803B39A42FAD844F8D5
:1033A000043C20600A60104483421CD120685D68A0
:1033B000284420601B6844F8043C24E0164B1A6043
:1033C000002344F8043C206011E00021EEE722686D
:1033D00013444B6054F8043C0B6008E0002344F8AD
:1033E000043C20600A604B68C8188242EFD000F0AD
:1033F000BEFD38BD44F8043C206007490A60104413
:103400008342E2D000210029F1D0ECE7704700BFF1
:10341000A8230120A84301205C0000209AB330B506
:1034200094460F2A18D902460B4640EA010414F0CC
:10343000030F02D00CF1FF3C11E019461046043294
:1034400004330C680568A54206D110461946ACF154
:10345000040CBCF1040FF0D8BCF1010C0FD00A46EB
:10346000034684441146184601330132047891F82A
:1034700000E0744503D1184611466345F2D1007847
:103480000B78C01A30BD002070470CB400B587B06F
:1034900008AA52F8043B0592039000200490029180
:1034A000194601A800F046FA07B05DF804EB02B037
:1034B00070470EB400B586B007AA52F8041B0592F7
:1034C0000390002304936FF00043029301A800F0DF
:1034D00031FA06B05DF804EB03B07047037833B1FE
:1034E000CAB29A4208D010F8013F002BF9D111F06E
:1034F000FF0F18BF002070477047BAB100B594465F
:10350000013903469E4611F8012F03F8012B22B121
:10351000BCF1010CF6D15DF804FBBCF1010FFAD946
:10352000F44403F8012B6345FBD1F4E770470378BB
:1035300053B159B10144034613F8012F12B18B4224
:10354000FAD10B46181A70470346FBE70346F9E722
:1035500070B50D46044660B1217841B12846FFF7A9
:10356000BDFF034650B114F8011F0029F6D1002316
:1035700020E0EDF72DFF104B1C58EDE72178C9B185
:1035800026462846FFF7AAFF48B916F8011F00296A
:10359000F7D1EDF71DFF084B1E5023460AE03378A4
:1035A000002BF6D0002306F8013BEDF711FF024B8C
:1035B0001E502346184670BD080000002DE9F04754
:1035C00082B08046894692460446274614F8015B3D
:1035D00055B32846FFF700FE06460028F5D12B2DEF
:1035E00015D1524601A92046FFF70AFE0346B9F15C
:1035F000000F2CD0019AA24208BF4246C9F8002011
:103600002EB3002B1CDB584202B0BDE8F0872D2DF5
:103610000AD1524601A92046FFF7F2FD0346B9F14F
:10362000000FEED00126E5E7524601A93846FFF724
:10363000E7FD0346B9F1000F09D03C460026D9E763
:10364000FFF7D4FD222202604FF00040DCE718466D
:10365000002BD9DAFFF7CAFD222303606FF0004088
:10366000D2E738B50446FFF7C1FD05680A220021FC
:103670002046FFF7A3FF0446FFF7B8FD056020468C
:1036800038BD00002DE9F04F83B0044627460134D1
:103690003878FFF7A1FD0028F8D13B782D2B0BD00F
:1036A0002B2B08BF013700230193002400254FF086
:1036B0000008DFF8049117E0274601230193F4E79F
:1036C00042464B4620462946FEF7D0FE04460D46AC
:1036D0001BF8010C3038FFF713F922462B46FEF792
:1036E0009FFD04460D465F46BA46BB461BF8010BDC
:1036F000FFF74AFD06460028E2D13B782E2B23D067
:103700003B7803F0DF03452B44D10AF10100FFF7BA
:10371000A8FF0644002E3DDA4FF00008DFF898902D
:1037200042464B4620462946FEF73CFF04460D46DE
:103730000136F5D1019B13B105F100431D4645EC5F
:10374000104B03B0BDE8F08F4FF00008DFF8689031
:10375000A7EB0A061AF8010FFFF716FD98B14246CB
:103760004B4620462946FEF781FE04460D469AF850
:1037700000003038FFF7C4F822462B46FEF750FD14
:1037800004460D46E4E79AF8003003F0DF03452BCA
:10379000C0D1BAE7002ECDDD4FF00008DFF8189059
:1037A00042464B4620462946FEF760FE04460D463B
:1037B000013EF5D1BEE700BF0000244010B584B043
:1037C0000C46114602900022039201941A46684664
:1037D00000F0B0F804B010BD844640EA010313F0D5
:1037E000030F18D18446202A0BD32DE9F007B1E846
:1037F000F807A0E8F807A2F12002202AF7D2BDE8D6
:10380000F007042A07D351F8043B40F8043BA2F127
:103810000402042AF7D2002A05D011F8013B00F86F
:10382000013B013AF9D1604670478446002A2DD009
:1038300010F0030F04D000F8011B013A26D0F7E77F
:10384000C9B241EA012141EA0141202A12D3A2F181
:1038500020022DE9F0030B460C460D460E460F469E
:1038600088468946A0E8FA03203AFBD2BDE8F00377
:1038700020320BD0042A05D340F8041B043A05D0AB
:10388000042AF9D200F8011B013AFBD160467047C7
:10389000024610F0030F16D111F0030F13D12DE9DA
:1038A000F0004FF001374FF0803351F8044BA4EB98
:1038B000070525EA04051D4002D142F8044BF4E750
:1038C000A1F10401F0BC11F8013B02F8013B002B0F
:1038D000F9D1704700F1010110F0030F11D010F879
:1038E000012B002A23D010F0030F0AD010F8012B6F
:1038F000002A1CD010F0030F03D010F8012B002A6F
:1039000015D02DE970004FF001324FF0803350F8A0
:10391000044BA4EB020525EA04051D4000D1F6E79F
:10392000A0F1040070BC10F8012B002AFBD1A0EB21
:10393000010070472DE9F04F89B00746039200233C
:1039400003600C4614F8011B002900F0FC82DFF82C
:1039500018B5EBE2002507E05E2868D145F48055F4
:1039600001E045F040051C46234613F8010B3028C2
:10397000F2D81F2837D9A0F12002102A33D801A18C
:1039800051F822F063390100E7390100E7390100FD
:10399000C9390100E7390100E7390100E7390100C1
:1039A000CF390100E7390100E7390100E7390100AB
:1039B000D5390100E7390100DB390100E7390100A1
:1039C000E7390100E139010045F08005CBE745F416
:1039D0000045C8E745F02005C5E745F01005C2E7FA
:1039E00045F40075BFE72A2821D1039A111D0391E0
:1039F000D2F800A0BAF1000FBCBFCAF1000A45F02E
:103A000010051878A31C2AEAEA7A2E2826D000216D
:103A1000742847D07A2845D06C2800F0A8804C281C
:103A200000F0AB80682800F0B8801C463DE0A0F1B3
:103A30003002D2B2092A88BF4FF0000AE3D84FF013
:103A4000000A0AEB8A0A303800EB4A0A13F8010B25
:103A5000A0F13002D2B2092AF3D9D4E718782A2883
:103A60000AD1039A111D0391116858780233002975
:103A7000CEDB45F48075CBE70133A0F13002D2B242
:103A8000092A88BF0021F4D8002101EB81013038D8
:103A900000EB410113F8010BA0F13002D2B2092A68
:103AA000F3D9E4E71C4614F8010B002800F0578214
:103AB000A0F12503DBB2532B62D8A0F12503532BD1
:103AC0005ED8DFE813F076005D005D005D005D000C
:103AD0005D005D005D005D005D005D005D005D00FE
:103AE0005D005D005D005D005D005D005D005D00EE
:103AF0005D005D005D005D005D005D005D005D00DE
:103B00005D005D005D005D005D005D005D005D00CD
:103B10005D005D005D005D005D005D005D005D00BD
:103B20005D005D005D005D005D005D00EC005D001E
:103B30005D005D005D005D005D005D005D005D009D
:103B40005D007B0021015D005D005D005D002101E5
:103B50005D005D005D005D0095000F01D2005D001D
:103B60005D00A6005D001A015D005D00EE001C46D0
:103B700014F8010B45F0010597E745F001051C46D7
:103B8000B54B1E68002E00F0CE8103AB019300916F
:103B900053462A463946B047C5E11878682803D00D
:103BA0005C1C45F0040580E745F008059C1C58782E
:103BB0007BE725213846FFF79CFAB4E1039B1A1DE9
:103BC00003921E780AF1FF3A3A4651462846FFF71B
:103BD000B9FA31463846FFF78CFAA94619F0100FAA
:103BE00000F0A1813A4651462020FFF79DFA9AE164
:103BF00015F0080F06D03A68039B191D03911B6846
:103C00001A7090E1039B1A1D03921B683A681A60B0
:103C100089E1039B1A1D0392D3F800808F4BB8F102
:103C2000000F08BF9846464625F4007915F4807FBA
:103C300016D04046FFF77BFC0546AAEB050A3A463C
:103C400051464846FFF77EFA002DC7D016F8011BF3
:103C50003846FFF74EFAA8EB0603EB42F6D1BDE774
:103C60004046FFF737FE0546E7E7039B1A1D039220
:103C70001B6815F0800F0CBF0026232645F48075C5
:103C800008211A46002B00F02A8105AB4FF00008EE
:103C900005F4005CA64660468C460146D2E045F439
:103CA000005515F0800F1BD043F2780643F25803FD
:103CB000782818BF1E4615F4807F01D025F40075C2
:103CC00015F4804F32D0039B1A1D03921B6815F028
:103CD000040F1FD01BB2002B20DA5B422D262DE0F3
:103CE0000026E8E715F0800F0CBF0026302615F4FB
:103CF000807FE5D025F40075E2E715F4807F07D0DA
:103D000025F400750026DBE745F480450026D7E75B
:103D10000026D5E715F0080FDDD0DBB215F0200F37
:103D200061D115F0400F18BF202607E0039B1A1D34
:103D300003921B6815F0040F50D09BB215F4807FDE
:103D400014BF25F4007501215838202800F2AF80F7
:103D500001A252F820F000BF833C0100AF3E0100F9
:103D6000AF3E0100AF3E0100AF3E0100AF3E01009B
:103D7000AF3E0100AF3E0100AF3E0100AF3E01008B
:103D8000AF3E0100AF3E0100133E0100AF3E010017
:103D9000AF3E0100AF3E0100AF3E0100133E010007
:103DA000AF3E0100AF3E0100AF3E0100AF3E01005B
:103DB000AF3E0100EB3D0100833C0100AF3E01003E
:103DC000AF3E0100AF3E0100AF3E0100133E0100D7
:103DD000AF3E0100AF3E0100833C010015F0080F2B
:103DE000ACD0DBB2AAE72B26A8E71A464FF00008B2
:103DF000002B5ED005A84FF0000803F00703303316
:103E000000F8013B08F10108D2081346002AF4D15A
:103E10004FE018464FF00008002B4AD04FF0000842
:103E200005F4004E4FF02C0973468E4619462FE0DC
:103E300002F00F000A4C205C03F8010B08F10108A6
:103E4000120906D00029F3D002F00F00054C205CC7
:103E5000F2E7744661462CE09C230120706D02005D
:103E6000486D0200586D0200CDCCCCCC08AB03EB02
:103E7000080CABFB0032D20802EB8203A0EB430339
:103E800030330CF80C3C08F1010809280DD9104614
:103E90000029EBD008F00303032BE7D108AB434420
:103EA00003F80C9C08F10108E0E7714601E04FF0CF
:103EB0000008A1EB080121EAE179AAEB090AAAEBC3
:103EC000080AFF2E0ED9AAF1020AC6F307213846C6
:103ED000FFF70FF9F1B23846FFF70BF904E04FF0A6
:103EE0000008E6E7002E3DD13A4651462846FFF746
:103EF00029F93A4649463020FFF716F9B8F1000F84
:103F00000EDD0DF1140908F1FF38C84498F80010CF
:103F100046463846FFF7EDF8C14508F1FF38F5D1C0
:103F200015F0100F09D114F8011B61B125293FF4D8
:103F300011AD3846FFF7DDF8F5E73A465146202047
:103F4000FFF7F2F8EFE7BB682BB13A6879688A426D
:103F50003CBF00219954386809B0BDE8F08F4FF09C
:103F6000FF30F9E70AF1FF3AB4E700BF7047704746
:103F7000F756010000000000555701000000000046
:103F80000C5A0100000000000C5801000000000065
:103F9000C45A0100000000008C5B0100000000001A
:103FA000675A0100000000001F5B010000000000D4
:103FB0008A58010000000000E658010000000000DF
:103FC00065590100000000005B410100000003038F
:103FD00040420100000000004443010000000000D6
:103FE0005B44010000000000E1440100000000000B
:103FF000AD55010000000000915B010000000000D1
:104000002E560100000000006F4D01000000030368
:10401000D14F010000000000154601000000000023
:10402000CC40010000000000D84001001400002036
:10403000A40000206C01002074010020AC000020CE
:044040001800000064
:10404400443A5C4E4141544F535C536F75726365FF
:1040540020436F64655C47484C2D4E4141544F5397
:104064005C6170706C69636174696F6E5C73646BBE
:104074005C636F6D706F6E656E74735C6C69627295
:1040840061726965735C6C6F675C7372635C6E729A
:10409400665F6C6F675F6261636B656E645F7561B9
:1040A40072742E6300000000FFFFFFFFFFFFFFFF9D
:1040B400FFFFFFFFFFFFFFFF000000000000000004
:1040C4000000D60106010000011500006D15000076
:1040D400A9140000756172745F6C6F675F6261633D
:1040E4006B656E6400443A5C4E4141544F535C53DB
:1040F4006F7572636520436F64655C47484C2D4E51
:104104004141544F535C6170706C69636174696FB1
:104114006E5C73646B5C636F6D706F6E656E7473ED
:104124005C6C69627261726965735C6C6F675C7305
:1041340072635C6E72665F6C6F675F66726F6E74DB
:10414400656E642E63004261636B656E6473206602
:104154006C757368656400617070001B5B313B3380
:10416400316D0025734C6F67732064726F707065D6
:1041740064202825642925730D0A001B5B306D001B
:104184002573005B253032643A253032643A253099
:1041940032642E253033642C253033645D20003C9A
:1041A40025733E2025733A200020253032780020E4
:1041B4002020007C002563001B5B313B33306D0005
:1041C4001B5B313B33326D001B5B313B33336D0082
:1041D4001B5B313B33346D001B5B313B33356D006E
:1041E4001B5B313B33366D001B5B313B33376D005A
:1041F4007761726E696E6700696E666F00646562EE
:10420400756700007F410100BC4101005F4101006E
:10421400C4410100CC410100D4410100DC41010052
:10422400E4410100EC410100000000003D4A0100AE
:10423400F4410100FC410100014201006170705F22
:10424400627574746F6E00415353455254494F4E16
:10425400204641494C45442061742025733A257514
:10426400004552524F52202575205B25735D206115
:10427400742025733A25750D0A50432061743A2041
:1042840030782530387800456E64206F662065727A
:10429400726F72207265706F727400554E4B4E4F80
:1042A400574E204641554C542061742030782530B7
:1042B4003858002E2E2F73646B2F6D6F64756C65E8
:1042C400732F6E7266782F68616C2F6E72665F67EB
:1042D40070696F2E6800443A5C4E4141544F535C00
:1042E400536F7572636520436F64655C47484C2D5A
:1042F4004E4141544F535C6170706C6963617469E1
:104304006F6E5C73646B5C636F6D706F6E656E74FF
:10431400735C6C69627261726965735C7364636116
:1043240072645C6170705F7364636172642E6300B5
:104334000200000000300240000000000100000004
:104344006170705F74696D657200443A5C4E4141FE
:10435400544F535C536F7572636520436F64655C9F
:1043640047484C2D4E4141544F535C6170706C6909
:10437400636174696F6E5C73646B5C636F6D706FA3
:104384006E656E74735C6C69627261726965735C8C
:10439400757362645C6170705F757362645F636C93
:1043A4006173735F626173652E6800443A5C4E41C9
:1043B40041544F535C536F7572636520436F64655A
:1043C4005C47484C2D4E4141544F535C6170706CB6
:1043D40069636174696F6E5C73646B5C636F6D7049
:1043E4006F6E656E74735C6C696272617269657319
:1043F4005C757362645C6170705F757362642E6374
:1044040000443A5C4E4141544F535C536F757263A0
:104414006520436F64655C47484C2D4E4141544FC1
:10442400535C6170706C69636174696F6E5C736412
:104434006B5C636F6D706F6E656E74735C6C6962D8
:104444007261726965735C757362645C6170705FDC
:10445400757362642E68006170705F7573626400C6
:1044640001000001010101003D2E000009000000CF
:10447400080000000A000000850000008003030E0D
:104484000D81443A5C4E4141544F535C536F7572F5
:10449400636520436F64655C47484C2D4E4141542D
:1044A4004F535C6170706C69636174696F6E5C73A7
:1044B400646B5C636F6D706F6E656E74735C6C6956
:1044C400627261726965735C757362645C61707059
:1044D4005F757362645F636F72652E6300617070F1
:1044E4005F757362645F636F72650000F407002098
:1044F4000C45010001000203008000000F090200C6
:1045040000000104C0320000653900000000000012
:104514000000000000000000000000001201000282
:104524000000004015190D520001010203010000B2
:104534005D370000000000007D3700000408002003
:104544002E2E2F73646B2F636F6D706F6E656E7498
:10455400732F6C69627261726965732F757362641B
:104564002F6170705F757362645F636C6173735FF6
:10457400626173652E6800443A5C4E4141544F5366
:104584005C536F7572636520436F64655C47484C88
:104594002D4E4141544F535C6170706C696361747A
:1045A400696F6E5C73646B5C636F6D706F6E656E68
:1045B40074735C6C69627261726965735C75736251
:1045C400645C636C6173735C6D73635C6170705F76
:1045D400757362645F6D73632E63002E2E2F736494
:1045E4006B2F636F6D706F6E656E74732F6C696281
:1045F4007261726965732F626C6F636B5F64657659
:104604002F6E72665F626C6F636B5F6465762E6893
:1046140000757362645F6D73630000007549000088
:10462400D53E000000000000000000000000000073
:104634000000000000000000000000000338FDD866
:1046440070475553424355534253443A5C4E41419B
:10465400544F535C536F7572636520436F64655C9C
:1046640047484C2D4E4141544F535C6170706C6906
:10467400636174696F6E5C73646B5C636F6D706FA0
:104684006E656E74735C6C69627261726965735C89
:10469400757362645C6170705F757362645F737478
:1046A40072696E675F646573632E630000000403C0
:1046B40009044E6F726469632053656D69636F6E9C
:1046C400647563746F72006E5246353220555342DE
:1046D400204D53432044656D6F003030303030300E
:1046E4003030303030310044656661756C7420635D
:1046F4006F6E66696775726174696F6E0055736574
:1047040072203100B0460100B6460100CB460100DC
:10471400DE460100EB4601000147010000000101F3
:104724000202030304040505443A5C4E4141544F1C
:10473400535C536F7572636520436F64655C4748CF
:104744004C2D4E4141544F535C6170706C696361F0
:1047540074696F6E5C73646B5C636F6D706F6E65B0
:104764006E74735C6C69627261726965735C757492
:10477400696C5C6170705F7574696C5F706C617496
:10478400666F726D2E630048415244204641554C79
:10479400542061742030782530385800202052305D
:1047A4003A2020307825303858202052313A2020C1
:1047B400307825303858202052323A20203078255D
:1047C400303858202052333A202030782530385859
:1047D4000020205231323A203078253038582020B9
:1047E4004C523A20203078253038582020505352EB
:1047F4003A2030782530385800537461636B207642
:10480400696F6C6174696F6E3A20737461636B20B5
:10481400706F696E746572206F7574736964652056
:10482400737461636B20617265612E0043617573FB
:10483400653A204275734661756C74206F6E206111
:1048440020766563746F72207461626C6520726592
:10485400616420647572696E67206578636570743D
:10486400696F6E2070726F63657373696E672E0073
:1048740043617573653A2025732E004D656D4D6156
:104884006E616765204661756C742041646472656D
:1048940073733A20307825303858004275732046B7
:1048A40061756C7420416464726573733A20307866
:1048B40025303858005468652070726F63657373CF
:1048C4006F722068617320617474656D70746564BF
:1048D40020746F206578656375746520616E20753A
:1048E4006E646566696E656420696E73747275635F
:1048F40074696F6E005468652070726F63657373BA
:104904006F7220617474656D707465642061206CCD
:104914006F6164206F722073746F726520617420FC
:1049240061206C6F636174696F6E207468617420B8
:10493400646F6573206E6F74207065726D69742086
:10494400746865206F7065726174696F6E00556E6E
:10495400737461636B20666F7220616E2065786387
:10496400657074696F6E2072657475726E2068610B
:104974007320636175736564206F6E65206F7220A8
:104984006D6F7265206163636573732076696F6C04
:104994006174696F6E7300537461636B696E672031
:1049A400666F7220616E20657863657074696F6EDE
:1049B40020656E7472792068617320636175736514
:1049C40064206F6E65206F72206D6F726520616365
:1049D400636573732076696F6C6174696F6E7300BD
:1049E40041204D656D4D616E616765206661756C32
:1049F40074206F6363757272656420647572696E86
:104A04006720666C6F6174696E672D706F696E7470
:104A1400206C617A79207374617465207072657397
:104A24006572766174696F6E00496E737472756332
:104A340074696F6E20627573206572726F720044C0
:104A440061746120627573206572726F72202850E0
:104A5400432076616C756520737461636B656420B3
:104A6400666F722074686520657863657074696F19
:104A74006E2072657475726E20706F696E74732027
:104A8400746F2074686520696E73747275637469D9
:104A94006F6E20746861742063617573656420743B
:104AA4006865206661756C742900446174612062D4
:104AB4007573206572726F72202872657475726ED8
:104AC400206164647265737320696E207468652064
:104AD400737461636B206672616D65206973206E07
:104AE4006F742072656C6174656420746F207468DF
:104AF4006520696E737472756374696F6E2074686F
:104B040061742063617573656420746865206572DF
:104B1400726F722900556E737461636B20666F72D5
:104B240020616E20657863657074696F6E207265AC
:104B34007475726E20686173206361757365642097
:104B44006F6E65206F72206D6F72652042757346BB
:104B540061756C747300537461636B696E6720666E
:104B64006F7220616E20657863657074696F6E2062
:104B7400656E74727920686173206361757365640E
:104B8400206F6E65206F72206D6F726520427573A1
:104B94004661756C7473004120627573206661759B
:104BA4006C74206F636375727265642064757269D6
:104BB4006E6720666C6F6174696E672D706F696EC5
:104BC40074206C617A7920737461746520707265E5
:104BD400736572766174696F6E00546865207072D3
:104BE4006F636573736F7220686173206174746599
:104BF4006D7074656420746F206578656375746581
:104C040020616E20696E737472756374696F6E20AF
:104C140074686174206D616B657320696C6C656781
:104C2400616C20757365206F66207468652045503B
:104C34005352005468652070726F636573736F72AA
:104C44002068617320617474656D7074656420619B
:104C54006E20696C6C6567616C206C6F6164206F99
:104C640066204558435F52455455524E20746F2078
:104C74007468652050432C20617320612072657331
:104C8400756C74206F6620616E20696E76616C6944
:104C94006420636F6E746578742C206F7220616E6B
:104CA40020696E76616C6964204558435F524554AF
:104CB40055524E2076616C7565005468652070729B
:104CC4006F636573736F72206861732061747465B8
:104CD4006D7074656420746F206163636573732001
:104CE4006120636F70726F636573736F72005468D1
:104CF400652070726F636573736F722068617320CF
:104D04006D61646520616E20756E616C69676E65A6
:104D140064206D656D6F72792061636365737300E0
:104D24005468652070726F636573736F7220686175
:104D34007320657865637574656420616E205344DF
:104D44004956206F72205544495620696E73747217
:104D5400756374696F6E2077697468206120646973
:104D64007669736F72206F662030006861726466C2
:104D740061756C7400000000B9480100F948010035
:104D840000000000524901009B490100E449010070
:104D940000000000000000002D4A0100434A010009
:104DA400AE4A0100194B01005A4B01009B4B010014
:104DB4000000000000000000B9480100DE4B0100C3
:104DC400374C0100BE4C0100000000000000000050
:104DD4000000000000000000F24C0100244D01001E
:104DE400443A5C4E4141544F535C536F7572636552
:104DF40020436F64655C47484C2D4E4141544F53EA
:104E04005C6170706C69636174696F6E5C73646B10
:104E14005C636F6D706F6E656E74735C6C696272E7
:104E240061726965735C62616C6C6F635C6E7266FF
:104E34005F62616C6C6F632E6300443A5C4E414167
:104E4400544F535C536F7572636520436F64655CA4
:104E540047484C2D4E4141544F535C6170706C690E
:104E6400636174696F6E5C73646B5C636F6D706FA8
:104E74006E656E74735C6C69627261726965735C91
:104E8400626C6F636B5F6465765C7364635C6E72A3
:104E9400665F626C6F636B5F6465765F7364632ED9
:104EA400630000001D590000B95800002958000093
:104EB400955700005157000071570000443A5C4E6A
:104EC4004141544F535C536F7572636520436F6463
:104ED400655C47484C2D4E4141544F535C617070A2
:104EE4006C69636174696F6E5C73646B5C65787420
:104EF40065726E616C5C667072696E74665C6E720B
:104F0400665F667072696E74662E6300443A5C4E26
:104F14004141544F535C536F7572636520436F6412
:104F2400655C47484C2D4E4141544F535C61707051
:104F34006C69636174696F6E5C73646B5C657874CF
:104F440065726E616C5C667072696E74665C6E72BA
:104F5400665F667072696E74665F666F726D6174A7
:104F64002E630030313233343536373839414243D9
:104F7400444546443A5C4E4141544F535C536F752B
:104F840072636520436F64655C47484C2D4E414114
:104F9400544F535C6170706C69636174696F6E5CCB
:104FA40073646B5C636F6D706F6E656E74735C6C51
:104FB40069627261726965735C6D656D6F626A5C6A
:104FC4006E72665F6D656D6F626A2E6300736F72D9
:104FD400746C697374004E52465F53554343455392
:104FE40053004E52465F4552524F525F5356435FF1
:104FF40048414E444C45525F4D495353494E470036
:105004004E52465F4552524F525F534F46544445A9
:10501400564943455F4E4F545F454E41424C4544CB
:10502400004E52465F4552524F525F494E544552CC
:105034004E414C004E52465F4552524F525F4E4FC6
:105044005F4D454D004E52465F4552524F525F4EA2
:105054004F545F464F554E44004E52465F455252A0
:105064004F525F4E4F545F535550504F5254454426
:10507400004E52465F4552524F525F494E56414C84
:1050840049445F504152414D004E52465F45525291
:105094004F525F494E56414C49445F535441544525
:1050A400004E52465F4552524F525F494E56414C54
:1050B40049445F4C454E475448004E52465F455262
:1050C400524F525F494E56414C49445F464C41470A
:1050D40053004E52465F4552524F525F494E56411D
:1050E4004C49445F44415441004E52465F4552523C
:1050F4004F525F444154415F53495A45004E524612
:105104005F4552524F525F54494D454F5554004EDE
:1051140052465F4552524F525F4E554C4C004E52D0
:10512400465F4552524F525F464F524249444445AE
:105134004E004E52465F4552524F525F494E5641C1
:105144004C49445F41444452004E52465F455252DA
:105154004F525F42555359004E52465F4552524F8B
:10516400525F4D4F44554C455F4E4F545F494E4935
:105174005449414C495A4544004E52465F455252A7
:105184004F525F4D555445585F494E49545F46410F
:10519400494C4544004E52465F4552524F525F4D72
:1051A400555445585F4C4F434B5F4641494C454429
:1051B400004E52465F4552524F525F4D555445582A
:1051C4005F554E4C4F434B5F4641494C4544004E5E
:1051D40052465F4552524F525F4D555445585F43B6
:1051E4004F4E445F494E49545F4641494C45440043
:1051F4004E52465F4552524F525F4D4F44554C45B7
:105204005F414C52454144595F494E495449414CD0
:10521400495A4544004E52465F4552524F525F53DD
:10522400544F524147455F46554C4C004E52465FE1
:105234004552524F525F4150495F4E4F545F494D62
:10524400504C454D454E544544004E52465F4552E0
:10525400524F525F464541545552455F4E4F545F3D
:10526400454E41424C4544004E52465F4552524FD2
:10527400525F494F5F50454E44494E47004E524697
:105284005F4552524F525F4452565F5457495F45EF
:1052940052525F4F56455252554E004E52465F454C
:1052A40052524F525F4452565F5457495F455252CF
:1052B4005F414E41434B004E52465F4552524F525E
:1052C4005F4452565F5457495F4552525F444E41C2
:1052D400434B004E52465F4552524F525F424C453B
:1052E4005F495053505F52585F504B545F5452556E
:1052F4004E4341544544004E52465F4552524F522C
:105304005F424C455F495053505F4348414E4E45C0
:105314004C5F414C52454144595F4558495354539D
:10532400004E52465F4552524F525F424C455F49D0
:105334005053505F4C494E4B5F444953434F4E4E7C
:105344004543544544004E52465F4552524F525FC6
:10535400424C455F495053505F504545525F52455A
:105364004A454354454400556E6B6E6F776E206515
:1053740072726F7220636F646500000000000000A9
:10538400DA4F010001000000E64F010002000000B6
:105394000450010003000000255001000400000037
:1053A40038500100050000004950010006000000CB
:1053B4005D50010007000000755001000800000066
:1053C4008D50010009000000A55001000A000000F2
:1053D400BE5001000B000000D65001000C0000007C
:1053E400ED5001000D000000015101000E0000000D
:1053F400135101000F0000002251010010000000B1
:1054040036510100110000004D51010080000000E0
:105414005C510100810000007D5101008200000008
:105424009951010083000000B5510100840000007F
:10543400D351010085000000F451010086000000F2
:105444001952010090000000305201009100000048
:105454004E520100920000006C52010000820000D4
:1054640081520100018200009F520100028200006B
:10547400BB52010000840000D752010001840000E7
:10548400FB52010002840000255301000384000044
:105494004A530100443A5C4E4141544F535C536FAC
:1054A4007572636520436F64655C47484C2D4E41BB
:1054B40041544F535C6170706C69636174696F6EC1
:1054C4005C73646B5C636F6D706F6E656E74735C3C
:1054D4006C69627261726965735C70776D5C61702E
:1054E400705F70776D2E63002E2E2F73646B2F6D9B
:1054F4006F64756C65732F6E7266782F647269764B
:105504006572732F696E636C7564652F6E7266784D
:105514005F74696D65722E68002E2E2F73646B2F75
:105524006D6F64756C65732F6E7266782F68616C2D
:105534002F6E72665F74696D65722E6800443A5C02
:105544004E4141544F535C536F7572636520436FF2
:1055540064655C47484C2D4E4141544F535C617027
:10556400706C69636174696F6E5C73646B5C636FA8
:105574006D706F6E656E74735C6C69627261726972
:1055840065735C757362645C636C6173735C6364A0
:10559400635C61636D5C6170705F757362645F63AB
:1055A40064635F61636D2E63006364635F61636D55
:1055B40000000000196F0000B56700000000000043
:1055C4000000000000000000253034582530385811
:1055D40000443A5C4E4141544F535C536F757263BF
:1055E4006520436F64655C47484C2D4E4141544FE0
:1055F400535C6170706C69636174696F6E5C736431
:105604006B5C696E746567726174696F6E5C6E72EF
:1056140066785C6C65676163795C6E72665F647200
:10562400765F636C6F636B2E6300636C6F636B00F8
:1056340000000000FFFFFFFF0006FF000000004025
:1056440000000000443A5C4E4141544F535C536F98
:105654007572636520436F64655C47484C2D4E4109
:1056640041544F535C6170706C69636174696F6E0F
:105674005C73646B5C696E746567726174696F6E88
:105684005C6E7266785C6C65676163795C6E726689
:105694005F6472765F756172742E6300443A5C4E87
:1056A4004141544F535C536F7572636520436F647B
:1056B400655C47484C2D4E4141544F535C617070BA
:1056C4006C69636174696F6E5C73646B5C6D6F6449
:1056D400756C65735C6E7266785C6472697665720B
:1056E400735C7372635C6E7266785F636C6F636B1A
:1056F4002E6300434C4F434B00443A5C4E414154AB
:105704004F535C536F7572636520436F64655C47E8
:10571400484C2D4E4141544F535C6170706C696329
:105724006174696F6E5C73646B5C6D6F64756C65DA
:10573400735C6E7266785C647269766572735C73AE
:1057440072635C6E7266785F6770696F74652E63EE
:10575400004750494F544500443A5C4E4141544F30
:10576400535C536F7572636520436F64655C47488F
:105774004C2D4E4141544F535C6170706C696361B0
:1057840074696F6E5C73646B5C6D6F64756C657368
:105794005C6E7266785C647269766572735C73724F
:1057A400635C6E7266785F706F7765722E63004417
:1057B4003A5C4E4141544F535C536F75726365209C
:1057C400436F64655C47484C2D4E4141544F535CD4
:1057D4006170706C69636174696F6E5C73646B5C37
:1057E4006D6F64756C65735C6E7266785C64726907
:1057F400766572735C7372635C7072735C6E7266EE
:10580400785F7072732E630050525300443A5C4EBA
:105814004141544F535C536F7572636520436F6409
:10582400655C47484C2D4E4141544F535C61707048
:105834006C69636174696F6E5C73646B5C6D6F64D7
:10584400756C65735C6E7266785C64726976657299
:10585400735C7372635C6E7266785F756172742ECA
:1058640063002E2E2F73646B2F696E7465677261EB
:1058740074696F6E2F6E7266782F6E7266785F67CA
:105884006C75652E68005541525400443A5C4E4193
:1058940041544F535C536F7572636520436F646565
:1058A4005C47484C2D4E4141544F535C6170706CC1
:1058B40069636174696F6E5C73646B5C6D6F64754E
:1058C4006C65735C6E7266785C647269766572731B
:1058D4005C7372635C6E7266785F75617274652E58
:1058E4006300554152544500443A5C4E4141544F83
:1058F400535C536F7572636520436F64655C4748FE
:105904004C2D4E4141544F535C6170706C6963611E
:1059140074696F6E5C73646B5C6D6F64756C6573D6
:105924005C6E7266785C647269766572735C7372BD
:10593400635C6E7266785F757362642E63002E2EEC
:105944002F73646B2F6D6F64756C65732F6E726645
:10595400782F68616C2F6E72665F757362642E684F
:1059640000555342440000010101010102030405F2
:10597400060708090B0008010C01100114011801A5
:105984001C01200124012C010C0D0E0F1011121307
:1059940014003001340138013C0140014401480144
:1059A4004C015001BD8C0000F18C0000619200009C
:1059B400819100007B910000759100006F910000BF
:1059C40069910000639100005D9100004592000020
:1059D400F1920000019D0000E19B0000DB9B0000B0
:1059E400D59B0000CF9B0000C99B0000C39B000017
:1059F400BD9B0000A992000065920000798E000012
:105A0400399F0000019B000050504900443A5C4E0D
:105A14004141544F535C536F7572636520436F6407
:105A2400655C47484C2D4E4141544F535C61707046
:105A34006C69636174696F6E5C73646B5C6D6F64D5
:105A4400756C65735C6E7266785C64726976657297
:105A5400735C7372635C6E7266785F74696D657291
:105A64002E630054494D455200443A5C4E41415422
:105A74004F535C536F7572636520436F64655C4775
:105A8400484C2D4E4141544F535C6170706C6963B6
:105A94006174696F6E5C73646B5C6D6F64756C6567
:105AA400735C6E7266785C647269766572735C733B
:105AB40072635C6E7266785F73616164632E630007
:105AC400534141444300443A5C4E4141544F535C7A
:105AD400536F7572636520436F64655C47484C2D52
:105AE4004E4141544F535C6170706C6963617469D9
:105AF4006F6E5C73646B5C6D6F64756C65735C6E08
:105B04007266785C647269766572735C7372635CE6
:105B14006E7266785F7477692E630054574900008B
:105B240009B0000019B00000000000000338FDD8DF
:105B34007047443A5C4E4141544F535C536F757205
:105B4400636520436F64655C47484C2D4E41415466
:105B54004F535C6170706C69636174696F6E5C73E0
:105B6400646B5C6D6F64756C65735C6E7266785C97
:105B7400647269766572735C7372635C6E72667864
:105B84005F7370696D2E63005350494D00636C69F7
:105B94005F75617274004D41494E3A2053656E64DD
:105BA400696E67204D61696E205374617465205578
:105BB4007064617465204D657373616765732E0A43
:105BC400004D41494E5F5441534B3A20556E61623A
:105BD4006C6520746F2073656E64206D61696E203E
:105BE4007374617465206368616E676520746F20E7
:105BF4006C6F676765725F6D61696E53746174651C
:105C04004368616E676551756575652E0A004D417F
:105C1400494E5F5441534B3A20556E61626C652086
:105C2400746F2073656E64206D61696E2073746196
:105C34007465206368616E676520746F20626174A7
:105C4400746572795F6D61696E53746174655175C1
:105C54006575652E0A004D41494E5F5441534B3AD8
:105C640020556E61626C6520746F2073656E6420CC
:105C74006D61696E207374617465206368616E6719
:105C84006520746F207573625F7374617465436813
:105C9400616E676551756575652E0A004D41494E03
:105CA4005F5441534B3A20556E61626C6520746FAA
:105CB4002073656E64206D61696E20737461746510
:105CC400206368616E676520746F20686561746520
:105CD400725F6D61696E5374617465517565756544
:105CE4002E0A005553423A20556E61626C65207449
:105CF4006F2072656365697665206D61696E2073D6
:105D04007461746520757064617465207265737064
:105D14006F6E73652066726F6D206D61696E5F6D65
:105D240061696E53746174655265737051756575FC
:105D3400650A004D41494E3A204C6F6767657220F1
:105D44005461736B20686173207570646174656459
:105D540020697473206D61696E2073746174652E9B
:105D64000A004D41494E3A204261747465727920AB
:105D74005461736B20686173207570646174656429
:105D840020697473206D61696E2073746174652E6B
:105D94000A004D41494E3A20555342205461736BD9
:105DA400206861732075706461746564206974731C
:105DB400206D61696E2073746174652E0A004D4113
:105DC400494E3A2053656E736F72205461736B2091
:105DD40068617320757064617465642069747320EC
:105DE4006D61696E2073746174652E0A004D4149BA
:105DF4004E3A20416C6C207461736B73207570642F
:105E0400617465642E2E2E2073656E64696E67203E
:105E1400636F6E74696E75652072657175657374F0
:105E2400732E0A004D41494E5F5441534B3A20555D
:105E34006E61626C6520746F2073656E64206D61A1
:105E4400696E20737461746520636F6E74696E7516
:105E54006520746F206C6F676765725F6D61696E32
:105E64005374617465436F6E74696E7565517565BD
:105E740075652E0A004D41494E5F5441534B3A20FB
:105E8400556E61626C6520746F2073656E64206D5D
:105E940061696E20737461746520636F6E74696EDA
:105EA400756520746F20626174746572795F6D61C9
:105EB400696E5374617465436F6E74696E75655170
:105EC400756575652E0A004D41494E5F5441534B2B
:105ED4003A20556E61626C6520746F2073656E6440
:105EE400206D61696E20737461746520636F6E74D4
:105EF400696E756520746F2073656E736F725F6D64
:105F040061696E5374617465436F6E74696E75650F
:105F140051756575652E0A004D41494E5F544153D4
:105F24004B3A20556E61626C6520746F2073656E08
:105F340064206D61696E20737461746520636F6E93
:105F440074696E756520746F207573625F6D616925
:105F54006E5374617465436F6E74696E75655175C3
:105F64006575652E0A004D41494E5F5441534B3AC5
:105F740020556E61626C6520746F2073656E6420B9
:105F840072756E20616D706C696669636174696FA6
:105F94006E207A6F6E6520726571756573742E0A52
:105FA400004D41494E5F5441534B3A20556E616256
:105FB4006C6520746F2073656E64207374617274F1
:105FC40020616D706C696669636174696F6E207AB3
:105FD4006F6E65206576656E7420746F206C6F67D4
:105FE40067696E67207461736B2E0A004D41494ED8
:105FF4005F5441534B3A20556E61626C6520746F57
:106004002073656E642072756E2076616C766520EF
:106014007A6F6E6520726571756573742E0A004D12
:1060240041494E5F5441534B3A20556E61626C6551
:1060340020746F2073656E642073746172742076AB
:10604400616C7665207A6F6E65206576656E742066
:10605400746F206C6F6767696E67207461736B2E51
:106064000A004D41494E5F5441534B3A20556E61ED
:10607400626C6520746F2073656E642073746F7036
:1060840020616D706C696669636174696F6E207AF2
:106094006F6E6520726571756573742E0A004D41CB
:1060A400494E5F5441534B3A20556E61626C6520F2
:1060B400746F2073656E642073746F7020616D70EB
:1060C4006C696669636174696F6E207A6F6E6520AE
:1060D4006576656E7420746F206C6F6767696E6790
:1060E400207461736B2E0A004D41494E5F54415335
:1060F4004B3A20556E61626C6520746F2073656E37
:10610400642073746F702076616C7665207A6F6E8C
:106114006520726571756573742E0A004D41494E90
:106124005F5441534B3A20556E61626C6520746F25
:106134002073656E642073746F702076616C76656D
:10614400207A6F6E65206576656E7420746F206C9E
:106154006F6767696E67207461736B2E0A004D4127
:10616400494E5F5441534B3A204572726F7220720C
:106174006563656976696E672073776974636820FF
:10618400646174612066726F6D206D61696E5F7306
:10619400776974636851756575650A004D41494EA8
:1061A4005F5441534B3A20556E61626C6520746FA5
:1061B4002073656E642073616D706C6520696E7404
:1061C400657272757074696F6E206576656E742081
:1061D400746F206C6F6767696E67207461736B2ED0
:1061E4000A004D61696E5461736B004572726F727F
:1061F400206372656174696E67206D61696E2074D5
:1062040061736B2E204572726F723A2025640A0006
:106214004865617465725461736B004572726F7284
:10622400206372656174696E672068656174657264
:10623400207461736B2E204572726F723A2025644C
:106244000A004C6F676765725461736B0045727224
:106254006F72206372656174696E67206C6F676723
:106264006572207461736B2E204572726F723A20CE
:1062740025640A0053656E736F72735461736B0007
:106284004572726F72206372656174696E67207300
:10629400656E736F7273207461736B2E2045727216
:1062A4006F723A2025640A004261747465727954ED
:1062B40061736B004572726F7220637265617469F9
:1062C4006E672062617474657279206D616E6167B6
:1062D400656D656E74207461736B2E204572726FE8
:1062E400723A2025640A004572726F7220637265E7
:1062F4006174696E6720757362206D616E61676594
:106304006D656E74207461736B2E204572726F72AA
:106314003A2025640A0050574D5461736B0045724E
:10632400726F72206372656174696E672050574D95
:10633400207461736B2E204572726F723A2025644B
:106344000A00436F6D706F736974655553425461ED
:10635400736B004572726F72206372656174696E4B
:106364006720436F6D706F736974652055534220C5
:106374007461736B2E204572726F723A2025640A21
:1063840000556E61626C6520746F20637265617480
:1063940065206D61696E5F626174746572794461D0
:1063A400746151756575652071756575650A00556B
:1063B4006E61626C6520746F206372656174652020
:1063C4006D61696E5F73776974636851756575652E
:1063D4002071756575650A00556E61626C6520747F
:1063E4006F20637265617465206D61696E5F6D61B4
:1063F400696E537461746552657370517565756522
:106404002071756575650A00556E61626C6520744E
:106414006F20637265617465206865617465725F7D
:106424007A6F6E6552756E51756575652071756507
:1064340075650A00556E61626C6520746F20637225
:1064440065617465206865617465725F74656D70FB
:1064540065726174757265446174615175657565C1
:106464002071756575650A00556E61626C652074EE
:106474006F20637265617465206865617465725F1D
:1064840075736257616974517565756520717565B9
:1064940075650A00556E61626C6520746F206372C5
:1064A400656174652073656E736F725F6D61696E8B
:1064B400537461746551756575652071756575658D
:1064C4000A00556E61626C6520746F2063726561A9
:1064D40074652073656E736F725F7573625761695B
:1064E4007451756575652071756575650A00556E1D
:1064F40061626C6520746F206372656174652073DA
:10650400656E736F725F6D61696E53746174654318
:106514006F6E74696E756551756575652071756505
:1065240075650A00556E61626C6520746F20637234
:106534006561746520626174746572795F726571F6
:106544007565737450657263656E745175657565B0
:106554002071756575650A00556E61626C652074FD
:106564006F20637265617465206261747465727909
:106574005F6D61696E5374617465517565756520ED
:1065840071756575650A00556E61626C6520746F7E
:106594002063726561746520626174746572795FE9
:1065A4007573625761697451756575652071756598
:1065B40075650A00556E61626C6520746F206372A4
:1065C4006561746520626174746572795F6D616977
:1065D4006E5374617465436F6E74696E756551753D
:1065E4006575652071756575650A00556E61626C27
:1065F4006520746F20637265617465207573625FD2
:1066040073746174654368616E676551756575651A
:106614002071756575650A00556E61626C6520743C
:106624006F20637265617465207573625F72656360
:10663400765573625761697441636365707451750B
:106644006575652071756575650A00556E61626CC6
:106654006520746F20637265617465207573625F71
:10666400757362576169744F7665725175657565A6
:106674002071756575650A00556E61626C652074DC
:106684006F20637265617465207573625F6D616903
:106694006E5374617465436F6E74696E756551757C
:1066A4006575652071756575650A00556E61626C66
:1066B4006520746F20637265617465206C6F676711
:1066C40065725F7265637642617474506572636566
:1066D4006E7451756575652071756575650A00552B
:1066E4006E61626C6520746F2063726561746520ED
:1066F4006C6F676765725F6C6F674D657373616715
:106704006551756575652071756575650A00556E09
:1067140061626C6520746F20637265617465206CBE
:106724006F676765725F6D61696E53746174654309
:1067340068616E6765517565756520717565756508
:106744000A00556E61626C6520746F206372656126
:106754007465206C6F676765725F6D61696E5374F1
:10676400617465436F6E74696E75655175657565A1
:106774002071756575650A00556E61626C652074DB
:106784006F206372656174652070776D5F757362E5
:106794005761697451756575652071756575650A0C
:1067A400004672656552544F5320537461636B20E5
:1067B4004F766572666C6F7720486173204F636310
:1067C400757265642E00443A5C4E4141544F535CEB
:1067D400536F7572636520436F64655C47484C2D45
:1067E4004E4141544F535C6170706C6963617469CC
:1067F4006F6E5C7372635C6D61696E2E63005761CA
:10680400726E696E673A20636F6E6669677572614E
:1068140074696F6E2066696C6520776173206E6F92
:10682400742061626C6520746F20626520726561FA
:10683400642E205573696E672064656661756C7497
:1068440020636F6E66696775726174696F6E20701C
:106854006172616D65746572732E00416D706C694F
:106864006669636174696F6E205A6F6E652048654E
:106874006174696E672053746F707065642E004193
:106884006D706C696669636174696F6E205A6F6EAE
:10689400652048656174696E67205374617274651C
:1068A400642E0056616C7665205A6F6E65204865CB
:1068B4006174696E672053746F707065642E00563E
:1068C400616C7665205A6F6E652048656174696EE7
:1068D4006720537461727465642E0053616D706C2B
:1068E40065205072657065726174696F6E20496EBF
:1068F4007465727275707465642E0053616D706C8A
:1069040065205072657065726174696F6E20436FA3
:106914006D706C657465642E0053616D706C6520D8
:106924005072657065726174696F6E205374617220
:106934007465642E000000000100000000000000E7
:106944000000000000000000000000000300000040
:106954008368010001000000000000000000000046
:106964000000000000000000040000005F68010057
:106974000100000000000000000000000000000012
:106984000000000002000000DF68010001000101B6
:1069940001020001010000000001000001000000EC
:1069A40000000000000000000000000000000000E3
:1069B40005000000C36801000100000000000000A1
:1069C40000000000000000000000000006000000BD
:1069D400A7680100424154545F5441534B3A205537
:1069E4006E61626C6520746F20726563656976659B
:1069F400207374617465206368616E6765206672D4
:106A04006F6D20626174746572795F6D61696E5334
:106A14007461746551756575652E0A005553423A63
:106A240020556E61626C6520746F2073656E6420FE
:106A34006D61696E20737461746520726573706F23
:106A44006E736520746F206D61696E5F6D61696E30
:106A54005374617465526573705175657565207101
:106A6400756575652E0A005553423A20556E61626C
:106A74006C6520746F207265636576697665206342
:106A84006F6E74696E756520746F206261747465CD
:106A940072795F6D61696E5374617465436F6E746E
:106AA400696E756551756575652071756575652EB9
:106AB4000A00424154544552593A20556E61626C61
:106AC4006520746F207265636569766520757362ED
:106AD4002073757370656E64207265717565737467
:106AE4002066726F6D20626174746572795F75736C
:106AF400625761697451756575650A004241545461
:106B04004552593A20556E61626C6520746F20734A
:106B1400656E64207573622073757370656E64208E
:106B24006163636570742066726F6D207573625F54
:106B34007265637655736257616974416363657006
:106B44007451756575650A00424154544552593A69
:106B54002053757370656E64696E6720666F72206A
:106B64003135207365636F6E64732E0A004241549D
:106B7400544552593A20556E61626C6520746F20F9
:106B840073656E64207573622073757370656E64CB
:106B9400206F76657220746F207573625F757362FF
:106BA400576169744F76657251756575650A00425F
:106BB4004154545F5441534B3A2057617320756ECE
:106BC40061626C6520746F2073656E642062617409
:106BD400746572792070657263656E74616765208F
:106BE400746F206D61696E2071756575652E204521
:106BF40072726F723A25640A00424154545F5441E0
:106C0400534B3A2057617320756E61626C65207432
:106C14006F2070756C6C206F666620626174746599
:106C24007279207265717565737420666F72206C59
:106C34006F676765722071756575650A0042415416
:106C4400545F5441534B3A2057617320756E61620F
:106C54006C6520746F2073656E6420626174746562
:106C6400727920696E666F726D6174696F6E2074DB
:106C74006F206C6F676765722071756575650A00B2
:106C8400010101014845415445523A20556E616263
:106C94006C6520746F207265636569766520757311
:106CA400622073757370656E6420726571756573A7
:106CB400742066726F6D206865617465725F7573A8
:106CC400625761697451756575650A004845415498
:106CD40045523A20556E61626C6520746F2073656D
:106CE4006E64207573622073757370656E642061C1
:106CF40063636570742066726F6D207573625F7272
:106D04006563765573625761697441636365707432
:106D140051756575650A004845415445523A2053FA
:106D2400757370656E64696E6720666F72203135A5
:106D3400207365636F6E64732E0A004845415445A1
:106D4400523A20556E61626C6520746F2073656ED3
:106D540064207573622073757370656E64206F763A
:106D6400657220746F207573625F75736257616911
:106D7400744F76657251756575650A0048454154CE
:106D840045525F5441534B3A20756E61626C6520E5
:106D9400746F2072656365697665207A6F6E65200D
:106DA40072756E20726571756573742066726F6D8D
:106DB400206865617465725F7A6F6E6552756E5195
:106DC400756575650A004845415445525F54415301
:106DD4004B3A20756E61626C6520746F2072656336
:106DE400656976652074656D706572617475726528
:106DF40020646174612066726F6D206865617465DA
:106E0400725F74656D7065726174757265446174E6
:106E14006151756575650A00416D70303A2054659D
:106E24006D703A2025302E326609447574793A2003
:106E340025302E32660A00416D70313A2054656D5A
:106E4400703A2025302E326609447574793A20252B
:106E5400302E32660A00416D70323A2054656D70EE
:106E64003A2025302E326609447574793A2025304B
:106E74002E32660A0056616C763A2054656D703A7B
:106E84002025302E326609447574793A2025302E37
:106E940032660A00020102014C4F475F5441534BD2
:106EA4003A20556E61626C6520746F2067657420AA
:106EB40074696D6520666F72206C6F672066696CFB
:106EC40065206E616D65210A00756E6B6E6F776E5D
:106ED4002E6373760073616D706C655F25642D2578
:106EE400642D25645F256425642E637376004C4FFE
:106EF400475F5441534B3A20556E61626C65207470
:106F04006F207265636569766520737461746520AA
:106F14006368616E67652066726F6D206C6F67676A
:106F240065725F6D61696E53746174654368616E07
:106F3400676551756575652E0A005553423A2055AB
:106F44006E61626C6520746F207265636576697624
:106F54006520636F6E74696E756520746F206C6F45
:106F6400676765725F6D61696E5374617465436FC1
:106F74006E74696E75655175657565207175657595
:106F8400652E0A004C4F475F5441534B3A205761DA
:106F9400726E696E6721204C6F672066696C65208C
:106FA40077697468206E616D6520616C72656164D7
:106FB400792065786973742C2077696C6C2062651C
:106FC400206F7665727772697474696E672074686D
:106FD40061742066696C652E0A004C4F475F54410A
:106FE400534B3A20556E61626C6520746F20637256
:106FF40065617465206C6F672066696C6520666FD7
:10700400722063757272656E742073616D706C6545
:10701400207072657065726174696F6E2E0A004C1F
:107024004F475F5441534B3A20556E61626C652063
:10703400746F2073656E6420626174746572792064
:1070440070657263656E74616765207265717565DC
:10705400737420746F20626174746572795F7265F1
:10706400717565737450657263656E745175657579
:10707400652E0A004C4F475F5441534B3A20556EDE
:1070840061626C6520746F2067657420626174743A
:107094006572792070657263656E746167652066D8
:1070A400726F6D20626174746572795F7265717557
:1070B40065737450657263656E7451756575652E7C
:1070C4000A004C4F475F5441534B3A20556E61625E
:1070D4006C6520746F20676574206C6F67206D6524
:1070E40073736167652066726F6D206C6F67676587
:1070F400725F6C6F674D6573736167655175657514
:10710400652E0A004C4F475F5441534B3A20556E4D
:1071140061626C6520746F2072657472656976654E
:107124002074696D65210025643A25643A25642C30
:1071340025302E32662C25302E32662C25302E3208
:10714400662C25302E32662C25642C4E4F4E450A73
:107154000025643A25643A25642C25302E32662CA9
:1071640025302E32662C25302E32662C25302E32D8
:10717400662C25642C25730A004C4F475F544153F9
:107184004B3A20556E61626C6520746F207772698A
:107194007465206C617374206C6F67206C696E6514
:1071A400210A004C4F475F5441534B3A2057726FAA
:1071B4007465206C696E6520746F206C6F670A00BB
:1071C400034845415445525F5441534B3A20556E50
:1071D40061626C6520746F20726561642074656DF2
:1071E4007065726174757265210A00424154545F7E
:1071F4005441534B3A20556E61626C6520746F2084
:10720400726563656976652073746174652063686B
:10721400616E67652066726F6D2073656E736F7241
:107224005F6D61696E537461746551756575652E22
:107234000A005553423A20556E61626C6520746FA2
:1072440020726563657669766520636F6E74696E16
:10725400756520746F2073656E736F725F6D6169FD
:107264006E5374617465436F6E74696E75655175A0
:107274006575652071756575652E0A0053454E5315
:107284004F52533A20556E61626C6520746F2072C0
:1072940065636569766520757362207375737065BF
:1072A4006E6420726571756573742066726F6D20EB
:1072B40073656E736F725F7573625761697451752C
:1072C4006575650A0053454E534F52533A20556E27
:1072D40061626C6520746F2073656E6420757362DF
:1072E4002073757370656E642061636365707420C8
:1072F40066726F6D207573625F7265637655736233
:107304005761697441636365707451756575650A85
:107314000053454E534F52533A2053757370656E64
:1073240064696E6720666F72203135207365636F00
:107334006E64732E0A0053454E534F52533A2055F0
:107344006E61626C6520746F2073656E6420757362
:10735400622073757370656E64206F766572207435
:107364006F207573625F757362576169744F7665D8
:107374007251756575650A004F70746963616C209C
:1073840073656E736F722074726967676572656482
:10739400210A004F70746963616C2073656E736FAA
:1073A40072206E6F206C6F6E6765722074726967ED
:1073B4006765726564210A0048616C2073656E73A9
:1073C4006F7220747269676765726564210A004888
:1073D400616C2073656E736F72206E6F206C6F6EBC
:1073E40067657220747269676765726564210A0053
:1073F40053454E534F52535F5441534B3A20556EAD
:1074040061626C6520746F2073656E6420737769A4
:10741400746368206461746120696E206D61696EB3
:107424005F73776974636851756575652E0A0053D7
:10743400454E534F52535F5441534B3A20556E615E
:10744400626C6520746F2073656E642074656D7062
:1074540065726174757265206461746120696E205F
:107464006865617465725F74656D70657261747569
:1074740072654461746151756575652E204572723B
:107484006F723A2025640A0053454E534F52535F9E
:107494005441534B3A20556E61626C6520746F20E1
:1074A40073656E64206C6F67206D657373616765C7
:1074B40020746F206C6F676765725F6C6F674D65D2
:1074C400737361676551756575652E0A000401045F
:1074D400015553423A2053757370656E6465640AAE
:1074E400005553423A20526573756D65640A005520
:1074F40053423A20537461727465640A00555342CE
:107504003A2053746F707065640A005553423A20F0
:10751400506F7765722064657465637465640A00EE
:107524005553423A20506F7765722072656D6F76BD
:1075340065640A005553423A2052656164790A0031
:10754400434F4D20706F7274206F70656E65642EAA
:107554000A0042797465732077616974696E673AC9
:107564002025640A0052583A2073697A653A202526
:107574006C7520636861723A2025630A0055534292
:107584003A20556E61626C6520746F2073656E6479
:10759400207573622073757370656E6420726571F3
:1075A4007565737420746F20626174746572795F99
:1075B4007573625761697451756575652E0A005556
:1075C40053423A20556E61626C6520746F20736576
:1075D4006E64207573622073757370656E642072B7
:1075E40065717565737420746F2068656174657264
:1075F4005F7573625761697451756575652E0A000C
:107604005553423A20556E61626C6520746F207345
:10761400656E64207573622073757370656E642083
:107624007265717565737420746F2070776D5F7502
:1076340073625761697451756575652E0A005553F7
:10764400423A20556E61626C6520746F2073656EDA
:1076540064207573622073757370656E642072653F
:10766400717565737420746F2073656E736F725FC8
:107674007573625761697451756575652E0A005595
:1076840053423A20556E61626C6520746F207265B6
:1076940063656976652066726F6D207573625F72CB
:1076A4006563765573625761697441636365707489
:1076B40051756575652071756575652E0A00443AC6
:1076C4005C4E4141544F535C536F75726365204364
:1076D4006F64655C47484C2D4E4141544F535C6187
:1076E40070706C69636174696F6E5C7372635C75EE
:1076F40073622E63005553423A205265737461726B
:1077040074696E672055534220746F206F6E6C79D4
:107714002068617665205669727475616C20434FE8
:107724004D20506F72742E0A005553423A20556E04
:1077340061626C6520746F2072656365697665208B
:107744007573622077616974206F76657220667242
:107754006F6D207573625F757362576169744F76DC
:10776400657251756575650A005553423A20626128
:107774007474657279207461736B207375737065AA
:107784006E73696F6E206F7665722E0A00555342D0
:107794003A20686561746572207461736B20737537
:1077A4007370656E73696F6E206F7665722E0A0052
:1077B4005553423A2070776D207461736B20737552
:1077C4007370656E73696F6E206F7665722E0A0032
:1077D4005553423A2073656E736F72207461736BF4
:1077E4002073757370656E73696F6E206F76657242
:1077F4002E0A005553425F5441534B3A20556E6153
:10780400626C6520746F20726563656976652075A6
:107814007362206D6573736167652066726F6D2096
:107824007573625F73746174654368616E676551F3
:10783400756575652E0A005553423A20556E61628E
:107844006C6520746F207265636576697665206364
:107854006F6E74696E756520746F207573625F6DE9
:1078640061696E5374617465436F6E74696E756596
:1078740051756575652071756575652E0A004E41F3
:1078840041544F530053444300312E303000000024
:10789400040F0020B855010002010106020204820F
:1078A400810100000101020181010000EDD000000E
:1078B4002D0000208C170020204601000100020347
:1078C400830300008C0F002000040000020000006D
:1078D400300000200100000039D0000006500000F4
:1078E400A84E010082780100897801008D7801009A
:1078F400000200000D0E0F0C1818002000000000FC
:107904003DD0000000000000443A5C4E4141544F19
:10791400535C536F7572636520436F64655C4748BD
:107924004C2D4E4141544F535C6170706C696361DE
:1079340074696F6E5C7372635C70776D2E63005054
:10794400574D3A20556E61626C6520746F207265E4
:107954006365697665207573622073757370656EEF
:107964006420726571756573742066726F6D207022
:10797400776D5F7573625761697451756575650AD2
:107984000050574D3A20556E61626C6520746F202B
:1079940073656E64207573622073757370656E64AD
:1079A400206163636570742066726F6D2075736205
:1079B4005F72656376557362576169744163636589
:1079C400707451756575650A0050574D3A205375AA
:1079D4007370656E64696E6720666F72203135203E
:1079E4007365636F6E64732E0A0050574D3A2055C9
:1079F4006E61626C6520746F2073656E64207573AC
:107A0400622073757370656E64206F76657220747E
:107A14006F207573625F757362576169744F766521
:107A24007251756575650A001300000014000000AA
:107A34000000000002000000881300002100000084
:107A44002200000000000000020000008813000073
:107A5400060106016C180020687A010090180020C5
:107A6400707A0100008000400004000000A0004083
:107A740002040000443A5C4E4141544F535C536F3E
:107A84007572636520436F64655C47484C2D4E41B5
:107A940041544F535C6170706C69636174696F6EBB
:107AA4005C7372635C6164632E6300000000000217
:107AB4000000020001000600443A5C4E4141544F6C
:107AC400535C536F7572636520436F64655C47480C
:107AD4004C2D4E4141544F535C6170706C6963612D
:107AE40074696F6E5C7372635C6932635F68616C46
:107AF4005F6672656572746F732E63000000000028
:107B04000030004000000000000000000100000000
:107B140000400040010000000000000000000101DE
:107B2400767776777776777653442043617264204C
:107B3400556E696E6974616C697A65642E0A000D0C
:107B44000A204C697374696E672064697265637492
:107B54006F72793A202F0A002F00446972656374AA
:107B64006F7279206C697374696E67206661696CE1
:107B74006564210A004469726563746F72792072C6
:107B8400656164206661696C65642E0A00202020AA
:107B94003C4449523E20202025730A0025396C7547
:107BA400202025730A006C6F67730054696D652C7F
:107BB40056616C766554656D702C416D70305465FA
:107BC4006D702C416D703154656D702C416D703247
:107BD40054656D702C426174742C4576656E740A1C
:107BE400002E2E00636F6E66696700636F6E6669B0
:107BF400672E7478740073616D706C655F72617464
:107C0400653A25302E32660A006C6F6767696E67C5
:107C14005F726174653A25302E32660A00616D70B8
:107C24005F7A6F6E655F72756E5F74696D653A2514
:107C3400640A0076616C76655F7A6F6E655F727553
:107C44006E5F74696D653A25640A006C6F775F70C6
:107C54006F7765725F7468726573686F6C643A25D8
:107C6400640A0076616C76655F736574706F696E23
:107C7400743A25302E32660A00616D706C6966694B
:107C8400636174696F6E5F736574706F696E743A63
:107C940025302E32660A0076616C76655F6B703A29
:107CA40025302E33660A0076616C76655F6B693A1F
:107CB40025302E33660A0076616C76655F6B643A14
:107CC40025302E33660A00616D70305F6B703A2583
:107CD400302E33660A00616D70305F6B693A25306F
:107CE4002E33660A00616D70305F6B643A25302E66
:107CF40033660A00616D70315F6B703A25302E3344
:107D0400660A00616D70315F6B693A25302E336607
:107D14000A00616D70315F6B643A25302E33660A58
:107D240000616D70325F6B703A25302E33660A0045
:107D3400616D70325F6B693A25302E33660A0061DB
:107D44006D70325F6B643A25302E33660A004C6FD7
:107D54006773206469726563746F727920637265F6
:107D6400617465640A00436F6E66696720646972B2
:107D74006563746F727920637265617465640A0067
:107D84004E657720636F6E6669672E74787420631E
:107D94006F6E6669672066696C6520696E20636F23
:107DA4006E666967207375626469726563746F7265
:107DB40079206372656174656420776974682064EE
:107DC400656661756C7420706172616D657465724D
:107DD400732E0A00556E61626C6520746F207265A3
:107DE40074726569766520636F6E6669672E747850
:107DF400742066726F6D20736420636172642E0A4E
:107E0400005344204361726420696E697469616C33
:107E1400697A6174696F6E206661696C65642E0AA3
:107E2400005344204361726420696E6974616C6913
:107E34007A65642E204361706163746974793A20B1
:107E44002564204D420A00556E61626C6520746F92
:107E5400206D6F756E742053442043617264210A4F
:107E6400003A005761726E696E673A2053616D7013
:107E74006C652072617465206C6F7765722074681C
:107E8400616E206D696E696D756D2028302E3034F9
:107E940038292C2073657474696E672073616D7062
:107EA4006C65207261746520746F206D696E696DF4
:107EB400756D2E00A84E01008278010089780100BA
:107EC4008D780100000200000D0E0F0C981D00209B
:107ED400556E61626C6520746F2069326320636F34
:107EE4006D6D756E6963617465207769746820636C
:107EF400616C656E6461722063686970210A005464
:107F040065726D696E616C00525454005345474765
:107F1400455200443A5C4E4141544F535C536F7593
:107F240072636520436F64655C47484C2D4E414144
:107F3400544F535C6170706C69636174696F6E5CFB
:107F440073646B5C65787465726E616C5C66617495
:107F540066735C706F72745C6469736B696F5F6283
:107F64006C6B6465762E6300222A3A3C3E3F7C7F2C
:107F7400002B2C3B3D5B5D0001030507090E10122D
:107F84001416181C1E0061001A03E0001703F80001
:107F94000703FF00010078010001300132010601EE
:107FA400390110014A012E017901060180014D00B9
:107FB40043028101820182018401840186018701D7
:107FC400870189018A018B018B018D018E018F014B
:107FD40090019101910193019401F6019601970199
:107FE400980198013D029B019C019D0120029F0183
:107FF400A001A001A201A201A401A401A601A7015C
:10800400A701A901AA01AB01AC01AC01AE01AF010A
:10801400AF01B101B201B301B301B501B501B701BB
:10802400B801B801BA01BB01BC01BC01BE01F70132
:10803400C001C101C201C301C401C501C401C7011A
:10804400C801C701CA01CB01CA01CD011001DD017C
:1080540001008E01DE011201F3010300F101F401BC
:10806400F401F8012801220212013A020900652CE8
:108074003B023B023D02662C3F02400241024102A8
:1080840046020A015302400081018601550289011A
:108094008A0158028F015A0290015C025D025E025D
:1080A4005F02930161026202940164026502660246
:1080B4006702970196016A02622C6C026D026E02DD
:1080C4009C01700271029D01730274029F01760289
:1080D4007702780279027A027B027C02642C7E02A7
:1080E4007F02A60181028202A9018402850286021E
:1080F4008702AE014402B101B20145028D028E0233
:108104008F0290029102B7017B030300FD03FE037B
:10811400FF03AC0304008603880389038A03B103C5
:108124001103C2030200A303A303C4030803CC0383
:1081340003008C038E038F03D8031801F2030A0093
:10814400F903F303F403F503F603F703F703F90361
:10815400FA03FA03300420035004100760042201D8
:108164008A043601C1040E01CF040100C004D00406
:1081740044016105260400007D1D0100632C001EDE
:108184009601A01E5A01001F0806101F0606201F94
:108194000806301F0806401F0606511F0700591F16
:1081A400521F5B1F541F5D1F561F5F1F601F080671
:1081B400701F0E00BA1FBB1FC81FC91FCA1FCB1FC9
:1081C400DA1FDB1FF81FF91FEA1FEB1FFA1FFB1F43
:1081D400801F0806901F0806A01F0806B01F040091
:1081E400B81FB91FB21FBC1FCC1F0100C31FD01F73
:1081F4000206E01F0206E51F0100EC1FF21F01004A
:10820400FC1F4E2101003221702110028421010043
:108214008321D0241A05302C2F04602C0201672CF2
:108224000601752C0201802C6401002D260841FFF3
:108234001A030000A10061FFA20062FFA30063FF14
:10824400A40064FFA50065FFA60066FFA70067FF02
:10825400A80068FFA90069FFAA006AFFAB006BFFD2
:10826400AC006CFFAD006DFFAE006EFFAF006FFFA2
:10827400B00070FFB10071FFB20072FFB30073FF72
:10828400B40074FFB50075FFB60076FFB70077FF42
:10829400B80078FFB90079FFBA007AFFBB007BFF12
:1082A400BC007CFFBD007DFFBE007EFFBF007FFFE2
:1082B400C00080FFC10081FFC20082FFC30083FFB2
:1082C400C40084FFC50085FFC60086FFC70087FF82
:1082D400C80088FFC90089FFCA008AFFCB008BFF52
:1082E400CC008CFFCD008DFFCE008EFFCF008FFF22
:1082F400D00090FFD10091FFD20092FFD30093FFF2
:10830400D40094FFD50095FFD60096FFD70097FFC1
:10831400D80098FFD90099FFDA009AFFDB009BFF91
:10832400DC009CFFDD009DFFDE009EFFDF009FFF61
:1083340040810030418101304281023043810CFF91
:1083440044810EFF4581FB3046811AFF47811BFFA4
:1083540048811FFF498101FF4A819B304B819C303A
:108364004C81B4004D8140FF4E81A8004F813EFFF7
:108374005081E3FF51813FFF5281FD305381FE3034
:1083840054819D3055819E30568103305781DD4E96
:1083940058810530598106305A8107305B81FC30A1
:1083A4005C8115205D8110205E810FFF5F813CFFA1
:1083B40060815EFF6181252262815CFF63812620EA
:1083C40064812520658118206681192067811C201D
:1083D40068811D20698108FF6A8109FF6B8114305F
:1083E4006C8115306D813BFF6E813DFF6F815BFFBA
:1083F40070815DFF718108307281093073810A30A8
:1084040074810B3075810C3076810D3077810E309C
:1084140078810F30798110307A8111307B810BFFA4
:108424007C810DFF7D81B1007E81D7008081F700C2
:1084340081811DFF8281602283811CFF84811EFF54
:10844400858166228681672287811E228881342263
:10845400898142268A8140268B81B0008C8132201A
:108464008D8133208E8103218F81E5FF908104FF6C
:108474009181E0FF9281E1FF938105FF948103FFE5
:10848400958106FF96810AFF978120FF9881A700B6
:10849400998106269A8105269B81CB259C81CF252F
:1084A4009D81CE259E81C7259F81C625A081A125BA
:1084B400A181A025A281B325A381B225A481BD25D4
:1084C400A581BC25A6813B20A7811230A8819221D9
:1084D400A9819021AA819121AB819321AC81133090
:1084E400B8810822B9810B22BA818622BB818722F6
:1084F400BC818222BD818322BE812A22BF8129229E
:10850400C8812722C9812822CA81E2FFCB81D221D6
:10851400CC81D421CD810022CE810322DA81202294
:10852400DB81A522DC811223DD810222DE81072288
:10853400DF816122E0815222E1816A22E2816B22A1
:10854400E3811A22E4813D22E5811D22E681352260
:10855400E7812B22E8812C22F0812B21F18130202C
:10856400F2816F26F3816D26F4816A26F58120203D
:10857400F6812120F781B600FC81EF254F8210FFA0
:10858400508211FF518212FF528213FF538214FF53
:10859400548215FF558216FF568217FF578218FF23
:1085A400588219FF608221FF618222FF628223FFC9
:1085B400638224FF648225FF658226FF668227FF8B
:1085C400678228FF688229FF69822AFF6A822BFF5B
:1085D4006B822CFF6C822DFF6D822EFF6E822FFF2B
:1085E4006F8230FF708231FF718232FF728233FFFB
:1085F400738234FF748235FF758236FF768237FFCB
:10860400778238FF788239FF79823AFF818241FF8D
:10861400828242FF838243FF848244FF858245FF36
:10862400868246FF878247FF888248FF898249FF06
:108634008A824AFF8B824BFF8C824CFF8D824DFFD6
:108644008E824EFF8F824FFF908250FF918251FFA6
:10865400928252FF938253FF948254FF958255FF76
:10866400968256FF978257FF988258FF998259FF46
:108674009A825AFF9F824130A0824230A1824330C5
:10868400A2824430A3824530A4824630A58247307A
:10869400A6824830A7824930A8824A30A9824B304A
:1086A400AA824C30AB824D30AC824E30AD824F301A
:1086B400AE825030AF825130B0825230B1825330EA
:1086C400B2825430B3825530B4825630B5825730BA
:1086D400B6825830B7825930B8825A30B9825B308A
:1086E400BA825C30BB825D30BC825E30BD825F305A
:1086F400BE826030BF826130C0826230C18263302A
:10870400C2826430C3826530C4826630C5826730F9
:10871400C6826830C7826930C8826A30C9826B30C9
:10872400CA826C30CB826D30CC826E30CD826F3099
:10873400CE827030CF827130D0827230D182733069
:10874400D2827430D3827530D4827630D582773039
:10875400D6827830D7827930D8827A30D9827B3009
:10876400DA827C30DB827D30DC827E30DD827F30D9
:10877400DE828030DF828130E0828230E1828330A9
:10878400E2828430E3828530E4828630E582873079
:10879400E6828830E7828930E8828A30E9828B3049
:1087A400EA828C30EB828D30EC828E30ED828F3019
:1087B400EE829030EF829130F0829230F1829330E9
:1087C4004083A1304183A2304283A3304383A43049
:1087D4004483A5304583A6304683A7304783A83019
:1087E4004883A9304983AA304A83AB304B83AC30E9
:1087F4004C83AD304D83AE304E83AF304F83B030B9
:108804005083B1305183B2305283B3305383B43088
:108814005483B5305583B6305683B7305783B83058
:108824005883B9305983BA305A83BB305B83BC3028
:108834005C83BD305D83BE305E83BF305F83C030F8
:108844006083C1306183C2306283C3306383C430C8
:108854006483C5306583C6306683C7306783C83098
:108864006883C9306983CA306A83CB306B83CC3068
:108874006C83CD306D83CE306E83CF306F83D03038
:108884007083D1307183D2307283D3307383D43008
:108894007483D5307583D6307683D7307783D830D8
:1088A4007883D9307983DA307A83DB307B83DC30A8
:1088B4007C83DD307D83DE307E83DF308083E03077
:1088C4008183E1308283E2308383E3308483E43044
:1088D4008583E5308683E6308783E7308883E83014
:1088E4008983E9308A83EA308B83EB308C83EC30E4
:1088F4008D83ED308E83EE308F83EF309083F030B4
:108904009183F1309283F2309383F3309483F43083
:108914009583F5309683F6309F839103A083920369
:10892400A1839303A2839403A3839503A48396034F
:10893400A5839703A6839803A7839903A8839A031F
:10894400A9839B03AA839C03AB839D03AC839E03EF
:10895400AD839F03AE83A003AF83A103B083A303BE
:10896400B183A403B283A503B383A603B483A7038B
:10897400B583A803B683A903BF83B103C083B2033D
:10898400C183B303C283B403C383B503C483B603EF
:10899400C583B703C683B803C783B903C883BA03BF
:1089A400C983BB03CA83BC03CB83BD03CC83BE038F
:1089B400CD83BF03CE83C003CF83C103D083C3035E
:1089C400D183C403D283C503D383C603D483C7032B
:1089D400D583C803D683C903408410044184110499
:1089E4004284120443841304448414044584150407
:1089F40046840104478416044884170449841804EF
:108A04004A8419044B841A044C841B044D841C04AA
:108A14004E841D044F841E0450841F04518420047A
:108A2400528421045384220454842304558424044A
:108A3400568425045784260458842704598428041A
:108A44005A8429045B842A045C842B045D842C04EA
:108A54005E842D045F842E0460842F0470843004AB
:108A6400718431047284320473843304748434044E
:108A74007584350476845104778436047884370405
:108A8400798438047A8439047B843A047C843B04F2
:108A94007D843C047E843D0480843E0481843F04C0
:108AA400828440048384410484844204858443048E
:108AB400868444048784450488844604898447045E
:108AC4008A8448048B8449048C844A048D844B042E
:108AD4008E844C048F844D0490844E0491844F04FE
:108AE4009F840025A0840225A1840C25A28410253E
:108AF400A3841825A4841425A5841C25A6842C25C8
:108B0400A7842425A8843425A9843C25AA84012586
:108B1400AB840325AC840F25AD841325AE841B25BB
:108B2400AF841725B0842325B1843325B2842B2543
:108B3400B3843B25B4844B25B5842025B6842F25E6
:108B4400B7842825B8843725B9843F25BA841D25E0
:108B5400BB843025BC842525BD843825BE844225AC
:108B640040876024418761244287622443876324C9
:108B74004487642445876524468766244787672499
:108B840048876824498769244A876A244B876B2469
:108B94004C876C244D876D244E876E244F876F2439
:108BA4005087702451877124528772245387732409
:108BB4005487602155876121568762215787632135
:108BC40058876421598765215A8766215B87672105
:108BD4005C8768215D8769215F8749336087143327
:108BE4006187223362874D33638718336487273361
:108BF400658703336687363367875133688757330E
:108C040069870D336A8726336B8723336C872B334D
:108C14006D874A336E873B336F879C3370879D33F0
:108C240071879E3372878E3373878F337487C4330F
:108C34007587A1337E877B3380871D3081871F3002
:108C4400828716218387CD33848721218587A432A7
:108C54008687A5328787A6328887A7328987A83274
:108C64008A8731328B8732328C8739328D877E33D3
:108C74008E877D338F877C3393872E2294871122AE
:108C840098871F229987BF229F889C4EA0881655DB
:108C9400A188035AA2883F96A388C054A4881B6164
:108CA400A5882863A688F659A7882290A888758481
:108CB400A9881C83AA88507AAB88AA60AC88E1632F
:108CC400AD88256EAE88ED65AF886684B088A682CF
:108CD400B188F59BB2889368B3882757B488A16597
:108CE400B5887162B6889B5BB788D059B8887B8693
:108CF400B988F498BA88627DBB88BE7DBC888E9B97
:108D0400BD881662BE889F7CBF88B788C088895B8F
:108D1400C188B55EC2880963C3889766C4884868F9
:108D2400C588C795C6888D97C7884F67C888E54E9C
:108D3400C9880A4FCA884D4FCB889D4FCC8849506B
:108D4400CD88F256CE883759CF88D459D088015A65
:108D5400D188095CD288DF60D3880F61D4887061C0
:108D6400D5881366D6880569D788BA70D8884F75B0
:108D7400D9887075DA88FB79DB88AD7DDC88EF7D76
:108D8400DD88C380DE880E84DF886388E088028BF8
:108D9400E1885590E2887A90E3883B53E488954EC5
:108DA400E588A54EE688DF57E788B280E888C19059
:108DB400E988EF78EA88004EEB88F158EC88A26ED7
:108DC400ED883890EE88327AEF882883F0888B8299
:108DD400F1882F9CF2884151F3887053F488BD5474
:108DE400F588E154F688E056F788FB59F888155F52
:108DF400F988F298FA88EB6DFB88E480FC882D856D
:108E040040896296418970964289A0964389FB976E
:108E140044890B544589F3534689875B4789CF704E
:108E24004889BD7F4989C28F4A89E8964B896F5327
:108E34004C895C9D4D89BA7A4E89114E4F8993783D
:108E44005089FC815189266E5289185653890455DC
:108E540054891D6B55891A8556893B9C5789E55958
:108E64005889A9535989666D5A89DC745B898F9531
:108E74005C8942565D89914E5E894B905F89F2967A
:108E840060894F8361890C996289E1536389B6557E
:108E94006489305B6589715F668920666789F366DA
:108EA400688904686989386C6A89F36C6B89296DEF
:108EB4006C895B746D89C8766E894E7A6F89349833
:108EC4007089F18271895B887289608A7389ED92F5
:108ED4007489B26D7589AB757689CA767789C599B7
:108EE4007889A6607989018B7A898A8D7B89B29584
:108EF4007C898E697D89AD537E898651808912571C
:108F040081893058828944598389B45B8489F65EA7
:108F1400858928608689A9638789F4638889BF6CF9
:108F24008989146F8A898E708B8914718C8959711F
:108F34008D89D5718E893F738F89017E9089768260
:108F44009189D182928997859389609094895B9263
:108F540095891B9D968969589789BC6598895A6C2F
:108F6400998925759A89F9519B892E599C89655946
:108F74009D89805F9E89DC5F9F89BC62A089FA65B8
:108F8400A1892A6AA289276BA389B46BA4898B73EC
:108F9400A589C17FA6895689A7892C9DA8890E9D7C
:108FA400A989C49EAA89A15CAB89966CAC897B8390
:108FB400AD890451AE894B5CAF89B661B089C68175
:108FC400B1897668B2896172B389594EB489FA4F0E
:108FD400B5897853B6896960B789296EB8894F7A9B
:108FE400B989F397BA890B4EBB891653BC89EE4EE7
:108FF400BD89554FBE893D4FBF89A14FC089734F6D
:10900400C189A052C289EF53C3890956C4890F5933
:10901400C589C15AC689B65BC789E15BC889D1795C
:10902400C9898766CA899C67CB89B667CC894C6B2A
:10903400CD89B36CCE896B70CF89C273D0898D7999
:10904400D189BE79D2893C7AD389877BD489B1828C
:10905400D589DB82D6890483D7897783D889EF833E
:10906400D989D383DA896687DB89B28ADC89295670
:10907400DD89A88CDE89E68FDF894E90E0891E9712
:10908400E1898A86E289C44FE389E85CE489116254
:10909400E5895972E6893B75E789E581E889BD82EE
:1090A400E989FE86EA89C08CEB89C596EC89139917
:1090B400ED89D599EE89CB4EEF891A4FF089E38972
:1090C400F189DE56F2894A58F389CA58F489FB5E5D
:1090D400F589EB5FF6892A60F7899460F889626004
:1090E400F989D061FA891262FB89D062FC893965F9
:1090F400408A419B418A6666428AB068438A776D9A
:10910400448A7070458A4C75468A8676478A757D8E
:10911400488AA582498AF9874A8A8B954B8A8E9612
:109124004C8A9D8C4D8AF1514E8ABE524F8A1659F3
:10913400508AB354518AB35B528A165D538A68616C
:10914400548A8269558AAF6D568A8D78578ACB8442
:10915400588A5788598A728A5A8AA7935B8AB89A16
:109164005C8A6C6D5D8AA8995E8AD9865F8AA357EA
:10917400608AFF67618ACE86628A0E92638A83520E
:10918400648A8756658A0454668AD35E678AE16274
:10919400688AB964698A3C686A8A38686B8ABB6B76
:1091A4006C8A72736D8ABA786E8A6B7A6F8A9A89BE
:1091B400708AD289718A6B8D728A038F738AED905B
:1091C400748AA395758A9496768A6997778A665B7A
:1091D400788AB35C798A7D697A8A4D987B8A4E98BD
:1091E4007C8A9B637D8A207B7E8A2B6A808A7F6A45
:1091F400818AB668828A0D9C838A5F6F848A7252E0
:10920400858A9D55868A7060878AEC62888A3B6D60
:10921400898A076E8A8AD16E8B8A5B848C8A1089CC
:109224008D8A448F8E8A144E8F8A399C908AF65385
:10923400918A1B69928A3A6A938A8497948A2A68E3
:10924400958A5C51968AC37A978AB284988ADC910B
:10925400998A8C939A8A5B569B8A289D9C8A226859
:109264009D8A05839E8A31849F8AA57CA08A0852A0
:10927400A18AC582A28AE674A38A7E4EA48A834FF9
:10928400A58AA051A68AD25BA78A0A52A88AD85274
:10929400A98AE752AA8AFB5DAB8A9A55AC8A2A58F6
:1092A400AD8AE659AE8A8C5BAF8A985BB08ADB5B89
:1092B400B18A725EB28A795EB38AA360B48A1F618E
:1092C400B58A6361B68ABE61B78ADB63B88A6265B0
:1092D400B98AD167BA8A5368BB8AFA68BC8A3E6B7A
:1092E400BD8A536BBE8A576CBF8A226FC08A976F40
:1092F400C18A456FC28AB074C38A1875C48AE3767A
:10930400C58A0B77C68AFF7AC78AA17BC88A217C63
:10931400C98AE97DCA8A367FCB8AF07FCC8A9D8050
:10932400CD8A6682CE8A9E83CF8AB389D08ACC8A3C
:10933400D18AAB8CD28A8490D38A5194D48A93955F
:10934400D58A9195D68AA295D78A6596D88AD397D5
:10935400D98A2899DA8A1882DB8A384EDC8A2B5417
:10936400DD8AB85CDE8ACC5DDF8AA973E08A4C763C
:10937400E18A3C77E28AA95CE38AEB7FE48A0B8D7D
:10938400E58AC196E68A1198E78A5498E88A58983B
:10939400E98A014FEA8A0E4FEB8A7153EC8A9C5595
:1093A400ED8A6856EE8AFA57EF8A4759F08A095BC4
:1093B400F18AC45BF28A905CF38A0C5EF48A7E5E66
:1093C400F58ACC5FF68AEE63F78A3A67F88AD7653E
:1093D400F98AE265FA8A1F67FB8ACB68FC8AC4684B
:1093E400408B5F6A418B305E428BC56B438B176C3D
:1093F400448B7D6C458B7F75468B4879478B635BCB
:10940400488B007A498B007D4A8BBD5F4B8B8F89DB
:109414004C8B188A4D8BB48C4E8B778D4F8BCC8EA6
:10942400508B1D8F518BE298528B0E9A538B3C9B21
:10943400548B804E558B7D50568B0051578B9359CE
:10944400588B9C5B598B2F625A8B80625B8BEC64CC
:109454005C8B3A6B5D8BA0725E8B91755F8B4779E9
:10946400608BA97F618BFB87628BBC8A638B708B5B
:10947400648BAC63658BCA83668BA097678B095436
:10948400688B0354698BAB556A8B54686B8B586A31
:109494006C8B708A6D8B27786E8B75676F8BCD9E06
:1094A400708B7453718BA25B728B1A81738B508691
:1094B400748B0690758B184E768B454E778BC74E02
:1094C400788B114F798BCA537A8B38547B8BAE5B74
:1094D4007C8B135F7D8B25607E8B5165808B3D6714
:1094E400818B426C828B726C838BE36C848B78707F
:1094F400858B0374868B767A878BAE7A888B087B10
:10950400898B1A7D8A8BFE7C8B8B667D8C8BE765C1
:109514008D8B5B728E8BBB538F8B455C908BE85D20
:10952400918BD262928BE062938B1963948B206E41
:10953400958B5A86968B318A978BDD8D988BF89212
:10954400998B016F9A8BA6799B8B5A9B9C8BA84E07
:109554009D8BAB4E9E8BAC4E9F8B9B4FA08BA04F95
:10956400A18BD150A28B4751A38BF67AA48B715156
:10957400A58BF651A68B5453A78B2153A88B7F53ED
:10958400A98BEB53AA8BAC55AB8B8358AC8BE15CAA
:10959400AD8B375FAE8B4A5FAF8B2F60B08B506063
:1095A400B18B6D60B28B1F63B38B5965B48B4B6AFF
:1095B400B58BC16CB68BC272B78BED72B88BEF777B
:1095C400B98BF880BA8B0581BB8B0882BC8B4E8526
:1095D400BD8BF790BE8BE193BF8BFF97C08B5799E0
:1095E400C18B5A9AC28BF04EC38BDD51C48B2D5C58
:1095F400C58B8166C68B6D69C78B405CC88BF26670
:10960400C98B7569CA8B8973CB8B5068CC8B817C71
:10961400CD8BC550CE8BE452CF8B4757D08BFE5D9C
:10962400D18B2693D28BA465D38B236BD48B3D6BC8
:10963400D58B3474D68B8179D78BBD79D88B4B7B02
:10964400D98BCA7DDA8BB982DB8BCC83DC8B7F88A8
:10965400DD8B5F89DE8B398BDF8BD18FE08BD191F2
:10966400E18B1F54E28B8092E38B5D4EE48B36508A
:10967400E58BE553E68B3A53E78BD772E88B967309
:10968400E98BE977EA8BE682EB8BAF8EEC8BC6999C
:10969400ED8BC899EE8BD299EF8B7751F08B1A61D1
:1096A400F18B5E86F28BB055F38B7A7AF48B76501D
:1096B400F58BD35BF68B4790F78B8596F88B324E00
:1096C400F98BDB6AFA8BE791FB8B515CFC8B485C72
:1096D400408C9863418C9F7A428C936C438C749732
:1096E400448C618F458CAA7A468C8A71478C889603
:1096F400488C827C498C17684A8C707E4B8C5168EC
:109704004C8C6C934D8CF2524E8C1B544F8CAB850D
:10971400508C138A518CA47F528CCD8E538CE19043
:10972400548C6653558C8888568C4179578CC24F1B
:10973400588CBE50598C11525A8C44515B8C5355E1
:109744005C8C2D575D8CEA735E8C8B575F8C515902
:10975400608C625F618C845F628C7560638C7661FF
:10976400648C6761658CA961668CB263678C3A64AA
:10977400688C6C65698C6F666A8C42686B8C136E3E
:109784006C8C66756D8C3D7A6E8CFB7C6F8C4C7D1D
:10979400708C997D718C4B7E728C6B7F738C0E8375
:1097A400748C4A83758CCD86768C088A778C638A10
:1097B400788C668B798CFD8E7A8C1A987B8C8F9D35
:1097C4007C8CB8827D8CCE8F7E8CE89B808C87527B
:1097D400818C1F62828C8364838CC06F848C999685
:1097E400858C4168868C9150878C206B888C7A6C30
:1097F400898C546F8A8C747A8B8C507D8C8C4088C5
:109804008D8C238A8E8C08678F8CF64E908C395001
:10981400918C2650928C6550938C7C51948C385248
:10982400958C6352968CA755978C0F57988C055836
:10983400998CCC5A9A8CFA5E9B8CB2619C8CF861A0
:109844009D8CF3629E8C72639F8C1C69A08C296A28
:10985400A18C7D72A28CAC72A38C2E73A48C147810
:10986400A58C6F78A68C797DA78C0C77A88CA980A1
:10987400A98C8B89AA8C198BAB8CE28CAC8CD28E84
:10988400AD8C6390AE8C7593AF8C7A96B08C5598F2
:10989400B18C139AB28C789EB38C4351B48C9F5381
:1098A400B58CB353B68C7B5EB78C265FB88C1B6EBD
:1098B400B98C906EBA8C8473BB8CFE73BC8C437D64
:1098C400BD8C3782BE8C008ABF8CFA8AC08C5096BD
:1098D400C18C4E4EC28C0B50C38CE453C48C7C544C
:1098E400C58CFA56C68CD159C78C645BC88CF15DA3
:1098F400C98CAB5ECA8C275FCB8C3862CC8C456537
:10990400CD8CAF67CE8C566ECF8CD072D08CCA7C87
:10991400D18CB488D28CA180D38CE180D48CF08398
:10992400D58C4E86D68C878AD78CE88DD88C379286
:10993400D98CC796DA8C6798DB8C139FDC8C944E99
:10994400DD8C924EDE8C0D4FDF8C4853E08C4954F5
:10995400E18C3E54E28C2F5AE38C8C5FE48CA15F43
:10996400E58C9F60E68CA768E78C8E6AE88C5A7455
:10997400E98C8178EA8C9E8AEB8CA48AEC8C778BB8
:10998400ED8C9091EE8C5E4EEF8CC99BF08CA44EC6
:10999400F18C7C4FF28CAF4FF38C1950F48C165031
:1099A400F58C4951F68C6C51F78C9F52F88CB95256
:1099B400F98CFE52FA8C9A53FB8CE353FC8C1154B1
:1099C400408D0E54418D8955428D5157438DA25778
:1099D400448D7D59458D545B468D5D5B478D8F5B12
:1099E400488DE55D498DE75D4A8DF75D4B8D785E69
:1099F4004C8D835E4D8D9A5E4E8DB75E4F8D185F94
:109A0400508D5260518D4C61528D9762538DD86246
:109A1400548DA763558D3B65568D0266578D4366FD
:109A2400588DF466598D6D675A8D21685B8D9768E2
:109A34005C8DCB695D8D5F6C5E8D2A6D5F8D696D0C
:109A4400608D2F6E618D9D6E628D3275638D87760C
:109A5400648D6C78658D3F7A668DE07C678D057DBD
:109A6400688D187D698D5E7D6A8DB17D6B8D1580E5
:109A74006C8D03806D8DAF806E8DB1806F8D548140
:109A8400708D8F81718D2A82728D5283738D4C8873
:109A9400748D6188758D1B8B768DA28C778DFC8C73
:109AA400788DCA90798D75917A8D71927B8D3F787E
:109AB4007C8DFC927D8DA4957E8D4D96808D059830
:109AC400818D9999828DD89A838D3B9D848D5B522B
:109AD400858DAB52868DF753878D0854888DD55864
:109AE400898DF7628A8DE06F8B8D6A8C8C8D5F8F88
:109AF4008D8DB99E8E8D4B518F8D3B52908D4A54D6
:109B0400918DFD56928D407A938D7791948D609DC1
:109B1400958DD29E968D4473978D096F988D708123
:109B2400998D11759A8DFD5F9B8DDA609C8DA89A35
:109B34009D8DDB729E8DBC8F9F8D646BA08D039871
:109B4400A18DCA4EA28DF056A38D6457A48DBE5824
:109B5400A58D5A5AA68D6860A78DC761A88D0F661A
:109B6400A98D0666AA8D3968AB8DB168AC8DF76D89
:109B7400AD8DD575AE8D3A7DAF8D6E82B08D429B25
:109B8400B18D9B4EB28D504FB38DC953B48D0655D4
:109B9400B58D6F5DB68DE65DB78DEE5DB88DFB67F7
:109BA400B98D996CBA8D7374BB8D0278BC8D508A53
:109BB400BD8D9693BE8DDF88BF8D5057C08DA75E37
:109BC400C18D2B63C28DB550C38DAC50C48D8D51E6
:109BD400C58D0067C68DC954C78D5E58C88DBB59E5
:109BE400C98DB05BCA8D695FCB8D4D62CC8DA1638D
:109BF400CD8D3D68CE8D736BCF8D086ED08D7D700D
:109C0400D18DC791D28D8072D38D1578D48D26785D
:109C1400D58D6D79D68D8E65D78D307DD88DDC83CD
:109C2400D98DC188DA8D098FDB8D9B96DC8D6452CA
:109C3400DD8D2857DE8D5067DF8D6A7FE08DA18C26
:109C4400E18DB451E28D4257E38D2A96E48D3A5862
:109C5400E58D8A69E68DB480E78DB254E88D0E5D9A
:109C6400E98DFC57EA8D9578EB8DFA9DEC8D5C4F70
:109C7400ED8D4A52EE8D8B54EF8D3E64F08D286647
:109C8400F18D1467F28DF567F38D847AF48D567B2C
:109C9400F58D227DF68D2F93F78D5C68F88DAD9B45
:109CA400F98D397BFA8D1953FB8D8A51FC8D37520E
:109CB400408EDF5B418EF662428EAE64438EE66474
:109CC400448E2D67458EBA6B468EA985478ED196F4
:109CD400488E9076498ED69B4A8E4C634B8E069363
:109CE4004C8EAB9B4D8EBF764E8E52664F8E094E78
:109CF400508E9850518EC253528E715C538EE860D0
:109D0400548E9264558E6365568E5F68578EE671E5
:109D1400588ECA73598E23755A8E977B5B8E827EBA
:109D24005C8E95865D8E838B5E8EDB8C5F8E7891E8
:109D3400608E1099618EAC65628EAB66638E8B6BA0
:109D4400648ED54E658ED44E668E3A4F678E7F4FA5
:109D5400688E3A52698EF8536A8EF2536B8EE355CD
:109D64006C8EDB566D8EEB586E8ECB596F8EC95947
:109D7400708EFF59718E505B728E4D5C738E025ED5
:109D8400748E2B5E758ED75F768E1D60778E07631B
:109D9400788E2F65798E5C5B7A8EAF657B8EBD6520
:109DA4007C8EE8657D8E9D677E8E626B808E7B6B7C
:109DB400818E0F6C828E4573838E4979848EC1792E
:109DC400858EF87C868E197D878E2B7D888EA28069
:109DD400898E02818A8EF3818B8E96898C8E5E8A1F
:109DE4008D8E698A8E8E668A8F8E8C8A908EEE8A8C
:109DF400918EC78C928EDC8C938ECC96948EFC982C
:109E0400958E6F6B968E8B4E978E3C4F988E8D4FA2
:109E1400998E50519A8E575B9B8EFA5B9C8E48614B
:109E24009D8E01639E8E42669F8E216BA08ECB6EAB
:109E3400A18EBB6CA28E3E72A38EBD74A48ED4750B
:109E4400A58EC178A68E3A79A78E0C80A88E338011
:109E5400A98EEA81AA8E9484AB8E9E8FAC8E506CB0
:109E6400AD8E7F9EAE8E0F5FAF8E588BB08E2B9DC6
:109E7400B18EFA7AB28EF88EB38E8D5BB48EEB9679
:109E8400B58E034EB68EF153B78EF757B88E31594F
:109E9400B98EC95ABA8EA45BBB8E8960BC8E7F6EA4
:109EA400BD8E066FBE8EBE75BF8EEA8CC08E9F5B64
:109EB400C18E0085C28EE07BC38E7250C48EF4675F
:109EC400C58E9D82C68E615CC78E4A85C88E1E7EF5
:109ED400C98E0E82CA8E9951CB8E045CCC8E686377
:109EE400CD8E668DCE8E9C65CF8E6E71D08E3E7972
:109EF400D18E177DD28E0580D38E1D8BD48ECA8EC3
:109F0400D58E6E90D68EC786D78EAA90D88E1F50C7
:109F1400D98EFA52DA8E3A5CDB8E5367DC8E7C7013
:109F2400DD8E3572DE8E4C91DF8EC891E08E2B93E0
:109F3400E18EE582E28EC25BE38E315FE48EF960EE
:109F4400E58E3B4EE68ED653E78E885BE88E4B62F9
:109F5400E98E3167EA8E8A6BEB8EE972EC8EE073E0
:109F6400ED8E2E7AEE8E6B81EF8EA38DF08E529154
:109F7400F18E9699F28E1251F38ED753F48E6A5461
:109F8400F58EFF5BF68E8863F78E396AF88EAC7DAA
:109F9400F98E0097FA8EDA56FB8ECE53FC8E6854F7
:109FA400408F975B418F315C428FDE5D438FEE4F74
:109FB400448F0161458FFE62468F326D478FC079B1
:109FC400488FCB79498F427D4A8F4D7E4B8FD27F0C
:109FD4004C8FED814D8F1F824E8F90844F8F46881A
:109FE400508F7289518F908B528F748E538F2F8F15
:109FF400548F3190558F4B91568F6C91578FC696D5
:10A00400588F9C91598FC04E5A8F4F4F5B8F45513B
:10A014005C8F41535D8F935F5E8F0E625F8FD46759
:10A02400608F416C618F0B6E628F6373638F267ECA
:10A03400648FCD91658F8392668FD453678F19593E
:10A04400688FBF5B698FD16D6A8F5D796B8F2E7E50
:10A054006C8F9B7C6D8F7E586E8F9F716F8FFA51C2
:10A06400708F5388718FF08F728FCA4F738FFB5C20
:10A07400748F2566758FAC77768FE37A778F1C8221
:10A08400788FFF99798FC6517A8FAA5F7B8FEC65A1
:10A094007C8F6F697D8F896B7E8FF36D808F966E59
:10A0A400818F646F828FFE76838F147D848FE15D50
:10A0B400858F7590868F8791878F0698888FE65154
:10A0C400898F1D528A8F40628B8F91668C8FD966DF
:10A0D4008D8F1A6E8E8FB65E8F8FD27D908F727F2A
:10A0E400918FF866928FAF85938FF785948FF88A56
:10A0F400958FA952968FD953978F7359988F8F5EE6
:10A10400998F905F9A8F55609B8FE4929C8F649691
:10A114009D8FB7509E8F1F519F8FDD52A08F20536C
:10A12400A18F4753A28FEC53A38FE854A48F4655B5
:10A13400A58F3155A68F1756A78F6859A88FBE597A
:10A14400A98F3C5AAA8FB55BAB8F065CAC8F0F5CB2
:10A15400AD8F115CAE8F1A5CAF8F845EB08F8A5E58
:10A16400B18FE05EB28F705FB38F7F62B48F846211
:10A17400B58FDB62B68F8C63B78F7763B88F076652
:10A18400B98F0C66BA8F2D66BB8F7666BC8F7E67DF
:10A19400BD8FA268BE8F1F6ABF8F356AC08FBC6C2B
:10A1A400C18F886DC28F096EC38F586EC48F3C7186
:10A1B400C58F2671C68F6771C78FC775C88F017722
:10A1C400C98F5D78CA8F0179CB8F6579CC8FF0798F
:10A1D400CD8FE07ACE8F117BCF8FA77CD08F397D46
:10A1E400D18F9680D28FD683D38F8B84D48F498599
:10A1F400D58F5D88D68FF388D78F1F8AD88F3C8AF6
:10A20400D98F548ADA8F738ADB8F618CDC8FDE8C72
:10A21400DD8FA491DE8F6692DF8F7E93E08F18949A
:10A22400E18F9C96E28F9897E38F0A4EE48F084E55
:10A23400E58F1E4EE68F574EE78F9751E88F705289
:10A24400E98FCE57EA8F3458EB8FCC58EC8F225BD2
:10A25400ED8F385EEE8FC560EF8FFE64F08F61671F
:10A26400F18F5667F28F446DF38FB672F48F737566
:10A27400F58F637AF68FB884F78F728BF88FB89165
:10A28400F98F2093FA8F3156FB8FF457FC8FFE9889
:10A294004090ED6241900D694290966B4390ED7150
:10A2A4004490547E45907780469072824790E68928
:10A2B4004890DF98499055874A90B18F4B903B5C0A
:10A2C4004C90384F4D90E14F4E90B54F4F900755FD
:10A2D4005090205A5190DD5B5290E95B5390C35FDC
:10A2E40054904E6155902F635690B06557904B66CD
:10A2F4005890EE6859909B695A90786D5B90F16D17
:10A304005C9033755D90B9755E901F775F905E7950
:10A314006090E6796190337D6290E3816390AF82CF
:10A324006490AA856590AA8966903A8A6790AB8EF4
:10A3340068909B8F699032906A90DD916B9007973B
:10A344006C90BA4E6D90C14E6E9003526F907558DA
:10A354007090EC5871900B5C72901A7573903D5C20
:10A3640074904E8175900A8A7690C58F7790639623
:10A3740078906D977990257B7A90CF8A7B90089816
:10A384007C9062917D90F3567E90A85380901790B4
:10A3940081903954829082578390255E8490A8637B
:10A3A4008590346C86908A708790617788908B7CD6
:10A3B4008990E07F8A9070888B9042908C90549121
:10A3C4008D9010938E9018938F908F9690905E74CA
:10A3D4009190C49A9290075D9390695D9490706592
:10A3E4009590A2679690A88D9790DB9698906E634F
:10A3F400999049679A9019699B90C5839C90179886
:10A404009D90C0969E90FE889F90846FA0907A64E1
:10A41400A190F85BA290164EA3902C70A4905D7549
:10A42400A5902F66A690C451A7903652A890E252E8
:10A43400A990D359AA90815FAB902760AC90106229
:10A44400AD903F65AE907465AF901F66B090746632
:10A45400B190F268B2901668B390636BB490056ED5
:10A46400B5907272B6901F75B790DB76B890BE7CCB
:10A47400B9905680BA90F058BB90FD88BC907F8903
:10A48400BD90A08ABE90938ABF90CB8AC0901D9045
:10A49400C1909291C2905297C3905997C490896584
:10A4A400C5900E7AC6900681C790BB96C8902D5E63
:10A4B400C990DC60CA901A62CB90A565CC901466F2
:10A4C400CD909067CE90F377CF904D7AD0904D7C1D
:10A4D400D1903E7ED2900A81D390AC8CD490648D7E
:10A4E400D590E18DD6905F8ED790A978D8900752F9
:10A4F400D990D962DA90A563DB904264DC909862CB
:10A50400DD902D8ADE90837ADF90C07BE090AC8A68
:10A51400E190EA96E290767DE3900C82E49049879C
:10A52400E590D94EE6904851E7904353E890605344
:10A53400E990A35BEA90025CEB90165CEC90DD5D25
:10A54400ED902662EE904762EF90B064F09013684D
:10A55400F1903468F290C96CF390456DF490176DE6
:10A56400F590D367F6905C6FF7904E71F8907D711B
:10A57400F990CB65FA907F7AFB90AD7BFC90DA7D05
:10A5840040914A7E4191A87F42917A8143911B82F6
:10A59400449139824591A68546916E8A4791CE8C25
:10A5A4004891F58D499178904A9177904B91AD926D
:10A5B4004C9191924D9183954E91AE9B4F914D52FA
:10A5C400509184555191386F52913671539168511D
:10A5D400549185795591557E5691B3815791CE7C8E
:10A5E40058914C56599151585A91A85C5B91AA6361
:10A5F4005C91FE665D91FD665E915A695F91D972C8
:10A6040060918F7561918E7562910E79639156791F
:10A614006491DF796591977C6691207D6791447D93
:10A62400689107866991348A6A913B966B9161902F
:10A634006C91209F6D91E7506E9175526F91CC5340
:10A644007091E253719109507291AA557391EE5829
:10A6540074914F5975913D7276918B5B7791645CDF
:10A6640078911D537991E3607A91F3607B915C63F7
:10A674007C9183637D913F637E91BB638091CD64C4
:10A684008191E9658291F9668391E35D8491CD6955
:10A694008591FD698691156F8791E5718891894E41
:10A6A4008991E9758A91F8768B91937A8C91DF7C04
:10A6B4008D91CF7D8E919C7D8F9161809091498306
:10A6C4009191588392916C849391BC849491FB856D
:10A6D4009591C5889691708D9791019098916D9000
:10A6E400999197939A911C979B91129A9C91CF5010
:10A6F4009D9197589E918E619F91D381A0913585AC
:10A70400A191088DA2912090A391C34FA49174505C
:10A71400A5914752A6917353A7916F60A89149637D
:10A72400A9915F67AA912C6EAB91B38DAC911F90E8
:10A73400AD91D74FAE915E5CAF91CA8CB091CF65AD
:10A74400B1919A7DB2915253B3919688B491765156
:10A75400B591C363B691585BB7916B5BB8910A5CD2
:10A76400B9910D64BA915167BB915C90BC91D64E7E
:10A77400BD911A59BE912A59BF91706CC091518AEA
:10A78400C1913E55C2911558C391A559C491F06029
:10A79400C5915362C691C167C7913582C891556905
:10A7A400C9914096CA91C499CB91289ACC91534FA0
:10A7B400CD910658CE91FE5BCF911080D091B15CC3
:10A7C400D1912F5ED291855FD3912060D4914B615A
:10A7D400D5913462D691FF66D791F06CD891DE6E34
:10A7E400D991CE80DA917F81DB91D482DC918B8800
:10A7F400DD91B88CDE910090DF912E90E0918A96E5
:10A80400E191DB9EE291DB9BE391E34EE491F05313
:10A81400E5912759E6912C7BE7918D91E8914C982D
:10A82400E991F99DEA91DD6EEB912770EC91535318
:10A83400ED914455EE91855BEF915862F0919E62E3
:10A84400F191D362F291A26CF391EF6FF4912274BF
:10A85400F591178AF6913894F791C16FF891FE8AB1
:10A86400F9913883FA91E751FB91F886FC91EA5308
:10A874004092E9534192464F429254904392B08F92
:10A8840044926A59459231814692FD5D4792EA7A33
:10A894004892BF8F4992DA684A92378C4B92F87289
:10A8A4004C92489C4D923D6A4E92B08A4F92394EDA
:10A8B4005092585351920656529266575392C5621B
:10A8C4005492A2635592E66556924E6B5792E16D8F
:10A8D40058925B6E5992AD705A92ED775B92EF7A13
:10A8E4005C92AA7B5D92BB7D5E923D805F92C68046
:10A8F4006092CB866192958A62925B936392E356EF
:10A904006492C75865923E5F6692AD65679296669B
:10A914006892806A6992B56B6A9237756B92C78A3E
:10A924006C9224506D92E5776E9230576F921B5F54
:10A934007092656071927A667292606C7392F4752B
:10A9440074921A7A75926E7F7692F4817792188750
:10A95400789245907992B3997A92C97B7B925C758F
:10A964007C92F97A7D92517B7E92C484809210907D
:10A974008192E9798292927A839236838492E15A1F
:10A984008592407786922D4E8792F24E8892995BFB
:10A994008992E05F8A92BD628B923C668C92F167E9
:10A9A4008D92E86C8E926B868F92778890923B8A18
:10A9B40091924E919292F3929392D0999492176AB3
:10A9C4009592267096922A739792E782989257846A
:10A9D4009992AF8C9A92014E9B9246519C92CB5184
:10A9E4009D928B559E92F55B9F92165EA092335E6C
:10A9F400A192815EA292145FA392355FA4926B5FD1
:10AA0400A592B45FA692F261A7921163A892A2667E
:10AA1400A9921D67AA926E6FAB925272AC923A756C
:10AA2400AD923A77AE927480AF923981B0927881C8
:10AA3400B1927687B292BF8AB392DC8AB492858D42
:10AA4400B592F38DB6929A92B7927795B89202988E
:10AA5400B992E59CBA92C552BB925763BC92F47604
:10AA6400BD921567BE92886CBF92CD73C092C38CA1
:10AA7400C192AE93C2927396C392256DC4929C58B0
:10AA8400C5920E69C692CC69C792FD8FC8929A93FB
:10AA9400C992DB75CA921A90CB925A58CC9202682A
:10AAA400CD92B463CE92FB69CF92434FD0922C6F78
:10AAB400D192D867D292BB8FD3922685D492B47D9B
:10AAC400D5925493D6923F69D792706FD8926A57B1
:10AAD400D992F758DA922C5BDB922C7DDC922A72A5
:10AAE400DD920A54DE92E391DF92B49DE092AD4E82
:10AAF400E1924E4FE2925C50E3927550E4924352DD
:10AB0400E5929E8CE6924854E7922458E8929A5B28
:10AB1400E9921D5EEA92955EEB92AD5EEC92F75E71
:10AB2400ED921F5FEE928C60EF92B562F0923A6301
:10AB3400F192D063F292AF68F392406CF49287780A
:10AB4400F5928E79F6920B7AF792E07DF89247822D
:10AB5400F992028AFA92E68AFB92448EFC9213904E
:10AB64004093B89041932D914293D89143930E9F73
:10AB74004493E56C459358644693E2644793756542
:10AB84004893F46E499384764A931B7B4B93699064
:10AB94004C93D1934D93BA6E4E93F2544F93B95F45
:10ABA4005093A46451934D8F5293ED8F53934492D9
:10ABB4005493785155936B58569329595793555C30
:10ABC4005893975E5993FB6D5A938F7E5B931C75D4
:10ABD4005C93BC8C5D93E28E5E935B985F93B970DB
:10ABE40060931D4F6193BF6B6293B16F6393307534
:10ABF4006493FB9665934E5166931054679335584E
:10AC0400689357586993AC596A93605C6B93925FED
:10AC14006C9397656D935C676E93216E6F937B76EF
:10AC24007093DF837193ED8C729314907393FD9002
:10AC340074934D937593257876933A787793AA52C3
:10AC44007893A65E79931F577A9374597B93126015
:10AC54007C9312507D935A517E93AC518093CD5185
:10AC64008193005282931055839354588493585877
:10AC7400859357598693955B8793F65C88938B5D90
:10AC84008993BC608A9395628B932D648C937167CE
:10AC94008D9343688E93BC688F93DF689093D776C7
:10ACA4009193D86D92936F6E93939B6D94936F7001
:10ACB4009593C8719693535F9793D87598937779C2
:10ACC4009993497B9A93547B9B93527B9C93D67C18
:10ACD4009D93717D9E9330529F936384A093698565
:10ACE400A193E485A2930E8AA393048BA493468C28
:10ACF400A5930F8EA6930390A7930F90A8931994EE
:10AD0400A9937696AA932D98AB93309AAC93D89541
:10AD1400AD93CD50AE93D552AF930C54B09302582B
:10AD2400B1930E5CB293A761B3939E64B4931E6D0A
:10AD3400B593B377B693E57AB793F480B893048464
:10AD4400B9935390BA938592BB93E05CBC93079DEF
:10AD5400BD933F53BE93975FBF93B35FC0939C6D06
:10AD6400C1937972C2936377C393BF79C493E47B2D
:10AD7400C593D26BC693EC72C793AD8AC89303682C
:10AD8400C993616ACA93F851CB93817ACC9334699D
:10AD9400CD934A5CCE93F69CCF93EB82D093C55B64
:10ADA400D1934991D2931E70D3937856D4936F5C08
:10ADB400D593C760D6936665D7938C6CD8935A8C19
:10ADC400D9934190DA931398DB935154DC93C7667B
:10ADD400DD930D92DE934859DF93A390E093855160
:10ADE400E1934D4EE293EA51E3939985E4930E8BFC
:10ADF400E5935870E6937A63E7934B93E89362691B
:10AE0400E993B499EA93047EEB937775EC935753E3
:10AE1400ED936069EE93DF8EEF93E396F0935D6CB0
:10AE2400F1938C4EF2933C5CF393105FF493E98FAF
:10AE3400F5930253F693D18CF7938980F89379862E
:10AE4400F993FF5EFA93E565FB93734EFC936551AA
:10AE54004094825941943F5C4294EE974394FB4E54
:10AE640044948A594594CD5F46948D8A4794E16F02
:10AE74004894B079499462794A94E75B4B9471841D
:10AE84004C942B734D94B1714E94745E4F94F55F52
:10AE940050947B6351949A645294C3715394987CF4
:10AEA4005494434E5594FC5E56944B4E5794DC5741
:10AEB4005894A2565994A9605A94C36F5B940D7D1B
:10AEC4005C94FD805D9433815E94BF815F94B28F06
:10AED400609497896194A4866294F45D63948A6211
:10AEE4006494AD6465948789669477676794E26C2B
:10AEF40068943E6D699436746A9434786B94465AB7
:10AF04006C94757F6D94AD826E94AC996F94F34F8D
:10AF14007094C35E7194DD62729492637394576506
:10AF240074946F677594C37676944C727794CC80DE
:10AF34007894BA807994298F7A944D917B940D50AA
:10AF44007C94F9577D94925A7E94856880947369B1
:10AF5400819464718294FD728394B78C8494F258C2
:10AF64008594E08C86946A968794199088947F8758
:10AF74008994E4798A94E7778B9429848C942F4F6D
:10AF84008D9465528E945A538F94CD629094CF676A
:10AF94009194CA6C92947D769394947B9494957CCA
:10AFA40095943682969484859794EB8F9894DD6675
:10AFB4009994206F9A9406729B941B7E9C94AB8305
:10AFC4009D94C1999E94A69E9F94FD51A094B17B9B
:10AFD400A1947278A294B87BA3948780A494487BAC
:10AFE400A594E86AA694615EA7948C80A894517590
:10AFF400A9946075AA946B51AB946292AC948C6ED4
:10B00400AD947A76AE949791AF94EA9AB094104F37
:10B01400B194707FB2949C62B3944F7BB494A59521
:10B02400B594E99CB6947A56B7945958B894E48682
:10B03400B994BC96BA94344FBB942452BC944A53EA
:10B04400BD94CD53BE94DB53BF94065EC0942C6470
:10B05400C1949165C2947F67C3943E6CC4944E6C52
:10B06400C5944872C694AF72C794ED73C89454756E
:10B07400C994417ECA942C82CB94E985CC94A98C42
:10B08400CD94C47BCE94C691CF946971D094129818
:10B09400D194EF98D2943D63D3946966D4946A753D
:10B0A400D594E476D694D078D7944385D894EE8614
:10B0B400D9942A53DA945153DB942654DC9483595B
:10B0C400DD94875EDE947C5FDF94B260E094496235
:10B0D400E1947962E294AB62E3949065E494D46B76
:10B0E400E594CC6CE694B275E794AE76E8949178E6
:10B0F400E994D879EA94CB7DEB94777FEC94A5809E
:10B10400ED94AB88EE94B98AEF94BB8CF0947F9065
:10B11400F1945E97F294DB98F3940B6AF494387C80
:10B12400F5949950F6943E5CF794AE5FF894876773
:10B13400F994D86BFA943574FB940977FC948E7F58
:10B1440040953B9F4195CA674295177A4395395379
:10B1540044958B754595ED9A4695665F47959D8117
:10B164004895F183499598804A953C5F4B95C55F16
:10B174004C9562754D95467B4E953C904F9567680E
:10B184005095EB5951959B5A5295107D53957E7667
:10B1940054952C8B5595F54F56956A5F5795196ABA
:10B1A4005895376C5995026F5A95E2745B95687996
:10B1B4005C9568885D95558A5E95798C5F95DF5EB0
:10B1C4006095CF636195C5756295D2796395D78291
:10B1D400649528936595F29266959C846795ED86AF
:10B1E40068952D9C6995C1546A956C5F6B958C65C7
:10B1F4006C955C6D6D9515706E95A78C6F95D38C61
:10B2040070953B9871954F657295F67473950D4ED4
:10B214007495D84E7595E05776952B597795665A5F
:10B224007895CC5B7995A8517A95035E7B959C5E65
:10B234007C9516607D9576627E9577658095A76589
:10B2440081956E6682956E6D839536728495267BA4
:10B254008595508186959A818795998288955C8B8E
:10B264008995A08C8A95E68C8B95748D8C951C960B
:10B274008D9544968E95AE4F8F95AB649095666B85
:10B2840091951E829295618493956A859495E89030
:10B294009595015C969553699795A89898957A84A5
:10B2A400999557859A950F4F9B956F529C95A95FD9
:10B2B4009D95455E9E950D679F958F79A0957981A3
:10B2C400A1950789A2958689A395F56DA495175F25
:10B2D400A5955562A695B86CA795CF4EA8956972A9
:10B2E400A995929BAA950652AB953B54AC9574567E
:10B2F400AD95B358AE95A461AF956E62B0951A71D1
:10B30400B1956E59B295897CB395DE7CB4951B7D5D
:10B31400B595F096B6958765B7955E80B895194E44
:10B32400B995754FBA957551BB954058BC95635EF8
:10B33400BD95735EBE950A5FBF95C467C095264EE2
:10B34400C1953D85C2958995C3955B96C495737CDB
:10B35400C5950198C695FB50C795C158C8955676B2
:10B36400C995A778CA952552CB95A577CC95118513
:10B37400CD95867BCE954F50CF950959D095477280
:10B38400D195C77BD295E87DD395BA8FD495D48FC8
:10B39400D5954D90D695BF4FD795C952D895295A72
:10B3A400D995015FDA95AD97DB95DD4FDC95178272
:10B3B400DD95EA92DE950357DF955563E095696B59
:10B3C400E1952B75E295DC88E395148FE495427A38
:10B3D400E595DF52E6959358E7955561E8950A623D
:10B3E400E995AE66EA95CD6BEB953F7CEC95E983E8
:10B3F400ED952350EE95F84FEF950553F09546548F
:10B40400F1953158F2954959F3959D5BF495F05CAB
:10B41400F595EF5CF695295DF795965EF895B16222
:10B42400F9956763FA953E65FB95B965FC950B67DD
:10B434004096D56C4196E16C4296F9704396327809
:10B4440044962B7E4596DE804696B38247960C84BE
:10B454004896EC84499602874A9612894B962A8A22
:10B464004C964A8C4D96A6904E96D2924F96FD9845
:10B474005096F39C51966C9D52964F4E5396A14E06
:10B4840054968D505596565256964A575796A859E3
:10B4940058963D5E5996D85F5A96D95F5B963F623F
:10B4A4005C96B4665D961B675E96D0675F96D268BD
:10B4B400609692516196217D6296AA806396A881D6
:10B4C4006496008B65968C8C6696BF8C67967E928C
:10B4D40068963296699620546A962C986B96175300
:10B4E4006C96D5506D965C536E96A8586F96B26460
:10B4F4007096346771966772729666777396467A19
:10B504007496E6917596C3527696A16C7796866B7F
:10B514007896005879964C5E7A9654597B962C67A7
:10B524007C96FB7F7D96E1517E96C6768096696413
:10B534008196E8788296549B8396BB9E8496CB57DB
:10B544008596B9598696276687969A678896CE6BAC
:10B554008996E9548A96D9698B96555E8C969C8116
:10B564008D9695678E96AA9B8F96FE679096529CB1
:10B5740091965D689296A64E9396E34F9496C8531F
:10B584009596B96296962B679796AB6C9896C48FEE
:10B594009996AD4F9A966D7E9B96BF9E9C96074E4C
:10B5A4009D9662619E96806E9F962B6FA0961385E2
:10B5B400A1967354A2962A67A396459BA496F35D1D
:10B5C400A596957BA696AC5CA796C65BA8961C87A9
:10B5D400A9964A6EAA96D184AB96147AAC96088141
:10B5E400AD969959AE968D7CAF96116CB096207736
:10B5F400B196D952B2962259B3962171B4965F721C
:10B60400B596DB77B6962797B796619DB8960B6982
:10B61400B9967F5ABA96185ABB96A551BC960D5442
:10B62400BD967D54BE960E66BF96DF76C096F78FA4
:10B63400C1969892C296F49CC396EA59C4965D72D8
:10B64400C596C56EC6964D51C796C968C896BF7D46
:10B65400C996EC7DCA966297CB96BA9ECC967864CE
:10B66400CD96216ACE960283CF968459D0965F5B9D
:10B67400D196DB6BD2961B73D396F276D496B27DB9
:10B68400D5961780D6969984D7963251D89628673E
:10B69400D996D99EDA96EE76DB966267DC96FF52EF
:10B6A400DD960599DE96245CDF963B62E0967E7C0F
:10B6B400E196B08CE2964F55E396B660E4960B7D26
:10B6C400E5968095E6960153E7965F4EE896B65167
:10B6D400E9961C59EA963A72EB963680EC96CE912E
:10B6E400ED96255FEE96E277EF968453F096795FB8
:10B6F400F196047DF296AC85F396338AF4968D8E9A
:10B70400F5965697F696F367F796AE85F8965394A2
:10B71400F9960961FA960861FB96B96CFC96527623
:10B724004097ED8A4197388F42972F554397514F51
:10B7340044972A514597C7524697CB534797A55BE1
:10B7440048977D5E4997A0604A9782614B97D6637C
:10B754004C9709674D97DA674E97676E4F978C6DD4
:10B764005097367351973773529731755397507971
:10B774005497D5885597988A56974A905797919099
:10B784005897F5905997C4965A978D875B97155992
:10B794005C97884E5D97594F5E970E4E5F97898AE6
:10B7A40060973F8F619710986297AD5063977C5E66
:10B7B400649796596597B95B6697B85E6797DA633D
:10B7C4006897FA636997C1646A97DC666B974A69FC
:10B7D4006C97D8696D970B6D6E97B66E6F97947171
:10B7E400709728757197AF7A72978A7F73970080E4
:10B7F400749749847597C984769781897797218B43
:10B8040078970A8E799765907A977D967B970A99AF
:10B814007C977E617D9791627E97326B8097836C73
:10B824008197746D8297CC7F8397FC7F8497C06DDA
:10B834008597857F8697BA878797F88888976567FD
:10B844008997B1838A973C988B97F7968C971B6D51
:10B854008D97617D8E973D848F976A919097714EF5
:10B86400919775539297505D9397046B9497EB6FF0
:10B874009597CD8596972D869797A789989729525E
:10B8840099970F549A97655C9B974E679C97A86805
:10B894009D9706749E9783749F97E275A097CF88AF
:10B8A400A197E188A297CC91A397E296A497789662
:10B8B400A5978B5FA6978773A797CB7AA8974E8493
:10B8C400A997A063AA976575AB978952AC97416D08
:10B8D400AD979C6EAE970974AF975975B0976B7816
:10B8E400B197927CB2978696B397DC7AB4978D9F82
:10B8F400B597B64FB6976E61B797C565B8975C862E
:10B90400B997864EBA97AE4EBB97DA50BC97214E84
:10B91400BD97CC51BE97EE5BBF979965C097816880
:10B92400C197BC6DC2971F73C3974276C497AD7716
:10B93400C5971C7AC697E77CC7976F82C897D28A47
:10B94400C9977C90CA97CF91CB977596CC97189846
:10B95400CD979B52CE97D17DCF972B50D0979853AC
:10B96400D1979767D297CB6DD397D071D49733740F
:10B97400D597E881D6972A8FD797A396D897579CBF
:10B98400D9979F9EDA976074DB974158DC97996D3D
:10B99400DD972F7DDE975E98DF97E44EE097364F74
:10B9A400E1978B4FE297B751E397B152E497BA5DB1
:10B9B400E5971C60E697B273E7973C79E897D382E2
:10B9C400E9973492EA97B796EB97F696EC970A972D
:10B9D400ED97979EEE97629FEF97A666F097746B2C
:10B9E400F1971752F297A352F397C870F497C2884D
:10B9F400F597C95EF6974B60F7979061F897236FB8
:10BA0400F9974971FA973E7CFB97F47DFC976F8018
:10BA14004098EE844198239042982C934398425442
:10BA240044986F9B4598D36A469889704798C28C0E
:10BA34004898EF8D499832974A98B4524B98415A96
:10BA44004C98CA5E4D98045F4E9817674F987C696E
:10BA54005098946951986A6D52980F6F5398627216
:10BA64005498FC725598ED7B5698018057987E80C7
:10BA740058984B875998CE905A986D515B98939EDD
:10BA84005C9884795D988B805E9832935F98D68AAF
:10BA940060982D5061988C546298718A63986A6B8F
:10BAA4006498C48C659807816698D1606798A0678C
:10BAB4006898F29D6998994E6A98984E6B98109C74
:10BAC4006C986B8A6D98C1856E9868856F980069CB
:10BAD40070987E6E71989778729855819F980C5FD4
:10BAE400A098104EA198154EA2982A4EA398314EB4
:10BAF400A498364EA5983C4EA6983F4EA798424E21
:10BB0400A898564EA998584EAA98824EAB98854E3E
:10BB1400AC986B8CAD988A4EAE981282AF980D5F3C
:10BB2400B0988E4EB1989E4EB2989F4EB398A04E48
:10BB3400B498A24EB598B04EB698B34EB798B64ED8
:10BB4400B898CE4EB998CD4EBA98C44EBB98C64E4E
:10BB5400BC98C24EBD98D74EBE98DE4EBF98ED4EEF
:10BB6400C098DF4EC198F74EC298094FC3985A4FF8
:10BB7400C498304FC5985B4FC6985D4FC798574FD0
:10BB8400C898474FC998764FCA98884FCB988F4F1B
:10BB9400CC98984FCD987B4FCE98694FCF98704FE3
:10BBA400D098914FD1986F4FD298864FD398964F93
:10BBB400D4981851D598D44FD698DF4FD798CE4FF4
:10BBC400D898D84FD998DB4FDA98D14FDB98DA4F11
:10BBD400DC98D04FDD98E44FDE98E54FDF981A509B
:10BBE400E0982850E1981450E2982A50E3982550A0
:10BBF400E4980550E5981C4FE698F64FE7982150D5
:10BC0400E8982950E9982C50EA98FE4FEB98EF4FAA
:10BC1400EC981150ED980650EE984350EF98475029
:10BC2400F0980367F1985550F2985050F3984850A3
:10BC3400F4985A50F5985650F6986C50F7987850F6
:10BC4400F8988050F9989A50FA988550FB98B45017
:10BC5400FC98B2504099C9504199CA504299B35086
:10BC64004399C2504499D6504599DE504699E550BF
:10BC74004799ED504899E3504999EE504A99F95043
:10BC84004B99F5504C9909514D9901514E990251D6
:10BC94004F991651509915515199145152991A515D
:10BCA4005399215154993A515599375156993C51C8
:10BCB40057993B5158993F51599940515A9952516A
:10BCC4005B994C515C9954515D9962515E99F87A33
:10BCD4005F99695160996A5161996E516299805175
:10BCE400639982516499D85665998C5166998951A2
:10BCF40067998F5168999151699993516A999551AE
:10BD04006B9996516C99A4516D99A6516E99A25153
:10BD14006F99A9517099AA517199AB517299B35104
:10BD24007399B1517499B2517599B0517699B551CD
:10BD34007799BD517899C5517999C9517A99DB514F
:10BD44007B99E0517C9955867D99E9517E99ED5115
:10BD54008099F0518199F5518299FE518399045249
:10BD640084990B528599145286990E5287992752B9
:10BD740088992A5289992E528A9933528B99395229
:10BD84008C994F528D9944528E994B528F994C52A3
:10BD940090995E529199545292996A52939974521D
:10BDA400949969529599735296997F5297997D52B5
:10BDB40098998D52999994529A9992529B99715249
:10BDC4009C9988529D9991529E99A88F9F99A78F6B
:10BDD400A099AC52A199AD52A299BC52A399B55263
:10BDE400A499C152A599CD52A699D752A799DE52CA
:10BDF400A899E352A999E652AA99ED98AB99E05211
:10BE0400AC99F352AD99F552AE99F852AF99F952F3
:10BE1400B0990653B1990853B2993875B3990D5333
:10BE2400B4991053B5990F53B6991553B7991A533A
:10BE3400B8992353B9992F53BA993153BB993353B2
:10BE4400BC993853BD994053BE994653BF99455345
:10BE5400C099174EC1994953C2994D53C399D651AC
:10BE6400C4995E53C5996953C6996E53C7991859B5
:10BE7400C8997B53C9997753CA998253CB999653DE
:10BE8400CC99A053CD99A653CE99A553CF99AE532F
:10BE9400D099B053D199B653D299C353D399127C44
:10BEA400D499D996D599DF53D699FC66D799EE7172
:10BEB400D899EE53D999E853DA99ED53DB99FA53AB
:10BEC400DC990154DD993D54DE994054DF992C549A
:10BED400E0992D54E1993C54E2992E54E399365457
:10BEE400E4992954E5991D54E6994E54E7998F54E1
:10BEF400E8997554E9998E54EA995F54EB99715411
:10BF0400EC997754ED997054EE999254EF997B54CF
:10BF1400F0998054F1997654F2998454F399905499
:10BF2400F4998654F599C754F699A254F799B854DC
:10BF3400F899A554F999AC54FA99C454FB99C85486
:10BF4400FC99A854409AAB54419AC254429AA454BE
:10BF5400439ABE54449ABC54459AD854469AE554DC
:10BF6400479AE654489A0F55499A14554A9AFD54EB
:10BF74004B9AEE544C9AED544D9AFA544E9AE2541C
:10BF84004F9A3955509A4055519A6355529A4C5587
:10BF9400539A2E55549A5C55559A4555569A56556A
:10BFA400579A5755589A3855599A33555A9A5D5550
:10BFB4005B9A99555C9A80555D9AAF545E9A8A55FE
:10BFC4005F9A9F55609A7B55619A7E55629A9855FF
:10BFD400639A9E55649AAE55659A7C55669A8355C4
:10BFE400679AA955689A8755699AA8556A9ADA553D
:10BFF4006B9AC5556C9ADF556D9AC4556E9ADC558B
:10C004006F9AE455709AD455719A1456729AF755EA
:10C01400739A1656749AFE55759AFD55769A1B5660
:10C02400779AF955789A4E56799A50567A9ADF71DA
:10C034007B9A34567C9A36567D9A32567E9A385676
:10C04400809A6B56819A6456829A2F56839A6C56BC
:10C05400849A6A56859A8656869A8056879A8A560C
:10C06400889AA056899A94568A9A8F568B9AA5567E
:10C074008C9AAE568D9AB6568E9AB4568F9AC256EC
:10C08400909ABC56919AC156929AC356939AC056A6
:10C09400949AC856959ACE56969AD156979AD3564C
:10C0A400989AD756999AEE569A9AF9569B9A0057A7
:10C0B4009C9AFF569D9A04579E9A09579F9A08572F
:10C0C400A09A0B57A19A0D57A29A1357A39A1857DF
:10C0D400A49A1657A59AC755A69A1C57A79A2657E5
:10C0E400A89A3757A99A3857AA9A4E57AB9A3B57EA
:10C0F400AC9A4057AD9A4F57AE9A6957AF9AC0570A
:10C10400B09A8857B19A6157B29A7F57B39A8957B0
:10C11400B49A9357B59AA057B69AB357B79AA457F7
:10C12400B89AAA57B99AB057BA9AC357BB9AC6577E
:10C13400BC9AD457BD9AD257BE9AD357BF9A0A58BD
:10C14400C09AD657C19AE357C29A0B58C39A195842
:10C15400C49A1D58C59A7258C69A2158C79A6258EB
:10C16400C89A4B58C99A7058CA9AC06BCB9A5258FD
:10C17400CC9A3D58CD9A7958CE9A8558CF9AB958C9
:10C18400D09A9F58D19AAB58D29ABA58D39ADE58BB
:10C19400D49ABB58D59AB858D69AAE58D79AC55897
:10C1A400D89AD358D99AD158DA9AD758DB9AD95809
:10C1B400DC9AD858DD9AE558DE9ADC58DF9AE458C0
:10C1C400E09ADF58E19AEF58E29AFA58E39AF9585C
:10C1D400E49AFB58E59AFC58E69AFD58E79A025906
:10C1E400E89A0A59E99A1059EA9A1B59EB9AA668EF
:10C1F400EC9A2559ED9A2C59EE9A2D59EF9A325909
:10C20400F09A3859F19A3E59F29AD27AF39A5559DA
:10C21400F49A5059F59A4E59F69A5A59F79A585928
:10C22400F89A6259F99A6059FA9A6759FB9A6C59C3
:10C23400FC9A6959409B7859419B8159429B9D596D
:10C24400439B5E4F449BAB4F459BA359469BB259BE
:10C25400479BC659489BE859499BDC594A9B8D59D1
:10C264004B9BD9594C9BDA594D9B255A4E9B1F5ACF
:10C274004F9B115A509B1C5A519B095A529B1A5A54
:10C28400539B405A549B6C5A559B495A569B355A5A
:10C29400579B365A589B625A599B6A5A5A9B9A5AC8
:10C2A4005B9BBC5A5C9BBE5A5D9BCB5A5E9BC25A3D
:10C2B4005F9BBD5A609BE35A619BD75A629BE65AC7
:10C2C400639BE95A649BD65A659BFA5A669BFB5A50
:10C2D400679B0C5B689B0B5B699B165B6A9B325B81
:10C2E4006B9BD05A6C9B2A5B6D9B365B6E9B3E5B53
:10C2F4006F9B435B709B455B719B405B729B515B87
:10C30400739B555B749B5A5B759B5B5B769B655B10
:10C31400779B695B789B705B799B735B7A9B755B9E
:10C324007B9B785B7C9B88657D9B7A5B7E9B805B3B
:10C33400809B835B819BA65B829BB85B839BC35B77
:10C34400849BC75B859BC95B869BD45B879BD05BC7
:10C35400889BE45B899BE65B8A9BE25B8B9BDE5B51
:10C364008C9BE55B8D9BEB5B8E9BF05B8F9BF65B05
:10C37400909BF35B919B055C929B075C939B085C91
:10C38400949B0D5C959B135C969B205C979B225C15
:10C39400989B285C999B385C9A9B395C9B9B415C7D
:10C3A4009C9B465C9D9B4E5C9E9B535C9F9B505C00
:10C3B400A09B4F5CA19B715BA29B6C5CA39B6E5C7E
:10C3C400A49B624EA59B765CA69B795CA79B8C5C28
:10C3D400A89B915CA99B945CAA9B9B59AB9BAB5C6F
:10C3E400AC9BBB5CAD9BB65CAE9BBC5CAF9BB75CD3
:10C3F400B09BC55CB19BBE5CB29BC75CB39BD95C74
:10C40400B49BE95CB59BFD5CB69BFA5CB79BED5CA9
:10C41400B89B8C5DB99BEA5CBA9B0B5DBB9B155DBD
:10C42400BC9B175DBD9B5C5DBE9B1F5DBF9B1B5D85
:10C43400C09B115DC19B145DC29B225DC39B1A5DB1
:10C44400C49B195DC59B185DC69B4C5DC79B525D23
:10C45400C89B4E5DC99B4B5DCA9B6C5DCB9B735D5A
:10C46400CC9B765DCD9B875DCE9B845DCF9B825DAF
:10C47400D09BA25DD19B9D5DD29BAC5DD39BAE5DF9
:10C48400D49BBD5DD59B905DD69BB75DD79BBC5DB2
:10C49400D89BC95DD99BCD5DDA9BD35DDB9BD25D17
:10C4A400DC9BD65DDD9BDB5DDE9BEB5DDF9BF25DA4
:10C4B400E09BF55DE19B0B5EE29B1A5EE39B195EDC
:10C4C400E49B115EE59B1B5EE69B365EE79B375E55
:10C4D400E89B445EE99B435EEA9B405EEB9B4E5EB9
:10C4E400EC9B575EED9B545EEE9B5F5EEF9B625E42
:10C4F400F09B645EF19B475EF29B755EF39B765EF8
:10C50400F49B7A5EF59BBC9EF69B7F5EF79BA05ED8
:10C51400F89BC15EF99BC25EFA9BC85EFB9BD05E32
:10C52400FC9BCF5E409CD65E419CE35E429CDD5EFC
:10C53400439CDA5E449CDB5E459CE25E469CE15E85
:10C54400479CE85E489CE95E499CEC5E4A9CF15E2F
:10C554004B9CF35E4C9CF05E4D9CF45E4E9CF85EEE
:10C564004F9CFE5E509C035F519C095F529C5D5F33
:10C57400539C5C5F549C0B5F559C115F569C165FEB
:10C58400579C295F589C2D5F599C385F5A9C415F8A
:10C594005B9C485F5C9C4C5F5D9C4E5F5E9C2F5F28
:10C5A4005F9C515F609C565F619C575F629C595FC2
:10C5B400639C615F649C6D5F659C735F669C775F41
:10C5C400679C835F689C825F699C7F5F6A9C8A5FCB
:10C5D4006B9C885F6C9C915F6D9C875F6E9C9E5F7B
:10C5E4006F9C995F709C985F719CA05F729CA85F20
:10C5F400739CAD5F749CBC5F759CD65F769CFB5F3F
:10C60400779CE45F789CF85F799CF15F7A9CDD5FAE
:10C614007B9CB3607C9CFF5F7D9C21607E9C606002
:10C62400809C1960819C1060829C2960839C0E60B0
:10C63400849C3160859C1B60869C1560879C2B6064
:10C64400889C2660899C0F608A9C3A608B9C5A6007
:10C654008C9C41608D9C6A608E9C77608F9C5F602F
:10C66400909C4A60919C4660929C4D60939C636050
:10C67400949C4360959C6460969C4260979C6C601B
:10C68400989C6B60999C59609A9C81609B9C8D607E
:10C694009C9CE7609D9C83609E9C9A609F9C8460A8
:10C6A400A09C9B60A19C9660A29C9760A39C9260B6
:10C6B400A49CA760A59C8B60A69CE160A79CB86025
:10C6C400A89CE060A99CD360AA9CB460AB9CF05F7A
:10C6D400AC9CBD60AD9CC660AE9CB560AF9CD860A0
:10C6E400B09C4D61B19C1561B29C0661B39CF6602F
:10C6F400B49CF760B59C0061B69CF460B79CFA608A
:10C70400B89C0361B99C2161BA9CFB60BB9CF1603D
:10C71400BC9C0D61BD9C0E61BE9C4761BF9C3E618B
:10C72400C09C2861C19C2761C29C4A61C39C3F6133
:10C73400C49C3C61C59C2C61C69C3461C79C3D6112
:10C74400C89C4261C99C4461CA9C7361CB9C77615B
:10C75400CC9C5861CD9C5961CE9C5A61CF9C6B6135
:10C76400D09C7461D19C6F61D29C6561D39C7161D2
:10C77400D49C5F61D59C5D61D69C5361D79C7561E7
:10C78400D89C9961D99C9661DA9C8761DB9CAC61E9
:10C79400DC9C9461DD9C9A61DE9C8A61DF9C9161E2
:10C7A400E09CAB61E19CAE61E29CCC61E39CCA611C
:10C7B400E49CC961E59CF761E69CC861E79CC361A0
:10C7C400E89CC661E99CBA61EA9CCB61EB9C797FE9
:10C7D400EC9CCD61ED9CE661EE9CE361EF9CF6611F
:10C7E400F09CFA61F19CF461F29CFF61F39CFD61A1
:10C7F400F49CFC61F59CFE61F69C0062F79C086267
:10C80400F89C0962F99C0D62FA9C0C62FB9C146210
:10C81400FC9C1B62409D1E62419D2162429D2A62D6
:10C82400439D2E62449D3062459D3262469D336233
:10C83400479D4162489D4E62499D5E624A9D636286
:10C844004B9D5B624C9D60624D9D68624E9D7C6217
:10C854004F9D8262509D8962519D7E62529D92627B
:10C86400539D9362549D9662559DD462569D8362F6
:10C87400579D9462589DD762599DD1625A9DBB625F
:10C884005B9DCF625C9DFF625D9DC6625E9DD464CC
:10C894005F9DC862609DDC62619DCC62629DCA62DC
:10C8A400639DC262649DC762659D9B62669DC96209
:10C8B400679D0C63689DEE62699DF1626A9D2763C2
:10C8C4006B9D02636C9D08636D9DEF626E9DF562C6
:10C8D4006F9D5063709D3E63719D4D63729D1C649A
:10C8E400739D4F63749D9663759D8E63769D80637F
:10C8F400779DAB63789D7663799DA3637A9D8F63FF
:10C904007B9D89637C9D9F637D9DB5637E9D6B63E9
:10C91400809D6963819DBE63829DE963839DC0633D
:10C92400849DC663859DE363869DC963879DD263A9
:10C93400889DF663899DC4638A9D16648B9D3464C7
:10C944008C9D06648D9D13648E9D26648F9D366434
:10C95400909D1D65919D1764929D2864939D0F641D
:10C96400949D6764959D6F64969D7664979D4E64CF
:10C97400989D2A65999D95649A9D93649B9DA56451
:10C984009C9DA9649D9D88649E9DBC649F9DDA6462
:10C99400A09DD264A19DC564A29DC764A39DBB64F0
:10C9A400A49DD864A59DC264A69DF164A79DE76477
:10C9B400A89D0982A99DE064AA9DE164AB9DAC6237
:10C9C400AC9DE364AD9DEF64AE9D2C65AF9DF664B4
:10C9D400B09DF464B19DF264B29DFA64B39D0065A8
:10C9E400B49DFD64B59D1865B69D1C65B79D056530
:10C9F400B89D2465B99D2365BA9D2B65BB9D34659F
:10CA0400BC9D3565BD9D3765BE9D3665BF9D38654A
:10CA1400C09D4B75C19D4865C29D5665C39D5565B6
:10CA2400C49D4D65C59D5865C69D5E65C79D5D6584
:10CA3400C89D7265C99D7865CA9D8265CB9D8365D5
:10CA4400CC9D8A8BCD9D9B65CE9D9F65CF9DAB650F
:10CA5400D09DB765D19DC365D29DC665D39DC16583
:10CA6400D49DC465D59DCC65D69DD265D79DDB6527
:10CA7400D89DD965D99DE065DA9DE165DB9DF165B9
:10CA8400DC9D7267DD9D0A66DE9D0366DF9DFB65A6
:10CA9400E09D7367E19D3566E29D3666E39D3466ED
:10CAA400E49D1C66E59D4F66E69D4466E79D4966E8
:10CAB400E89D4166E99D5E66EA9D5D66EB9D646660
:10CAC400EC9D6766ED9D6866EE9D5F66EF9D626610
:10CAD400F09D7066F19D8366F29D8866F39D8E6677
:10CAE400F49D8966F59D8466F69D9866F79D9D661E
:10CAF400F89DC166F99DB966FA9DC966FB9DBE663F
:10CB0400FC9DBC66409EC466419EB866429ED66645
:10CB1400439EDA66449EE066459E3F66469EE66610
:10CB2400479EE966489EF066499EF5664A9EF7660A
:10CB34004B9E0F674C9E16674D9E1E674E9E266742
:10CB44004F9E2767509E3897519E2E67529E3F678F
:10CB5400539E3667549E4167559E3867569E376785
:10CB6400579E4667589E5E67599E60675A9E5967EE
:10CB74005B9E63675C9E64675D9E89675E9E70676B
:10CB84005F9EA967609E7C67619E6A67629E8C67F0
:10CB9400639E8B67649EA667659EA167669E856794
:10CBA400679EB767689EEF67699EB4676A9EEC6785
:10CBB4006B9EB3676C9EE9676D9EB8676E9EE46773
:10CBC4006F9EDE67709EDD67719EE267729EEE6700
:10CBD400739EB967749ECE67759EC667769EE76737
:10CBE400779E9C6A789E1E68799E46687A9E29681C
:10CBF4007B9E40687C9E4D687D9E32687E9E4E681A
:10CC0400809EB368819E2B68829E5968839E636868
:10CC1400849E7768859E7F68869E9F68879E8F68BE
:10CC2400889EAD68899E94688A9E9D688B9E9B6849
:10CC34008C9E83688D9EAE6A8E9EB9688F9E746842
:10CC4400909EB568919EA068929EBA68939E0F6963
:10CC5400949E8D68959E7E68969E0169979ECA688B
:10CC6400989E0869999ED8689A9E22699B9E266917
:10CC74009C9EE1689D9E0C699E9ECD689F9ED46893
:10CC8400A09EE768A19ED568A29E3669A39E1269FC
:10CC9400A49E0469A59ED768A69EE368A79E2569FD
:10CCA400A89EF968A99EE068AA9EEF68AB9E2869D1
:10CCB400AC9E2A69AD9E1A69AE9E2369AF9E216916
:10CCC400B09EC668B19E7969B29E7769B39E5C696D
:10CCD400B49E7869B59E6B69B69E5469B79E7E69A9
:10CCE400B89E6E69B99E3969BA9E7469BB9E3D69E6
:10CCF400BC9E5969BD9E3069BE9E6169BF9E5E69D6
:10CD0400C09E5D69C19E8169C29E6A69C39EB26903
:10CD1400C49EAE69C59ED069C69EBF69C79EC169DF
:10CD2400C89ED369C99EBE69CA9ECE69CB9EE85B84
:10CD3400CC9ECA69CD9EDD69CE9EBB69CF9EC36978
:10CD4400D09EA769D19E2E6AD29E9169D39EA06976
:10CD5400D49E9C69D59E9569D69EB469D79EDE699A
:10CD6400D89EE869D99E026ADA9E1B6ADB9EFF6937
:10CD7400DC9E0A6BDD9EF969DE9EF269DF9EE7693F
:10CD8400E09E056AE19EB169E29E1E6AE39EED693A
:10CD9400E49E146AE59EEB69E69E0A6AE79E126ABF
:10CDA400E89EC16AE99E236AEA9E136AEB9E446A7E
:10CDB400EC9E0C6AED9E726AEE9E366AEF9E786A6D
:10CDC400F09E476AF19E626AF29E596AF39E666A11
:10CDD400F49E486AF59E386AF69E226AF79E906A27
:10CDE400F89E8D6AF99EA06AFA9E846AFB9EA26AE6
:10CDF400FC9EA36A409F976A419F1786429FBB6A25
:10CE0400439FC36A449FC26A459FB86A469FB36AF8
:10CE1400479FAC6A489FDE6A499FD16A4A9FDF6A8E
:10CE24004B9FAA6A4C9FDA6A4D9FEA6A4E9FFB6A3F
:10CE34004F9F056B509F1686519FFA6A529F126B43
:10CE4400539F166B549F319B559F1F6B569F386B96
:10CE5400579F376B589FDC76599F396B5A9FEE98D2
:10CE64005B9F476B5C9F436B5D9F496B5E9F506B01
:10CE74005F9F596B609F546B619F5B6B629F5F6B9D
:10CE8400639F616B649F786B659F796B669F7F6B13
:10CE9400679F806B689F846B699F836B6A9F8D6BB0
:10CEA4006B9F986B6C9F956B6D9F9E6B6E9FA46B35
:10CEB4006F9FAA6B709FAB6B719FAF6B729FB26BCE
:10CEC400739FB16B749FB36B759FB76B769FBC6B8D
:10CED400779FC66B789FCB6B799FD36B7A9FDF6B01
:10CEE4007B9FEC6B7C9FEB6B7D9FF36B7E9FEF6B6B
:10CEF400809FBE9E819F086C829F136C839F146CDD
:10CF0400849F1B6C859F246C869F236C879F5E6C1B
:10CF1400889F556C899F626C8A9F6A6C8B9F826C18
:10CF24008C9F8D6C8D9F9A6C8E9F816C8F9F9B6C58
:10CF3400909F7E6C919F686C929F736C939F926C90
:10CF4400949F906C959FC46C969FF16C979FD36C43
:10CF5400989FBD6C999FD76C9A9FC56C9B9FDD6C05
:10CF64009C9FAE6C9D9FB16C9E9FBE6C9F9FBA6C44
:10CF7400A09FDB6CA19FEF6CA29FD96CA39FEA6C6E
:10CF8400A49F1F6DA59F4D88A69F366DA79F2B6DEF
:10CF9400A89F3D6DA99F386DAA9F196DAB9F356DF4
:10CFA400AC9F336DAD9F126DAE9F0C6DAF9F636DE3
:10CFB400B09F936DB19F646DB29F5A6DB39F796DAD
:10CFC400B49F596DB59F8E6DB69F956DB79FE46FF5
:10CFD400B89F856DB99FF96DBA9F156EBB9F0A6E98
:10CFE400BC9FB56DBD9FC76DBE9FE66DBF9FB86DFD
:10CFF400C09FC66DC19FEC6DC29FDE6DC39FCC6D9B
:10D00400C49FE86DC59FD26DC69FC56DC79FFA6D5D
:10D01400C89FD96DC99FE46DCA9FD56DCB9FEA6D3A
:10D02400CC9FEE6DCD9F2D6ECE9F6E6ECF9F2E6EDC
:10D03400D09F196ED19F726ED29F5F6ED39F3E6E4A
:10D04400D49F236ED59F6B6ED69F2B6ED79F766E23
:10D05400D89F4D6ED99F1F6EDA9F436EDB9F3A6E49
:10D06400DC9F4E6EDD9F246EDE9FFF6EDF9F1D6E84
:10D07400E09F386EE19F826EE29FAA6EE39F986EF6
:10D08400E49FC96EE59FB76EE69FD36EE79FBD6EC2
:10D09400E89FAF6EE99FC46EEA9FB26EEB9FD46EB9
:10D0A400EC9FD56EED9F8F6EEE9FA56EEF9FC26EC7
:10D0B400F09F9F6EF19F416FF29F116FF39F4C7031
:10D0C400F49FEC6EF59FF86EF69FFE6EF79F3F6F30
:10D0D400F89FF26EF99F316FFA9FEF6EFB9F326FEC
:10D0E400FC9FCC6E40E03E6F41E0136F42E0F76E70
:10D0F40043E0866F44E07A6F45E0786F46E0816FE5
:10D1040047E0806F48E06F6F49E05B6F4AE0F36F80
:10D114004BE06D6F4CE0826F4DE07C6F4EE0586FDA
:10D124004FE08E6F50E0916F51E0C26F52E0666F36
:10D1340053E0B36F54E0A36F55E0A16F56E0A46FC2
:10D1440057E0B96F58E0C66F59E0AA6F5AE0DF6F35
:10D154005BE0D56F5CE0EC6F5DE0D46F5EE0D86FB0
:10D164005FE0F16F60E0EE6F61E0DB6F62E0097039
:10D1740063E00B7064E0FA6F65E0117066E00170C3
:10D1840067E00F7068E0FE6F69E01B706AE01A7078
:10D194006BE0746F6CE01D706DE018706EE01F70D2
:10D1A4006FE0307070E03E7071E0327072E0517088
:10D1B40073E0637074E0997075E0927076E0AF701C
:10D1C40077E0F17078E0AC7079E0B8707AE0B37031
:10D1D4007BE0AE707CE0DF707DE0CB707EE0DD70E4
:10D1E40080E0D97081E0097182E0FD7083E01C71F8
:10D1F40084E0197185E0657186E0557187E0887176
:10D2040088E0667189E062718AE04C718BE0567146
:10D214008CE06C718DE08F718EE0FB718FE0847116
:10D2240090E0957191E0A87192E0AC7193E0D771B0
:10D2340094E0B97195E0BE7196E0D27197E0C9713E
:10D2440098E0D47199E0CE719AE0E0719BE0EC71C2
:10D254009CE0E7719DE0F5719EE0FC719FE0F9713F
:10D26400A0E0FF71A1E00D72A2E01072A3E01B72B6
:10D27400A4E02872A5E02D72A6E02C72A7E030721B
:10D28400A8E03272A9E03B72AAE03C72ABE03F72C4
:10D29400ACE04072ADE04672AEE04B72AFE0587263
:10D2A400B0E07472B1E07E72B2E08272B3E0817277
:10D2B400B4E08772B5E09272B6E09672B7E0A272FB
:10D2C400B8E0A772B9E0B972BAE0B272BBE0C37257
:10D2D400BCE0C672BDE0C472BEE0CE72BFE0D272E2
:10D2E400C0E0E272C1E0E072C2E0E172C3E0F97250
:10D2F400C4E0F772C5E00F50C6E01773C7E00A73C5
:10D30400C8E01C73C9E01673CAE01D73CBE0347324
:10D31400CCE02F73CDE02973CEE02573CFE03E73CC
:10D32400D0E04E73D1E04F73D2E0D89ED3E0577370
:10D33400D4E06A73D5E06873D6E07073D7E078738D
:10D34400D8E07573D9E07B73DAE07A73DBE0C873F5
:10D35400DCE0B373DDE0CE73DEE0BB73DFE0C0730B
:10D36400E0E0E573E1E0EE73E2E0DE73E3E0A27493
:10D37400E4E00574E5E06F74E6E02574E7E0F87333
:10D38400E8E03274E9E03A74EAE05574EBE03F74A3
:10D39400ECE05F74EDE05974EEE04174EFE05C742E
:10D3A400F0E06974F1E07074F2E06374F3E06A74BD
:10D3B400F4E07674F5E07E74F6E08B74F7E09E7426
:10D3C400F8E0A774F9E0CA74FAE0CF74FBE0D4740F
:10D3D400FCE0F17340E1E07441E1E37442E1E7749D
:10D3E40043E1E97444E1EE7445E1F27446E1F0741A
:10D3F40047E1F17448E1F87449E1F7744AE10475CE
:10D404004BE103754CE105754DE10C754EE10E756C
:10D414004FE10D7550E1157551E1137552E11E751B
:10D4240053E1267554E12C7555E13C7556E144757C
:10D4340057E14D7558E14A7559E149755AE15B75F3
:10D444005BE146755CE15A755DE169755EE16475A1
:10D454005FE1677560E16B7561E16D7562E1787537
:10D4640063E1767564E1867565E1877566E17475D7
:10D4740067E18A7568E1897569E182756AE1947585
:10D484006BE19A756CE19D756DE1A5756EE1A3750F
:10D494006FE1C27570E1B37571E1C37572E1B57581
:10D4A40073E1BD7574E1B87575E1BC7576E1B1756C
:10D4B40077E1CD7578E1CA7579E1D2757AE1D975EC
:10D4C4007BE1E3757CE1DE757DE1FE757EE1FF7550
:10D4D40080E1FC7581E1017682E1F07583E1FA7502
:10D4E40084E1F27585E1F37586E10B7687E10D76CB
:10D4F40088E1097689E11F768AE127768BE1207637
:10D504008CE121768DE122768EE124768FE13476EA
:10D5140090E1307691E13B7692E1477693E148766B
:10D5240094E1467695E15C7696E1587697E16176EA
:10D5340098E1627699E168769AE169769BE16A7688
:10D544009CE167769DE16C769EE170769FE1727650
:10D55400A0E17676A1E17876A2E17C76A3E18076FB
:10D56400A4E18376A5E18876A6E18B76A7E18E76A1
:10D57400A8E19676A9E19376AAE19976ABE19A7649
:10D58400ACE1B076ADE1B476AEE1B876AFE1B976B0
:10D59400B0E1BA76B1E1C276B2E1CD76B3E1D67646
:10D5A400B4E1D276B5E1DE76B6E1E176B7E1E576CF
:10D5B400B8E1E776B9E1EA76BAE12F86BBE1FB761A
:10D5C400BCE10877BDE10777BEE10477BFE12977C5
:10D5D400C0E12477C1E11E77C2E12577C3E1267754
:10D5E400C4E11B77C5E13777C6E13877C7E14777F0
:10D5F400C8E15A77C9E16877CAE16B77CBE15B7719
:10D60400CCE16577CDE17F77CEE17E77CFE17977A5
:10D61400D0E18E77D1E18B77D2E19177D3E1A07716
:10D62400D4E19E77D5E1B077D6E1B677D7E1B97783
:10D63400D8E1BF77D9E1BC77DAE1BD77DBE1BB772D
:10D64400DCE1C777DDE1CD77DEE1D777DFE1DA77BB
:10D65400E0E1DC77E1E1E377E2E1EE77E3E1FC7737
:10D66400E4E10C78E5E11278E6E12679E7E1207857
:10D67400E8E12A79E9E14578EAE18E78EBE174782A
:10D68400ECE18678EDE17C78EEE19A78EFE18C7854
:10D69400F0E1A378F1E1B578F2E1AA78F3E1AF78AB
:10D6A400F4E1D178F5E1C678F6E1CB78F7E1D47806
:10D6B400F8E1BE78F9E1BC78FAE1C578FBE1CA7813
:10D6C400FCE1EC7840E2E77841E2DA7842E2FD7886
:10D6D40043E2F47844E2077945E2127946E21179AB
:10D6E40047E2197948E22C7949E22B794AE24079F8
:10D6F4004BE260794CE257794DE25F794EE25A7918
:10D704004FE2557950E2537951E27A7952E27F79C6
:10D7140053E28A7954E29D7955E2A77956E24B9F08
:10D7240057E2AA7958E2AE7959E2B3795AE2B97963
:10D734005BE2BA795CE2C9795DE2D5795EE2E779C8
:10D744005FE2EC7960E2E17961E2E37962E2087A2E
:10D7540063E20D7A64E2187A65E2197A66E2207A65
:10D7640067E21F7A68E2807969E2317A6AE23B7A99
:10D774006BE23E7A6CE2377A6DE2437A6EE2577A74
:10D784006FE2497A70E2617A71E2627A72E2697AEE
:10D7940073E29D9F74E2707A75E2797A76E27D7A1B
:10D7A40077E2887A78E2977A79E2957A7AE2987AD7
:10D7B4007BE2967A7CE2A97A7DE2C87A7EE2B07A4C
:10D7C40080E2B67A81E2C57A82E2C47A83E2BF7AE1
:10D7D40084E2839085E2C77A86E2CA7A87E2CD7AC8
:10D7E40088E2CF7A89E2D57A8AE2D37A8BE2D97A4F
:10D7F4008CE2DA7A8DE2DD7A8EE2E17A8FE2E27A05
:10D8040090E2E67A91E2ED7A92E2F07A93E2027B98
:10D8140094E20F7B95E20A7B96E2067B97E2337BE8
:10D8240098E2187B99E2197B9AE21E7B9BE2357B96
:10D834009CE2287B9DE2367B9EE2507B9FE27A7BD2
:10D84400A0E2047BA1E24D7BA2E20B7BA3E24C7B32
:10D85400A4E2457BA5E2757BA6E2657BA7E2747B27
:10D86400A8E2677BA9E2707BAAE2717BABE26C7BE6
:10D87400ACE26E7BADE29D7BAEE2987BAFE29F7B38
:10D88400B0E28D7BB1E29C7BB2E29A7BB3E28B7B0C
:10D89400B4E2927BB5E28F7BB6E25D7BB7E2997B23
:10D8A400B8E2CB7BB9E2C17BBAE2CC7BBBE2CF7BF3
:10D8B400BCE2B47BBDE2C67BBEE2DD7BBFE2E97BBA
:10D8C400C0E2117CC1E2147CC2E2E67BC3E2E57BE8
:10D8D400C4E2607CC5E2007CC6E2077CC7E2137C3C
:10D8E400C8E2F37BC9E2F77BCAE2177CCBE20D7C8A
:10D8F400CCE2F67BCDE2237CCEE2277CCFE22A7C0D
:10D90400D0E21F7CD1E2377CD2E22B7CD3E23D7C97
:10D91400D4E24C7CD5E2437CD6E2547CD7E24F7C03
:10D92400D8E2407CD9E2507CDAE2587CDBE25F7CCE
:10D93400DCE2647CDDE2567CDEE2657CDFE26C7C6A
:10D94400E0E2757CE1E2837CE2E2907CE3E2A47CA9
:10D95400E4E2AD7CE5E2A27CE6E2AB7CE7E2A17C1A
:10D96400E8E2A87CE9E2B37CEAE2B27CEBE2B17CD7
:10D97400ECE2AE7CEDE2B97CEEE2BD7CEFE2C07C91
:10D98400F0E2C57CF1E2C27CF2E2D87CF3E2D27C24
:10D99400F4E2DC7CF5E2E27CF6E23B9BF7E2EF7C2E
:10D9A400F8E2F27CF9E2F47CFAE2F67CFBE2FA7C3F
:10D9B400FCE2067D40E3027D41E31C7D42E3157DEC
:10D9C40043E30A7D44E3457D45E34B7D46E32E7DF9
:10D9D40047E3327D48E33F7D49E3357D4AE3467DB5
:10D9E4004BE3737D4CE3567D4DE34E7D4EE3727DF8
:10D9F4004FE3687D50E36E7D51E34F7D52E3637DD9
:10DA040053E3937D54E3897D55E35B7D56E38F7D3A
:10DA140057E37D7D58E39B7D59E3BA7D5AE3AE7DA0
:10DA24005BE3A37D5CE3B57D5DE3C77D5EE3BD7D24
:10DA34005FE3AB7D60E33D7E61E3A27D62E3AF7DA6
:10DA440063E3DC7D64E3B87D65E39F7D66E3B07DDD
:10DA540067E3D87D68E3DD7D69E3E47D6AE3DE7D29
:10DA64006BE3FB7D6CE3F27D6DE3E17D6EE3057EAC
:10DA74006FE30A7E70E3237E71E3217E72E3127EFC
:10DA840073E3317E74E31F7E75E3097E76E30B7ED8
:10DA940077E3227E78E3467E79E3667E7AE33B7E13
:10DAA4007BE3357E7CE3397E7DE3437E7EE3377E14
:10DAB40080E3327E81E33A7E82E3677E83E35D7EA8
:10DAC40084E3567E85E35E7E86E3597E87E35A7E51
:10DAD40088E3797E89E36A7E8AE3697E8BE37C7ED0
:10DAE4008CE37B7E8DE3837E8EE3D57D8FE37D7E29
:10DAF40090E3AE8F91E37F7E92E3887E93E3897E09
:10DB040094E38C7E95E3927E96E3907E97E3937EF6
:10DB140098E3947E99E3967E9AE38E7E9BE39B7EC4
:10DB24009CE39C7E9DE3387F9EE33A7F9FE3457FA1
:10DB3400A0E34C7FA1E34D7FA2E34E7FA3E3507F9C
:10DB4400A4E3517FA5E3557FA6E3547FA7E3587F61
:10DB5400A8E35F7FA9E3607FAAE3687FABE3697F03
:10DB6400ACE3677FADE3787FAEE3827FAFE3867F8C
:10DB7400B0E3837FB1E3887FB2E3877FB3E38C7F35
:10DB8400B4E3947FB5E39E7FB6E39D7FB7E39A7FCA
:10DB9400B8E3A37FB9E3AF7FBAE3B27FBBE3B97F56
:10DBA400BCE3AE7FBDE3B67FBEE3B87FBFE3718B5A
:10DBB400C0E3C57FC1E3C67FC2E3CA7FC3E3D57FA9
:10DBC400C4E3D47FC5E3E17FC6E3E67FC7E3E97F2F
:10DBD400C8E3F37FC9E3F97FCAE3DC98CBE30680AB
:10DBE400CCE30480CDE30B80CEE31280CFE3188036
:10DBF400D0E31980D1E31C80D2E32180D3E32880D1
:10DC0400D4E33F80D5E33B80D6E34A80D7E3468024
:10DC1400D8E35280D9E35880DAE35A80DBE35F80AB
:10DC2400DCE36280DDE36880DEE37380DFE372803F
:10DC3400E0E37080E1E37680E2E37980E3E37D80F2
:10DC4400E4E37F80E5E38480E6E38680E7E38580A0
:10DC5400E8E39B80E9E39380EAE39A80EBE3AD8019
:10DC6400ECE39051EDE3AC80EEE3DB80EFE3E580A1
:10DC7400F0E3D980F1E3DD80F2E3C480F3E3DA80FA
:10DC8400F4E3D680F5E30981F6E3EF80F7E3F1806E
:10DC9400F8E31B81F9E32981FAE32381FBE32F8174
:10DCA400FCE34B8140E48B9641E4468142E43E81AF
:10DCB40043E4538144E4518145E4FC8046E47181AA
:10DCC40047E46E8148E4658149E466814AE47481ED
:10DCD4004BE483814CE488814DE48A814EE4808165
:10DCE4004FE4828150E4A08151E4958152E4A481FF
:10DCF40053E4A38154E45F8155E4938156E4A981FC
:10DD040057E4B08158E4B58159E4BE815AE4B8813E
:10DD14005BE4BD815CE4C0815DE4C2815EE4BA8100
:10DD24005FE4C98160E4CD8161E4D18162E4D98199
:10DD340063E4D88164E4C88165E4DA8166E4DF8160
:10DD440067E4E08168E4E78169E4FA816AE4FB81DD
:10DD54006BE4FE816CE401826DE402826EE4058270
:10DD64006FE4078270E40A8271E40D8272E4108227
:10DD740073E4168274E4298275E42B8276E4388293
:10DD840077E4338278E4408279E459827AE45882F1
:10DD94007BE45D827CE45A827DE45F827EE464827B
:10DDA40080E4628281E4688282E46A8283E46B8232
:10DDB40084E42E8285E4718286E4778287E4788223
:10DDC40088E47E8289E48D828AE492828BE4AB8249
:10DDD4008CE49F828DE4BB828EE4AC828FE4E1828A
:10DDE40090E4E38291E4DF8292E4D28293E4F482C9
:10DDF40094E4F38295E4FA8296E4938397E40383AC
:10DE040098E4FB8299E4F9829AE4DE829BE4068337
:10DE14009CE4DC829DE409839EE4D9829FE43583FB
:10DE2400A0E43483A1E41683A2E43283A3E431831F
:10DE3400A4E44083A5E43983A6E45083A7E445839E
:10DE4400A8E42F83A9E42B83AAE41783ABE4188303
:10DE5400ACE48583ADE49A83AEE4AA83AFE49F8304
:10DE6400B0E4A283B1E49683B2E42383B3E48E8363
:10DE7400B4E48783B5E48A83B6E47C83B7E4B583EA
:10DE8400B8E47383B9E47583BAE4A083BBE48983FB
:10DE9400BCE4A883BDE4F483BEE41384BFE4EB8351
:10DEA400C0E4CE83C1E4FD83C2E40384C3E4D88325
:10DEB400C4E40B84C5E4C183C6E4F783C7E40784E0
:10DEC400C8E4E083C9E4F283CAE40D84CBE4228489
:10DED400CCE42084CDE4BD83CEE43884CFE406854D
:10DEE400D0E4FB83D1E46D84D2E42A84D3E43C847B
:10DEF400D4E45A85D5E48484D6E47784D7E46B8467
:10DF0400D8E4AD84D9E46E84DAE48284DBE4698401
:10DF1400DCE44684DDE42C84DEE46F84DFE479848D
:10DF2400E0E43584E1E4CA84E2E46284E3E4B984AD
:10DF3400E4E4BF84E5E49F84E6E4D984E7E4CD84A3
:10DF4400E8E4BB84E9E4DA84EAE4D084EBE4C18461
:10DF5400ECE4C684EDE4D684EEE4A184EFE4218508
:10DF6400F0E4FF84F1E4F484F2E41785F3E4188523
:10DF7400F4E42C85F5E41F85F6E41585F7E41485AF
:10DF8400F8E4FC84F9E44085FAE46385FBE458850D
:10DF9400FCE4488540E5418541E5028642E54B8540
:10DFA40043E5558544E5808545E5A48546E58885B2
:10DFB40047E5918548E58A8549E5A8854AE56D8563
:10DFC4004BE594854CE59B854DE5EA854EE58785D3
:10DFD4004FE59C8550E5778551E57E8552E5908532
:10DFE40053E5C98554E5BA8555E5CF8556E5B98528
:10DFF40057E5D08558E5D58559E5DD855AE5E585AC
:10E004005BE5DC855CE5F9855DE50A865EE51386FE
:10E014005FE50B8660E5FE8561E5FA8562E50686C7
:10E0240063E5228664E51A8665E5308666E53F8603
:10E0340067E54D8668E5554E69E554866AE55F8671
:10E044006BE567866CE571866DE593866EE5A38660
:10E054006FE5A98670E5AA8671E58B8672E58C86E4
:10E0640073E5B68674E5AF8675E5C48676E5C6863F
:10E0740077E5B08678E5C98679E523887AE5AB86C5
:10E084007BE5D4867CE5DE867DE5E9867EE5EC8667
:10E0940080E5DF8681E5DB8682E5EF8683E512870E
:10E0A40084E5068785E5088786E5008787E5038795
:10E0B40088E5FB8689E511878AE509878BE50D8765
:10E0C4008CE5F9868DE50A878EE534878FE53F87F1
:10E0D40090E5378791E53B8792E5258793E5298786
:10E0E40094E51A8795E5608796E55F8797E57887D5
:10E0F40098E54C8799E54E879AE574879BE55787A1
:10E104009CE568879DE56E879EE559879FE5538763
:10E11400A0E56387A1E56A87A2E50588A3E5A28750
:10E12400A4E59F87A5E58287A6E5AF87A7E5CB870A
:10E13400A8E5BD87A9E5C087AAE5D087ABE5D69653
:10E14400ACE5AB87ADE5C487AEE5B387AFE5C7877C
:10E15400B0E5C687B1E5BB87B2E5EF87B3E5F287E3
:10E16400B4E5E087B5E50F88B6E50D88B7E5FE8729
:10E17400B8E5F687B9E5F787BAE50E88BBE5D28737
:10E18400BCE51188BDE51688BEE51588BFE5228883
:10E19400C0E52188C1E53188C2E53688C3E5398800
:10E1A400C4E52788C5E53B88C6E54488C7E54288B9
:10E1B400C8E55288C9E55988CAE55E88CBE5628816
:10E1C400CCE56B88CDE58188CEE57E88CFE59E8859
:10E1D400D0E57588D1E57D88D2E5B588D3E5728828
:10E1E400D4E58288D5E59788D6E59288D7E5AE88C8
:10E1F400D8E59988D9E5A288DAE58D88DBE5A48895
:10E20400DCE5B088DDE5BF88DEE5B188DFE5C388FD
:10E21400E0E5C488E1E5D488E2E5D888E3E5D98877
:10E22400E4E5DD88E5E5F988E6E50289E7E5FC88CB
:10E23400E8E5F488E9E5E888EAE5F288EBE50489AD
:10E24400ECE50C89EDE50A89EEE51389EFE54389F0
:10E25400F0E51E89F1E52589F2E52A89F3E52B89A4
:10E26400F4E54189F5E54489F6E53B89F7E5368926
:10E27400F8E53889F9E54C89FAE51D89FBE56089FB
:10E28400FCE55E8940E6668941E6648942E66D897B
:10E2940043E66A8944E66F8945E6748946E67789E8
:10E2A40047E67E8948E6838949E688894AE68A8979
:10E2B4004BE693894CE698894DE6A1894EE6A989F7
:10E2C4004FE6A68950E6AC8951E6AF8952E6B28999
:10E2D40053E6BA8954E6BD8955E6BF8956E6C08936
:10E2E40057E6DA8958E6DC8959E6DD895AE6E78992
:10E2F4005BE6F4895CE6F8895DE6038A5EE6168AE5
:10E304005FE6108A60E60C8A61E61B8A62E61D8A73
:10E3140063E6258A64E6368A65E6418A66E65B8AB0
:10E3240067E6528A68E6468A69E6488A6AE67C8A2B
:10E334006BE66D8A6CE66C8A6DE6628A6EE6858AA7
:10E344006FE6828A70E6848A71E6A88A72E6A18AF8
:10E3540073E6918A74E6A58A75E6A68A76E69A8AB1
:10E3640077E6A38A78E6C48A79E6CD8A7AE6C28A11
:10E374007BE6DA8A7CE6EB8A7DE6F38A7EE6E78A48
:10E3840080E6E48A81E6F18A82E6148B83E6E08AF9
:10E3940084E6E28A85E6F78A86E6DE8A87E6DB8A11
:10E3A40088E60C8B89E6078B8AE61A8B8BE6E18A72
:10E3B4008CE6168B8DE6108B8EE6178B8FE6208B02
:10E3C40090E6338B91E6AB9792E6268B93E62B8B04
:10E3D40094E63E8B95E6288B96E6418B97E64C8B2C
:10E3E40098E64F8B99E64E8B9AE6498B9BE6568BC3
:10E3F4009CE65B8B9DE65A8B9EE66B8B9FE65F8B60
:10E40400A0E66C8BA1E66F8BA2E6748BA3E67D8BF2
:10E41400A4E6808BA5E68C8BA6E68E8BA7E6928B72
:10E42400A8E6938BA9E6968BAAE6998BABE69A8B22
:10E43400ACE63A8CADE6418CAEE63F8CAFE6488C58
:10E44400B0E64C8CB1E64E8CB2E6508CB3E6558CFB
:10E45400B4E6628CB5E66C8CB6E6788CB7E67A8C5A
:10E46400B8E6828CB9E6898CBAE6858CBBE68A8CE0
:10E47400BCE68D8CBDE68E8CBEE6948CBFE67C8CAF
:10E48400C0E6988CC1E61D62C2E6AD8CC3E6AA8CD8
:10E49400C4E6BD8CC5E6B28CC6E6B38CC7E6AE8CCA
:10E4A400C8E6B68CC9E6C88CCAE6C18CCBE6E48C57
:10E4B400CCE6E38CCDE6DA8CCEE6FD8CCFE6FA8CA6
:10E4C400D0E6FB8CD1E6048DD2E6058DD3E60A8D29
:10E4D400D4E6078DD5E60F8DD6E60D8DD7E6108DE3
:10E4E400D8E64E9FD9E6138DDAE6CD8CDBE6148DA3
:10E4F400DCE6168DDDE6678DDEE66D8DDFE6718D7B
:10E50400E0E6738DE1E6818DE2E6998DE3E6C28D66
:10E51400E4E6BE8DE5E6BA8DE6E6CF8DE7E6DA8D74
:10E52400E8E6D68DE9E6CC8DEAE6DB8DEBE6CB8D2D
:10E53400ECE6EA8DEDE6EB8DEEE6DF8DEFE6E38DBE
:10E54400F0E6FC8DF1E6088EF2E6098EF3E6FF8D27
:10E55400F4E61D8EF5E61E8EF6E6108EF7E61F8EA7
:10E56400F8E6428EF9E6358EFAE6308EFBE6348E16
:10E57400FCE64A8E40E7478E41E7498E42E74C8EDF
:10E5840043E7508E44E7488E45E7598E46E7648E4C
:10E5940047E7608E48E72A8E49E7638E4AE7558E3F
:10E5A4004BE7768E4CE7728E4DE77C8E4EE7818E7C
:10E5B4004FE7878E50E7858E51E7848E52E78B8E26
:10E5C40053E78A8E54E7938E55E7918E56E7948EDF
:10E5D40057E7998E58E7AA8E59E7A18E5AE7AC8E71
:10E5E4005BE7B08E5CE7C68E5DE7B18E5EE7BE8EFC
:10E5F4005FE7C58E60E7C88E61E7CB8E62E7DB8E8E
:10E6040063E7E38E64E7FC8E65E7FB8E66E7EB8EDB
:10E6140067E7FE8E68E70A8F69E7058F6AE7158F5B
:10E624006BE7128F6CE7198F6DE7138F6EE71C8F02
:10E634006FE71F8F70E71B8F71E70C8F72E7268FD0
:10E6440073E7338F74E73B8F75E7398F76E7458F30
:10E6540077E7428F78E73E8F79E74C8F7AE7498FE7
:10E664007BE7468F7CE74E8F7DE7578F7EE75C8F95
:10E6740080E7628F81E7638F82E7648F83E79C8FF3
:10E6840084E79F8F85E7A38F86E7AD8F87E7AF8FFA
:10E6940088E7B78F89E7DA8F8AE7E58F8BE7E28F20
:10E6A4008CE7EA8F8DE7EF8F8EE787908FE7F48F03
:10E6B40090E7059091E7F98F92E7FA8F93E711902D
:10E6C40094E7159095E7219096E70D9097E71E90B3
:10E6D40098E7169099E70B909AE727909BE7369076
:10E6E4009CE735909DE739909EE7F88F9FE74F9020
:10E6F400A0E75090A1E75190A2E75290A3E70E90B3
:10E70400A4E74990A5E73E90A6E75690A7E758905E
:10E71400A8E75E90A9E76890AAE76F90ABE77690C8
:10E72400ACE7A896ADE77290AEE78290AFE77D9034
:10E73400B0E78190B1E78090B2E78A90B3E789901F
:10E74400B4E78F90B5E7A890B6E7AF90B7E7B1907C
:10E75400B8E7B590B9E7E290BAE7E490BBE748625E
:10E76400BCE7DB90BDE70291BEE71291BFE71991C8
:10E77400C0E73291C1E73091C2E74A91C3E75691AD
:10E78400C4E75891C5E76391C6E76591C7E7699106
:10E79400C8E77391C9E77291CAE78B91CBE7899176
:10E7A400CCE78291CDE7A291CEE7AB91CFE7AF91D1
:10E7B400D0E7AA91D1E7B591D2E7B491D3E7BA9162
:10E7C400D4E7C091D5E7C191D6E7C991D7E7CB91FA
:10E7D400D8E7D091D9E7D691DAE7DF91DBE7E19189
:10E7E400DCE7DB91DDE7FC91DEE7F591DFE7F6910D
:10E7F400E0E71E92E1E7FF91E2E71492E3E72C924F
:10E80400E4E71592E5E71192E6E75E92E7E75792AF
:10E81400E8E74592E9E74992EAE76492EBE7489230
:10E82400ECE79592EDE73F92EEE74B92EFE75092DB
:10E83400F0E79C92F1E79692F2E79392F3E79B92CA
:10E84400F4E75A92F5E7CF92F6E7B992F7E7B79271
:10E85400F8E7E992F9E70F93FAE7FA92FBE74493B2
:10E86400FCE72E9340E8199341E8229342E81A9377
:10E8740043E8239344E83A9345E8359346E83B93C9
:10E8840047E85C9348E8609349E87C934AE86E93D0
:10E894004BE856934CE8B0934DE8AC934EE8AD93F7
:10E8A4004FE8949350E8B99351E8D69352E8D7933C
:10E8B40053E8E89354E8E59355E8D89356E8C393AE
:10E8C40057E8DD9358E8D09359E8C8935AE8E4939D
:10E8D4005BE81A945CE814945DE813945EE803948E
:10E8E4005FE8079460E8109461E8369462E82B943A
:10E8F40063E8359464E8219465E83A9466E84194C1
:10E9040067E8529468E8449469E85B946AE8609420
:10E914006BE862946CE85E946DE86A946EE8299200
:10E924006FE8709470E8759471E8779472E87D9458
:10E9340073E85A9474E87C9475E87E9476E881943C
:10E9440077E87F9478E8829579E887957AE88A95DC
:10E954007BE894957CE896957DE898957EE8999572
:10E9640080E8A09581E8A89582E8A79583E8AD950D
:10E9740084E8BC9585E8BB9586E8B99587E8BE959B
:10E9840088E8CA9589E8F66F8AE8C3958BE8CD953F
:10E994008CE8CC958DE8D5958EE8D4958FE8D695FE
:10E9A40090E8DC9591E8E19592E8E59593E8E295A5
:10E9B40094E8219695E8289696E82E9697E82F965F
:10E9C40098E8429699E84C969AE84F969BE84B96BD
:10E9D4009CE877969DE85C969EE85E969FE85D9637
:10E9E400A0E85F96A1E86696A2E87296A3E86C9602
:10E9F400A4E88D96A5E89896A6E89596A7E8979634
:10EA0400A8E8AA96A9E8A796AAE8B196ABE8B296B0
:10EA1400ACE8B096ADE8B496AEE8B696AFE8B89672
:10EA2400B0E8B996B1E8CE96B2E8CB96B3E8C99609
:10EA3400B4E8CD96B5E84D89B6E8DC96B7E80D970D
:10EA4400B8E8D596B9E8F996BAE80497BBE806970A
:10EA5400BCE80897BDE81397BEE80E97BFE8119786
:10EA6400C0E80F97C1E81697C2E81997C3E824973E
:10EA7400C4E82A97C5E83097C6E83997C7E83D97B0
:10EA8400C8E83E97C9E84497CAE84697CBE8489750
:10EA9400CCE84297CDE84997CEE85C97CFE86097F9
:10EAA400D0E86497D1E86697D2E86897D3E8D25261
:10EAB400D4E86B97D5E87197D6E87997D7E8859726
:10EAC400D8E87C97D9E88197DAE87A97DBE88697E3
:10EAD400DCE88B97DDE88F97DEE89097DFE89C977A
:10EAE400E0E8A897E1E8A697E2E8A397E3E8B397FC
:10EAF400E4E8B497E5E8C397E6E8C697E7E8C8977B
:10EB0400E8E8CB97E9E8DC97EAE8ED97EBE84F9F74
:10EB1400ECE8F297EDE8DF7AEEE8F697EFE8F597A0
:10EB2400F0E80F98F1E80C98F2E83898F3E82498A4
:10EB3400F4E82198F5E83798F6E83D98F7E8469820
:10EB4400F8E84F98F9E84B98FAE86B98FBE86F9867
:10EB5400FCE8709840E9719841E9749842E9739827
:10EB640043E9AA9844E9AF9845E9B19846E9B698CB
:10EB740047E9C49848E9C39849E9C6984AE9E99835
:10EB84004BE9EB984CE903994DE909994EE912993F
:10EB94004FE9149950E9189951E9219952E91D99BD
:10EBA40053E91E9954E9249955E9209956E92C9979
:10EBB40057E92E9958E93D9959E93E995AE94299FC
:10EBC4005BE949995CE945995DE950995EE94B999E
:10EBD4005FE9519960E9529961E94C9962E9559963
:10EBE40063E9979964E9989965E9A59966E9AD9906
:10EBF40067E9AE9968E9BC9969E9DF996AE9DB9943
:10EC04006BE9DD996CE9D8996DE9D1996EE9ED99D3
:10EC14006FE9EE9970E9F19971E9F29972E9FB995A
:10EC240073E9F89974E9019A75E90F9A76E9059AF6
:10EC340077E9E29978E9199A79E92B9A7AE9379A86
:10EC44007BE9459A7CE9429A7DE9409A7EE9439AB8
:10EC540080E93E9A81E9559A82E94D9A83E95B9A63
:10EC640084E9579A85E95F9A86E9629A87E9659A01
:10EC740088E9649A89E9699A8AE96B9A8BE96A9ABC
:10EC84008CE9AD9A8DE9B09A8EE9BC9A8FE9C09A65
:10EC940090E9CF9A91E9D19A92E9D39A93E9D49AD7
:10ECA40094E9DE9A95E9DF9A96E9E29A97E9E39A7C
:10ECB40098E9E69A99E9EF9A9AE9EB9A9BE9EE9A30
:10ECC4009CE9F49A9DE9F19A9EE9F79A9FE9FB9AE7
:10ECD400A0E9069BA1E9189BA2E91A9BA3E91F9B43
:10ECE400A4E9229BA5E9239BA6E9259BA7E9279BE9
:10ECF400A8E9289BA9E9299BAAE92A9BABE92E9BB1
:10ED0400ACE92F9BADE9329BAEE9449BAFE9439B51
:10ED1400B0E94F9BB1E94D9BB2E94E9BB3E9519BDE
:10ED2400B4E9589BB5E9749BB6E9939BB7E9839B17
:10ED3400B8E9919BB9E9969BBAE9979BBBE99F9B7C
:10ED4400BCE9A09BBDE9A89BBEE9B49BBFE9C09BFD
:10ED5400C0E9CA9BC1E9B99BC2E9C69BC3E9CF9B81
:10ED6400C4E9D19BC5E9D29BC6E9E39BC7E9E29B11
:10ED7400C8E9E49BC9E9D49BCAE9E19BCBE93A9C85
:10ED8400CCE9F29BCDE9F19BCEE9F09BCFE9159C50
:10ED9400D0E9149CD1E9099CD2E9139CD3E90C9CD9
:10EDA400D4E9069CD5E9089CD6E9129CD7E90A9CCB
:10EDB400D8E9049CD9E92E9CDAE91B9CDBE9259C63
:10EDC400DCE9249CDDE9219CDEE9309CDFE9479CF9
:10EDD400E0E9329CE1E9469CE2E93E9CE3E95A9C85
:10EDE400E4E9609CE5E9679CE6E9769CE7E9789CC0
:10EDF400E8E9E79CE9E9EC9CEAE9F09CEBE9099D88
:10EE0400ECE9089DEDE9EB9CEEE9039DEFE9069D35
:10EE1400F0E92A9DF1E9269DF2E9AF9DF3E9239DEE
:10EE2400F4E91F9DF5E9449DF6E9159DF7E9129D66
:10EE3400F8E9419DF9E93F9DFAE93E9DFBE9469DCC
:10EE4400FCE9489D40EA5D9D41EA5E9D42EA649D7D
:10EE540043EA519D44EA509D45EA599D46EA729D14
:10EE640047EA899D48EA879D49EAAB9D4AEA6F9D36
:10EE74004BEA7A9D4CEA9A9D4DEAA49D4EEAA99DDF
:10EE84004FEAB29D50EAC49D51EAC19D52EABB9D2E
:10EE940053EAB89D54EABA9D55EAC69D56EACF9DF9
:10EEA40057EAC29D58EAD99D59EAD39D5AEAF89D7A
:10EEB4005BEAE69D5CEAED9D5DEAEF9D5EEAFD9D01
:10EEC4005FEA1A9E60EA1B9E61EA1E9E62EA759ED4
:10EED40063EA799E64EA7D9E65EA819E66EA889E7D
:10EEE40067EA8B9E68EA8C9E69EA929E6AEA959E1E
:10EEF4006BEA919E6CEA9D9E6DEAA59E6EEAA99EC0
:10EF04006FEAB89E70EAAA9E71EAAD9E72EA6197B2
:10EF140073EACC9E74EACE9E75EACF9E76EAD09EC2
:10EF240077EAD49E78EADC9E79EADE9E7AEADD9E70
:10EF34007BEAE09E7CEAE59E7DEAE89E7EEAEF9E1F
:10EF440080EAF49E81EAF69E82EAF79E83EAF99EBD
:10EF540084EAFB9E85EAFC9E86EAFD9E87EA079F7B
:10EF640088EA089F89EAB7768AEA159F8BEA219F87
:10EF74008CEA2C9F8DEA3E9F8EEA4A9F8FEA529F2D
:10EF840090EA549F91EA639F92EA5F9F93EA609F9D
:10EF940094EA619F95EA669F96EA679F97EA6C9F59
:10EFA40098EA6A9F99EA779F9AEA729F9BEA769F0A
:10EFB4009CEA959F9DEA9C9F9EEAA09F9FEA2F58FA
:10EFC400A0EAC769A1EA5990A2EA6474A3EADC51F1
:10EFD400A4EA997140FA702141FA712142FA72212E
:10EFE40043FA732144FA742145FA752146FA7621CD
:10EFF40047FA772148FA782149FA792155FAE4FF4A
:10F0040056FA07FF57FA02FF5CFA8A7E5DFA1C89FA
:10F014005EFA48935FFA889260FADC8461FAC94F19
:10F0240062FABB7063FA316664FAC86865FAF992E9
:10F0340066FAFB6667FA455F68FA284E69FAE14E9C
:10F044006AFAFC4E6BFA004F6CFA034F6DFA394FB3
:10F054006EFA564F6FFA924F70FA8A4F71FA9A4FBE
:10F0640072FA944F73FACD4F74FA405075FA2250E5
:10F0740076FAFF4F77FA1E5078FA465079FA7050B4
:10F084007AFA42507BFA94507CFAF4507DFAD850C4
:10F094007EFA4A5180FA645181FA9D5182FABE5136
:10F0A40083FAEC5184FA155285FA9C5286FAA652D8
:10F0B40087FAC05288FADB5289FA00538AFA075356
:10F0C4008BFA24538CFA72538DFA93538EFAB253FB
:10F0D4008FFADD5390FA0EFA91FA9C5492FA8A54FC
:10F0E40093FAA95494FAFF5495FA865596FA595707
:10F0F40097FA655798FAAC5799FAC8579AFAC757C6
:10F104009BFA0FFA9CFA10FA9DFA9E589EFAB2588E
:10F114009FFA0B59A0FA5359A1FA5B59A2FA5D5907
:10F12400A3FA6359A4FAA459A5FABA59A6FA565BE4
:10F13400A7FAC05BA8FA2F75A9FAD85BAAFAEC5B08
:10F14400ABFA1E5CACFAA65CADFABA5CAEFAF55C3E
:10F15400AFFA275DB0FA535DB1FA11FAB2FA425D23
:10F16400B3FA6D5DB4FAB85DB5FAB95DB6FAD05DBF
:10F17400B7FA215FB8FA345FB9FA675FBAFAB75FD2
:10F18400BBFADE5FBCFA5D60BDFA8560BEFA8A60D8
:10F19400BFFADE60C0FAD560C1FA2061C2FAF2603B
:10F1A400C3FA1161C4FA3761C5FA3061C6FA9861CD
:10F1B400C7FA1362C8FAA662C9FAF563CAFA6064A8
:10F1C400CBFA9D64CCFACE64CDFA4E65CEFA0066D5
:10F1D400CFFA1566D0FA3B66D1FA0966D2FA2E66E2
:10F1E400D3FA1E66D4FA2466D5FA6566D6FA57664B
:10F1F400D7FA5966D8FA12FAD9FA7366DAFA99661E
:10F20400DBFAA066DCFAB266DDFABF66DEFAFA66FD
:10F21400DFFA0E67E0FA29F9E1FA6667E2FABB67FA
:10F22400E3FA5268E4FAC067E5FA0168E6FA44686A
:10F23400E7FACF68E8FA13FAE9FA6869EAFA14FA1D
:10F24400EBFA9869ECFAE269EDFA306AEEFA6B6A65
:10F25400EFFA466AF0FA736AF1FA7E6AF2FAE26A3F
:10F26400F3FAE46AF4FAD66BF5FA3F6CF6FA5C6CDE
:10F27400F7FA866CF8FA6F6CF9FADA6CFAFA046D3C
:10F28400FBFA876DFCFA6F6D40FB966D41FBAC6D2C
:10F2940042FBCF6D43FBF86D44FBF26D45FBFC6D07
:10F2A40046FB396E47FB5C6E48FB276E49FB3C6EA0
:10F2B4004AFBBF6E4BFB886F4CFBB56F4DFBF56F84
:10F2C4004EFB05704FFB077050FB287051FB857097
:10F2D40052FBAB7053FB0F7154FB047155FB5C7113
:10F2E40056FB467157FB477158FB15FA59FBC17120
:10F2F4005AFBFE715BFBB1725CFBBE725DFB247357
:10F304005EFB16FA5FFB777360FBBD7361FBC97329
:10F3140062FBD67363FBE37364FBD27365FB077410
:10F3240066FBF57367FB267468FB2A7469FB297412
:10F334006AFB2E746BFB62746CFB89746DFB9F74A7
:10F344006EFB01756FFB6F7570FB827671FB9C76AB
:10F3540072FB9E7673FB9B7674FBA67675FB17FA9D
:10F3640076FB467777FBAF5278FB217879FB4E78B2
:10F374007AFB64787BFB7A787CFB30797DFB18FA26
:10F384007EFB19FA80FB1AFA81FB947982FB1BFA43
:10F3940083FB9B7984FBD17A85FBE77A86FB1CFA95
:10F3A40087FBEB7A88FB9E7B89FB1DFA8AFB487DF1
:10F3B4008BFB5C7D8CFBB77D8DFBA07D8EFBD67DAE
:10F3C4008FFB527E90FB477F91FBA17F92FB1EFA3D
:10F3D40093FB018394FB628395FB7F8396FBC78336
:10F3E40097FBF68398FB488499FBB4849AFB538576
:10F3F4009BFB59859CFB6B859DFB1FFA9EFBB0858F
:10F404009FFB20FAA0FB21FAA1FB0788A2FBF58849
:10F41400A3FB128AA4FB378AA5FB798AA6FBA78AD9
:10F42400A7FBBE8AA8FBDF8AA9FB22FAAAFBF68AFD
:10F43400ABFB538BACFB7F8BADFBF08CAEFBF48C46
:10F44400AFFB128DB0FB768DB1FB23FAB2FBCF8EEE
:10F45400B3FB24FAB4FB25FAB5FB6790B6FBDE9048
:10F46400B7FB26FAB8FB1591B9FB2791BAFBDA91E1
:10F47400BBFBD791BCFBDE91BDFBED91BEFBEE91D6
:10F48400BFFBE491C0FBE591C1FB0692C2FB109265
:10F49400C3FB0A92C4FB3A92C5FB4092C6FB3C9262
:10F4A400C7FB4E92C8FB5992C9FB5192CAFB3992D1
:10F4B400CBFB6792CCFBA792CDFB7792CEFB7892E5
:10F4C400CFFBE792D0FBD792D1FBD992D2FBD0925B
:10F4D400D3FB27FAD4FBD592D5FBE092D6FBD3928B
:10F4E400D7FB2593D8FB2193D9FBFB92DAFB28FAAF
:10F4F400DBFB1E93DCFBFF92DDFB1D93DEFB029323
:10F50400DFFB7093E0FB5793E1FBA493E2FBC6930C
:10F51400E3FBDE93E4FBF893E5FB3194E6FB4594CF
:10F52400E7FB4894E8FB9295E9FBDCF9EAFB29FA4E
:10F53400EBFB9D96ECFBAF96EDFB3397EEFB3B9715
:10F54400EFFB4397F0FB4D97F1FB4F97F2FB51977D
:10F55400F3FB5597F4FB5798F5FB6598F6FB2AFAED
:10F56400F7FB2BFAF8FB2799F9FB2CFAFAFB9E9987
:10F57400FBFB4E9AFCFBD99A40FCDC9A41FC759B40
:10F5840042FC729B43FC8F9B44FCB19B45FCBB9BA0
:10F5940046FC009C47FC709D48FC6B9D49FC2DFA81
:10F5A4004AFC199E4BFCD19E00000000A7009881E4
:10F5B400A8004E81B0008B81B1007D81B4004C81E4
:10F5C400B600F781D7007E81F700808191039F8385
:10F5D4009203A0839303A1839403A2839503A3833B
:10F5E4009603A4839703A5839803A6839903A7830B
:10F5F4009A03A8839B03A9839C03AA839D03AB83DB
:10F604009E03AC839F03AD83A003AE83A103AF83AA
:10F61400A303B083A403B183A503B283A603B38376
:10F62400A703B483A803B583A903B683B103BF8337
:10F63400B203C083B303C183B403C283B503C383DA
:10F64400B603C483B703C583B803C683B903C783AA
:10F65400BA03C883BB03C983BC03CA83BD03CB837A
:10F66400BE03CC83BF03CD83C003CE83C103CF834A
:10F67400C303D083C403D183C503D283C603D38316
:10F68400C703D483C803D583C903D683010446843E
:10F6940010044084110441841204428413044384FA
:10F6A40014044484150445841604478417044884C8
:10F6B4001804498419044A841A044B841B044C8496
:10F6C4001C044D841D044E841E044F841F04508466
:10F6D4002004518421045284220453842304548436
:10F6E4002404558425045684260457842704588406
:10F6F4002804598429045A842A045B842B045C84D6
:10F704002C045D842D045E842E045F842F046084A5
:10F714003004708431047184320472843304738439
:10F724003404748435047584360477843704788407
:10F734003804798439047A843A047B843B047C84D5
:10F744003C047D843D047E843E0480843F048184A3
:10F754004004828441048384420484844304858471
:10F764004404868445048784460488844704898441
:10F7740048048A8449048B844A048C844B048D8411
:10F784004C048E844D048F844E0490844F049184E1
:10F794005104768410205D8115205C8118206581D8
:10F7A400192066811C2067811D2068812020F58135
:10F7B4002120F68125206481262063813020F18177
:10F7C40032208C8133208D813B20A68103218E81C0
:10F7D40016218287212184872B21F081602154877F
:10F7E4006121558762215687632157876421588791
:10F7F4006521598766215A8767215B8768215C8761
:10F8040069215D87702140FA712141FA722142FA1F
:10F81400732143FA742144FA752145FA762146FA94
:10F82400772147FA782148FA792149FA9021A98168
:10F834009121AA819221A8819321AB81D221CB81EC
:10F84400D421CC810022CD810222DD810322CE810C
:10F854000722DE810822B8810B22B9811122948704
:10F864001A22E3811D22E5811E2287811F229887A7
:10F874002022DA81252261812722C8812822C98198
:10F884002922BF812A22BE812B22E7812C22E881F2
:10F894002E229387342288813522E6813D22E48119
:10F8A4005222E081602282816122DF816622858189
:10F8B400672286816A22E1816B22E2818222BC81F5
:10F8C4008322BD818622BA818722BB81A522DB8166
:10F8D400BF2299871223DC816024408761244187F9
:10F8E40062244287632443876424448765244587CC
:10F8F400662446876724478768244887692449879C
:10F904006A244A876B244B876C244C876D244D876B
:10F914006E244E876F244F8770245087712451873B
:10F92400722452877324538700259F840125AA8457
:10F934000225A0840325AB840C25A1840F25AC8467
:10F944001025A2841325AD841425A4841725AF841F
:10F954001825A3841B25AE841C25A5841D25BA84E3
:10F964002025B5842325B0842425A7842525BC849B
:10F974002825B7842B25B2842C25A6842F25B6846C
:10F984003025BB843325B1843425A8843725B88435
:10F994003825BD843B25B3843C25A9843F25B984FF
:10F9A4004225BE844B25B484A025A181A125A08134
:10F9B400B225A381B325A281BC25A581BD25A4813F
:10F9C400C6259F81C7259E81CB259B81CE259D8100
:10F9D400CF259C81EF25FC8105269A8106269981F5
:10F9E40040268A81422689816A26F4816D26F38124
:10F9F4006F26F28100304081013041810230428122
:10FA040003305681053058810630598107305A81B8
:10FA140008307181093072810A3073810B3074812E
:10FA24000C3075810D3076810E3077810F307881FE
:10FA34001030798111307A811230A7811330AC8172
:10FA440014306B8115306C811D3080871F308187A5
:10FA540041309F824230A0824330A1824430A2824E
:10FA64004530A3824630A4824730A5824830A6821E
:10FA74004930A7824A30A8824B30A9824C30AA82EE
:10FA84004D30AB824E30AC824F30AD825030AE82BE
:10FA94005130AF825230B0825330B1825430B2828E
:10FAA4005530B3825630B4825730B5825830B6825E
:10FAB4005930B7825A30B8825B30B9825C30BA822E
:10FAC4005D30BB825E30BC825F30BD826030BE82FE
:10FAD4006130BF826230C0826330C1826430C282CE
:10FAE4006530C3826630C4826730C5826830C6829E
:10FAF4006930C7826A30C8826B30C9826C30CA826E
:10FB04006D30CB826E30CC826F30CD827030CE823D
:10FB14007130CF827230D0827330D1827430D2820D
:10FB24007530D3827630D4827730D5827830D682DD
:10FB34007930D7827A30D8827B30D9827C30DA82AD
:10FB44007D30DB827E30DC827F30DD828030DE827D
:10FB54008130DF828230E0828330E1828430E2824D
:10FB64008530E3828630E4828730E5828830E6821D
:10FB74008930E7828A30E8828B30E9828C30EA82ED
:10FB84008D30EB828E30EC828F30ED829030EE82BD
:10FB94009130EF829230F0829330F1829B304A812F
:10FBA4009C304B819D3054819E305581A1304083DF
:10FBB400A2304183A3304283A4304383A5304483DD
:10FBC400A6304583A7304683A8304783A9304883AD
:10FBD400AA304983AB304A83AC304B83AD304C837D
:10FBE400AE304D83AF304E83B0304F83B13050834D
:10FBF400B2305183B3305283B4305383B53054831D
:10FC0400B6305583B7305683B8305783B9305883EC
:10FC1400BA305983BB305A83BC305B83BD305C83BC
:10FC2400BE305D83BF305E83C0305F83C13060838C
:10FC3400C2306183C3306283C4306383C53064835C
:10FC4400C6306583C7306683C8306783C93068832C
:10FC5400CA306983CB306A83CC306B83CD306C83FC
:10FC6400CE306D83CF306E83D0306F83D1307083CC
:10FC7400D2307183D3307283D4307383D53074839C
:10FC8400D6307583D7307683D8307783D93078836C
:10FC9400DA307983DB307A83DC307B83DD307C833C
:10FCA400DE307D83DF307E83E0308083E13081830A
:10FCB400E2308283E3308383E4308483E5308583D8
:10FCC400E6308683E7308783E8308883E9308983A8
:10FCD400EA308A83EB308B83EC308C83ED308D8378
:10FCE400EE308E83EF308F83F0309083F130918348
:10FCF400F2309283F3309383F4309483F530958318
:10FD0400F6309683FB304581FC305B81FD305281B7
:10FD1400FE30538131328A8732328B8739328C8775
:10FD2400A4328587A5328687A6328787A73288873B
:10FD3400A8328987033365870D3369871433608755
:10FD4400183363872233618723336B8726336A87AB
:10FD5400273364872B336C87363366873B336E8750
:10FD640049335F874A336D874D33628751336787E1
:10FD7400573368877B337E877C338F877D338E87C9
:10FD84007E338D878E3372878F3373879C336F876F
:10FD94009D3370879E337187A1337587C43374870D
:10FDA400CD338387004EEA88014E9A92034EB58E76
:10FDB400074E9C96084EE48F094E4F8E0A4EE38FF1
:10FDC4000B4EBA890D4E73950E4E5E97104EA09849
:10FDD400114E4E89144E8E8A154EA198164EA2903D
:10FDE400174EC099184E758B194EB8951E4EE58F57
:10FDF400214EBC97264EC095284E68FA2A4EA298EA
:10FE04002D4E8692314EA398324EF88B364EA498DE
:10FE1400384EDB8A394E4F923B4EE58E3C4EA598C8
:10FE24003F4EA698424EA798434E5494454E768B27
:10FE34004B4E56944D4EE1934E4EC18C4F4E5296BE
:10FE4400554E68E5564EA898574EE68F584EA998D9
:10FE5400594EB3895D4EE38B5E4EEE8C5F4EE79652
:10FE6400624EA49B714E9097734EFB937E4EA38A71
:10FE7400804E548B824EAA98854EAB98864EB99785
:10FE8400884E5C97894E88918A4EAD988B4E968E9B
:10FE94008C4EF1938E4EB098914E5D89924EDD8CCE
:10FEA400944EDC8C954EE488984E6A98994E6998E5
:10FEB4009B4EB18D9C4E9F889E4EB1989F4EB2989A
:10FEC400A04EB398A14E5396A24EB498A44EF08C73
:10FED400A54EE588A64E9296A84E9C8BAB4E9D8B64
:10FEE400AC4E9E8BAD4EE092AE4EBA97B04EB598E6
:10FEF400B34EB698B64EB798BA4E6C90C04E598F62
:10FF0400C14E6D90C24EBC98C44EBA98C64EBB98B2
:10FF1400C74E778BCA4EA18DCB4EEE89CD4EB99884
:10FF2400CE4EB898CF4EA795D44E658ED54E648EDE
:10FF3400D64EBC91D74EBD98D84E7495D94EE59007
:10FF4400DD4E5781DE4EBE98DF4EC098E14E69FA11
:10FF5400E34EE391E44EDF97E54EC888ED4EBF983B
:10FF6400EE4EBC89F04EC28BF24E8792F64E8F8CC9
:10FF7400F74EC198FB4E4394FC4E6AFA004F6BFA5D
:10FF8400014FE98A034F6CFA094FC2980A4FC98896
:10FF94000D4FDE8C0E4FEA8A0F4F9A95104FB09496
:10FFA400114F788B1A4FEF891C4FE5981D4F6093C2
:10FFB4002F4F8C94304FC498344FBA94364FE097F7
:10FFC400384F4C90394F6DFA3A4F668E3C4F978EAE
:10FFD4003D4FBE89434FCF92464F4192474FC898F9
:10FFE4004D4FCA884E4FE1924F4F5A8F504FB28DAA
:0CFFF400514F4397534FCC91554FBD899E
:020000022000DC
:10000000564F6EFA574FC798594F5D975A4FC3983E
:100010005B4FC5985C4FEC8D5D4FC6985E4F439B20
:10002000694FCE986F4FD198704FCF98734FC0895A
:10003000754FB995764FC9987B4FCD987C4FF18C11
:100040007F4F678E834FA48A864FD298884FCA9875
:100050008A4F70FA8B4FE1978D4F988E8F4FCB98C8
:10006000914FD098924F6FFA944F72FA964FD3985F
:10007000984FCC989A4F71FA9B4F9F8B9D4FCB888E
:10008000A04FA08BA14FBF89AB4F449BAD4F99961A
:10009000AE4F8E95AF4FF28CB54F4E90B64FB59791
:1000A000BF4FD695C24F578CC34FA391C44FE2891F
:1000B000C94F61FACA4F728FCD4F73FACE4FD7989E
:1000C000D04FDC98D14FDA98D44FD598D74FAD9117
:1000D000D84FD898DA4FDB98DB4FD998DD4FDB95B6
:1000E000DF4FD698E14F4D90E34F9396E44FDD9864
:1000F000E54FDE98EE4F438FEF4FEB98F34F6F9441
:10010000F54F5595F64FE698F84FEE95FA4FB489AE
:10011000FE4FEA98FF4F76FA0550E4980650ED98A6
:10012000095071910B50C28C0D507B940F50C5E05B
:100130001150EC9812507C931450E1981650F48CA6
:100140001950F38C1A50DF981E5077FA1F50D88E32
:100150002150E798225075FA2350ED9524506C9267
:100160002550E3982650918C2850E0982950E89823
:100170002A50E2982B50CF972C50E9982D50609838
:100180003650E48B3950908C405074FA42507AFAD1
:100190004350EE98465078FA4750EF984850F398FD
:1001A0004950CC884F50CE955050F2985550F19808
:1001B0005650F5985A50F4985C50E2926550928CE3
:1001C0006C50F698705079FA7250C38E7450A491A6
:1001D0007550E3927650F48B7850F7987D50558B9C
:1001E0008050F8988550FA988D5054969150868C8E
:1001F00094507BFA9850508E9950F5949A50F998F3
:10020000AC50C38DAD506297B250FC98B350429938
:10021000B450FB98B550C28DB7509D8FBE50588CCE
:10022000C2504399C550CD8BC9504099CA5041998D
:10023000CD50AD93CF509C91D150A18BD5506C96A1
:10024000D6504499D8507DFADA50BB97DE50459984
:10025000E3504899E5504699E7506D91ED50479924
:10026000EE504999F4507CFAF5504B99F9504A995F
:10027000FB50C6950051568B01514D9902514E9934
:100280000451AD8909514C991251F28E1451519972
:100290001551509916514F991851D4981A51529995
:1002A0001F519E8F215153992A5144973251D7960D
:1002B000375155993A5154993B5157993C51569958
:1002C0003F515899405159994151F2884351B38C4B
:1002D00044515A8C45515B8F46519B924751A28B9A
:1002E0004851E6904951F58C4A517EFA4B518E8D1A
:1002F0004C515B994D51C6964E5165935051998E14
:1003000052515A9954515C995A517D935C51958A36
:1003100062515D99645180FA6551FC936851539123
:1003200069515F996A5160996B51AA946C51F68C2E
:100330006D515A986E5161997151A48B7551BA954E
:100340007651B4917751EF8B785154937C51938CC3
:1003500080516299825163998551E09386517E89DB
:10036000895166998A51FB8D8C5165998D51C48D47
:100370008F5167999051ECE3915168999251609631
:100380009351699995516A9996516B999751E78F55
:100390009951CA8E9D5181FAA051A58AA2516E9998
:1003A000A4516C99A551BB96A6516D99A851799508
:1003B000A9516F99AA517099AB517199AC517E9323
:1003C000B0517599B1517399B2517499B3517299F1
:1003D000B451E18DB5517699B651E896B751E2978F
:1003E000BD517799BE5182FAC451A690C5517899F2
:1003F000C651798FC9517999CB519C92CC51BD97F7
:10040000CD518093D651C399DB517A99DC51A3EA3F
:10041000DD51C38BE0517B99E1517D96E651888F88
:10042000E751FA91E9517D99EA51E293EC5183FA4F
:10043000ED517E99F0518099F1514D8AF551819994
:10044000F651A58BF851CA93F9519A89FA516F8FD9
:10045000FD519F94FE5182990052819303526E90F8
:10046000045283990652AA950752D8900852A08A3E
:100470000A52A78A0B5284990E5286991152598CAE
:1004800014528599155284FA1752F1971D52898F8B
:100490002452BB942552CA9527528799295298977E
:1004A0002A5288992E52899930529E9333528A99B2
:1004B0003652A7903752FC8D3852948C39528B9912
:1004C0003A52688E3B528F8D4352E49244528D993A
:1004D0004752A5914A52ED8D4B528E994C528F99AD
:1004E0004D524F914F528C99545291995652559664
:1004F0005B52848D5E5290996352958C6452DC8D70
:1005000065528D94695294996A5292996F529B9553
:100510007052E88F71529B997252848A73529599E6
:100520007452939975526E917D5297997F52969914
:100530008352638A8752808C88529C998952AB97E8
:100540008D52989991529D9992529A999452999953
:100550009B52CD979C5285FA9F52F78CA052C1892D
:10056000A352F297A65286FAA952958FAA52779370
:10057000AB52858DAC52A099AD52A199AF5277FB89
:10058000B152E397B4524A98B552A399B952F88C34
:10059000BC52A299BE524E8AC05287FAC152A49947
:1005A000C3527596C552BA92C7524597C952D7954C
:1005B000CD52A599D252D3E8D552AE93D752A6992F
:1005C000D852A88AD952B196DB5288FADD529F8F51
:1005D000DE52A799DF52E595E052AB99E252A8901E
:1005E000E352A899E452CE8BE652A999E752A98A20
:1005F000F2524D8CF352AC99F552AD99F852AE9936
:10060000F952AF99FA52D98EFE52F98CFF52DC960C
:10061000005389FA0153E6960253F5930553EF957B
:100620000653B09907538AFA0853B1990D53B399F9
:100630000F53B5991053B4991553B6991653BB89F6
:1006400017536B961953FA8D1A53B7991D53789116
:100650002053A08F2153A78B2353B89924538BFA8F
:100660002A53D9942F53B9993153BA993353BB991B
:100670003853BC99395343953A53E68B3B53E3883F
:100680003F53BD934053BD9941535C8F4353E79013
:100690004553BF994653BE994753A18F4853DF8CAA
:1006A0004953C1994A53BC944D53C2995153DA945A
:1006B0005253B2915353EC915453A68B5753EC932E
:1006C000585350925A538E945C536D965E53C4990E
:1006D0006053E8906653548C6953C5996E53C6991C
:1006E0006F534B897053F3887153EB8A72538CFAB2
:1006F0007353A6917453708B755391977753C9991F
:100700007853B5897B53C8997F53A88B8253CA9974
:100710008453EF9693538DFA9653CB999853D09771
:100720009A53FA8C9F53B48CA053CC99A553CE996D
:10073000A653CD99A8537E90A9535889AD537D896E
:10074000AE53CF99B053D099B2538EFAB353B58C00
:10075000B653D199BB538E8BC253518EC353D2998A
:10076000C8539496C953B38DCA53798BCB534697CC
:10077000CC536F91CD53BD94CE53FB8ED453668F23
:10078000D653E68ED753F38ED953968FDB53BE9450
:10079000DD538FFADF53D599E1536289E2537091AB
:1007A000E353FB8CE453C38CE553E58BE853D999B1
:1007B000E9534092EA53FC91EB53A98BEC53A28F7F
:1007C000ED53DA99EE53D899EF53C289F053E4917F
:1007D000F153B68EF2536A8EF3534589F653908ADD
:1007E000F753868DF853698EFA53DB990154DC99DF
:1007F0000354688B0454658A0854878D0954678BA9
:100800000A54DD920B5444890C54AF930D54BC969A
:100810000E54408D0F549997105466931154FC8CCC
:100820001B544E8C1D54E5991F54E18B205469963E
:100830002654DB942954E4992B54DC8A2C54DF99F8
:100840002D54E0992E54E2993654E39938547A8B1A
:10085000395481903B54AB953C54E1993D54DD991A
:100860003E54E18C4054DE99425443984654F095EE
:100870004854E6924954E08C4A54908D4E54E6997F
:100880005154DB935F54EA996854FC8E6A54F48E99
:100890007054ED997154EB997354A1967554E8997D
:1008A0007654F1997754EC997B54EF997C54C48C2D
:1008B0007D54BD968054F0998454F2998654F499ED
:1008C0008A5492FA8B54EE8D8C5461988E54E99927
:1008D0008F54E7999054F3999254EE999C5491FA5D
:1008E000A254F699A454429AA554F899A854FC9994
:1008F000A95493FAAB54409AAC54F999AF545D9A09
:10090000B254E78DB354508AB854F799BC54449A02
:10091000BD54F488BE54439AC054A388C154699509
:10092000C254419AC454FA99C754F599C854FB99D2
:10093000C954C68DD854459AE154F588E2544E9A6C
:10094000E554469AE654479AE854A38FE9548996A9
:10095000ED544C9AEE544B9AF2544E93FA544D9AED
:10096000FD544A9AFF5494FA045553890655B48DA0
:1009700007554F900F55489A105582931455499A30
:100980001655A0882E55539A2F5542973155A58F4D
:100990003355599A3855589A39554F9A3E55C19101
:1009A0004055509A4455ED914555559A4655A48F5A
:1009B0004C55529A4F55E29653555B8C5655569A64
:1009C0005755579A5C55549A5D555A9A6355519AA2
:1009D0007B55609A7C55659A7E55619A80555C9AE4
:1009E0008355669A84555091865595FA8755689A2D
:1009F0008955418D8A555E9A8B559D929855629A7C
:100A000099555B9A9A55AB8A9C55EC8A9D55858A77
:100A10009E55639A9F555F9AA755968CA855699ADB
:100A2000A955679AAA557291AB55698BAC55AA8B9B
:100A3000AE55649AB055F28BB6556389C4556D9A1C
:100A4000C5556B9AC755A59AD455709ADA556A9AC6
:100A5000DC556E9ADF556C9AE3556B8EE4556F9AB0
:100A6000F755729AF955779AFD55759AFE55749A0D
:100A7000065651920956C3891456719A1656739A9E
:100A80001756A68F185652891B56769A2956DC8916
:100A90002F56829A3156FA8F32567D9A34567B9A67
:100AA00036567C9A38567E9A42565C894C565891F6
:100AB0004E56789A5056799A5B569A8A6456819A1D
:100AC0006856ED8A6A56849A6B56809A6C56839A59
:100AD0007456AC957856D3937A56B6948056869AC7
:100AE0008656859A8756648A8A56879A8F568A9A36
:100AF0009456899AA056889AA2565894A5568B9ACD
:100B0000AE568C9AB4568E9AB6568D9ABC56909A1A
:100B1000C056939AC156919AC2568F9AC356929ACA
:100B2000C856949ACE56959AD156969AD356979A75
:100B3000D756989AD8566499DA56FA8EDB566C8E48
:100B4000DE56F189E056F688E3566392EE56999A9E
:100B5000F056A28DF256CD88F3567D90F9569A9AAA
:100B6000FA56C58CFD56918DFF569C9A00579B9A5C
:100B70000357DE9504579D9A08579F9A09579E9AE6
:100B80000B57A09A0D57A19A0F57978C125780892F
:100B90001357A29A1657A49A1857A39A1C57A69AA5
:100BA0001F5779932657A79A2757B3882857DD8D63
:100BB0002D575C8C30576E923757A89A3857A99AA0
:100BC0003B57AB9A4057AC9A4257E28D4757CF8B71
:100BD0004A5756964E57AA9A4F57AD9A5057BF8DBF
:100BE0005157428D595796FA6157B19A6457A38D60
:100BF000655797FA665752926957AE9A6A57D892D4
:100C00007F57B29A825782908857B09A8957B39A81
:100C10008B575E8C9357B49AA057B59AA257438DC1
:100C2000A3575F8AA457B79AAA57B89AAC5798FAAD
:100C3000B057B99AB357B69AC057AF9AC357BA9A32
:100C4000C657BB9AC7579AFAC85799FACB57849692
:100C5000CE57E98FD257BD9AD357BE9AD457BC9A74
:100C6000D657C09ADC575794DF57E688E0577595FA
:100C7000E357C19AF457FB8FF757B78EF9577C9417
:100C8000FA57EE8AFC57E98D005878960258B093CF
:100C90000558988C0658CD910A58BF9A0B58C29A9D
:100CA0001558C2911958C39A1D58C49A2158C69A0A
:100CB0002458E7922A58AC8A2F589FEA30588189E5
:100CC0003158F1953458EA8F355867933A58E48D86
:100CD0003D58CC9A4058BB954158DB974A58F28909
:100CE0004B58C89A515859915258CB9A545883939B
:100CF00057586893585884935958B7945A58CB9278
:100D00005E58C78D6258C79A695896896B58559333
:100D10007058C99A7258C59A75586F907958CD9A7B
:100D20007E586D8F8358AB8B8558CE9A9358E69535
:100D300097589D919C58C4929E589DFA9F58D09A5E
:100D4000A8586E96AB58D19AAE58D69AB2589EFA19
:100D5000B358AD95B858D59AB958CF9ABA58D29ACF
:100D6000BB58D49ABE58A48DC158C795C558D79AB8
:100D7000C7586492CA58F389CC58EB8FD158D99A86
:100D8000D358D89AD558888DD758DA9AD858DC9A3B
:100D9000D958DB9ADC58DE9ADE58D39ADF58E09AAD
:100DA000E458DF9AE558DD9AEB586D8EEC58709058
:100DB000EE587391EF58E19AF058BA90F158EB88D9
:100DC000F2588494F758D992F958E39AFA58E29A6B
:100DD000FB58E49AFC58E59AFD58E69A0259E79ABE
:100DE0000959CF950A59E89A0B599FFA0F59C489A6
:100DF0001059E99A15595B9716594F8A1859C7998E
:100E00001959678F1A59BD911B59EA9A1C59E996CD
:100E10002259B2962559EC9A2759E59129595693AA
:100E20002A59BE912B5976952C59ED9A2D59EE9A47
:100E30002E599B893159B88E3259EF9A3759CE883D
:100E40003859F09A3E59F19A445982894759EF8AA4
:100E50004859DE934959F2954E59F59A4F59749174
:100E60005059F49A51595F8C5359A0FA54597A96B3
:100E70005559F39A575985935859F79A5A59F69AEA
:100E80005B59A1FA5D59A2FA6059F99A6259F89A28
:100E90006359A3FA65599C896759FA9A6859A78FCB
:100EA0006959FC9A6A5944926C59FB9A6E59B195EA
:100EB0007359978F74597A937859409B7D59448D13
:100EC0008159419B825940948359DC948459CF962F
:100ED0008A5944948D594A9B9359578B96596497D4
:100EE0009959AD969B59AA9B9D59429BA359459BE5
:100EF000A459A4FAA559C391A8595796AC59699316
:100F0000B259469BB9598596BA59A5FABB59C88DAD
:100F1000BE59A88FC659479BC9596F8ECB596E8E43
:100F2000D059B788D159C68CD359A990D459CF88F4
:100F3000D9594B9BDA594C9BDC59499BE559578948
:100F4000E659AD8AE859489BEA59C396EB59509542
:100F5000F659A688FB59F788FF59708E015AD08838
:100F6000035AA188095A519B115A4F9B185ABA9695
:100F70001A5A529B1C5A509B1F5A4E9B205A5090F3
:100F8000255A4D9B295AD8952F5AE28C355A569B93
:100F9000365A579B3C5AA98F405A539B415A4B98FB
:100FA000465A6B94495A559B5A5AA58D625A589B7A
:100FB000665A77956A5A599B6C5A549B7F5AB996D0
:100FC000925A7D949A5A5A9B9B5A5195BC5A5B9B54
:100FD000BD5A5F9BBE5A5C9BC15AC589C25A5E9B73
:100FE000C95AB98ECB5A5D9BCC5A998CD05A6B9BFF
:100FF000D65A649BD75A619BE15A8492E35A609B0C
:10100000E65A629BE95A639BFA5A659BFB5A669BB8
:10101000095BF08A0B5B689B0C5B679B165B699BAB
:10102000225BEC8F2A5B6C9B2C5BDA92305B6489D1
:10103000325B6A9B365B6D9B3E5B6E9B405B719B3C
:10104000435B6F9B455B709B505B718E515B729BEA
:10105000545B458D555B739B565BA6FA575B9A8E26
:10106000585BB6915A5B749B5B5B759B5C5B798E3E
:101070005D5B468D5F5BD096635B478B645BC78C23
:10108000655B769B665B778A695B779B6B5BB791E9
:10109000705B789B715BA19B735B799B755B7A9BA3
:1010A000785B7B9B7A5B7D9B805B7E9B835B809B7D
:1010B000855BEE91875B4689885BE78E895BC0889C
:1010C0008B5B76918C5BAE8A8D5BB38E8F5B478D2D
:1010D000955B8693975B408F985BAF8A995B88920C
:1010E0009A5BE8929B5BB6889C5B588B9D5BF39503
:1010F0009F5BC08EA25B718BA35BE990A45BBA8EF1
:10110000A55B4797A65B819BAE5B7B8BB05BC98D74
:10111000B35B518AB45B8389B55BAA8FB65BC68922
:10112000B85B829BB95B6597BF5B688FC05BA7FAB2
:10113000C25BE28EC35B839BC45BF18AC55BD093C9
:10114000C65BA796C75B849BC95B859BCC5B789588
:10115000D05B879BD25BA68AD35BF58BD45B869BE7
:10116000D85BA9FADB5BB08ADD5B5190DE5B8B9BC1
:10117000DF5B408EE15BC789E25B8A9BE45B889B17
:10118000E55B8C9BE65B899BE75B4A94E85BCB9EC7
:10119000E95B5290EB5B8D9BEC5BAAFAEE5BBE9732
:1011A000F05B8E9BF35B909BF55B9E92F65B8F9B57
:1011B000F85BA190FA5B9B8EFE5BCE91FF5BF58E98
:1011C000015C9595025CEA90045CCB8E055C919B7A
:1011D000065CAB8F075C929B085C939B095CD18893
:1011E0000A5CB8910B5C71900D5C949B0E5CB193A2
:1011F0000F5CAC8F115CAD8F135C959B165CEB9014
:101200001A5CAE8F1E5CABFA205C969B225C979BAF
:10121000245CDE96285C989B2D5CC48B315C418FEE
:10122000385C999B395C9A9B3A5CDA8E3B5C4B90BC
:101230003C5CF2933D5C73903E5CF6943F5C419461
:10124000405CC78B415C9B9B455C8F8B465C9C9B49
:10125000485CFC8B4A5CCD934B5CAE894D5C728ED6
:101260004E5C9D9B4F5CA09B505C9F9B515CFB8B9D
:10127000535C9E9B555C57935E5CAE91605C6A9339
:10128000615CC68E645C7791655C9A976C5CA29B8E
:101290006E5CA39B6F5CD493715C528E765CA59B55
:1012A000795CA69B8C5CA79B905CF28A915CA89B66
:1012B000945CA99BA15CAA89A65CACFAA85C5A9133
:1012C000A95CE28AAB5CAB9BAC5CA696B15CD091AE
:1012D000B35C788AB65CAD9BB75CAF9BB85CDD8ACB
:1012E000BA5CADFABB5CAC9BBC5CAE9BBE5CB19B1C
:1012F000C55CB09BC75CB29BD95CB39BE05CBB9305
:10130000E15CAC8BE85CE389E95CB49BEA5CB99B8B
:10131000ED5CB79BEF5CF595F05CF495F55CAEFA8F
:10132000F65C8793FA5CB69BFB5C738FFD5CB59BA8
:10133000075D92900B5DBA9B0E5DE88D115DC09BC1
:10134000145DC19B155DBB9B165D528A175DBC9BEE
:10135000185DC59B195DC49B1A5DC39B1B5DBF9B3C
:101360001F5DBE9B225DC29B275DAFFA295DF6958E
:10137000425DB2FA4B5DC99B4C5DC69B4E5DC89BFE
:10138000505D9297525DC79B535DB0FA5C5DBD9B0B
:10139000695D93906C5DCA9B6D5DB3FA6F5DB58DB1
:1013A000735DCB9B765DCC9B825DCF9B845DCE9B3A
:1013B000875DCD9B8B5D88938C5DB89B905DD59B45
:1013C0009D5DD19BA25DD09BAC5DD29BAE5DD39B5E
:1013D000B75DD69BB85DB4FAB95DB5FABA5DE4976E
:1013E000BC5DD79BBD5DD49BC95DD89BCC5DDE8ABF
:1013F000CD5DD99BD05DB6FAD25DDB9BD35DDA9B28
:10140000D65DDC9BDB5DDD9BDD5DEC90DE5D428FC0
:10141000E15D848FE35D8391E55D488DE65DB68D8A
:10142000E75D498DE85D908BEB5DDE9BEE5DB78DF2
:10143000F15DC88CF25DDF9BF35DA496F45D629470
:10144000F55DE09BF75D4A8DFB5DAA8AFD5D4692E6
:10145000FE5DD08B025E738E035E7A95065EBF944E
:101460000B5EE19B0C5EF38A115EE49B165E9F921D
:10147000195EE39B1A5EE29B1B5EE59B1D5EE99293
:10148000255E83902B5E748E2D5EC8902F5ED19169
:10149000305E418B335EA092365EE69B375EE79B03
:1014A000385EED8F3D5E5896405EEA9B435EE99B59
:1014B000445EE89B455E9D95475EF19B4C5E799648
:1014C0004E5EEB9B545EED9B555E8B96575EEC9BA0
:1014D0005F5EEE9B615EA694625EEF9B635EBC9571
:1014E000645EF09B725EB18A735EBD95745E4E94CD
:1014F000755EF29B765EF39B785E4B8D795EB28A69
:101500007A5EF49B7B5EB68C7C5E63977D5E4897CB
:101510007E5EF48A7F5EF69B815EA192835E4C8D37
:10152000845EAF8F875EDD948A5EB08F8F5E988F0A
:10153000955EEA92965EF795975E58939A5E4D8D0A
:101540009C5E7B95A05EF79BA65E7893A75EC08DA0
:10155000AB5EC98CAD5EEB92B55EC188B65E8E8F18
:10156000B75E4E8DB85E6697C15EF89BC25EF99B12
:10157000C35E7094C85EFA9BC95EF597CA5E4C98CC
:10158000CF5EFC9BD05EFB9BD35E668AD65E409CA2
:10159000DA5E439CDB5E449CDD5E429CDF5E5F95D1
:1015A000E05EB18FE15E469CE25E459CE35E419C5D
:1015B000E85E479CE95E489CEC5E499CF05E4C9C72
:1015C000F15E4A9CF35E4B9CF45E4D9CF65E848912
:1015D000F75EEC92F85E4E9CFA5E9A8CFB5EF489A4
:1015E000FC5E5594FE5E4F9CFF5EF993015FD995BA
:1015F000035F509C045F4D98095F519C0A5FBE9544
:101600000B5F549C0C5F9F980D5FAF980F5FAE8E81
:10161000105FF393115F559C135F7C8B145FA29254
:10162000155FF888165F569C175FA495185F4F8D5D
:101630001B5F6F921F5FED92215FB7FA255FED96FA
:10164000265FB78C275FCA8C295F579C2D5F589CFB
:101650002F5F5E9C315FE38E345FB8FA355FA392F3
:10166000375FAD8B385F599C3C5F4A953E5F659212
:10167000415F5A9C455F67FA485F5B9C4A5FAE8B4F
:101680004C5F5C9C4E5F5D9C515F5F9C535F96938B
:10169000565F609C575F619C595F629C5C5F539C86
:1016A0005D5F529C615F639C625F608C665F469584
:1016B000675FB9FA695FCA8D6A5F56956B5FA492DE
:1016C0006C5F6A956D5F649C705FB28F715F6589B6
:1016D000735F659C775F669C795FF0967C5FDE94B4
:1016E0007F5F699C805F9D89815FAA90825F689C13
:1016F000835F679C845F618C855FD291875F6D9CFF
:10170000885F6B9C8A5F6A9C8B5FA5978C5FE38C7C
:10171000905F998F915F6C9C925F6B93935F5D8FED
:10172000975FBE93985F709C995F6F9C9E5F6E9C65
:10173000A05F719CA15FE48CA85F729CA95F9C95DF
:10174000AA5F7A8FAD5F739CAE5FF794B35FBF9370
:10175000B45FA592B75FBAFAB95F4F93BC5F749C50
:10176000BD5F4A8BC35F5390C55F4B95CC5FF58AD5
:10177000CD5F4594D65F759CD75F758ED85F5996BF
:10178000D95F5A96DC5F9E89DD5F7A9CDE5FBBFA8B
:10179000E05F8992E45F779CEB5FF589F05FAB9C3B
:1017A000F15F799CF55F4F94F85F789CFB5F769CC6
:1017B000FD5F9A8DFF5F7C9C0E60839C0F60899C0F
:1017C0001060819C12607B931560869C16607C95EE
:1017D0001960809C1B60859C1C60E5971D60768E5F
:1017E0002060D39121607D9C25607D8B2660889C44
:1017F0002760AB90286085892960829C2A60F689E1
:101800002B60879C2F60AF8B3160849C3A608A9CF0
:1018100041608C9C4260969C4360949C4660919C85
:101820004A60909C4B60F6974D60929C5060B08BE4
:101830005260508D55609A8F5960999C5A608B9C6C
:101840005D60BCFA5F608F9C60607E9C6260F8891E
:101850006360939C6460959C656070926860A68DDF
:101860006960B6896A608D9C6B60989C6C60979C7F
:101870006D60B18B6F60A7917060868A7560628CB5
:1018800077608E9C81609A9C83609D9C84609F9C05
:101890008560BDFA8960BB8E8A60BEFA8B60A59CAC
:1018A0008C60EE928D609B9C9260A39C9460F78903
:1018B0009660A19C9760A29C9A609E9C9B60A09C55
:1018C0009F60E58CA0604997A360B38AA660788981
:1018D000A760A49CA9605994AA60AB88B260DF9409
:1018E000B3607B9CB460AA9CB560AE9CB660E39686
:1018F000B860A79CBC608993BD60AC9CC560EE8F4E
:10190000C660AD9CC760D593D1606698D360A99C32
:10191000D560C0FAD860AF9CDA609B8DDC60C9905E
:10192000DE60BFFADF60D288E060A89CE160A69C20
:10193000E3607991E7609C9CE860538EF060C4910D
:10194000F160BB9CF260C2FAF3607A91F460B69CDD
:10195000F660B39CF760B49CF960E48EFA60B79CC3
:10196000FB60BA9C0061B59C0161448F0361B89C27
:101970000661B29C0861FA960961F9960D61BC9CFA
:101980000E61BD9C0F61D3881161C3FA1561B19CD2
:101990001A61F08B1B61A4881F61B48A2061C1FAAF
:1019A0002161B99C2761C19C2861C09C2C61C59CA8
:1019B0003061C5FA3461C69C3761C4FA3C61C49C8D
:1019C0003D61C79C3E61BF9C3F61C39C4261C89C16
:1019D0004461C99C4761BE9C48619C8E4A61C29C1F
:1019E0004B61D4914C61518D4D61B09C4E615490CE
:1019F0005361D69C5561E7955861CC9C5961CD9C4B
:101A00005A61CE9C5D61D59C5F61D49C62619D965C
:101A10006361B58A6561D29C6761648C6861538A31
:101A20006B61CF9C6E61B6976F61D19C7061D488F9
:101A30007161D39C7361CA9C7461D09C7561D79CA1
:101A40007661638C7761CB9C7E617C9782614A97DB
:101A50008761DA9C8A61DE9C8E619E919061F79726
:101A60009161DF9C9461DC9C9661D99C9861C6FA77
:101A70009961D89C9A61DD9CA461AE95A761B293EF
:101A8000A961658CAB61E09CAC61DB9CAE61E19CC3
:101A9000B2619B8CB661AF89BA61E99CBE61B68ABE
:101AA000C361E79CC661E89CC761A78DC861E69CDD
:101AB000C961E49CCA61E39CCB61EA9CCC61E29C75
:101AC000CD61EC9CD061F989E361EE9CE661ED9C0F
:101AD000F261A692F461F19CF661EF9CF761E59CDE
:101AE000F8619C8CFA61F09CFC61F49CFD61F39CB4
:101AF000FE61F59CFF61F29C0062F69C0862F79C17
:101B00000962F89C0A62E8950C62FA9C0D62F99CE5
:101B10000E625E8F1062AC901162E4891262FA89E3
:101B20001362C7FA1462FB9C1662BD881A62CA90DF
:101B30001B62FC9C1D62C1E61E62409D1F62818C7F
:101B40002162419D2662ED902A62429D2E62439D54
:101B50002F62598B3062449D3262459D3362469DAF
:101B60003462D5913862CB8C3B62DF963F625B96E4
:101B700040628A8F4162479D4762EE904862BBE7B0
:101B80004962E0944B62E88E4D62CB8D4E62489D77
:101B90005362C5915562A5955862EF915B624B9D6A
:101BA0005E62499D60624C9D63624A9D68624D9D84
:101BB0006E62AF957162B58876627D957962E194C7
:101BC0007C624E9D7E62519D7F62B38F80625A8B94
:101BD00082624F9D8362569D8462B48F8962509D5C
:101BE0008A62639491627D979262529D9362539D43
:101BF0009462579D95628A939662549D9762528D26
:101C00009862DC909B62659D9C62B2949E62F091AA
:101C1000A662C8FAAB62E294AC62AB9DB162F89581
:101C2000B562EF92B9629596BB625A9DBC629F897C
:101C3000BD628A92C262639DC5625392C6625D9D17
:101C4000C762649DC8625F9DC962669DCA62629DEB
:101C5000CC62619DCD628F94CF625B9DD062FB8927
:101C6000D162599DD262918BD362F191D462559D1C
:101C7000D762589DD862538DD962D990DB62B58FF7
:101C8000DC62609DDD627194E062928BE162678A42
:101C9000EC62878AED624090EE62689DEF626D9D16
:101CA000F162699DF3629D8CF5626E9DF662418ED4
:101CB000F762898DFE62458FFF625C9D01639D8E98
:101CC00002636B9D0763778E08636C9D0963C2880E
:101CD0000C63679D1163A7921963938B1F63B28B8B
:101CE00027636A9D2863A5882B63C18D2F63559058
:101CF0003A63F0923D63D2943E63709D3F637D9161
:101D00004963A8914C634A8E4D63719D4F63739DE7
:101D100050636F9D5563DF955763BB925C637B9106
:101D20006763F9956863CC8E6963809D6B637E9D64
:101D30006E63989072639E8C7663789D7763B78F9D
:101D40007A63E6937B6350948063769D83637C9192
:101D50008863F68E89637B9D8C63B68F8E63759DD9
:101D60008F637A9D926372949663749D9863408C9E
:101D70009B637C8A9F637C9DA063A997A163CC8DA4
:101D8000A2635492A363799DA563DA90A763548DEF
:101D9000A8638490A9638689AA635B91AB63779DEE
:101DA000AC63648BB263668CB463CD92B5637D9D86
:101DB000BB637E91BE63819DC063839DC363B59108
:101DC000C463899DC663849DC963869DCF63609506
:101DD000D063F192D263879DD6634B97DA6367979E
:101DE000DB63B78AE163AC88E363859DE963829D29
:101DF000EE63F68AF4638789F563C9FAF663889D12
:101E0000FA63689706648C9D0D64B9910F64939D85
:101E100013648D9D16648A9D1764919D1C64729D48
:101E200026648E9D2864929D2C64C0942D648B93AF
:101E300034648B9D36648F9D3A64678C3E64EF8D6D
:101E40004264DB904E64979D586445936064CAFA7F
:101E50006764949D696480966F64959D7664969D91
:101E60007864CC967A64A0908364828C88649D9D0B
:101E70009264548E93649A9D9564999D9A6451944A
:101E80009D64CBFA9E64B393A4645093A5649B9D18
:101E9000A9649C9DAB648F95AD646494AE64428EDE
:101EA000B064EF90B2646F96B964688ABB64A39D16
:101EB000BC649E9DC1646997C264A59DC564A19DD3
:101EC000C764A29DCD648091CE64CCFAD264A09DFB
:101ED000D4645E9DD864A49DDA649F9DE064A99D4E
:101EE000E164AA9DE2644693E364AC9DE664438E9C
:101EF000E764A79DEC645B8BEF64AD9DF164A69DE8
:101F0000F264B19DF464B09DF664AF9DFA64B29D35
:101F1000FD64B49DFE64EF8F0065B39D0565B79DBC
:101F20001865B59D1C65B69D1D65909D2365B99D81
:101F30002465B89D2A65989D2B65BA9D2C65AE9D3C
:101F40002F65788E3465BB9D3565BC9D3665BE9D1D
:101F50003765BD9D3865BF9D3965FC893B65558DED
:101F60003E65FA953F65AD904565CC8C4865C19D51
:101F70004D65C49D4E65CDFA4F65719551657E8B5B
:101F80005565C39D5665C29D576573945865C59D3B
:101F90005965B38B5D65C79D5E65C69D6265B88AF0
:101FA0006365558E6665D6936C65688C7065949094
:101FB0007265C89D7465AE907565479377657E952B
:101FC0007865C99D8265CA9D8365CB9D8765B695F9
:101FD00088657C9B8965C4908C656B958E65D68D74
:101FE0009065E3949165C19497656C939965BF97EB
:101FF0009B65CD9D9C65CE8E9F65CE9DA165B48869
:10200000A465D28BA565CB90A7658095AB65CF9D68
:10201000AC65618EAD656692AF657A8EB06556909F
:10202000B765D09DB965FB95BC659789BD657B8E0D
:10203000C165D39DC365D19DC465D49DC565B79762
:10204000C665D29DCB65F990CC65D59DCF65B09125
:10205000D265D69DD765F88AD965D89DDB65D79DB1
:10206000E065D99DE165DA9DE265F98AE565FA9357
:10207000E6655592E7658C8BE8657C8EE965819114
:10208000EC657B8FED65AE88F165DB9DFA65A08917
:10209000FB65DF9D0066CEFA0266568D0366DE9D07
:1020A0000666A98D0766B88F0966D1FA0A66DD9DB6
:1020B0000C66B98F0E66BE960F66A88D1366D5881E
:1020C0001466CC901566CFFA1C66E49D1E66D3FAA2
:1020D0001F66AF90206666892466D4FA2566748FE1
:1020E000276686962866F08D2D66BA8F2E66D2FA00
:1020F0002F66A590316663FA3466E39D3566E19DEF
:102100003666E29D3B66D0FA3C668B923F66459E02
:102110004166E89D42669E8E4366578D4466E69D05
:102120004966E79D4B6657904F66E59D52664E8E19
:102130005766D6FA5966D7FA5D66EA9D5E66E99DEE
:102140005F66EE9D6266EF9D6466EB9D6566D5FAFF
:102150006666418A6766EC9D6866ED9D6966D39404
:102160006E6681956F66698C7066F09D7366D9FAAC
:102170007466B0907666BB8F7A6671928166C58B05
:102180008366F19D8466F59D8766C9898866F29DA0
:102190008966F49D8E66F39D91668B8F9666679235
:1021A0009766C3889866F69D9966DAFA9D66F79DEC
:1021B000A066DBFAA266A892A666EF97AB66628E6F
:1021C000AE66E995B266DCFAB4665C96B866419E86
:1021D000B966F99DBC66FC9DBE66FB9DBF66DDFAD7
:1021E000C166F89DC466409EC766DC93C966FA9DC9
:1021F000D666429ED9668C8FDA66439EDC666A9705
:10220000DD669894E066449EE666469EE966479ED3
:10221000F066489EF266C88BF3666789F466588D4F
:10222000F566499EF7664A9EF866918FF966829137
:10223000FA66DEFAFB6666FAFC66D699FD665D9183
:10224000FE665C91FF66D6910067C58D0367F098C6
:1022500008678E8C09674C970B67FC950D679E95F8
:102260000E67DFFA0F674B9E1467F18D1567BD92FD
:1022700016674C9E17674E981B675D961D67A9925F
:102280001E674D9E1F67FA8A26674E9E27674F9EE0
:102290002867D8962A67A2962B6796962C677B9616
:1022A0002D67448E2E67519E3167E98E3467709694
:1022B0003667539E3767569E3867559E3A67F78A4A
:1022C0003D67808B3F67529E4167549E4667579E8D
:1022D000496799904E679B974F67C7885067DE8D17
:1022E0005167BA915367DB8E5667F18F59675A9ED3
:1022F0005C676D935E67589E5F67A9916067599EA2
:102300006167F08F6267DB9663675B9E64675C9EC4
:10231000656788976667E1FA6A67619E6D67598DA0
:102320006F67749470675E9E71678C937267DC9DB3
:102330007367E09D75676E8B776766947C67609EB8
:102340007E67BC8F7F67C2948567669E8767F894B7
:1023500089675D9E8B67639E8C67629E9067CD9058
:1023600095678D969767D1979A6787969C67CA8974
:102370009D677D8EA0676798A167659EA26795900F
:10238000A667649EA9675F9EAF67CD8CB3676B9E9F
:10239000B467699EB667CB89B767679EB8676D9E5D
:1023A000B967739EBB67E2FAC067E4FAC167C6917A
:1023B000C467BF95C667759ECA674195CE67749E10
:1023C000CF679094D0675E96D167B98AD367F5904E
:1023D000D4675F8FD867D192DA674D97DD67709EBB
:1023E000DE676F9EE267719EE4676E9EE767769E8A
:1023F000E9676C9EEC676A9EEE67729EEF67689E67
:10240000F1678C92F367F696F467C48EF567F28DE8
:10241000FB67B88DFE678F96FF67608A0168E5FAF3
:102420000268CC920368C893046868891368F090C6
:102430001668B2901768498C1E68789E21685A8D7C
:1024400022689C8A29687A9E2A68948A2B68819ED1
:1024500032687D9E3468F19038686A8A3968AA8D3E
:102460003C68698A3D68CD8D40687B9E4168858C5B
:1024700042686A8C43688D934468E6FA4668799EA0
:102480004868C4884D687C9E4E687E9E5068CB8BA1
:1024900051684B8C5268E3FA5368BA8A54686A8B65
:1024A0005968829E5C68F78D5D6891965F68568E6C
:1024B0006368839E67684F9574688F9E7668B1895C
:1024C0007768849E7E68959E7F68859E8168C097A8
:1024D00083688C9E85687E948D68949E8F68879EA5
:1024E0009368B2889468899E97685B8D9B688B9E81
:1024F0009D688A9E9F68869EA068919EA268BD8FF7
:10250000A668EB9AA768E68CA8689C97AD68889E39
:10251000AF68F292B068428AB168AB8DB368809EB2
:10252000B568909EB668818AB9688E9EBA68929E98
:10253000BC688E93C468FC8AC668B09EC86864FA9A
:10254000C968C796CA68979ECB68FB8ACD689E9E6D
:10255000CF68E7FAD2685F96D4689F9ED568A19E3F
:10256000D768A59ED868999EDA684992DF688F93EC
:10257000E068A99EE1689C9EE368A69EE768A09E2D
:10258000EE685890EF68AA9EF268B190F968A89E2C
:10259000FA68BB8A00696F980169969E0469A49ED7
:1025A0000569D6880869989E0B69B8960C699D9E46
:1025B0000D6941900E69C5920F69939E1269A39EA1
:1025C00019699A901A69AD9E1B69918A1C699F8C42
:1025D0002169AF9E22699A9E2369AE9E2569A79EB6
:1025E00026699B9E2869AB9E2A69AC9E3069BD9E78
:1025F0003469CC933669A29E3969B99E3D69BB9E08
:102600003F69D6924A696B97536996955469B69E0D
:102610005569C8915969BC9E5A695E915C69B39EBF
:102620005D69C09E5E69BF9E6069ED936169BE9EF3
:102630006269E8936869E9FA6A69C29E6B69B59E46
:102640006D69C68B6E69B89E6F697C8F7369809463
:102650007469BA9E7569C98B7769B29E7869B49EB0
:102660007969B19E7C694F987D69798A7E69B79E48
:102670008169C19E8269548A8A69E58D8E697C89E7
:102680009169D29E946950989569D59E9869EBFAA4
:102690009B6959909C69D49EA069D39EA769D09EDE
:1026A000AE69C49EB169E19EB269C39EB469D69E0B
:1026B000BB69CE9EBE69C99EBF69C69EC169C79EE1
:1026C000C369CF9EC769A0EACA69CC9ECB695C8DFD
:1026D000CC69C692CD698491CE69CA9ED069C59EE7
:1026E000D369C89ED8696C97D9698A96DD69CD9EF1
:1026F000DE69D79EE269ECFAE769DF9EE869D89E59
:10270000EB69E59EED69E39EF269DE9EF969DD9E67
:10271000FB69CE92FD698591FF69DB9E026AD99EB5
:10272000056AE09E0A6AE69E0B6AF3940C6AEC9EC8
:10273000126AE79E136AEA9E146AE49E176A9492EC
:10274000196A57951B6ADA9E1E6AE29E1F6ABE8F3F
:10275000216ACD96226AF69E236AE99E296AA08C98
:102760002A6AA1892B6A7E8A2E6AD19E306AEDFA86
:10277000356ABF8F366AEE9E386AF59E396AF78EE3
:102780003A6A928A3D6A4D92446AEB9E466AEFFA33
:10279000476AF09E486AF49E4B6AB48B586A6B8B0A
:1027A000596AF29E5F6A408B616AC993626AF19EC0
:1027B000666AF39E6B6AEEFA726AED9E736AF0FACD
:1027C000786AEF9E7E6AF1FA7F6A808A806A6892F0
:1027D000846AFA9E8D6AF89E8E6AE78C906AF79EEC
:1027E000976A409F9C6A779EA06AF99EA26AFB9EA8
:1027F000A36AFC9EAA6A4B9FAC6A479FAE6A8D9EF5
:10280000B36A469FB86A459FBB6A429FC16AE89E09
:10281000C26A449FC36A439FD16A499FD36A45985D
:10282000DA6A4C9FDB6AF98BDE6A489FDF6A4A9F4F
:10283000E26AF2FAE46AF3FAE86AA594EA6A4D9F5A
:10284000FA6A519FFB6A4E9F046B9397056B4F9FEB
:102850000A6BDC9E126B529F166B539F1D6B548943
:102860001F6B559F206B878C216B9F8E236BD38BA7
:10287000276BA289326B7E97376B579F386B569FB9
:10288000396B599F3A6B5C8B3D6BD48B3E6BBC8A2A
:10289000436B5C9F476B5B9F496B5D9F4C6BCC8927
:1028A0004E6B5692506B5E9F536BBD8A546B609F0C
:1028B000596B5F9F5B6B619F5F6B629F616B639FF7
:1028C000626B7E8E636BB390646B9F8D666B90952D
:1028D000696BE0956A6B63986F6B958E736BCE8DA9
:1028E000746BF097786B649F796B659F7B6B808EC0
:1028F0007F6B669F806B679F836B699F846B689F0C
:10290000866B7796896B7D8F8A6BEA8E8B6B638E75
:102910008D6B6A9F956B6C9F966B4290986B6B9FCB
:102920009E6B6D9FA46B6E9FAA6B6F9FAB6B709F2E
:10293000AF6B719FB16B739FB26B729FB36B749FE0
:10294000B46BA389B56B6992B76B759FBA6B458EF3
:10295000BB6B6B8ABC6B769FBF6B6193C06BCA9A73
:10296000C56B428BC66B779FCB6B789FCD6BEA951F
:10297000CE6B8896D26BC593D36B799FD46BE4945E
:10298000D66BF4FAD86BF994DB6BD196DF6B7A9F38
:10299000EB6B7C9FEC6B7B9FEF6B7E9FF36B7D9F64
:1029A000086C819F0F6C818E116CAF96136C829FA7
:1029B000146C839F176C438B1B6C849F236C869FC6
:1029C000246C859F346C8590376C5895386C698978
:1029D0003E6CC3943F6CF5FA406CF392416C608F8F
:1029E000426C818B4E6CC494506CAC8E556C889F3D
:1029F000576CBE8A5A6C98895C6CF6FA5D6CF093E1
:102A00005E6C879F5F6C5D8D606C7292626C899F5B
:102A1000686C919F6A6C8A9F6F6CF8FA706CBF91BA
:102A2000726C828B736C929F7A6C888C7D6C448BF9
:102A30007E6C909F816C8E9F826C8B9F836C809745
:102A4000866CF7FA886CBE928C6CD7938D6C8C9FD9
:102A5000906C949F926C939F936C428C966CAB8914
:102A6000996CB98D9A6C8D9F9B6C8F9FA16C76969B
:102A7000A26CF291AB6C9796AE6C9C9FB16C9D9FD3
:102A8000B36CCD89B86CA695B96CFB96BA6C9F9F58
:102A9000BB6CA18EBC6CC08FBD6C989FBE6C9E9FA2
:102AA000BF6C8889C16CB58BC46C959FC56C9A9FAF
:102AB000C96CF290CA6C9194CC6CE594D36C979FDE
:102AC000D56C4096D76C999FD96CA29FDA6CF9FAB5
:102AD000DB6CA09FDD6C9B9FE16C4196E26C679480
:102AE000E36C838BE56C4493E86C8D92EA6CA39F56
:102AF000EF6CA19FF06CD791F16C969FF36C6A8993
:102B0000046DFAFA0B6D6D970C6DAE9F126DAD9F53
:102B1000176DF490196DAA9F1B6D8C971E6DB49361
:102B20001F6DA49F256DC392296D6B892A6D5E8DE3
:102B30002B6DA79F326D468F336DAC9F356DAB9F6C
:102B4000366DA69F386DA99F3B6D888A3D6DA89F05
:102B50003E6D6894416DAC97446DF28F456DF39076
:102B6000596DB49F5A6DB29F5C6D6C95636DAF9F4C
:102B7000646DB19F666D5989696D5F8D6A6D5198FD
:102B80006C6D5C8A6E6D82956F6DFCFA746D8197C9
:102B9000776D438A786D5A90796DB39F856DB89F34
:102BA000876DFBFA886DC18F8C6D4F978E6DB59FC9
:102BB000936DB09F956DB69F966D40FB996DDC97B8
:102BC0009B6D93939C6DC093AC6D41FBAF6D558A2B
:102BD000B26D7489B56DBC9FB86DBF9FBC6DC19758
:102BE000C06D8497C56DC69FC66DC09FC76DBD9FE4
:102BF000CB6DD297CC6DC39FCF6D42FBD16D698FEA
:102C0000D26DC59FD56DCA9FD86D9193D96DC89F60
:102C1000DE6DC29FE16D5792E46DC99FE66DBE9F68
:102C2000E86DC49FEA6DCB9FEB6DFA88EC6DC19F98
:102C3000EE6DCC9FF16D5B90F26D44FBF36D7E8F7A
:102C4000F56DA395F76DAC8DF86D43FBF96DB99FEC
:102C5000FA6DC79FFB6D5993FC6D45FB056EB490F3
:102C6000076E898A086ECF8D096EC28F0A6EBB9F70
:102C70000B6E618F136E6B8C156EBA9F196ED09FA1
:102C80001A6E8D8F1B6EB88C1D6EDF9F1F6ED99FC5
:102C9000206E948B216E6E93236ED49F246EDD9FE5
:102CA000256EAD88266E5189276E48FB296EB7893F
:102CB0002B6ED69F2C6EAA912D6ECD9F2E6ECF9F20
:102CC0002F6E608D386EE09F396E46FB3A6EDB9F4B
:102CD0003C6E49FB3E6ED39F436EDA9F4A6EA996C7
:102CE0004D6ED89F4E6EDC9F566ECE8C586EC38F45
:102CF0005B6E58925C6E47FB5F6ED29F676E4E971D
:102D00006B6ED59F6E6ECE9F6F6E9293726ED19FDB
:102D1000766ED79F7E6E70987F6EBC8E806E9E960C
:102D2000826EE19F8C6EAC948F6EED9F906EB98C2D
:102D3000966E808F986EE39F9C6EAD979D6E618DB1
:102D40009F6EF09FA26EEC88A56EEE9FAA6EE29F2A
:102D5000AF6EE89FB26EEA9FB66E6E97B76EE59F54
:102D6000BA6E4D93BD6EE79FBF6E4AFBC26EEF9F7A
:102D7000C46EE99FC56EC596C96EE49FCB6EA08EEA
:102D8000CC6EFC9FD16E8A8AD36EE69FD46EEB9F89
:102D9000D56EEC9FDD6EEA91DE6ED891EC6EF49FFD
:102DA000EF6EFA9FF26EF89FF46E4893F76E42E072
:102DB000F86EF59FFE6EF69FFF6EDE9F016F998B9A
:102DC000026F5995066FBD8E096F978D0F6F5298E0
:102DD000116FF29F136F41E0146F8989156F86910F
:102DE000206F9994226FBF8A236FF8972B6F9F965D
:102DF0002C6FD092316FF99F326FFB9F386F5191DA
:102E00003E6F40E03F6FF79F416FF19F456FC18A72
:102E1000546F898C586F4EE05B6F49E05C6FF690A1
:102E20005F6F838A646F818F666F52E06D6F4BE0D6
:102E30006E6FAA926F6F48E0706FD792746F6BE0FD
:102E4000786F45E07A6F44E07C6F4DE0806F47E03B
:102E5000816F46E0826F4CE0846F9F90866F43E005
:102E6000886F4BFB8E6F4FE0916F50E0976FC08A79
:102E7000A16F55E0A36F54E0A46F56E0AA6F59E02C
:102E8000B16F6293B36F53E0B56F4CFBB96F57E00E
:102E9000C06F838CC16FF791C26F51E0C36F5A94BA
:102EA000C66F58E0D46F5DE0D56F5BE0D86F5EE031
:102EB000DB6F61E0DF6F5AE0E06F8A8DE16F47946E
:102EC000E46FB79FEB6F9497EC6F5CE0EE6F60E0A0
:102ED000EF6FF391F16F5FE0F36F4AE0F56F4DFB39
:102EE000F66F89E8FA6F64E0FE6F68E0017066E0F3
:102EF00005704EFB07704FFB097062E00B7063E0DA
:102F00000F7067E0117065E015706D9518706DE0D9
:102F10001A706AE01B7069E01D706CE01E70D2933D
:102F20001F706EE0267095922770EB91287050FB11
:102F30002C70A39030706FE0327071E03E7070E0E2
:102F40004C70F39F517072E05870E593637073E0BA
:102F50006B70CE896F7094937070448A7870848B94
:102F60007C70DC8E7D70D08D857051FB89704698A9
:102F70008A7086908E708A89927075E0997074E07C
:102F8000AB7052FBAC7078E0AD705992AE707BE0E4
:102F9000AF7076E0B3707AE0B87079E0B9705F93A3
:102FA000BA70D788BB7062FAC870F397CB707DE0B7
:102FB000CF704789D97080E0DD707EE0DF707CE003
:102FC000F17077E0F9704296FD7082E0047154FB75
:102FD000097181E00F7153FB14718B89197184E0C1
:102FE0001A71B0951C7183E02171B3962671C58F5B
:102FF000367152913C71C48F467156FB477157FB35
:103000004971F9974C718AE04E71F790557186E0DD
:1030100056718BE059718C895C7155FB627189E046
:1030200064718194657185E0667188E06771C68F0F
:103030006971CF946C718CE06E71CF8E7D71F89058
:1030400084718FE0887187E08A71468C8F718DE082
:1030500094716F97957190E09971A4EA9F716E8F4A
:10306000A87191E0AC7192E0B1714D94B97194E0A6
:10307000BE7195E0C17159FBC3715294C8719593AB
:10308000C97197E0CE7199E0D071D397D27196E073
:10309000D47198E0D5718D89D77193E0DF717A9AF8
:1030A000E0719AE0E5718791E671578EE7719CE0D7
:1030B000EC719BE0ED714390EE71D799F5719DE055
:1030C000F9719FE0FB718EE0FC719EE0FE715AFB8E
:1030D000FF71A0E006729A940D72A1E01072A2E056
:1030E0001B72A3E02872A4E02A72DC922C72A6E084
:1030F0002D72A5E03072A7E03272A8E03572DD8E45
:10310000367283953A72EA963B72A9E03C72AAE065
:103110003D7275913E72A28E3F72ABE04072ACE0A0
:103120004672ADE04772D0954872C5944B72AEE0DE
:103130004C7276945272AB925872AFE05972E58934
:103140005B728D8B5D72C4965F72B4966172B28948
:1031500062725398677271966972A8957272B5908F
:103160007472B0E07972C1937D72A18C7E72B1E00D
:103170008072D28D8172B3E08272B2E08772B4E065
:103180009272B5E09672B6E0A0725D8BA272B7E063
:10319000A772B8E0AC72A28CAF72C694B1725BFB3E
:1031A000B272BAE0B672F38FB972B9E0BE725CFB6C
:1031B000C272B68BC372BBE0C472BDE0C672BCE023
:1031C000CE72BEE0D072CF8CD272BFE0D772E78BE6
:1031D000D9725F91DB729D8DE072C1E0E172C2E055
:1031E000E272C0E0E972EB8EEC72C693ED72B78BBF
:1031F000F772C4E0F8724B92F972C3E0FC72549813
:10320000FD7282940A73C7E01673C9E01773C6E0B3
:103210001B73D2961C73C8E01D73CAE01F73C2975C
:1032200024735DFB2573CEE02973CDE02A7396925B
:103230002B734C942E73A38C2F73CCE03473CBE0A0
:1032400036735097377351973E73CFE03F738E8933
:103250004473968D4573828E4E73D0E04F73D1E0E8
:103260005773D3E06373628F6873D5E06A73D4E0F9
:103270007073D6E072736C8A7573D8E077735FFBF6
:103280007873D7E07A73DAE07B73D9E08473BA8C11
:103290008773A6978973CA8B8B73A4899673E88BFF
:1032A000A973DF8AB273E697B373DCE0BB73DEE029
:1032B000BD7360FBC073DFE0C273CF89C873DBE00E
:1032C000C97361FBCA73588ECD73BF92CE73DDE0B4
:1032D000D27364FBD67362FBDE73E2E0E073EC8EC4
:1032E000E37363FBE573E0E0EA735D8CED73C79411
:1032F000EE73E1E0F173FCE0F57366FBF873E7E071
:10330000FE73BB8C0374858B0574E4E006749D9793
:10331000077465FB0974AE972274F4912574E6E096
:10332000267467FB297469FB2A7468FB2E746AFB98
:103330003274E8E03374D4973474D58B3574FA94CE
:10334000367469943A74E9E03F74EBE04174EEE05E
:103350005574EAE05974EDE05A74E88C5B746C893A
:103360005C74EFE05E7490905F74ECE06074DA97E8
:1033700062746BFB6374F2E06474A2EA6974F0E057
:103380006A74F3E06F74E5E07074F1E07374BA8D01
:103390007674F4E07E74F5E083749E9789746CFB18
:1033A0008B74F6E09E74F7E09F746DFBA274E3E00B
:1033B000A774F8E0B074C28ABD74A38ECA74F9E031
:1033C000CF74FAE0D474FBE0DC745A89E07440E115
:1033D000E2745A95E37441E1E674A28AE77442E12B
:1033E000E97443E1EE7444E1F07446E1F17447E1BD
:1033F000F27445E1F6747295F77449E1F87448E1A6
:1034000001756EFB03754BE104754AE105754CE1EE
:103410000C754DE10D754FE10E754EE11175998DED
:10342000137551E1157550E11875C38A1A757290BC
:103430001C755B931E7552E11F75B6902375598EEE
:1034400025759989267553E1287570972B75E19537
:103450002C7554E12F75A8FA307563933175529726
:103460003275628D33755C9037756A923875B29992
:103470003A75AC923B75E6893C7555E1447556E169
:1034800046755BE1497559E14A7558E14B75C09D38
:103490004C75458A4D7557E14F75D8885175A8947C
:1034A0005475C8945975AF975A755CE15B755AE1CC
:1034B0005C757B925D75A4906075A99462754C955E
:1034C00064755EE16575AA9766756C8C67755FE1DA
:1034D00069755DE16A75D4946B7560E16D7561E144
:1034E0006F756FFB7075D9887375F48F747566E1AD
:1034F000767563E17775EB93787562E17F75458B3F
:10350000827569E1867564E1877565E1897568E1B1
:103510008A7567E18B7544958E7561918F756091A1
:1035200091755E8B94756AE19A756BE19D756CE19E
:10353000A3756EE1A5756DE1AB757589B17576E121
:10354000B275E694B37570E1B57572E1B87574E162
:10355000B9755D90BC7575E1BD7573E1BE75BE8EC4
:10356000C2756FE1C37571E1C5756195C775C78F88
:10357000CA7578E1CD7577E1D27579E1D475A48EFD
:10358000D575AD8DD8759793D9757AE1DB75C992EC
:10359000DE757CE1E2759F97E3757BE1E9758991C2
:1035A000F07582E1F27584E1F37585E1F47573924B
:1035B000FA7583E1FC7580E1FE757DE1FF757EE1C2
:1035C000017681E1097688E10B7686E10D7687E167
:1035D0001F7689E120768BE121768CE122768DE1E0
:1035E00024768EE127768AE1307690E134768FE199
:1035F0003B7691E14276C397467694E1477692E135
:10360000487693E14C76E08A5276FC965676C895D9
:10361000587696E15C7695E1617697E1627698E17D
:1036200067769CE1687699E169769AE16A769BE132
:103630006C769DE170769EE172769FE17676A0E1F0
:103640007876A1E17A76AD947B766F937C76A2E171
:103650007D7692947E7653958076A3E1827670FB98
:103660008376A4E1847649938676468A8776638D4D
:103670008876A5E18B76A6E18E76A7E19076488ED6
:103680009376A9E19676A8E19976AAE19A76ABE1DC
:103690009B7673FB9C7671FB9E7672FBA67674FB21
:1036A000AE76E794B076ACE1B476ADE1B77689EA70
:1036B000B876AEE1B976AFE1BA76B0E1BF764D8EBD
:1036C000C276B1E1C3767594C6767E96C8766D896A
:1036D000CA767689CD76B2E1D276B4E1D676B3E118
:1036E000D7769093DB76B790DC76589FDE76B5E19F
:1036F000DF76BF96E176B6E1E376C48AE476D594C8
:10370000E576B7E1E776B8E1EA76B9E1EE76DA9602
:10371000F276D396F476BC92F8768A91FB76BBE18A
:10372000FE76828F0177C88F0477BEE10777BDE10F
:103730000877BCE10977FB940B77C58A0C77A78CD7
:103740001B77C4E11E77C1E11F775E902077B096AA
:103750002477C0E12577C2E12677C3E12977BFE16D
:103760003777C5E13877C6E13A77AD923C77E18AA1
:1037700040778592467776FB4777C7E15A77C8E16D
:103780005B77CBE1617787906377C2936577CCE114
:10379000667772966877C9E16B77CAE17977CFE18E
:1037A0007E77CEE17F77CDE18B77D1E18E77D0E167
:1037B0009177D2E19E77D4E1A077D3E1A577CB953D
:1037C000AC77758FAD77C497B077D5E1B377B59304
:1037D000B677D6E1B977D7E1BB77DBE1BC77D9E142
:1037E000BD77DAE1BF77D8E1C777DCE1CD77DDE1FE
:1037F000D777DEE1DA77DFE1DB77B596DC77E0E1FA
:10380000E277EE96E377E1E1E5776D92E7778A94E8
:10381000E977E98BED775A92EE77E2E1EF77B88BB3
:10382000F377CE90FC77E3E10278BB8D0C78E4E18E
:103830001278E5E11478A48C1578D38D2078E7E12F
:10384000217878FB257875932678D48D27786D8B31
:103850003278439634786A943A7876933F787B8DC1
:103860004578E9E14E7879FB5D78C98F64787AFB19
:103870006B78B0976C78648D6F78A58C7278A19412
:103880007478EBE17A787BFB7C78EDE18178E98CE8
:103890008678ECE18778F4928C78EFE18D78568A1F
:1038A0008E78EAE19178E89493784F899578EA8D5B
:1038B000977871989A78EEE1A378F0E1A778C995A6
:1038C000A978D790AA78F2E1AF78F3E1B578F1E181
:1038D000BA786D8ABC78F9E1BE78F8E1C178A58E36
:1038E000C578FAE1C678F5E1CA78FBE1CB78F6E174
:1038F000D078D694D178F4E1D478F7E1DA7841E25F
:10390000E77840E2E8788196EC78FCE1EF78E988A6
:10391000F47843E2FD7842E20179CA8F077944E204
:103920000E796291117946E2127945E2197947E2FE
:103930002679E6E12A79E8E12B7949E22C7948E217
:1039400030797CFB3A79A68E3C79E7973E79D08E28
:1039500040794AE24179568C47795F8B4879468BAA
:103960004979838E50795397537950E255794FE2D4
:103970005679639157794CE25A794EE25D796A8FB4
:103980005E795F905F794DE260794BE262794994AC
:103990006579CB8F68795B956D79D58D77799893BB
:1039A0007A7951E27F7952E2807968E28179D68B27
:1039B00084795C98857954918A7953E28D79D0899C
:1039C0008E79F5928F799F95947981FB9B7983FB12
:1039D0009D7954E2A6799A8BA77955E2AA7957E2A4
:1039E000AE7958E2B0794894B37959E2B9795AE29C
:1039F000BA795BE2BD79D78BBE79D189BF79C393A0
:103A0000C079478FC179848EC9795CE2CB79488FC0
:103A1000D179C889D2796295D5795DE2D879E9946E
:103A2000DF796491E17960E2E37961E2E479899494
:103A3000E6796090E7795EE2E9798192EC795FE27C
:103A4000F079CC8FFB79DA88007A488B087A62E2C9
:103A50000B7AF6920D7A63E20E7AC590147AAB96E1
:103A6000177A4295187A64E2197A65E21A7A7492A2
:103A70001C7AC5971F7A67E2207A66E22E7AED8E6D
:103A8000317A69E2327AEE88377A6CE23B7A6AE21E
:103A90003C7AD2893D7A6D8C3E7A6BE23F7A658DB5
:103AA000407A928D427AE495437A6DE2467A739633
:103AB000497A6FE24D7ACF904E7A6E894F7AB88903
:103AC000507AAA88577A6EE2617A70E2627A71E27D
:103AD000637AF58F697A72E26B7A6E8A707A74E231
:103AE000747A8A8C767A868B797A75E27A7AF38B15
:103AF0007D7A76E27F7AFA90817ACB93837ADE9030
:103B0000847AF38D887A77E2927A8292937A8B9193
:103B1000957A79E2967A7BE2977A78E2987A7AE2F5
:103B20009F7A418CA97A7CE2AA7A458CAE7A878BFF
:103B3000AF7A7197B07A7EE2B67A80E2BA7A4D892E
:103B4000BF7A83E2C37A968AC47A82E2C57A81E236
:103B5000C77A85E2C87A7DE2CA7A86E2CB7AA797ED
:103B6000CD7A87E2CF7A88E2D17A84FBD27AF29A50
:103B7000D37A8AE2D57A89E2D97A8BE2DA7A8CE250
:103B8000DC7AB397DD7A8DE2DF7AEDE8E07ACD8FEB
:103B9000E17A8EE2E27A8FE2E37A768FE57AB69383
:103BA000E67A90E2E77A85FBEA7A4792EB7A87FB3E
:103BB000ED7A91E2EF7A5B92F07A92E2F67AA38B59
:103BC000F87A5E99F97A7C92FA7AB18EFF7AC68A8F
:103BD000027B93E2047BA0E2067B96E2087B888B63
:103BE0000A7B95E20B7BA2E20F7B94E2117BCE8FE6
:103BF000187B98E2197B99E21B7B4A931E7B9AE221
:103C0000207B7D8A257B7990267B8495287B9CE28E
:103C10002C7BE691337B97E2357B9BE2367B9DE202
:103C2000397BF98D457BA4E2467B4D95487BA49476
:103C3000497B99934B7BD88B4C7BA3E24D7BA1E2D4
:103C40004F7BB394507B9EE2517B7D92527B9B9342
:103C5000547B9A93567BF48D5D7BB6E2657BA6E23E
:103C6000677BA8E26C7BABE26E7BACE2707BA9E287
:103C7000717BAAE2747BA7E2757BA5E27A7B9FE267
:103C8000867BCD95877BD3898B7BB3E28D7BB0E23E
:103C90008F7BB5E2927BB4E2947B9394957BA5965F
:103CA000977B5A8E987BAEE2997BB7E29A7BB2E221
:103CB0009C7BB1E29D7BADE29E7B88FB9F7BAFE26C
:103CC000A17BC78AAA7B5C92AD7BFB90B17BA09461
:103CD000B47BBCE2B87BA294C07BDF90C17BB9E22D
:103CE000C47BCD94C67BBDE2C77BD195C97B7A925C
:103CF000CB7BB8E2CC7BBAE2CF7BBBE2DD7BBEE222
:103D0000E07BC28EE47BC493E57BC3E2E67BC2E248
:103D1000E97BBFE2ED7B5598F37BC8E2F67BCCE212
:103D2000F77BC9E2007CC5E2077CC6E20D7CCBE2F2
:103D3000117CC0E2127CD399137CC7E2147CC1E2EF
:103D4000177CCAE21F7CD0E2217CC88A237CCDE2AA
:103D5000277CCEE22A7CCFE22B7CD2E2377CD1E2F8
:103D6000387CF4943D7CD3E23E7CFA973F7CEB9523
:103D7000407CD8E2437CD5E24C7CD4E24D7CD090B0
:103D80004F7CD7E2507CD9E2547CD6E2567CDDE20F
:103D9000587CDAE25F7CDBE2607CC4E2647CDCE2DB
:103DA000657CDEE26C7CDFE2737CC495757CE0E2CE
:103DB0007E7CE096817CCC8B827C488C837CE1E2AB
:103DC000897CB2958B7C88908D7CAE96907CE2E26B
:103DD000927CB197957C9494977C6591987C539450
:103DE0009B7C6C8F9F7CBE88A17CE7E2A27CE5E295
:103DF000A47CE3E2A57C9F8AA77CCF8FA87CE8E225
:103E0000AB7CE6E2AD7CE4E2AE7CECE2B17CEBE2E2
:103E1000B27CEAE2B37CE9E2B97CEDE2BD7CEEE2A1
:103E2000BE7CB890C07CEFE2C27CF1E2C57CF0E2DF
:103E3000CA7CD08CCE7C5791D27CF3E2D67C9C930A
:103E4000D87CF2E2DC7CF4E2DE7CB395DF7C8C9102
:103E5000E07C668DE27CF5E2E77CC697EF7CF7E2DA
:103E6000F27CF8E2F47CF9E2F67CFAE2F87C858EEA
:103E7000FA7CFBE2FB7C6E8CFE7C8A8B007D498B9E
:103E8000027D40E3047DF196057D678D067DFCE2B1
:103E90000A7D43E30B7DE4960D7D5B94107D529586
:103EA000147D838F157D42E3177DD18E187D688D3B
:103EB000197D868E1A7D898B1B7DB4951C7D41E30F
:103EC000207D6691217D6196227DF58D2B7D878EEB
:103ED0002C7DDB922E7D46E32F7DDD97307DD78DC7
:103EE000327D47E3337D6190357D49E3397DD08F65
:103EF0003A7DAE8D3F7D48E3427D498F437DBC8C4A
:103F0000447D6791457D44E3467D4AE3487D8AFBD5
:103F10004B7D45E34C7D6F8C4E7D4DE34F7D51E3F2
:103F2000507D8B8C567D4CE35B7D55E35C7D8BFB3C
:103F30005E7D698D617D8D97627DBA88637D52E378
:103F4000667D8B8B687D4FE36E7D50E3717D9D9325
:103F5000727D4EE3737D4BE3757D478A767DE290FB
:103F6000797DA68C7D7D57E3897D54E38F7D56E373
:103F7000937D53E3997D708C9A7DB1919B7D58E33D
:103F80009C7D8E919F7D65E3A07D8DFBA27D61E38D
:103F9000A37D5BE3AB7D5FE3AC7DF88EAD7DDB881D
:103FA000AE7D5AE3AF7D62E3B07D66E3B17D6A8D9D
:103FB000B27DD496B47DD492B57D5CE3B77D8CFBA5
:103FC000B87D64E3BA7D59E3BB7D5D92BD7D5EE360
:103FD000BE7DBB88BF7DC896C77D5DE3CA7DD98B9A
:103FE000CB7DEA94CF7D8D91D17DCE97D27D8F8F81
:103FF000D57D8EE3D67D8EFBD87D67E3DA7DFC90A0
:10400000DC7D63E3DD7D68E3DE7D6AE3E07DF792DE
:10401000E17D6DE3E47D69E3E87DD295E97DC98AC0
:10402000EC7DC996EF7DDC88F27D6CE3F47DFB9737
:10403000FB7D6BE3017E8F89047EEA93057E6EE350
:10404000097E75E30A7E6FE30B7E76E3127E72E3F0
:104050001B7E9B941E7EC88E1F7E74E3217E71E3BF
:10406000227E77E3237E70E3267E638F2B7E449649
:104070002E7E6B8F317E73E3327E80E3357E7BE371
:10408000377E7EE3397E7CE33A7E81E33B7E7AE3D2
:104090003D7E60E33E7ED190417EC994437E7DE3C8
:1040A000467E78E34A7E40914B7E718C4D7E4A8FEE
:1040B000527E8FFB547E4490557E5591567E84E30C
:1040C000597E86E35A7E87E35D7E83E35E7E85E3E9
:1040D000667E79E3677E82E3697E8AE36A7E89E3AE
:1040E0006D7E9A96707E4A8C797E88E37B7E8CE327
:1040F0007C7E8BE37D7E8FE37F7E91E3827E5B8E91
:10410000837E8DE3887E92E3897E93E38A7E5CFAE8
:104110008C7E94E38E7E9AE38F7E5A93907E96E314
:10412000927E95E3937E97E3947E98E3967E99E35F
:104130009B7E9BE39C7E9CE3367FCA8A387F9DE30F
:104140003A7F9EE3457F9FE3477F90FB4C7FA0E350
:104150004D7FA1E34E7FA2E3507FA3E3517FA4E311
:10416000547FA6E3557FA5E3587FA7E35F7FA8E3CD
:10417000607FA9E3677FACE3687FAAE3697FABE375
:104180006A7FDF8D6B7F728C6E7F7592707FB194CA
:10419000727F908F757F6C94777FEB94787FADE31F
:1041A000797FEB9C827FAEE3837FB0E3857F859749
:1041B000867FAFE3877FB2E3887FB1E38A7F729720
:1041C0008C7FB3E38E7FFC94947FB4E39A7FB7E354
:1041D0009D7FB6E39E7FB5E3A17F91FBA37FB8E30C
:1041E000A47F518CA87F4191A97F608BAE7FBCE3F7
:1041F000AF7FB9E3B27FBAE3B67FBDE3B87FBEE37A
:10420000B97FBBE3BD7F4889C17FA589C57FC0E376
:10421000C67FC1E3CA7FC2E3CC7F8297D27F4B8F38
:10422000D47FC4E3D57FC3E3E07F8990E17FC5E31A
:10423000E67FC6E3E97FC7E3EB7FE38AF07FCB8AC3
:10424000F37FC8E3F97FC9E3FB7F7C96FC7F83970C
:10425000008073970180569803806C8D0480CCE3B6
:104260000580D28E0680CBE30B80CDE30C80A78E39
:104270001080CF911280CEE315806B8D1780D5967C
:104280001880CFE31980D0E31C80D1E32180D2E3F2
:104290002880D3E33380A88E3680EB963B80D5E32D
:1042A0003D805E923F80D4E34680D7E34A80D6E3E8
:1042B0005280D8E35680B9905880D9E35A80DAE327
:1042C0005E80B7955F80DBE361808F916280DCE385
:1042D0006880DDE36F80FC977080E0E37280DFE34D
:1042E0007380DEE37480AE927680E1E37780459060
:1042F0007980E2E37D80E3E37E8057987F80E4E38A
:104300008480E5E38580E7E38680E6E38780A39405
:104310008980F7938B805D988C80A7949380E9E3E4
:104320009680D18F988049959A80EAE39B80E8E354
:104330009D80CC8AA180D28CA280888EA580EC94AE
:10434000A980A88CAA806296AC80EDE3AD80EBE3F7
:10435000AF806D8DB1806E8DB280E788B480E68DC0
:10436000BA807894C380DD88C480F2E3C6805F920F
:10437000CC807794CE80D991D680F4E3D980F0E3D5
:10438000DA80F3E3DB80EEE3DD80F1E3DE80459667
:10439000E180D38CE480FB88E580EFE3EF80F6E3F7
:1043A000F180F7E3F480B793F880B98BFC8045E4A3
:1043B000FD805C940281898E0581BA8B0681C6904E
:1043C000078165980881AC960981F5E30A81D2904E
:1043D0001A81728B1B81F8E32381FAE32981F9E3C7
:1043E0002F81FBE33181459233815D943981AF9216
:1043F0003E8142E4468141E44B81FCE34E8174906E
:1044000050818595518144E4538143E454816F8DFB
:10441000558172985F8154E4658148E4668149E47E
:104420006B81EE8E6E8147E47081988D718146E4D8
:1044300074814AE47881B0927981A0957A81429121
:104440007F81DA9180814EE482814FE483814BE465
:1044500088814CE48A814DE48F81708D938155E48D
:10446000958151E49A8186959C818C969D81479592
:10447000A08150E4A38153E4A48152E4A88163960F
:10448000A98156E4B08157E4B3815691B58158E4CF
:10449000B8815AE4BA815EE4BD815BE4BE8159E42F
:1044A000BF815E94C0815CE4C2815DE4C681B08955
:1044B000C88164E4C9815FE4CD8160E4D18161E4B5
:1044C000D3819F91D88163E4D98162E4DA8165E484
:1044D000DF8166E4E08167E4E3816290E581E7895A
:1044E000E78168E4E881D597EA81A98EED814C8F58
:1044F000F3818A8EF4817692FA8169E4FB816AE421
:10450000FC815089FE816BE401826CE402826DE4DF
:1045100005826EE407826FE40882BB8B0982A89D46
:104520000A8270E40C82E3900D8271E40E82C98EDF
:10453000108272E41282AE98168273E41782DC95C0
:104540001882DA8A1B8243911C82778F1E82919592
:104550001F824D8F298274E42A82718D2B8275E42B
:104560002C82CA942E8284E4338277E43582C79108
:10457000368295943782BD8C388276E439824491B4
:10458000408278E44782F89258827AE4598279E44A
:104590005A827CE45D827BE45F827DE4628280E417
:1045A00064827EE46682CD8A688281E46A8282E4E3
:1045B0006B8283E46E82AF8D6F82C797718285E4D0
:1045C0007282469076829089778286E4788287E448
:1045D0007E8288E48B82F0888D8289E492828AE4EC
:1045E000998287959D82C58E9F828CE4A582488A98
:1045F000A682B088AB828BE4AC828EE4AD826D94EF
:10460000AF826390B182D489B3824696B8827C8CA3
:10461000B982DA8BBB828DE4BD82E889C582A18A2A
:10462000D1829189D28292E4D382E897D482DB91BD
:10463000D7826395D9829EE4DB82D589DC829CE4B3
:10464000DE829AE4DF8291E4E1828FE4E38290E407
:10465000E582E18EE682EA8BE7829792EB82CF9346
:10466000F1827089F38294E4F48293E4F98299E40C
:10467000FA8295E4FB8298E4018393FB0283CE9651
:10468000038397E40483D68905839D8A06839BE48C
:1046900009839DE40E83738C1683A1E41783AAE437
:1046A0001883ABE41C83A9882383B2E42883EF88B2
:1046B0002B83A9E42F83A8E43183A3E43283A2E40B
:1046C0003483A0E435839FE4368383923883F99161
:1046D0003983A5E44083A4E44583A7E4498390910A
:1046E0004A83748C4F8360895083A6E45283728D11
:1046F00058839191628394FB7383B8E47583B9E422
:104700007783D7897B83AC897C83B6E47F8395FBF1
:104710008583ACE48783B4E48983BBE48A83B5E40E
:104720008E83B3E4938396E49683B1E49A83ADE4F5
:104730009E83CE8A9F83AFE4A083BAE4A283B0E4D1
:10474000A883BCE4AA83AEE4AB839C94B18389972D
:10475000B583B7E4BD83CDE4C183C5E4C5839B9035
:10476000C78396FBCA83658BCC83DB8BCE83C0E487
:10477000D383D989D683D28FD883C3E4DC83D88D01
:10478000DF837093E083C8E4E983EC95EB83BFE4B7
:10479000EF83D889F083D48CF1834895F283C9E400
:1047A000F483BDE4F68397FBF783C6E4FB83D0E490
:1047B000FD83C1E40384C2E40484B8930784C7E49E
:1047C0000B84C4E40C8447960D84CAE40E84DE880E
:1047D0001384BEE42084CCE42284CBE429848B942B
:1047E0002A84D2E42C84DDE431849E8A3584E0E49A
:1047F0003884CEE43C84D3E43D848E974684DCE464
:10480000488498FB498474974E84A897578498925B
:104810005B848B8A618492956284E2E463849F93D3
:104820006684AF886984DBE46B84D7E46C849291FE
:104830006D84D1E46E84D9E46F84DEE471844B949A
:104840007584A8887784D6E47984DFE47A8498959F
:104850008284DAE48484D5E48B84D38F90844E8F71
:104860009484AA8E9984D6969C8466959F84E5E468
:10487000A184EEE4AD84D8E4B284978AB48499FB31
:10488000B884F68FB984E3E4BB84E8E4BC849391F4
:10489000BF84E4E4C184EBE4C4847E92C684ECE487
:1048A000C9847597CA84E1E4CB84578ACD84E7E450
:1048B000D084EAE4D184AA96D684EDE4D984E6E4EF
:1048C000DA84E9E4DC8460FAEC844896EE8440986B
:1048D000F484F1E4FC84F8E4FF84F0E40085C18E04
:1048E0000685CFE41185CC951385A0961485F7E451
:1048F0001585F6E41785F2E41885F3E41A855589E1
:104900001F85F5E42185EFE42685D3922C85F4E418
:104910002D85FC883585A0913D85C1954085F9E4BC
:10492000418540E54385D7944885FCE44985D48F8B
:104930004A85C78E4B8542E54E85BC8B53859AFBD5
:10494000558543E5578599955885FBE459859BFB2B
:104950005A85D4E46385FAE468856E986985A093E6
:104960006A8593956B859CFB6D854AE5778550E557
:104970007E8551E5808544E58485969487854EE55E
:10498000888546E58A8548E5908552E5918547E525
:1049900094854BE5978592899985E3939B854CE5B2
:1049A0009C854FE5A48545E5A6854591A88549E503
:1049B000A985468EAA856490AB854F8CAC85F2960E
:1049C000AE85F796AF85928FB0859EFBB98556E58B
:1049D000BA8554E5C1856D98C98553E5CD85959710
:1049E000CF8555E5D08557E5D58558E5DC855BE570
:1049F000DD8559E5E485A193E5855AE5E985CB9404
:104A0000EA854DE5F785938FF9855CE5FA8561E5E3
:104A1000FB859491FE8560E5028641E5068662E5A8
:104A2000078668910A865DE50B865FE513865EE57D
:104A30001686509F1786419F1A8664E5228663E595
:104A40002D8696972F86BAE1308665E53F8666E526
:104A50004D8667E54E86D58C5086738B548669E506
:104A600055867C995A86958B5C86B8975E86F18BC5
:104A70005F866AE567866BE56B868E9271866CE56C
:104A80007986F8937B86B8888A86E1898B8671E57A
:104A90008C8672E593866DE595865C8EA3866EE5C1
:104AA000A4866194A9866FE5AA8670E5AB867AE54F
:104AB000AF8674E5B08677E5B68673E5C48675E59E
:104AC000C68676E5C786D68EC98678E5CB8660929F
:104AD000CD86758CCE86618AD4867BE5D9865E8A42
:104AE000DB8681E5DE867CE5DF8680E5E486B894BA
:104AF000E9867DE5EC867EE5ED866795EE86D894C1
:104B0000EF8682E5F886FB91F9868CE5FB8688E5E1
:104B1000FE86E989008786E502874996038787E54F
:104B2000068784E5088785E509878AE50A878DE594
:104B30000D878BE5118789E5128783E518877792C2
:104B40001A8794E51C87A896258792E5298793E51F
:104B500034878EE5378790E53B8791E53F878FE582
:104B60004987E4904B8758984C8798E54E8799E59C
:104B700053879FE55587499057879BE559879EE561
:104B80005F8796E5608795E56387A0E56687DA89A4
:104B900068879CE56A87A1E56E879DE574879AE53D
:104BA0007687B192788797E57F8788948287A5E595
:104BB0008D875A979F87A4E5A287A3E5AB87ACE5CD
:104BC000AF87A6E5B387AEE5BA878697BB87B1E521
:104BD000BD87A8E5C087A9E5C487ADE5C687B0E570
:104BE000C787AFE5CB87A7E5D087AAE5D287BBE526
:104BF000E087B4E5EF87B2E5F287B3E5F687B8E57D
:104C0000F787B9E5F987498AFB87618BFE87B7E5A6
:104C10000588A2E50788A1FB0D88B6E50E88BAE5F0
:104C20000F88B5E51188BCE51588BEE51688BDE599
:104C30002188C0E52288BFE5238879E52788C4E577
:104C40003188C1E53688C2E53988C3E53B88C5E5CA
:104C500040888C8C4288C7E54488C6E546884F8FDB
:104C60004C88738D4D88A59F5288C8E55388708FF6
:104C70005788588A5988C9E55B8871895D88D58FBE
:104C80005E88CAE56188748D6288CBE56388DF88B9
:104C900068885C956B88CCE570888A907288D3E5CB
:104CA0007588D0E577888F927D88D1E57E88CEE5BE
:104CB0007F88DC8B8188CDE58288D4E58888558C17
:104CC0008B88DC918D88DAE59288D6E59688B39159
:104CD0009788D5E59988D8E59E88CFE5A288D9E55B
:104CE000A488DBE5AB88ED94AE88D7E5B088DCE539
:104CF000B188DEE5B488D18CB588D2E5B788BF88A5
:104D0000BF88DDE5C188D98DC288F497C388DFE507
:104D1000C488E0E5C5889591CF88A097D488E1E55F
:104D2000D5885497D888E2E5D988E3E5DC88E29510
:104D3000DD88E4E5DF88BE8DE188A197E888E9E5B4
:104D4000F288EAE5F388D68FF488E8E5F588A2FBD7
:104D5000F8888797F988E5E5FC88E7E5FD88BB904A
:104D6000FE889E900289E6E50489EBE50789A19516
:104D70000A89EDE50C89ECE510898C8A12894A963E
:104D80001389EEE51C895DFA1D89FAE51E89F0E5B7
:104D90002589F1E52A89F2E52B89F3E53689F7E5DE
:104DA0003889F8E53B89F6E54189F4E54389EFE583
:104DB0004489F5E54C89F9E54D89B5E85689A68918
:104DC0005E89FCE55F89DD8B6089FBE5648941E6EE
:104DD000668940E66A8943E66D8942E66F8944E662
:104DE0007289508F748945E6778946E67E8947E661
:104DF0007F89BC9081897697838948E68689A295C8
:104E000087896594888949E68A894AE68B89A98CCD
:104E10008F894B8B93894BE696898B8E978960940B
:104E200098894CE69A896F8AA1894DE6A6894FE652
:104E3000A7899797A9894EE6AA896590AC8950E61B
:104E4000AF8951E6B28952E6B389CF8ABA8953E66F
:104E5000BD8954E6BF8955E6C08956E6D289708A75
:104E6000DA8957E6DC8958E6DD8959E6E389F08975
:104E7000E6894790E7895AE6F4895BE6F8895CE6BB
:104E8000008ABE8C028AF992038A5DE6088A768CD3
:104E90000A8A75900C8A60E60E8AA293108A5FE6F1
:104EA000128AA3FB138A508C168A5EE6178AF59144
:104EB000188A4C8B1B8A61E61D8A62E61F8AD78F8F
:104EC000238A8D8C258A63E62A8A4B962D8ADD906B
:104ED000318A968B338AF396348A6991368A64E6EE
:104EE000378AA4FB3A8A66903B8A90923C8AD88F94
:104EF000418A65E6468A68E6488A69E6508ABC8D3A
:104F0000518AC091528A67E6548AD98F558A5D9535
:104F10005B8A66E65E8A8C8E608A7289628A6DE63A
:104F2000638A778C668A8E8E698A8D8E6B8A6C987E
:104F30006C8A6CE66D8A6BE66E8A4691708A6C8B21
:104F4000718A6298728A598A738ADA8F798AA5FB84
:104F50007C8A6AE6828A6FE6848A70E6858A6EE6D3
:104F6000878AD68C898A5F978C8A8F8E8D8A4694A1
:104F7000918A73E6938ABE90958A6192988A559732
:104F80009A8A76E69E8AEA8CA08ABD90A18A72E609
:104F9000A38A77E6A48AEB8CA58A74E6A68A75E6CE
:104FA000A78AA6FBA88A71E6AC8AE090AD8AC7936F
:104FB000B08A4E92B28ADB89B98AEE94BC8A628B3F
:104FC000BE8AA7FBBF8AB292C28A7AE6C48A78E612
:104FD000C78A6B92CB8ABF90CC8AD08ACD8A79E679
:104FE000CF8A7A90D28AC897D68A5F98DA8A7BE687
:104FF000DB8A87E6DC8AB392DE8A86E6DF8AA8FB54
:10500000E08A83E6E18A8BE6E28A84E6E48A80E647
:10501000E68AFA92E78A7EE6EB8A7CE6ED8A40979A
:10502000EE8A908EF18A81E6F38A7DE6F68AAAFB03
:10503000F78A85E6F88A948FFA8ABF8CFE8AF891FF
:10504000008B6496018B7989028BE088048BA39393
:10505000078B89E60C8B88E60E8BE493108B8DE62C
:10506000148B82E6168B8CE6178B8EE6198BAA8C36
:105070001A8B8AE61B8B758D1D8BD38E208B8FE64A
:10508000218B7797268B92E6288B95E62B8B93E6E0
:105090002C8B5495338B90E6398BDE8B3E8B94E6CC
:1050A000418B96E6498B9AE64C8B97E64E8B99E6B8
:1050B0004F8B98E6538BABFB568B9BE6588BAF8E92
:1050C0005A8B9DE65B8B9CE65C8B88955F8B9FE69D
:1050D000668B788C6B8B9EE66C8BA0E66F8BA1E663
:1050E000708B638B718BBFE3728BF78F748BA2E62F
:1050F000778BEC8C7D8BA3E67F8BACFB808BA4E65F
:10510000838B5D8E8A8BCC9D8C8BA5E68E8BA6E6E1
:10511000908B518F928BA7E6938BA8E6968BA9E68E
:10512000998BAAE69A8BABE6378C4A923A8CACE61E
:105130003F8CAEE6418CADE6468CA493488CAFE63E
:105140004A8C4C964C8CB0E64E8CB1E6508CB2E654
:10515000558CB3E65A8CD893618CDB8F628CB4E6A5
:105160006A8C8B8D6B8CAC986C8CB5E6788CB6E6C3
:10517000798C5E957A8CB7E67C8CBFE6828CB8E63B
:10518000858CBAE6898CB9E68A8CBBE68C8C6596F0
:105190008D8CBCE68E8CBDE6948CBEE6988CC0E609
:1051A0009D8C4C8A9E8CE592A08C8995A18CE08D7B
:1051B000A28C768DA78C6E95A88CDD89A98CCC9459
:1051C000AA8CC3E6AB8CD18AAC8CD390AD8CC2E6F2
:1051D000AE8CC7E6AF8C9992B08CE196B28CC5E6E6
:1051E000B38CC6E6B48C4D8BB68CC8E6B78C839472
:1051F000B88CDD91BB8CEF94BC8C5C93BD8CC4E609
:10520000BF8C6696C08CEA89C18CCAE6C28C47986E
:10521000C38CC092C48C6498C78C918EC88CC9E62C
:10522000CA8CAF91CD8CDAE6CE8C4791D18CF693B7
:10523000D38C6F95DA8CCDE6DB8C5E8EDC8C928E17
:10524000DE8CDC8FE08C8594E28CAB8CE38CCCE63E
:10525000E48CCBE6E68C8A95EA8CBF8EED8C71935C
:10526000F08CADFBF48CAEFBFA8CCFE6FB8CD0E679
:10527000FC8C778DFD8CCEE6048DD1E6058DD2E6D3
:10528000078DD4E6088DA1910A8DD3E60B8DE48AB3
:105290000D8DD6E60F8DD5E6108DD7E6128DAFFBBE
:1052A000138DD9E6148DDBE6168DDCE6648DD49083
:1052B000668DCD8E678DDDE66B8D718A6D8DDEE638
:1052C000708D9691718DDFE6738DE0E6748D8B9510
:1052D000768DB0FB778D4E8B818DE1E6858DB49216
:1052E0008A8D7A89998DE2E6A38DEF8EA88D9690AE
:1052F000B38DAB91BA8DE5E6BE8DE4E6C28DE3E6F3
:10530000CB8DEBE6CC8DE9E6CF8DE6E6D68DE8E6F3
:10531000DA8DE7E6DB8DEAE6DD8D978BDF8DEEE655
:10532000E18DD590E38DEFE6E88DD78CEA8DECE644
:10533000EB8DEDE6EF8D4898F38DB592F58D4891A4
:10534000FC8DF0E6FF8DF3E6088EF1E6098EF2E6BD
:105350000A8E78970F8EA593108EF6E61D8EF4E6D2
:105360001E8EF5E61F8EF7E62A8E48E7308EFAE6A7
:10537000348EFBE6358EF9E6428EF8E6448EFB92DB
:10538000478E40E7488E44E7498E41E74A8EFCE667
:105390004C8E42E7508E43E7558E4AE7598E45E7DB
:1053A0005F8ED690608E47E7638E49E7648E46E74E
:1053B000728E4CE7748E528F768E4BE77C8E4DE763
:1053C000818E4EE7848E51E7858E50E7878E4FE7BA
:1053D0008A8E53E78B8E52E78D8EF496918E55E729
:1053E000938E54E7948E56E7998E57E7A18E59E72E
:1053F000AA8E58E7AB8E6790AC8E5AE7AF8EEB8BD8
:10540000B08E5BE7B18E5DE7BE8E5EE7C58E5FE76F
:10541000C68E5CE7C88E60E7CA8ED48ECB8E61E7FD
:10542000CC8E4F8BCD8E528CCF8EB2FBD28EAC8C6D
:10543000DB8E62E7DF8EEE93E28E5D93E38E63E7B1
:10544000EB8E66E7F88EB28EFB8E65E7FC8E64E726
:10545000FD8E798CFE8E67E7038F728A058F69E770
:10546000098FDA8D0A8F68E70C8F71E7128F6BE76F
:10547000138F6DE7148FE395158F6AE7198F6CE72B
:105480001B8F70E71C8F6EE71D8F508B1F8F6FE790
:10549000268F72E7298F79942A8FD6972F8F538F73
:1054A000338F73E7388F4197398F75E73B8F74E7F8
:1054B0003E8F78E73F8F6097428F77E7448F8D8AE2
:1054C000458F76E7468F7BE7498F7AE74C8F79E700
:1054D0004D8F51934E8F7CE7578F7DE75C8F7EE732
:1054E0005F8F8C8D618F448C628F80E7638F81E743
:1054F000648F82E79B8F68909C8F83E79E8FAB8E33
:105500009F8F84E7A38F85E7A78F9F99A88F9E9988
:10551000AD8F86E7AE8F90E3AF8F87E7B08F439272
:10552000B18F4A90B28F5F94B78F88E7BA8FD395C7
:10553000BB8FD292BC8F9E8DBF8F4892C28F4989FC
:10554000C48F9896C58F7690CE8F7D8CD18FDF8B50
:10555000D48FD495DA8F89E7E28F8BE7E58F8AE7DE
:10556000E68FDE89E98FF493EA8F8CE7EB8F9794CF
:10557000ED8F5293EF8F8DE7F08F718FF48F8FE760
:10558000F78FC096F88F9EE7F98F91E7FA8F92E731
:10559000FD8FC7920090DE91019097910390A693A2
:1055A000059090E70690748B0B9099E70D9096E725
:1055B0000E90A3E70F90A79310908092119093E71D
:1055C0001390FC9214907293159094E7169098E7BC
:1055D00017908090199087941A90CA921D90C0904D
:1055E0001E9097E71F90AC912090A291219095E793
:1055F0002290A7882390419827909AE72E90DF91D8
:105600003190548F3290699035909CE736909BE7AB
:105610003890ED8839909DE73C904E953E90A5E7F7
:105620004190D99342908B90459078924790F68B19
:105630004990A4E74A9056974B905E894D90D59536
:105640004E90DF894F909FE75090A0E75190A1E7DF
:105650005290A2E75390B993549042925590E188AA
:105660005690A6E75890A7E75990A1EA5C90BB91A5
:105670005E90A8E76090938961906B916390AD8C88
:10568000659079976790B5FB6890A9E769904B930F
:105690006D9098916E90D58E6F90AAE77290ADE75D
:1056A0007590858F7690ABE777904A917890499185
:1056B0007A90E2887C90C9977D90AFE77F90F094D4
:1056C0008090B1E78190B0E78290AEE7839084E26A
:1056D0008490D28A87908EE78990B3E78A90B2E768
:1056E0008F90B4E791905797A390DF93A6904D9633
:1056F000A890B5E7AA90D78EAF90B6E7B190B7E77C
:10570000B590B8E7B8904093C190E888CA90788D7A
:10571000CE905998DB90BCE7DE90B6FBE190538CBD
:10572000E290B9E7E490BAE7E8909495ED90738A37
:10573000F5905897F790BD8BFD9073930291BDE75C
:105740001291BEE71591B8FB1991BFE72791B9FBFC
:105750002D9141933091C1E73291C0E74991D193A6
:105760004A91C2E74B91558F4C91DE8E4D917A94C0
:105770004E9191925291F08E54918C905691C3E734
:105780005891C4E762917C906391C5E76591C6E743
:105790006991C7E76A918F976C91568F7291C9E7AB
:1057A0007391C8E77591798D7791938D78915F8E1C
:1057B0008291CCE78791868F8991CBE78B91CAE75D
:1057C0008D91E7919091ED8C9291C1909791AE94CB
:1057D0009C91588FA291CDE7A491DD8FAA91D0E73B
:1057E000AB91CEE7AF91CFE7B491D2E7B591D1E7D6
:1057F000B891F88FBA91D3E7C091D4E7C191D5E7BA
:10580000C691CE94C791D18DC891DF8EC991D6E74C
:10581000CB91D7E7CC91A297CD91648FCE91EC96A6
:10582000CF91CA97D091D8E7D191E08BD691D9E7A3
:10583000D791BBFBD8914293DA91BAFBDB91DCE7BD
:10584000DC91988ADD916A90DE91BCFBDF91DAE70A
:10585000E191DBE7E391DE92E491BFFBE591C0FBD0
:10586000E6917496E791FA8BED91BDFBEE91BEFB4C
:10587000F591DEE7F691DFE7FC91DDE7FF91E1E7E7
:105880000692C1FB0A92C3FB0D92DD930E92628ACF
:105890001092C2FB1192E5E71492E2E71592E4E759
:1058A0001E92E0E729926EE82C92E3E73492E997A2
:1058B0003792D88C3992CAFB3A92C4FB3C92C6FB11
:1058C0003F92EDE74092C5FB449253934592E8E73F
:1058D0004892EBE74992E9E74B92EEE74E92C7FB1D
:1058E0005092EFE75192C9FB5792E7E75992C8FBF4
:1058F0005A92F4E75B9294895E92E6E76292AB94E7
:105900006492EAE76692DE8F6792CBFB71927A8DA2
:105910007792CDFB7892CEFB7E9267968092E28B57
:105920008392658F8592BA9388925FFA91924C9197
:105930009392F2E79592ECE79692F1E79892C196EE
:105940009A92B6929B92F3E79C92F0E7A792CCFBD7
:10595000AD924B91B792F7E7B992F6E7CF92F5E7A0
:10596000D092D2FBD2924E96D392D6FBD592D4FB54
:10597000D792D0FBD992D1FBE092D5FBE4929B8FDA
:10598000E792CFFBE992F8E7EA92DD95ED92738911
:10599000F2926595F3929292F892988BF99265FA49
:1059A000FA92FAE7FB92D9FBFC927C8DFF92DCFB2A
:1059B0000293DEFB06934B8E0F93F9E710938D90C5
:1059C00018938E90199340E81A9342E81D93DDFBDB
:1059D0001E93DBFB2093F98F2193D8FB229341E8A0
:1059E000239343E82593D7FB2693D18B2893649583
:1059F0002B93E08E2C9342982E93FCE72F93F68DF9
:105A000032935E98359345E83A9344E83B9346E8F1
:105A10004493FBE748935EFA4B93E7934D9374935B
:105A20005493D59256934BE85793E0FB5B93629265
:105A30005C9347E8609348E86C934C8C6E934AE81B
:105A40007093DFFB7593AE8C7C9349E87E93DF8F78
:105A50008C93998A94934FE89693BD8D97939991DF
:105A60009A93C892A493E1FBA7935A8AAC934DE80A
:105A7000AD934EE8AE93C192B0934CE8B99350E821
:105A8000C39356E8C693E2FBC89359E8D09358E80D
:105A9000D1934C93D69351E8D79352E8D89355E8D5
:105AA000DD9357E8DE93E3FBE193BE8BE4935AE882
:105AB000E59354E8E89353E8F893E4FB03945EE835
:105AC00007945FE8109460E813945DE814945CE830
:105AD0001894E08F1994A8931A945BE8219464E8D1
:105AE0002B9462E83194E5FB359463E8369461E8E1
:105AF0003894F6913A9465E8419466E8449468E8ED
:105B00004594E6FB4894E7FB5194D38A529467E8A6
:105B10005394F8965A9473E85B9469E85E946CE841
:105B200060946AE862946BE86A946DE870946FE838
:105B3000759470E8779471E87C9474E87D9472E8C9
:105B40007E9475E87F9477E8819476E87795B792AC
:105B50008095E596829578E883954D91879579E8CB
:105B60008995C2958A957AE88B954A8A8F955B8943
:105B70009195D58A9295E8FB9395D48A94957BE884
:105B800096957CE898957DE899957EE8A09580E8C3
:105B9000A295D68AA395748AA4957D8DA595B49473
:105BA000A79582E8A89581E8AD9583E8B2957B89B1
:105BB000B99586E8BB9585E8BC9584E8BE9587E8ED
:105BC000C3958AE8C795C588CA9588E8CC958CE8BE
:105BD000CD958BE8D4958EE8D5958DE8D6958FE850
:105BE000D895AC93DC9590E8E19591E8E29593E83F
:105BF000E59592E81C968C95219694E8289695E870
:105C00002A96E38D2E9696E82F9697E83296689618
:105C10003B966A913F96A2884096C991429698E831
:105C200044968D954B969BE84C9699E84D967E8DC3
:105C30004F969AE85096C08C5B96C3955C969DE80B
:105C40005D969FE85E969EE85F96A0E86296408922
:105C50006396779064969C8F6596D78A6696A1E83E
:105C60006A9686946C96A3E8709641897296A2E82B
:105C70007396C2927596CB977696A99377969CE881
:105C80007896A4977A96AF8C7D967A978596F78BBF
:105C90008696B2978896478C8A96E0918B9640E4D8
:105CA0008D96A4E88E964B8A8F968F909496758ADF
:105CB0009596A6E89796A7E89896A5E89996848C75
:105CC0009B96DB8D9C96E18F9D96EBFBA09642897F
:105CD000A396D797A796A9E8A896ACE7AA96A8E8AE
:105CE000AF96ECFBB096ACE8B196AAE8B296ABE8FA
:105CF000B496ADE8B696AEE8B796EA97B896AFE830
:105D0000B996B0E8BB96C790BC96B994C0969D90E2
:105D1000C196E58AC4965997C596EB89C696578F62
:105D2000C796D98CC996B3E8CB96B2E8CC96938E39
:105D3000CD96B4E8CE96B1E8D196478ED596B8E820
:105D4000D696ABE5D996D499DB969790DC96B6E8D3
:105D5000E296A397E396EF93E8964A89EA96E19054
:105D6000EB96B48EF096B595F2965F89F696EB9722
:105D7000F7968B97F996B9E8FB9664930097F98E9E
:105D80000497BAE80697BBE807976B900897BCE8BA
:105D90000A97EC970D97B7E80E97BEE80F97C0E803
:105DA0001197BFE81397BDE81697C1E81997C2E8A5
:105DB0001C979A911E97E0892497C3E82797B69677
:105DC0002A97C4E83097C5E8329749983397EDFB96
:105DD0003897509E3997C6E83B97EEFB3D97C7E84A
:105DE0003E97C8E84297CCE84397EFFB4497C9E851
:105DF0004697CAE84897CBE84997CDE84D97F0FB1E
:105E00004F97F1FB5197F2FB5297C2905597F3FBD6
:105E10005697F5965997C3905C97CEE85E97F194A4
:105E20006097CFE8619772EA6297CA966497D0E864
:105E30006697D1E86897D2E86997768A6B97D4E835
:105E40006D9778907197D5E87497438C7997D6E8D9
:105E50007A97DAE87C97D8E88197D9E88497938A8B
:105E60008597D7E88697DBE88B97DCE88D97C6881F
:105E70008F97DDE89097DEE89897E28F9C97DFE8B0
:105E8000A097668BA397E2E8A697E1E8A897E0E8D9
:105E9000AB9791E6AD97DA95B397E3E8B497E4E86A
:105EA000C397E5E8C697E6E8C897E7E8CB97E8E840
:105EB000D397D88ADC97E9E8ED97EAE8EE97429421
:105EC000F297ECE8F397B989F597EFE8F697EEE8E3
:105ED000FB974389FF97BF8B0198C5950298B892AD
:105EE0000398A08D0598808D0698878F08987B90E1
:105EF0000C98F1E80F98F0E8109861971198E68AED
:105F00001298D0941398DA9317989C901898CC977D
:105F10001A987A8C2198F4E82498F3E82C986A96D9
:105F20002D98AA9334986F893798F5E83898F2E855
:105F30003B9870953C988A973D98F6E84698F7E824
:105F40004B98F9E84C98E8914D987A8A4E987B8A5C
:105F50004F98F8E85498E78A5598B08C5798F4FB16
:105F60005898E88A5B985E935E98DE976598F5FB93
:105F70006798DA8C6B98FAE86F98FBE87098FCE801
:105F8000719840E9739842E9749841E9A898979507
:105F9000AA9843E9AF9844E9B19845E9B69846E92B
:105FA000C39848E9C49847E9C69849E9DB98F29450
:105FB000DC98CAE3DF984890E298518BE9984AE967
:105FC000EB984BE9ED98AA99EE985A9FEF98D194E7
:105FD000F298F988F498B988FC98948EFD984F96B9
:105FE000FE98FC8F03994CE90599DD9609994DE9D6
:105FF0000A997B970C9961891099608E12994EE9E4
:106000001399EC8914994FE9189950E91D9952E9AF
:106010001E9953E9209955E9219951E9249954E9A8
:106020002799F8FB2899D98A2C9956E92E9957E98E
:106030003D9958E93E9959E942995AE945995CE9EF
:1060400049995BE94B995EE94C9961E950995DE9A1
:1060500051995FE9529960E9559962E95799C08B66
:106060009699F18E979963E9989964E99999818D48
:106070009E99FAFBA59965E9A8995D8AAC996E94F9
:10608000AD9966E9AE9967E9B3997992B499E993C4
:10609000BC9968E9C1999D94C499CA91C5997789B9
:1060A000C699EC8BC899ED8BD0999392D1996DE9F3
:1060B000D299EE8BD599ED89D8996CE9DB996AE98B
:1060C000DD996BE9DF9969E9E29977E9ED996EE984
:1060D000EE996FE9F19970E9F29971E9F89973E92C
:1060E000FB9972E9FF99788F019A74E9059A76E92C
:1060F0000E9A528B0F9A75E9129A9B91139AB18C52
:10610000199A78E9289ACB912B9A79E9309AAB932E
:10611000379A7AE93E9A80E9409A7DE9429A7CE989
:10612000439A7EE9459A7BE94D9A82E94E9AFBFBB8
:10613000559A81E9579A84E95A9AC18B5B9A83E907
:106140005F9A85E9629A86E9649A88E9659A87E99F
:10615000699A89E96A9A8BE96B9A8AE9A89A9C8D6F
:10616000AD9A8CE9B09A8DE9B89A5B8ABC9A8EE9AF
:10617000C09A8FE9C49A9190CF9A90E9D19A91E907
:10618000D39A92E9D49A93E9D89A828DD99AFCFB52
:10619000DC9A40FCDE9A94E9DF9A95E9E29A96E966
:1061A000E39A97E9E69A98E9EA9AAF94EB9A9AE922
:1061B000ED9A4595EE9A9BE9EF9A99E9F19A9DE956
:1061C000F49A9CE9F79A9EE9FB9A9FE9069BA0E95D
:1061D000189BA1E91A9BA2E91F9BA3E9229BA4E9B2
:1061E000239BA5E9259BA6E9279BA7E9289BA8E96E
:1061F000299BA9E92A9BAAE92E9BABE92F9BACE935
:10620000319B549F329BADE93B9BF6E23C9B538B09
:10621000419B408A429BB08D439BAFE9449BAEE9D2
:10622000459BA3964D9BB1E94E9BB2E94F9BB0E9CC
:10623000519BB3E9549B8296589BB4E95A9B9B8B24
:106240006F9B4498729B42FC749BB5E9759B41FC23
:10625000839BB7E98E9BBC888F9B43FC919BB8E9DD
:10626000929BA995939BB6E9969BB9E9979BBAE94E
:106270009F9BBBE9A09BBCE9A89BBDE9AA9B8E960E
:10628000AB9B4C8EAD9BF88DAE9B4E91B19B44FC6D
:10629000B49BBEE9B99BC1E9BB9B45FCC09BBFE970
:1062A000C69BC2E9C99BEF8CCA9BC0E9CF9BC3E9DF
:1062B000D19BC4E9D29BC5E9D49BC9E9D69B498E41
:1062C000DB9BE291E19BCAE9E29BC7E9E39BC6E95C
:1062D000E49BC8E9E89B7E8CF09BCEE9F19BCDE97D
:1062E000F29BCCE9F59BB188009C46FC049CD8E964
:1062F000069CD4E9089CD5E9099CD1E90A9CD7E918
:106300000C9CD3E90D9C828A109C6B98129CD6E958
:10631000139CD2E9149CD0E9159CCFE91B9CDAE9C7
:10632000219CDDE9249CDCE9259CDBE92D9C68951A
:106330002E9CD9E92F9CF188309CDEE9329CE0E963
:10634000399C8F8A3A9CCBE93B9C56893E9CE2E97A
:10635000469CE1E9479CDFE9489C4C92529C909610
:10636000579CD8975A9CE3E9609CE4E9679CE5E96F
:10637000769CE6E9789CE7E9E59CB992E79CE8E938
:10638000E99CB594EB9CEDE9EC9CE9E9F09CEAE929
:10639000F39C5096F49CC296F69CCE93039DEEE936
:1063A000069DEFE9079DBC93089DECE9099DEBE98B
:1063B0000E9DA889129DF7E9159DF6E91B9D95890B
:1063C0001F9DF4E9239DF3E9269DF1E9289D9B8A11
:1063D0002A9DF0E92B9DB08E2C9DA7893B9D838D36
:1063E0003E9DFAE93F9DF9E9419DF8E9449DF5E9B3
:1063F000469DFBE9489DFCE9509D44EA519D43EAD6
:10640000599D45EA5C9D4C895D9D40EA5E9D41EA4F
:10641000609D948D619DB796649D42EA6B9D48FC9A
:106420006C9D51966F9D4AEA709D47FC729D46EAAD
:106430007A9D4BEA879D48EA899D47EA8F9D7B8C30
:106440009A9D4CEAA49D4DEAA99D4EEAAB9D49EA6E
:10645000AF9DF2E9B29D4FEAB49DDF92B89D53EA39
:10646000BA9D54EABB9D52EAC19D51EAC29D57EACA
:10647000C49D50EAC69D55EACF9D56EAD39D59EA80
:10648000D99D58EAE69D5BEAED9D5CEAEF9D5DEAE9
:10649000F29D6898F89D5AEAF99DE991FA9DEB8D75
:1064A000FD9D5EEA199E4AFC1A9E5FEA1B9E60EA09
:1064B0001E9E61EA759E62EA789EB28C799E63EABE
:1064C0007D9E64EA7F9EAD8E819E65EA889E66EA27
:1064D0008B9E67EA8C9E68EA919E6BEA929E69EABF
:1064E000939E5B98959E6AEA979EED979D9E6CEAB7
:1064F0009F9ED997A59E6DEAA69E9E94A99E6EEA40
:10650000AA9E70EAAD9E71EAB89E6FEAB99E8D8D23
:10651000BA9ECB96BB9E8396BC9EF59BBE9E809FEB
:10652000BF9E9B96C49EA989CC9E73EACD9E6F8B1D
:10653000CE9E74EACF9E75EAD09E76EAD19E4BFC41
:10654000D29E958DD49E77EAD89ED2E0D99ED996D8
:10655000DB9EE191DC9E78EADD9E7AEADE9E79EAB6
:10656000E09E7BEAE59E7CEAE89E7DEAEF9E7EEA7D
:10657000F49E80EAF69E81EAF79E82EAF99E83EA1B
:10658000FB9E84EAFC9E85EAFD9E86EA079F87EAD9
:10659000089F88EA0E9F4393139FDB8C159F8AEA1E
:1065A000209F6C91219F8BEA2C9F8CEA3B9F40950A
:1065B0003E9F8DEA4A9F8EEA4B9F56E24E9FD8E659
:1065C0004F9FEBE8529F8FEA549F90EA5F9F92EAB9
:1065D000609F93EA619F94EA629FEE97639F91EABE
:1065E000669F95EA679F96EA6A9F98EA6C9F97EA8A
:1065F000729F9AEA769F9BEA779F99EA8D9FB4975C
:10660000959F9CEA9C9F9DEA9D9F73E2A09F9EEAB6
:1066100029F9E0FADCF9E9FB0EFA90FA0FFA9BFA95
:1066200010FA9CFA11FAB1FA12FAD8FA13FAE8FA47
:1066300014FAEAFA15FA58FB16FA5EFB17FA75FB1C
:1066400018FA7DFB19FA7EFB1AFA80FB1BFA82FB13
:106650001CFA86FB1DFA89FB1EFA92FB1FFA9DFBB2
:1066600020FA9FFB21FAA0FB22FAA9FB23FAB1FB37
:1066700024FAB3FB25FAB4FB26FAB7FB27FAD3FBBF
:1066800028FADAFB29FAEAFB2AFAF6FB2BFAF7FBDF
:106690002CFAF9FB2DFA49FC01FF498102FF57FA58
:1066A00003FF948104FF908105FF938106FF95818C
:1066B00007FF56FA08FF698109FF6A810AFF968180
:1066C0000BFF7B810CFF43810DFF7C810EFF44811A
:1066D0000FFF5E8110FF4F8211FF508212FF518227
:1066E00013FF528214FF538215FF548216FF558206
:1066F00017FF568218FF578219FF58821AFF4681EA
:106700001BFF47811CFF83811DFF81811EFF848148
:106710001FFF488120FF978121FF608222FF618255
:1067200023FF628224FF638225FF648226FF658245
:1067300027FF668228FF678229FF68822AFF698215
:106740002BFF6A822CFF6B822DFF6C822EFF6D82E5
:106750002FFF6E8230FF6F8231FF708232FF7182B5
:1067600033FF728234FF738235FF748236FF758285
:1067700037FF768238FF778239FF78823AFF798255
:106780003BFF6D813CFF5F813DFF6E813EFF4F818E
:106790003FFF518140FF4D8141FF818242FF828254
:1067A00043FF838244FF848245FF858246FF8682C1
:1067B00047FF878248FF888249FF89824AFF8A8291
:1067C0004BFF8B824CFF8C824DFF8D824EFF8E8261
:1067D0004FFF8F8250FF908251FF918252FF928231
:1067E00053FF938254FF948255FF958256FF968201
:1067F00057FF978258FF988259FF99825AFF9A82D1
:106800005BFF6F815CFF62815DFF70815EFF608175
:1068100061FFA10062FFA20063FFA30064FFA40068
:1068200065FFA50066FFA60067FFA70068FFA80038
:1068300069FFA9006AFFAA006BFFAB006CFFAC0008
:106840006DFFAD006EFFAE006FFFAF0070FFB000D8
:1068500071FFB10072FFB20073FFB30074FFB400A8
:1068600075FFB50076FFB60077FFB70078FFB80078
:1068700079FFB9007AFFBA007BFFBB007CFFBC0048
:106880007DFFBD007EFFBE007FFFBF0080FFC00018
:1068900081FFC10082FFC20083FFC30084FFC400E8
:1068A00085FFC50086FFC60087FFC70088FFC800B8
:1068B00089FFC9008AFFCA008BFFCB008CFFCC0088
:1068C0008DFFCD008EFFCE008FFFCF0090FFD00058
:1068D00091FFD10092FFD20093FFD30094FFD40028
:1068E00095FFD50096FFD60097FFD70098FFD800F8
:1068F00099FFD9009AFFDA009BFFDB009CFFDC00C8
:106900009DFFDD009EFFDE009FFFDF00E0FF918125
:10691000E1FF9281E2FFCA81E3FF5081E4FF55FA73
:10692000E5FF8F8100000000000000000101010070
:1069300000000000443A5C4E4141544F535C536F99
:106940007572636520436F64655C47484C2D4E410A
:1069500041544F535C6170706C69636174696F6E10
:106960005C73646B5C65787465726E616C5C667296
:10697000656572746F735C736F757263655C746167
:10698000736B732E630049444C4500443A5C4E419E
:1069900041544F535C536F7572636520436F646558
:1069A0005C47484C2D4E4141544F535C6170706CB4
:1069B00069636174696F6E5C73646B5C6578746540
:1069C000726E616C5C6672656572746F735C736F16
:1069D000757263655C71756575652E6300546D72C3
:1069E0005100443A5C4E4141544F535C536F7572B1
:1069F000636520436F64655C47484C2D4E414154AC
:106A00004F535C6170706C69636174696F6E5C7325
:106A1000646B5C65787465726E616C5C66726565EA
:106A200072746F735C736F757263655C74696D65A6
:106A300072732E6300546D722053766300443A5C87
:106A40004E4141544F535C536F7572636520436FE1
:106A500064655C47484C2D4E4141544F535C617016
:106A6000706C69636174696F6E5C73646B5C65788C
:106A70007465726E616C5C6672656572746F735C6E
:106A8000706F727461626C655C434D5349535C6E08
:106A9000726635325C706F72745F636D7369732EEA
:106AA0006300443A5C4E4141544F535C536F7572DE
:106AB000636520436F64655C47484C2D4E414154EB
:106AC0004F535C6170706C69636174696F6E5C7365
:106AD000646B5C65787465726E616C5C667265652A
:106AE00072746F735C736F757263655C706F7274D0
:106AF00061626C655C4D656D4D616E675C6865617A
:106B0000705F342E6300000043000000504F534973
:106B10005800000020202020202020202068282845
:106B20002828202020202020202020202020202055
:106B300020202020481010101010101010101010DD
:106B400010101010848484848484848484841010BD
:106B500010101010108181818181810101010101DA
:106B60000101010101010101010101010101011006
:106B700010101010108282828282820202020202AF
:106B800002020202020202020202020202020210D7
:106B900010101020000703200417020108571040AE
:106BA00080000000086B02000C6C0200206D0200E7
:106BB00053756E004D6F6E00547565005765640027
:106BC000546875004672690053617400000000004B
:106BD0004A616E00466562004D617200417072004C
:106BE0004D6179004A756E004A756C004175670009
:106BF000536570004F6374004E6F76004465630008
:106C000000000000414D00504D000000446D0200A6
:106C1000406D0200406D0200406D0200406D0200B8
:106C2000406D0200406D0200406D0200406D0200A8
:106C3000406D0200FFFFFFFFFFFFFFFFFFFFFFFFB1
:106C4000FFFF0000806C0200B06B0200BC6C020011
:106C5000D06B0200046C0200646C0200146D020030
:106C6000706C0200256D2F25642F2579000000002F
:106C70002561202562202565202554202559000006
:106C800053756E646179004D6F6E6461790054755F
:106C90006573646179005765646E6573646179003A
:106CA0005468757273646179004672696461790031
:106CB0005361747572646179000000004A616E75F9
:106CC000617279004665627275617279004D617218
:106CD000636800417072696C004D6179004A756E9D
:106CE00065004A756C79004175677573740053656A
:106CF0007074656D626572004F63746F62657200D7
:106D00004E6F76656D62657200446563656D6265A0
:106D10007200000025483A254D3A25530000000036
:106D20005930010075300100813001008D300100C3
:106D3000A9300100B5300100C1300100CF300100A1
:106D4000000000002E000000303132333435363779
:106D500038396162636465663031323334353637D1
:106D600038394142434445462100000022000000DA
:086D7000286E756C6C2900000F
:106D7800000000000020004000000000002000404B
:106D88000000000000000000FF00000000000000FC
:106D9800712E0000010000006400000001100000D6
:106DA800E478010001000000B87E01000000000046
:106DB800000100000090D003A46B0200A46B020045
:106DC800A46B0200A46B0200A46B0200A82301209C
:040000030000137571
:00000001FF
