:1000000000000420750300005D030000814400002F
:1000100061030000630300006503000000000000AE
:100020000000000000000000000000006703000066
:1000300069030000000000006B0300006D03000076
:10004000156400006F03000025640000F56A0000DD
:100050006F0300006F030000D96000006F03000011
:100060006F0300006F0300006F0300006F030000C8
:100070006F0300006F0300006F0300006F030000B8
:100080006F0300006D4400006F0300006F03000069
:100090006F0300006F0300006F0300006F03000098
:1000A0006F0300006F0300006F0300006F03000088
:1000B0006F0300006F03000000000000000000005C
:1000C0006F0300006F0300006F0300006F03000068
:1000D0006F0300006F0300006F030000018A00003F
:1000E0006F030000516A00006F0300000000000071
:1000F000000000006F030000000000006F0300001C
:1001000000000000000000000000000000000000EF
:1001100000000000000000000000000000000000DF
:1001200000000000000000000000000000000000CF
:1001300000000000000000000000000000000000BF
:1001400000000000000000000000000000000000AF
:10015000000000000000000000000000000000009F
:10016000000000000000000000000000000000008F
:10017000000000000000000000000000000000007F
:10018000000000000000000000000000000000006F
:10019000000000000000000000000000000000005F
:1001A000000000000000000000000000000000004F
:1001B000000000000000000000000000000000003F
:1001C000000000000000000000000000000000002F
:1001D000000000000000000000000000000000001F
:1001E000000000000000000000000000000000000F
:1001F00000000000000000000000000000000000FF
:10020000354936480A1A02D0072291438D463449AF
:1002100034480A1A06D00722914381F30988022242
:1002200082F3148830483149314A00F044F83148AB
:100230003149324A00F03FF831483249324A00F041
:100240003AF832483249334A00F035F832483349F7
:10025000334A00F030F833483349344A00F02BF881
:1002600033483449344A00F026F8344834490022EF
:1002700000F02CF833483449002200F027F83348C6
:100280003349091A082902DB002202604160314A21
:1002900090471F481F49884205D00268043003B4C4
:1002A000904703BCF7E700208646EC46002000217B
:1002B000294A9047FEE7884207D0521A05D00378B2
:1002C00001300B700131013AF9D17047884202D0F8
:1002D00002700130FAE770470000042000E00320BC
:1002E00000000420000004202CE00000000000209A
:1002F000E4000020D0030000D0030000C0BA0000DA
:100300002CE00000000000200000002064BB000082
:1003100064BB000064BB000064BB000064BB000061
:1003200064BB000064BB000064BB00002CE0000064
:1003300010E10000E4000020E4000020E4000020C0
:10034000E0220320E0220320E0220320E022032019
:10035000E04203209D030000CD930000FEE7FEE78E
:10036000FEE7FEE7FEE7FEE7FEE7FEE7FEE7FEE765
:1003700000F002B8FFF7FCBF0F484FF007018843B9
:1003800085460E4880470E48016841F470010160BF
:10039000BFF34F8FBFF36F8FFFF732BF09480A4992
:1003A0000A4A884207D0521A05D0037801300B70F0
:1003B0000131013AF9D170470000042079AE000004
:1003C00088ED00E064BB0000000000200000002079
:1003D000F0B595B01D46164608460C4605F0B1F935
:1003E0001A9B0D93CDE9086500252B460C2205A923
:1003F00020460A958DF82C500C9505F0C9F9079BFD
:100400000293069B03939DF814308DF8115003F06E
:100410000302012A1DD1BDF81420059DC3F3C203B8
:10042000C2F383168DF81030B2000C230EA92046BB
:1004300005F0AEF9C5F3952508AB0093324602AB43
:100440000EA9284600F03CFC204605F07EF915B0C8
:10045000F0BD022AF8D1BDF81650C3F3C203C5F3AC
:1004600089158DF810300C27082D2E4628BF082638
:100470003B4632460EA9204605F08AF9AD1B08AB73
:1004800002AA31460EA8374400F07EFC002DEBD1C5
:10049000DAE70000014B01221A70704725010020A5
:1004A0007047000070B50F4D06460FCD88B06C4602
:1004B0000FC495E80F00002E84E80F000A4A0B488D
:1004C0004FF0060308BF00226946009305F044FB85
:1004D00018B1074A432100F063FF064B1E7008B0B5
:1004E00070BD00BFD4BB00009504000000000020D8
:1004F00064BB0000E400002007B5044B0093044AED
:100500004023FFF765FF03B05DF804FB150500000D
:10051000E500002038B50E480E4C0F4D0023237027
:100520000378EB5CD2B273B1043007F049F818B12C
:100530000A4A532100F034FF094B1A7812B123788C
:10054000002BFBD038BD0C3006F06CFDEFE700BF90
:1005500000000020250100202C0A002064BB0000C0
:10056000E400002008B50848084A0378D35C3BB192
:10057000043006F095FFBDE808400020FFF792BF69
:100580000C3006F0E5FCF6E7000000202C0A002005
:100590000120FFF787BF000008B5FFF7F9FF074804
:1005A000042100F0C7FA002803DA0549482004F0C6
:1005B00015F8044B01225A7108BD00BF40BB000072
:1005C00000BC000014000020037813F0040216D0D1
:1005D00003F00303012B03D0022B09D00120704745
:1005E0000A6800880332C0F3831002440A60F5E70A
:1005F0000B684288033303EB92130B60EEE710465F
:10060000704700002DE9F04FDFF81CA10F4685B0C0
:100610000446C61C0020154603F03AFDDAF8042013
:100620003A60DAF8083003F580739B1A0AF21C4727
:100630000AF583690AF21448B34219D30020002D49
:100640006CD004F00F039B0143F0050363F30F002C
:10065000DAF80430DAB2033233444AF822000020D8
:10066000CAF8043003F024FD012005B0BDE8F08F86
:100670000121384604F069F8484604F08CF84046F9
:1006800004F089F8DAF808000090C0B203300AEBF1
:1006900080006946FFF798FF009B834608B1D8B2F7
:1006A000F4E7DAB20AEB8202591CD2680192C9B2AD
:1006B0000AEB810102F003020333012AC9680093A7
:1006C0001ED0022A24D1BDF80620C2F389120332BB
:1006D0004FEA114B03EB92030093404604F05EF89F
:1006E00010B1009BCAF808305946384604F02DF87E
:1006F000DAF80830DAF8042003F580739B1A9BE7D8
:10070000BDF80420C2F383124FEA114B1344E3E710
:1007100004494FF4C27003F061FFDEE7A40544F022
:10072000060095E783BC0000F801002038B50446B8
:10073000084684B1094D00232B7000F081FB084866
:10074000C5F80C4404F0B6FF044610B9054805F09E
:1007500033F8204638BD0724FBE700BFF80100202E
:1007600050BB000004BD000030B50A4C71B10A4A0C
:100770000A49121BD20800239A4201D1002030BD41
:1007800031F82350854202D00133F5E7034654F88F
:100790003300F4E7C0BA000040BB000000000020B6
:1007A000094B013903EBC000032909D8DFE801F048
:1007B0000A020406042070470079704740797047A8
:1007C0000020704702207047C0BA00007047000048
:1007D000034BD3E90130C31A58425841704700BF58
:1007E000F80100202DE9FF41FFF7F2FF0546002840
:1007F00040F0EE80774CC4F81804BFF34F8FA36825
:100800000093DBB2033304EB83006946FFF7DCFEA1
:10081000009B50B1D4F818243AB962689A42F0D8D3
:10082000A260284604B0BDE8F081591CC9B204EBAF
:100830008101DAB2C968029104EB8202991CD26884
:100840000192C9B2033304EB8101009302F0030368
:10085000C9680391022B4CD1BDF806305E48C3F342
:100860008917502F3E4628BF502606F10C0166F32B
:100870008F13C1F30901ADF8063004F033FF0546CC
:10088000002800F0908004F05CFF0C2201A92846AB
:10089000002304F069FF0099C843C0B20130C9B217
:1008A0000331B6EB800F4FEA800204EB81011DD9C2
:1008B0005FFA82F80C23A6EB0806284604F054FFE2
:1008C000F6B208F10C03454903F0FC033246284612
:1008D00004F04AFF009B033703EB97070097D4F817
:1008E0001834002B3BD1D4F810644BE00C23324673
:1008F000EDE7012B57D1BDF804303748C3F383111E
:10090000062928BF062161F38913033101F00F0185
:100910008900ADF8043004F0E5FE0546002842D019
:1009200004F00FFF00230C2201A9284604F01CFF4D
:100930000026BDF80420C2F38312B300964203F1EF
:100940000C03CCD200994A1CC9B20331009204EBCB
:1009500081010422284604F007FF0136E9E7284612
:1009600004F0F3FEFFF734FF80F00100C5B258E752
:10097000F3685B7923B1336829461B683046984792
:10098000F3681E68002EF3D1284604F0DEFE3046E0
:1009900003F07EFBD4F818340BB9009BA360002051
:1009A00003F086FBDEE7D4F8104454B90C4B0D4835
:1009B0000D49C01AC008000440F0020000F078F8A9
:1009C000D0E7236820469B689847E3681C68ECE7FB
:1009D000002526E7F801002050BB0000040200209B
:1009E000C0BA0000F8BA0000EDBC00002DE9F347E2
:1009F00004460F46914601A9012218469846FFF782
:100A000001FE264E002835D0019D0023E81C4345F9
:100A100003EB000139D12248002103F073FE80F37B
:100A2000100A204B204A4FEA14499B1AB9EBD30F06
:100A300004D31E4940F2A91003F0D0FD6B1CDBB2B9
:100A400006EB830349EA0A40D860D6F80C3498478D
:100A5000AB1CDBB2E40006EB830304F03804EDB218
:100A600044F00104D860033544EA881343EA87233D
:100A700046F8253033781BB1FFF7B4FE0028FBD1D0
:100A8000FFF7A4FE02B0BDE8F087C9B206EB810112
:100A900059F82320CA600133B9E700BFF8010020EC
:100AA0001406002040BB0000C0BA000083BC000058
:100AB00000231A46FFF79ABF07B50123019201AA46
:100AC000FFF794FF03B05DF804FB07B5CDE9002301
:100AD00002236A46FFF78AFF03B05DF804FB1FB5E7
:100AE000CDE90123069B039301AA0323FFF77EFFB1
:100AF00005B05DF804FB1FB5CDE90023069B02930A
:100B0000079B03936A460423FFF770FF05B05DF867
:100B100004FB7FB5CDE90123089B0393099B049354
:100B20000A9B059301AA0523FFF760FF07B05DF854
:100B300004FB000030B50F4CD4F81024034600200D
:100B4000114631B9D96808714AB9C4F810340A603D
:100B500030BDC9680D79854206D00968F1E7D268D1
:100B600014680C601360F3E701300A28E8D14FF0F5
:100B7000FF30EDE7F801002038B5084B0125D3F828
:100B800010441D7004B938BDE3685D7123682046C8
:100B90005B689847E3681C68F4E700BFF801002031
:100BA000F0B5C38887B005460E4633B1294A009296
:100BB00029492A4A304604F025FB297A052946D0DE
:100BC0006B7A4BB1A888FFF7EBFD254B254953F80D
:100BD0002020304604F016FB234B2C681B68B4FB26
:100BE000F3F4224B1868B4FBF0F34FF47A7E00FB69
:100BF00013444FF461610EFB04F4B3FBF1F23C27A4
:100C000001FB1231B4FBF0FCB1FBF7F300FB1C4419
:100C100007FB13110EFB04F40091B4FBF0F414492C
:100C2000CDE901C4304604F0EDFA2A7A114BA888C8
:100C300053F8222005920021FFF796FD059A0E49F0
:100C40000346304607B0BDE8F04004F0DBBA07B019
:100C5000F0BD00BF30BD000018BD000010BD000099
:100C6000B4BD000035BD0000B4060020B006002071
:100C700038BD0000D8BD000054BD000007B50346D4
:100C80000846197A052911D05B7A2BB1094A0A491D
:100C9000019004F0B7FA01980849019004F0B2FA03
:100CA000019803B05DF804EB04F09ABA002AF8D07A
:100CB000F2E700BF30BD000035BD0000BCDA000027
:100CC0002DE9F04385B01F460C9D002395F80C904C
:100CD0002B7306460C46904629463846FFF760FFC0
:100CE000B8F1060F09D8DFE808F00412181F2833FE
:100CF00040003146284604F085FA0022294638464D
:100D0000FFF7BCFF85F80C9005B0BDE8F0832268C2
:100D10003146284604F076FAEFE7D4E9002331465D
:100D2000284604F06FFAE8E7A36800933146D4E957
:100D30000023284604F066FADFE7E3680193A3681E
:100D400000933146D4E90023284604F05BFAD4E747
:100D500023690293E3680193A36800933146D4E9C1
:100D60000023284604F04EFAC7E76369039323691A
:100D70000293E3680193A36800933146D4E900230A
:100D8000284604F03FFAB8E708292DE9F74F8046D6
:100D90000E4617461C463CD8002593F80C901D7350
:100DA00019461046FFF7FCFEDFF888A0DFF888B090
:100DB000AE4231D918F805205946204604F022FAEF
:100DC0000135082DF4D11949194DDFF870A02046DE
:100DD00004F018FA4FF0000B5E4522D918F80B20EA
:100DE0007E2A05D8104601920AF035FA019A00B918
:100DF0002E225146204604F005FA0BF1010BBBF1FF
:100E0000080FE9D1012221463846FFF737FF84F861
:100E10000C9003B0BDE8F08F5146204604F0F2F983
:100E2000CEE72946204604F0EDF9E6E764BD000070
:100E300097DD000095DD00005EBD000066BD00008E
:100E4000084A10B50123084C13600021A04204D8C1
:100E500001B11360054B186010BD40085B00012113
:100E6000F4E700BFB406002040420F00B0060020A7
:100E70000268530910B5044618D0012B4FF6FF73D2
:100E800018BF002302F01F02D340DB0704D4094936
:100E90004FF4F67003F0A2FB23681F2B83BF03F00F
:100EA0001F03054823604FF0A04010BD4FF0FF33F3
:100EB000E8E700BFECBD000000030050032813B5B5
:100EC000044603D909493A2003F088FB084B01A8DE
:100ED0001B5D0193FFF7CCFF019BD0F80405D840C0
:100EE000C04300F0010002B010BD00BF1ABE0000F8
:100EF00073BE0000032813B5044603D908494120F6
:100F000003F06CFB074B01A81B5D0193FFF7B0FFDB
:100F1000019A01239340C0F80C3502B010BD00BF08
:100F20001ABE000073BE0000032813B5044603D99F
:100F30000849472003F052FB074B01A81B5D0193B2
:100F4000FFF796FF019A01239340C0F8083502B0DD
:100F500010BD00BF1ABE000073BE000008B500201F
:100F6000FFF7E2FF0120FFF7DFFF0220FFF7DCFFC2
:100F7000BDE808400320FFF7D7BF08B50020FFF702
:100F8000B9FF0120FFF7B6FF0220FFF7B3FFBDE86E
:100F900008400320FFF7AEBF032813B5044603D96A
:100FA0000B495F2003F01AFB0A4B01A81B5D01935C
:100FB000FFF75EFF0199D0F8043501228A4022EA4A
:100FC00003011340C0F80815C0F80C3502B010BD7D
:100FD0001ABE000073BE00000B2809D00C2809D0EF
:100FE000182809D019280CBF03204FF0FF30704794
:100FF000002070470120704702207047F7B5C207F4
:10100000044612D5134E0025032716F8013B019321
:1010100001A8FFF72DFF019B013503F5E073042DB7
:1010200040F82370F1D1FFF799FFA30710D50A4DBF
:1010300000240C2615F8013B019301A8FFF718FFC7
:10104000019B013403F5E073042C40F82360F1D1D7
:1010500003B0F0BD73BE00006FBE0000C30710B543
:1010600007D4F023054A4008145C23401943115467
:1010700010BD0901C9B20F23F4E700BFC806002064
:10108000034B044819680022490800F0D9BA00BF90
:10109000BC0600202000002038B50B4B1C780B4B01
:1010A000196800239C4206DC0949882003F096FA5F
:1010B0000022104638BD11F83350854201EBC302BF
:1010C000F7D00133EEE700BFB8060020E8060020A5
:1010D00077BE000013B504460191FFF7DDFF38B17C
:1010E00043682BB10199204602B0BDE81040184773
:1010F00002B010BD10B5C0B2FFF7CEFF04460078B5
:1011000004F0D2FF63785A1E53425341834208D100
:10111000044BD3E90023134303D1BDE81040FFF78C
:10112000AFBF10BDC006002038B5334A430804469F
:10113000D35CC2074CBF1B0903F00F030D46042B01
:1011400059D8DFE803F003222A363900002952D0AB
:101150000121FFF783FF002002F09AFF0120A4F194
:101160002003C4F12001254A20FA01F100FA03F31B
:101170000B43A040D2E9004120430B43C2E90003E6
:10118000BDE83840002002F093BF002918BF0221BB
:101190002046BDE83840FFF761BF41B10321FFF7AA
:1011A0005DFF20460121BDE83840FFF793BF0121D4
:1011B000EEE701BB0421EBE709B10321E8E7FFF704
:1011C0004DFF29462046FFF785FF284602F060FFC5
:1011D0000120A4F12003C4F12001084A20FA01F102
:1011E00000FA03F30B43A040D2E9004124EA0000D7
:1011F00021EA0303C2E738BDC8060020C00600206C
:101200002DE9F041124E134F00243378A34208DC3D
:10121000114BD3E90023134318D0BDE8F041FFF789
:101220002FBF3D6805EBC40815F8340004F03CFFFF
:1012300098F801305A1E53425341181A4142414115
:1012400015F83400FFF770FF0134DEE7BDE8F081E8
:10125000B8060020E8060020C0060020092AF7B5DD
:1012600005460C4616463ED904F020FEE8B11F4B59
:101270001F481D601F4B204F1C70204B0021202257
:101280001E600AF09DF81E4B00200021C3E90001FA
:10129000013CE4B20326FF2C0DD11A4A1A48002162
:1012A00003B0BDE8F04000F0A9B904F0C5FD002886
:1012B000DDD003B0F0BD9DF8063015F834008DF890
:1012C000046005EBC40223F007038DF8063001A982
:1012D00093788DF805303A4604F0F2FD013CE4B213
:1012E0000028D8D0E5E70720E3E700BFE8060020A4
:1012F000C8060020B8060020F5100000BC0600203B
:10130000C006002001120000E8BE000070B50B4DC1
:101310002B6823B90A4940F2351003F05FF9094EF2
:1013200000243378A34201D8002070BD2B6801212E
:1013300013F8340004F056FE0134F2E7E80600200A
:1013400077BE0000B806002082B001238DF8073078
:101350009DF80730114B1860596044F20101884232
:101360009A6012D044F20201884206D1DA60DA684B
:1013700012689A61DA685268DA6172B69DF80730CD
:10138000002BFBD162B602B070471A611A699268ED
:101390005A611A6912689A611A69ECE7EC06002032
:1013A00000B583B002900091019244F201007146B1
:1013B0006A4600F003F803B000BD0000F0B5064631
:1013C00087B00F46154672B6FFF7D6FBFFF70AFA4D
:1013D0000028FBD11E4B1F4CE41AE40844F2010321
:1013E00024049E4244F0010417D044F202039E42BA
:1013F00028D1D5E9003218492046FFF766FB174B84
:10140000D3F8F030DB0700D500BE2A463946304617
:1014100007B0BDE8F040FFF797BFAA6805921046F5
:1014200004F054FA29680297019169680091034613
:10143000059A0B492046FFF76CFB0A492046FFF747
:1014400037FBDCE708493A462046FFF735FBD6E78D
:10145000C0BA0000F8BA0000ECBE000000ED00E0E9
:1014600006BF00002CBF000040BF000010B5D0E94F
:101470000243D1E90202A04272EB03032CBF012018
:10148000002010BD08B50A4802F0D9FF094AD2E988
:101490000031C018084BD3E9002341F1000190420C
:1014A00071EB030303D210F1807041F1000108BD1C
:1014B00040000020100700208807002037B50546AF
:1014C0000C460A4801A903F0A8F860B10570446011
:1014D00001A9064803F0CBF818B1054802F0B4FFA3
:1014E000002003B030BD0420FBE700BF74070020DC
:1014F00040000020436970B504461BB92349A5206C
:1015000003F06CF8224B1E7816B90026304670BDE9
:10151000FFF7B8FFD4E90223904299412FD300206E
:1015200002F0B6FD23692BB94FF0FF324FF0FF33C5
:10153000C4E90223002002F0BBFDD4E9053098473E
:10154000002002F0A5FD25696DB1D4E90212B2F1C7
:10155000FF3F08BFB1F1FF3F0FD0691842F1000211
:10156000C4E902123546002002F0A2FD002DCCD0C5
:101570000848214604F038F9C8E70025F3E7B3F13D
:10158000FF3F08BFB2F1FF3FBFD0F1E758BF0000F7
:1015900018070020C8BF000013B5114B1149186887
:1015A000019008231048582203F024F8044698B903
:1015B0000E4A0F4801A902F0DFFD044660B90C484D
:1015C000012102F023FF01230A4A0948194602F0CB
:1015D00071FE094B01221A70204602B010BD00BFF7
:1015E000C4BF00001C07002074070020051700007E
:1015F00040000020FFFF7F001807002070B50C4658
:101600001546064620B90D4940F25A2002F0E6FF81
:1016100035B940F25B20094902F0E0FF072070BDB8
:10162000621E336854424FF0FF304FF0FF31544197
:10163000C3E902015D611C610020F0E758BF0000B2
:10164000F8B50D461746044620B9154940F26B20FF
:1016500002F0C4FF002002F01BFDD4E90223B3F125
:10166000FF3F08BFB2F1FF3F15D1FFF70BFF28186E
:1016700041F10001C4E902010126002002F018FD39
:101680005EB12369A76103B1256121460020BDE851
:10169000F840FFF713BF0026EFE73046F8BD00BF64
:1016A00058BF000038B5044620B9124940F29320D3
:1016B00002F094FF002002F0EBFCD4E90223B3F126
:1016C000FF3F08BFB2F1FF3F1FBF4FF0FF324FF0A7
:1016D000FF33C4E90223012508BF0025002002F0E2
:1016E000E7FC2DB121460120BDE83840FFF7E6BEFA
:1016F000284638BD58BF0000014802F0A0BE00BF18
:10170000400000202DE9F743044602F083FE40B17B
:101710006F4AD2E9003113F1807341F10001C2E94F
:1017200000310021204602F07FFED0B1694E3368BF
:10173000BBB1204602F083FE00210546204602F0A0
:1017400078FE281A20F07F40B0F5960F04D3624946
:1017500040F2411002F042FF3068FFF7CBFE002359
:1017600033600121204602F05FFE20B1FFF78AFEC0
:101770005A4BC3E900015A48564D01A902F087FFB0
:101780004FF0FF364FF0FF37A0B9DFF85881514EC8
:10179000404604F055F8002800F08B80D0E9022381
:1017A000B3F1FF3F08BFB2F1FF3F33D1404604F031
:1017B00037F8EDE70378012B21D0022B09D1DFF8B0
:1017C0002481404604F02CF800287CD0C0E9026750
:1017D000F7E75BB94168D1E90223B3F1FF3F08BFE6
:1017E000B2F1FF3F02D03F4803F0FEFF01A93C48A1
:1017F00002F078FF01A93A4802F049FFC4E74168C6
:101800002B68994202D100232B60EFE7354804F0A2
:1018100023F8EBE7316891B13168D1E902018242E6
:101820008B412FD23368D3E90223B3F1FF3F08BFC6
:10183000B2F1FF3F03D03168404603F0D5FF404688
:1018400003F0EEFFD0E902590746FFF71BFE281A06
:1018500069EB0109012879F1000318DBB0F5350FB8
:1018600013D3FFF749FF204A024420484FF4960360
:10187000002102F04DFDA0B9336813B9204602F0F3
:10188000FDFC376003B0BDE8F0832A46EDE717485A
:10189000002102F0C3FD3846FFF72CFE0023336021
:1018A00076E70D28F7D00C494FF4867002F096FECB
:1018B000F4E7084B1B68002BE4D1204603B0BDE8D9
:1018C000F04302F0E9BC0A4B01221A708EE700BF18
:1018D000100700209007002058BF00008807002054
:1018E00074070020C8BF0000FFFFB40040000020C4
:1018F00018070020024B5B6803B11847704700BF10
:101900009807002038B50D46044620B9064940F234
:10191000431002F063FE6378AB4283BFA0784019A6
:101920000019002038BD00BFD4BF000038B50D46F7
:10193000044620B906494FF4887002F04FFE237A1E
:10194000AB4283BF093405EB45056019002038BD63
:10195000D4BF000070B50D46044620B90D4940F2D1
:101960000F1002F03BFE636823B90A494FF48870F8
:1019700002F034FE63681B6823B9064940F2111077
:1019800002F02CFE6368294620461B68BDE87040C3
:10199000184700BF3EC0000010B5044620B90449F6
:1019A00040F2432002F01AFE2368186810BD00BF01
:1019B0009DC0000000F00F0310F0800F10B51C4612
:1019C0000AD0082B04D909494FF4CC7002F006FE66
:1019D000074800EBC40010BD082B04D903494FF49D
:1019E000CF7002F0FBFD0348F3E700BF3EC00000EC
:1019F000A4070020EC07002070B50D460646FFF74F
:101A0000D9FF044605604DB9730604D105494FF46A
:101A1000E17002F0E3FD0023636070BD6B681B683A
:101A2000FAE700BF3EC00000024B0146D3E90002C6
:101A3000104700BFEC07002038B5831EDBB2062B31
:101A400098BF1A4A1A4D98BFD25C2B78A3F10203B3
:101A5000DBB288BF0022062B9ABF1449CB5C00235F
:101A60009342044603D0B2B1124803F0B9FF022CEE
:101A700014D0A4F10800424242412B78022B0FD02F
:101A8000A3F108014B424B41934202D052B106F000
:101A9000C9FA2C7038BD03F0DFFFE8E70122ECE75C
:101AA0000123F1E706F0B4FAF3E700BF05C1000037
:101AB00068090020480000200378052B73B5044610
:101AC0000BD1344AD2F88434D2F88024D2B222B96D
:101AD000314ADBB2052B08BF14462378002B32D1E4
:101AE0002E4B2F4E1D68C5B928462E4D02F0D0FA58
:101AF0002B6813B92C4B62881A800121294802F007
:101B000024FE002002F0D4FA284B1B6813B10121F7
:101B1000204698472B6802B070BD2B6823B9314628
:101B20004FF48D7002F05AFD2B689B6823B9314643
:101B300040F21B1002F052FD2B6860889B689847AA
:101B40002B685D68CFE71A4801A902F066FD0546DB
:101B50000028E0D023680360002002F099FA124BBD
:101B600010481B88026801339B1AEB80002102F0A9
:101B7000C9FDA880002002F09BFA01A90C4802F0E0
:101B800076FD0A4B1B680146002BC4D020469847BF
:101B9000C1E700BF007002401CC100005C090020CA
:101BA0003EC000006409002034080020980700208F
:101BB00040090020FFF780BF012805D0022805D08A
:101BC00030B90648FFF778BF0548FBE70548F9E755
:101BD000054940F2622002F001BD00BF14C10000BF
:101BE00010C1000018C100003EC0000008B520B1BF
:101BF000044940F27B2002F0F1FCBDE808400248B5
:101C0000FFF75ABF3EC0000020C100002DE9F04F91
:101C100087B000260546884691461F4602966B68A7
:101C200000225C682946012302A8A047044638B96F
:101C30008DF8060004908246564503D8052028E01A
:101C40000136ECE76B680DF10602D3F804B02946C3
:101C5000012304A8D8476B680DF10702D3F804B03C
:101C60002946012304A8D8479DF8073043459DF82D
:101C7000063013D14C450FD1109A13603B7087F892
:101C800001806A68023B54682946BA1C04A8A04730
:101C9000002007B0BDE8F08F0134E4B26A68023B6F
:101CA000D2F804B02946002204A8D8479DF806308F
:101CB0009A44C1E7014B1888704700BF50090020C3
:101CC000F7B5054603F02CFE20B9304940F231301B
:101CD00002F084FC2E492F4808234FF4847202F04E
:101CE00089FC002850D12C4806F0DCF90446002875
:101CF00034D12A4B18702A4B18602A4B01461860C1
:101D00004822294809F05CFB28484822214609F06E
:101D100057FB274B2DBBC3E900551D72002003F074
:101D2000BFFE30B1852804D0184A40F25F31FFF77A
:101D300037FB204F002529463846FFF7F7FD0135D0
:101D4000EDB20446F0B90B231A488DF8043001A90E
:101D5000FFF700FE044608B106F01EF8204603B067
:101D6000F0BD95E8070083E80700D7E7007839461B
:101D7000FFF742FEF1B22046FFF7C4FD013600280E
:101D8000F4D1D8E70026F5E70324E7E73EC00000DA
:101D90003608002040090020B51B0000680900201B
:101DA0005409002058090020A4070020EC07002057
:101DB0009807002098C1000010B506F0D7F810B9B8
:101DC0000823184610BD06F0D9F804460028F7D1BC
:101DD000064803F080FE03460028F2D0044A40F291
:101DE000C231FFF7DDFA2346EBE700BF0CC100006C
:101DF0003EC0000005F0E6BF08B506F0C9F820B106
:101E0000044940F2D13002F0E9FBBDE8084006F099
:101E100091BE00BF3EC0000008B506F0AFF820B983
:101E20000A494FF4767002F0D9FB4FF08043D3F8A3
:101E30003824920704D5BDE808400548FFF73CBEAA
:101E4000D3F83824D107F2D408BD00BF3EC000004B
:101E500025C1000007B5822301A88DF80430FFF7E3
:101E60002BFE03B05DF804FBF7B5044620B93849F2
:101E700040F26A5002F0B2FB636823B9344940F281
:101E80006B5002F0ABFB63681B6823B9304940F22A
:101E90006C5002F0A3FB23681B6823B12C4940F26D
:101EA0006D5002F09BFB06F069F830B1284940F212
:101EB000715002F093FB002613E006F057F800285B
:101EC000F9D1F3E70078FFF775FD0368013713B127
:101ED000112023E00027F9B22846FFF713FD002860
:101EE000F0D131462046FFF721FD0136F6B2054616
:101EF0000028EFD129462046FFF718FD0135EDB245
:101F00000646C8B9134D124E2B68BBB92C600B2383
:101F100001A920468DF80430FFF71CFD03B0F0BD89
:101F200000782146FFF768FDF9B23046FFF7EAFC7A
:101F300001370028F4D1DDE70027F5E7A34204D1FB
:101F4000314640F2975002F049FB2B681D68DBE7F1
:101F50003EC0000054090020024B1878003818BF1A
:101F60000120704760090020030710B5044604D41F
:101F700006F09AFB204606F0AFFE2046BDE8104072
:101F800006F056BE06F01EBE014B1868704700BF33
:101F9000540900202DE9F8430F4B1C6806460D46F6
:101FA000BCB194F808904FF000085FFA88F7B94583
:101FB00004D82046FFF7F0FC0446F1E739462046F6
:101FC000FFF7B4FC0378B34208F10108EDD105B185
:101FD0002F702046BDE8F883540900201146FFF712
:101FE000B9BC07B500F00F03082B019109D8FFF722
:101FF000E1FC006828B1019903B05DF804EBFFF73C
:10200000A9BC102003B05DF804FB000038B5074BF5
:102010001C68054604B938BD29462046FFF79AFCDE
:102020002046FFF7B9FC0446F4E700BF540900203E
:1020300038B5084B1C6805460CB9062038BD294642
:102040002046FFF787FC0628F8D12046FFF7A4FCBE
:102050000446F1E75409002013B50446019106F047
:102060006EF850B1064B1B78022B06D10199204621
:1020700002B0BDE8104006F069B8082002B010BDFB
:102080006809002013B50446019106F058F850B1D4
:10209000064B1B78022B06D10199204602B0BDE801
:1020A000104006F0DDB8082002B010BD680900201D
:1020B00043689B6870B505460E4614469BB92B7A5B
:1020C000B34204D20F4940F2F92002F087FAB4B9C2
:1020D00031462846FFF72AFC46780546E1B2B14270
:1020E00005D3002002E098470628E8D070BD2846B6
:1020F000FFF708FC0078FFF737FF0134EEE7072011
:10210000F4E700BF3EC000004368DB6870B50446DA
:102110000D4603B19847237AAB4204D20B494FF4E2
:10212000467002F05BFA29462046FFF7FFFB46782F
:1021300004460025E9B28E4200D870BD2046FFF764
:10214000E1FB007806F03EFD0135F3E73EC00000FC
:1021500043681B6903B1184718467047F8B50D4B23
:102160000D4E1C6804B9F8BD277A0025E9B28F42EC
:1021700004D82046FFF710FC0446F3E7002220466F
:10218000FFF796FF20B1314640F26A7002F026FA5E
:102190000135EBE7540900203EC00000094B70B543
:1021A0001C6804B970BD267A0025E9B28E4220462B
:1021B00003D8FFF7F1FB0446F3E7FFF7A5FF01356E
:1021C000F3E700BF5409002038B5944B1B68044660
:1021D00023B9934940F2254002F000FA01F078FF5C
:1021E000052804D88E4940F22C4002F0F7F92378F4
:1021F0000F2B13D9A3F1800283F08003052B06D99E
:10220000BDE83840864940F2265002F0E7B9052A79
:10221000F6D8DFE802F05C293E6871D30F2BEFD8C7
:1022200001A252F823F000BF172300004B23000047
:10223000AB2300006F2300008D230000BD230000AE
:10224000CF2300000122000011240000152400000B
:1022500019240000012200000122000001220000D8
:1022600001220000C72300006E48FFF7DDFB6D4828
:10227000FFF7CCFE0D20FFF73DFBFFF78FFF00F0CF
:10228000EAF9012005F040FE0120BDE83840FFF7E3
:10229000D3BBFFF783FF06F01FFC0020FFF7CCFB4A
:1022A0006148FFF7B3FE6048FFF7BEFB0E20FFF763
:1022B00021FB5E4B1B78023BDBB2062B3DD85C4A10
:1022C000D35C002B39D0BDE8384003F0C5BB574B79
:1022D0001B78062B05D003F0FD03052B2DD1022022
:1022E000D3E70820D1E7514B1B78032B25D106F00B
:1022F00043FC10B30420C8E74C4B1B78032B05D1DB
:1023000006F03AFC10B10420FFF796FB05F04EFEF4
:1023100098B10620B9E7474B62881A80434B1B7877
:10232000032B01D0082B02D14348FFF74DFF0020BB
:10233000FFF7E0FA414B1D6805B938BD2846214634
:10234000FFF708FB2B685D68F6E7FFF727FF00F053
:1023500079F90220FFF770FB0120FFF7CBFA204646
:10236000FFF762FB2046BDE83840FFF74FBE2F4B1A
:102370001B78082B06D10220FFF75EFB05F05CFE00
:102380000320EAE70520FFF757FBF9E70320FFF7F3
:10239000B1FA2B48FFF748FB2948FFF737FE234BDC
:1023A0001B78062B9BD107206FE70320FFF744FB28
:1023B0000220FFF79FFA2046FFF728FE2046BDE8DF
:1023C0003840FFF731BB0F20FFF794FACAE7A07837
:1023D000FFF7F0FA0368054623B9114940F20250AD
:1023E00002F0FCF86B6823B90D4940F2035002F08B
:1023F000F5F86B6828682146984700289DD0A0789A
:1024000002079AD0030798D4BDE8384006F014B903
:102410000820D9E70920D7E70A20D5E7540900208A
:102420003EC0000024C1000023C100006809002054
:1024300005C100005009002022C1000058090020F9
:1024400021C1000073B5224E00230193336823B9E4
:102450002049214802F01BF930603468ECB1A588AE
:1024600085B1E388B3F5006F24BF0023E380E388E0
:10247000ADF806305A1C013DE280A58001A8FFF7A7
:10248000A3FE07E02046FFF79FFE1249124802F024
:1024900029F93560012002B070BD104B1868002882
:1024A000F9D0204601F0F4FD0D4B0C481A88B2F526
:1024B000006F28BF1C801A88ADF80620511C1980B7
:1024C000012102F05AF9002001F0F2FDD6E700BF29
:1024D0006C090020940700204009002064090020B6
:1024E000340800200020704710B5044620B9044984
:1024F00040F2432002F072F82368186810BD00BF54
:102500009DC000002DE9F04F2DED028B4B6885B08A
:1025100007460C4691466BB90868FFF7E5FF48B9D6
:10252000A5683DB9C7E90055284605B0BDEC028B4A
:10253000BDE8F08FB9F1400F04D9354940F297104A
:1025400002F04CF805F0D6FEE36801904B4528BF39
:102550004B46984604F110034FF0000A08EE103A7B
:1025600056460125B8F1000F2DD0A3686168434598
:102570009B4628BFC34651B3019B5A46981908F0A1
:10258000F6FE00236360A368E268A3EB0B03A2EBF3
:102590000B02A360E260A8EB0B085E4433B9BAF10A
:1025A000000F03D02068FFF79FFF2060E368002B37
:1025B0002CD0A368002BD5D12268BAB9626016B1BD
:1025C000B14588BF0025019BC7E90036ACE7002B69
:1025D000D9D02168019A4B6818EE100AD3F804A0EC
:1025E00032445B46D0474FF0010ACCE702932168A2
:1025F0004B680022D3F804B002A80123D84708B9D9
:102600002061AFE7A3680133A360F0E71D46A9E7A7
:1026100026C10000084B1A7882420CD0052818BF4A
:10262000064A187018BF137805481CBF23F0020330
:102630001370FFF7C9BD70477C090020980900207E
:10264000A8C1000008B50020FFF78EFCBDE80840D7
:102650008020FFF789BC08B50020FFF793FCBDE898
:1026600008408020FFF78EBC38B505460C4606F0C2
:10267000AFF8A84205BFD4E90001034B1020C3E91D
:10268000000108BF002038BD9C0900207FB5C38829
:1026900093421E4628BF164693420D46144620D943
:1026A000802005F047FDB4FBF0F202FB1044B4FAC1
:1026B00084F4640900200394CDE9015601F0E8FC9C
:1026C00001A98020FFF7C8FC044620B906498020F4
:1026D000FFF7CAFF0446002001F0EAFC204604B0E0
:1026E00070BD0024E6E700BFDCC100002DE9F04F1B
:1026F0000B780E2B89B004460D4613D8A3B1013BCD
:102700000D2B11D8DFE813F0120024001600100082
:1027100035003A0210001000100010000F021A02DB
:1027200027022F02852B1ED0062418E00320FFF776
:1027300071FFF9E7A64802F031F830B1A54B01224C
:10274000DA65BFF36F8FBFF34F8FA34B1C780CB1CB
:10275000002404E0A14940F2424001F03FFF20463E
:1027600009B0BDE8F08F9C4B1B78032BDCD1042013
:10277000DDE705230DF115008DF8143005F0B8FFE5
:102780009DF81570964D002307F01F072B60032F4F
:1027900000F28781DFE817F0040034017C01D800E3
:1027A00024B98E494FF45A7001F018FF9DF8153086
:1027B00013F0600FC3F3411040F0C680DB099DF8B1
:1027C000161000F0B280062918D0082900F0A08069
:1027D000002940F0B980834C0222204608F0F0FD29
:1027E000237843F0010222707F4A1278910744BF98
:1027F00043F00303237002227A490FE09DF818305A
:10280000022B11D0032B75D0012B40F09D80BDF819
:102810001B30002B00F0AC80744912220DF1150022
:10282000FFF734FF04463BE0BDF81B30002B00F0FF
:102830009F80092B28BF09239846FFF7A5FBDFF8E7
:102840009CA106464FF009097EBB664C684942468A
:10285000204608F08CFD2771A4F80290FFF77CFB5E
:1028600018B1E37943F02003E371FFF78DFB614B6F
:10287000C3E90004C3F80880BDF81B20DA6000201B
:1028800001F006FC5C498020FFF7FCFB044620B900
:102890005A498020FFF7E8FE0446002001F008FCBA
:1028A000062C51D0002C63D05AE0736823B95146EE
:1028B00040F2D12001F092FE73685B6823B9514663
:1028C00040F2D22001F08AFE0024039473680022B3
:1028D000D3F804B03146012303A8D84740B9337A6E
:1028E00030461F44FFF700FEA144FFB20646ABE7A7
:1028F0000134EBE7BDF81B30002B39D0BDF81910BF
:102900009DF8170001F086FB0146E8B1027885E7E3
:10291000314A1278052A03D1324A137001226BE73B
:10292000042A11D12F4B1870F8E7013908290BD868
:10293000DFE801F02B0A0E0A050A0A0A38002749C7
:102940004FF4637001F04AFE05A8FFF771FB9DE0AC
:10295000BDF81730012BF7D1FFF7FEFA18B90F2495
:1029600005F02CFFFBE6204A137843F002031370B6
:102970002C68002C00F0218105F02AFF0446002875
:102980007FF4E6AE05F0DAFEE9E6BDF81730012B7C
:10299000DAD1FFF7E1FA0028E1D0134A137823F0E7
:1029A0000203E4E70C4B1B78043B012B01D90824FC
:1029B000D6E79DF817302BB9FFF7F0FB0420FFF79F
:1029C00029FED5E7012B5AD1FFF7C8FB0520F6E712
:1029D000A4090020007002407C09002026C10000EC
:1029E0009C090020A809002098090020C8C1000007
:1029F000A9C1000080090020E4C10000DCC1000082
:102A00009DF8190003A9FFF7C5FA074608B9102475
:102A1000A6E79DF80C1005AAFFF7E0FA0628044681
:102A20007FF440AF9DF8152012F0600F98D1654BF0
:102A30009DF80C101E789DF81630D20916D07BB187
:102A40000A2B8DD1052EB2D138460192FFF780FBBB
:102A50005D49019A08700DF11500FFF717FE15E0AA
:102A6000052EA4D158490B800222F4E70B2B7FF4EA
:102A700077AF052E9BD1BDF81730FF2B01D9072466
:102A80006EE79DF817203846FFF712FB044609E76A
:102A90009DF81900020706D19DF8153013F0600F5C
:102AA00009D006245CE705A9FFF79BFA062804462F
:102AB0007FF4F8AEF0E79DF81620424B9DF81940E0
:102AC0001B78012A1DD0032A0CD0002AE9D1052B3E
:102AD00002D023077FF46BAF204605F0C7FD3A49CB
:102AE0000880C1E72707DCD4BDF81720002AD8D119
:102AF0002607D6D0052B7FF45AAF204605F09CFD63
:102B000036E72007CDD4BDF81720002AC9D1210708
:102B1000C7D0052B7FF44BAF204605F0C5FD2046FE
:102B200006F0DAF824E7274B1B78002B3FF410AEB1
:102B3000264940F2564001F051FD09E6214B1B7831
:102B4000012B04D0214940F25C4001F047FD0020F8
:102B5000FFF760FDFCE54FF08043D3F83834DA0727
:102B60000AD50220F4E7174B1B78012B04D817492C
:102B70004FF48E6001F032FD0120E9E7CB78032BA2
:102B80003FF4D2AD8B785B0604D0104940F27E4012
:102B900001F024FD0E4E336893B100227168E8788D
:102BA00032609847044600287FF4DAAE336823B1D8
:102BB000AB78002B7FF4CCADE4E605F0F5FDCEE577
:102BC0000E24CDE67C090020A809002026C10000C3
:102BD0009C09002008B1402303600148704700BFF2
:102BE000A80900200068704738B50D46044620B992
:102BF00006494FF4887001F0F1FC237AAB4283BFA1
:102C0000093405EB45056019002038BDECC1000012
:102C100038B50D46044620B9064940F2431001F08C
:102C2000DDFC6378AB4283BFA07840190019002017
:102C300038BD00BFECC1000008B50021FFF7D4FF8C
:102C40000021FFF7E5FF007808BD08B50021FFF778
:102C5000CBFF0121FFF7DCFF007808BD2DE9F84329
:102C6000DFF8808299460B7A88F800300E461746C6
:102C7000054620B9964940F6DC0001F0AFFC2C680F
:102C800054B3A4F6E304202C00F21D81202C00F2A2
:102C90001A81DFE814F0360042001801180118010B
:102CA0001801550061006F007B0088009500A100AD
:102CB000180118011801180118011801180118014C
:102CC00018011801C000CC00180118011801DE001D
:102CD000EA00F60002010E017E4B1C707D4B1A7853
:102CE00098F800309A4202D340F6081305E0092311
:102CF000A1452B7106D840F6E3032B600120BDE807
:102D0000F88300240FB12B793B55013404234C4543
:102D10002B7103D340F6E403EFE700240FB12B79C6
:102D20003B556C4B30461978FFF75EFF6A4B013418
:102D300018604C4503782B7103D340F6E903DCE7B8
:102D400000240FB12B793B55013400234C452B71E6
:102D500003D340F6EA03D0E700240FB12B793B55AB
:102D60005D4B1B6801345B782B714C4503D340F6F7
:102D7000EB03C2E700240FB12B793B550134082344
:102D80004C452B7103D340F6EC03B6E700240FB19A
:102D90002B793B55013496F828302B714C4503D3E1
:102DA00040F6ED03A9E700240FB12B793B55013420
:102DB00096F829302B714C4503D340F6EE039CE77F
:102DC00000240FB12B793B55013400234C452B7166
:102DD00003D340F6EF0390E700240FB12B793B5566
:102DE0003D4B1B685A783D4B1A703D4B0022013415
:102DF0001A703B4B1A78394B1B789A4204D3354AE8
:102E000013780133137069E70723A1452B7103D8A9
:102E100040F6FA0371E700240FB12B793B550134DA
:102E200005234C452B7103D340F6FB0365E70024D3
:102E30000FB12B793B552A4B1978274B1868FFF7B0
:102E4000E7FE013403782B714C4503D340F6FF03B2
:102E500053E700240FB12B793B55013402234C4535
:102E60002B7103D34FF4106347E700240FB12B7984
:102E70003B55013440234C452B7103D340F60113DD
:102E80003BE700240FB12B793B55013400234C451F
:102E90002B7103D340F602132FE700240FB12B79D7
:102EA0003B55013400234C452B7103D340F60313EB
:102EB00023E700240FB12B793B55094A13780133DE
:102EC0000134137095E700232B60184617E700BF05
:102ED0002EC20000E9090020EC090020E8090020CA
:102EE000EB090020EA09002010B5044618B906498C
:102EF0008E2001F073FB23681BB903498F2001F07A
:102F00006DFB20680C3010BD2EC2000003681B69E9
:102F100037B504460D4633B9074901924FF4A37003
:102F200001F05CFB019A23681B692946204603B027
:102F3000BDE83040184700BF9BC2000003685B69D2
:102F400010B5044623B905494FF4AA7001F046FBB9
:102F5000236820465B69BDE8104018479BC200000B
:102F600003685B6810B504461BB90549FD2001F0F4
:102F700035FB236820465B68BDE81040184700BF5A
:102F80009BC2000038B50546FFF7AEFF044600209F
:102F900001F07EF894F8312094F832309A4204D34C
:102FA0000C494FF4897001F019FB94F83120AB699A
:102FB0009A4204D3074940F2131001F00FFB94F832
:102FC0003130013384F83130BDE83840002001F061
:102FD0006FB800BF2EC2000070B50546FFF784FF32
:102FE0000646002001F054F82846FFF77DFF90F8D0
:102FF00031402CB1D5E9044296F8303002FB03444D
:10300000002001F055F8204670BD38B50446FFF7A2
:103010006BFF0546002001F03BF82046FFF764FFF8
:10302000A16990F832308B4215D295F8322095F88C
:1030300030301344B3FBF1F001FB1033D4E9044109
:10304000DBB2013201FB034485F83220002001F09D
:103050002FF8204638BD0024F8E7000038B50546B3
:10306000FFF742FF0446002001F012F894F83130D7
:1030700023B913494FF4A37001F0B0FA94F8323039
:1030800023B90F4940F2471001F0A8FA94F8313003
:10309000013B84F8313094F83230013B84F832300F
:1030A00094F83030AA690133B3FBF2F102FB11331B
:1030B00084F83030BDE83840002000F0F9BF00BF90
:1030C0002EC200000149822001F088BA2EC2000001
:1030D0002DE9FF41884617461E46044608B9FFF70A
:1030E000F1FF2046FFF700FF05462046FFF7A4FD4D
:1030F000002301A9CDE901870393FEF7ADFF00B9D5
:103100002E7004B0BDE8F0817FB5044608B9FFF722
:10311000D9FF2046FFF7E8FE05462046FFF795FD5C
:103120006E1C04461F220021304608F049F91F2278
:10313000002301A92046CDE902230196FEF78CFF6A
:1031400008B902232B7004B070BDF8B50F460446D1
:1031500008B9FFF7B7FF2046FFF7C6FE0646204630
:10316000FFF76AFD05462046FFF76FFD0446284637
:1031700005F062FA204605F05FFA284605F002FCE9
:10318000204605F0FFFB3770F8BD38B5856804466A
:103190000DB9FFF797FF2846FFF7A6FE6368026D9B
:1031A0005968436C0A440265826C4B43934294BF56
:1031B000D21A00228264C26C0021934294BFD31AB7
:1031C0000B46C36480F8541038BD7FB50E460546E3
:1031D00008B9FFF777FF2846FFF786FE0446284622
:1031E000FFF72AFDE36CA26B84F82C60934238BF92
:1031F00013461A0A84F8283084F829201A0C1B0E6A
:1032000084F82B3004F1200384F82A2001930D2246
:10321000002301A9CDE90223FEF71EFF08B906230A
:10322000237004B070BD10B5044608B9FFF74AFF1B
:103230002046FFF759FE0930FFF7D4FC28B9204695
:103240000121BDE81040FFF7C0BF20460721FFF76E
:103250007CFF002010BD00002DE9FF41044608B9A5
:10326000FFF730FF2046FFF73FFE90F83C30054661
:103270001BB1002004B0BDE8F081436B002BF8D0F7
:103280002046FFF731FEA36990F832209A42F0D22F
:103290002046FFF7BAFE6B6B6269934228BF134664
:1032A0009846064620B90E4940F2D13001F096F911
:1032B000012385F83C302046FFF716FE07462046DE
:1032C000FFF7C3FC002401A9CDE901680394FEF7D0
:1032D000C3FE10B905233B70CCE785F83C40C9E735
:1032E0002EC200002DE9FF41054608B9FFF7EAFEAE
:1032F0002846FFF7F9FD90F8543004461BB1002032
:1033000004B0BDE8F08190F85530002B55D1836CA6
:10331000002BF4D02846FFF7E7FDAB6990F8322088
:103320009A42ECD2EB69A27BA76C53F82280284624
:10333000FFF7DAFD6E69436CB74228BF374628466F
:103340007E1E1E44B6FBF3F6FFF75FFE054620B96E
:103350001B4940F2AF3001F041F9236D0395CDE9EF
:103360000136012384F85430D8F800309B6823B923
:1033700014494FF4897001F031F9D8F800305B69D5
:1033800023B9104940F2131001F028F9D8F80030A1
:10339000019D5B694046984703689D420BD2D8F86F
:1033A000003001A99B68404698470028A8D0002318
:1033B00084F85430A4E70720F9E70620A0E700BF0F
:1033C0002EC200009BC2000038B5D36C05461446DF
:1033D00023B9BDE838400121FFF7F7BE936C23B94C
:1033E0002846BDE83840FFF71EBF92F90D30002B8C
:1033F000F6DA0846FFF778FD0023038680F83230BE
:10340000D4E912239A4288BFA364A363A36C6363C5
:1034100088BF02224FF0000388BF84F82C2084F874
:103420003C3084F854302846FFF75CFF044610B166
:103430002846FFF7F8FE204638BD00002DE9FF4181
:10344000054608B9FFF73EFE2846FFF74DFD90F808
:103450005430044623B10025284604B0BDE8F0816D
:1034600090F85530002B68D1836C002B52D0284641
:10347000FFF73AFD90F83130002BECD0EB69A27BDE
:10348000A76C53F822802846FFF72EFD6E69436C27
:10349000B74228BF374628467E1E1E44B6FBF3F6C9
:1034A000FFF79AFD054620B9254940F2F53001F0B5
:1034B00095F8236D0395CDE90136012384F8543046
:1034C000D8F80030DB6823B91E494FF4977001F03B
:1034D00085F8D8F800305B6923B91A4940F22F10FB
:1034E00001F07CF8D8F80030019D5B6940469847B0
:1034F00003689D420CD2D8F8003001A9DB68404631
:10350000984705460028A7D0002384F85430A3E745
:103510000725F9E70378052B9DD1C36C6BB990F8AB
:103520002C102846FFF751FE0546002894D0044988
:1035300040F20D4001F052F88EE706258CE700BFFF
:103540002EC200009BC2000073B5044608B9FFF705
:10355000B9FD2046FFF7C8FC90F83C3005461BB18A
:103560000024204602B070BD90F83D30002B3BD1C6
:10357000436B33B32046FFF7B7FC90F83130002B94
:10358000EED02046FFF728FD6A6B63699A4228BF98
:103590001A46064630B91549019240F27F3001F0D3
:1035A0001DF8019A012385F83C302046042331465A
:1035B000FFF78EFD04460028D3D0002385F83C3069
:1035C000CFE70378042BCBD1836B6BB990F82C1029
:1035D0002046FFF7FAFD04460028C2D003494FF405
:1035E000647000F0FBFFBCE70624BAE72EC20000BF
:1035F0000B78022B70B50C4602D0032B29D070BD7E
:10360000002000F045FDA5680DB9FFF75BFD2846D9
:10361000FFF76AFC06462846FFF7B4FC637853B907
:103620002046FFF7B2FD2846FFF78EFF38B1284647
:10363000FFF7F9FD08E0012386F83D30F3E728465F
:10364000FFF750FE0028F2D1BDE87040002000F0E6
:103650002FBD002000F01CFDA5680DB9FFF732FD5D
:103660002846FFF7FBFC63785BB92046FFF78DFD2A
:103670002846FFF7F1FD0028D9D12846FFF7DEFEE6
:10368000E0E72846FFF7CFFDF2E738B5D36C0546F3
:10369000144623B9BDE838400121FFF796BD936C6D
:1036A00023B92846BDE83840FFF7BDBD92F90D307B
:1036B000002BF6DB0846FFF717FC0023038680F893
:1036C0003230D4E912239A4288BFA364A363A36C67
:1036D000636388BF02224FF0000388BF84F82C2068
:1036E00084F83C3084F854302846FFF7B5FD044692
:1036F00010B12846FFF797FD204638BD2DE9F04F61
:103700000E4687B0054628BB96494FF4046000F08A
:1037100065FF2EB9934940F6410000F05FFF0DB9F7
:10372000FFF7D0FC2846FFF7DFFB337807460E2B68
:1037300032D8DFE813F01C001200A9031C0031008E
:103740002100E5003100310031003100AB031C00E5
:10375000C60303040029E5D1DCE70D22002107F0B0
:103760002FFE8149042207F1200007F000FE00240B
:10377000204607B0BDE8F08F25B97A4940F22130E4
:1037800000F02CFF7278D1094FEA52134ED013F09B
:10379000030303D0012B26D00624E9E702F01F0221
:1037A000012AF9D1B478062CF6D105A80493FFF7C5
:1037B00011FA04AB0093F2783179034607462846A4
:1037C000FEF724FA0528D3D0049B3F2B04D9654982
:1037D0004FF4187000F002FF049A3946701CFEF78F
:1037E00055FF0446C4E70DB9FFF76CFCB378FE2B18
:1037F000D2D1B6F80330002BCED1B6F80730012B6A
:10380000CAD105A8FFF7E6F92B6A044623B9554942
:1038100040F2CE2000F0E2FE2B6A013B23802846D6
:10382000FFF772FC01222146B018D8E74BB3012BF9
:10383000B2D10DB9FFF746FC2846FFF755FBB37828
:10384000FF2B0746A8D1B6F80330002BA4D1B6F859
:103850000740002CA0D12846FFF7EEF98046284605
:10386000FFF7F3F90646404605F08CF8304605F0C0
:1038700089F83B78022B3FF47AAF2846FFF744FCE7
:1038800076E70DB9FFF71EFC2846FFF72DFB74788D
:1038900004F01F04022C07467FF47EAF96F80280E6
:1038A000B8F1010F7FF478AFB6F80330002B7FF446
:1038B00073AF0378082B00F076837679304604F0F6
:1038C000F3FE304605F008FA33067FF550AF3B783B
:1038D000072B09D0092B7FF44AAF2846FFF7B5F92B
:1038E00005F0FAF9214605E02846FFF7AEF905F0A4
:1038F000F3F94146284607B0BDE8F04FFFF765BC35
:1039000096F90230002B68DA0DB9FFF7DBFB284689
:10391000FFF7EAFA05A90446B07804F0EFFC08B115
:1039200000230593F378002B7FF421AF2378033B2A
:10393000042B50D801A252F823F000BF51390000E7
:103940006D3900006F3700006F37000099370000B5
:10395000E36C059A9B1AE36400212846FFF735FCC7
:103960003FE700BF2EC200000AC30000059E0DB94C
:10397000FFF7A8FB2846FFF7B7FA6A69436B934243
:1039800028BF13469E42044604D0B94940F24C7009
:1039900000F024FE626B0023964284F83C3098BF0E
:1039A000931B6363A36B9E4294BF9B1B0023A36383
:1039B0002846FFF753FB2846FFF7C6FD044630B9FB
:1039C0002846FFF78FFC044600283FF4D0AE284677
:1039D000FFF729FCCCE60324CAE60DB9FFF772FB1A
:1039E0002846FFF781FA04A90446B07804F086FC63
:1039F00008B100230493F278012A0CD12378052B17
:103A00003FF4B5AE062B02D0012B7FF4B0AE2846B2
:103A1000FFF77AFBE5E6032A02D101232370A6E62D
:103A2000022A237808D1052B04D109212846FFF763
:103A30008CFB9CE60821F9E7023B052B00F2128281
:103A400001A252F823F000BF613A0000653E000079
:103A5000653E0000F93D00006F3700009937000017
:103A60000DB9FFF72FFB2846FFF73EFA0446282240
:103A70000021303004F1240607F0A2FC00210422CA
:103A8000304607F09DFC2846FFF7DFF805A904F053
:103A900035FC08B100230593059B1F2BCAD175493E
:103AA0000422601C07F0DCFB07460028C2D1042278
:103AB0003046611D07F05BFCA67B84F82C7004F196
:103AC000090284F840601046FFF78CF82B6AE06426
:103AD0009E4203D32846FFF7A6FB82E6237C2A2BCF
:103AE0005ED8112B08D80A2B3ED91046FFF77AF87A
:103AF0000028EFD1012130E7123B182BF5D801A1A6
:103B000051F823F0B33C0000EB3A0000EB3A000020
:103B100059390000EB3A0000EB3A0000EB3A0000A4
:103B2000EB3A00003B3D000059390000EB3A000041
:103B300059390000F53A0000EB3A0000EB3A00007A
:103B4000EB3A0000EB3A0000EB3A0000EB3A0000E1
:103B50006B3D0000EB3A0000EB3A0000A13D000095
:103B6000EB3A0000CD3D00000A2BBED801A151F870
:103B700023F000BFDD3B0000EB3A0000EB3A000011
:103B8000F33B0000D53A0000EB3A0000EB3A0000AE
:103B9000EB3A0000373C0000EB3A0000793C0000B3
:103BA000552B3FF4D9AE5A2B9FD1E37B092B91D9EA
:103BB0001046FFF717F8042806468BD804F158087A
:103BC00008223946404607F0FBFB062384F85930AB
:103BD00084F8587003233246414628E01046FFF728
:103BE00001F800287FF476AFE37B062B3FF4B4AEF8
:103BF00070E7E37B052B7FF66DAF1046FEF7F2FF13
:103C0000122806463FF666AF00283FF4A5AE04F141
:103C1000580712220021384607F0D2FBF02384F81F
:103C200058300B2384F85F30324603233946284648
:103C3000FFF74EFAD5E5E37B052B7FF64BAFEB693B
:103C400053F82600FFF77AF9637C628A4068217D89
:103C500060641B0452BA03F4F81392B21343414355
:103C60002365A164224629462846FFF7ADFBB8E547
:103C70002EC2000006C30000E37B052B7FF62AAFAF
:103C8000EB6953F82600FFF759F9637C628A4068B4
:103C9000217D60641B0452BA03F4F81392B21343FB
:103CA00041432365A164224629462846FFF7EDFCDF
:103CB00097E5A37C002B7FF40DAF1046FEF792FF33
:103CC000242807463FF606AF00283FF445AEB74A22
:103CD000A265202284F85C20EA69012152F82600BE
:103CE000059305AAFFF712F9059904F1600004F1A4
:103CF000680804F17806082289B1096807F00CFB0E
:103D0000059B10225968404607F006FB059B0422DC
:103D10009968304607F000FB03233A4622E00391FE
:103D200007F04EFB03991022404607F049FB039928
:103D30000422304607F044FBEEE7E37B052B7FF6D9
:103D4000C9AE1046FEF74EFF04283FF6C3AE002270
:103D5000032384F8592084F85A2084F85B2084F8DF
:103D60005830024604F1580161E7E37B092B7FF6E6
:103D7000B1AE1046FEF736FF082807463FF6AAAE5A
:103D800000283FF4E9ADEB6953F82600FFF7D6F8B9
:103D90000368013B1BBAA36543681BBAE365BBE735
:103DA000E37B092B7FF696AEEB6953F82600FFF70D
:103DB000C5F8B4F817304168D4F8122061645BBAD2
:103DC0009BB212BA4B432265A3644BE7E37B092BFA
:103DD0007FF680AEEB6953F82600FFF7AFF8B4F832
:103DE00017304168D4F8122061645BBA9BB212BAF2
:103DF0004B432265A36456E7002000F049F9049C78
:103E00000DB9FFF75FF92846FFF76EF86B69426B53
:103E1000934228BF13469C421CBF012380F85530B3
:103E200094424FF0000380F83C3098BF131B43636B
:103E3000836B9C4294BF1B1B002383632846FFF7C0
:103E4000A1F82846FFF708FA044620B92846FFF7EC
:103E5000F5FA044610B12846FFF7E5F9002000F016
:103E600027F985E4524940F62E0000F0B7FB93E4B1
:103E7000EB69002253F824001146FFF747F801349C
:103E80002B6AA342F4D872E40024F9E7002103204E
:103E900000F0C0F8044600283FF47EAC0378192BEC
:103EA0004FEA53067FF678AC0125B542BFF45FAC0C
:103EB00034F8150007F0CAF900283FF46DAC01355D
:103EC000F3E72B6A102B04D9394940F6990000F02A
:103ED00085FB0026DFF8E080DFF8E090DFF8D0A077
:103EE00034462B6AB3427FF643ACEB6953F826B0F5
:103EF000DBF800301B681BB94146F02000F06EFB78
:103F0000DBF800302A461B68494658469847044665
:103F100090B9B7F87C200123B3401343A7F87C3055
:103F20005846FFF70BF86B6942689A4204D951462C
:103F300040F6A50000F052FB0136D2E72B6A102BA9
:103F400004D91B4940F6AF0000F048FB194B00268E
:103F5000344643F001082B6AB3427FF609ACEB69A3
:103F600053F826A05046FEF7FBFF4FF0FB0904462E
:103F7000112C0CD1B9F1010901D10136EBE74FF455
:103F80007A40C0475046FEF7EBFF0446F0E7002CAE
:103F9000F3D1012303FA06F2B7F87C3023EA0203D7
:103FA000A7F87C30E9E70F24FFF7E2BB0080061298
:103FB0002EC2000000C300009BC20000F1350000CB
:103FC000F8B5124B53F820502B7813B9AE1C30467D
:103FD000F8BD0020FEF7FEFD0D4F0646013D002313
:103FE00015F8012F5C1C2AB96400E4B244F4407453
:103FF0003480ECE71E2B03D93946FC2000F0EEFAA2
:10400000E3B22A7826F81320EAE700BFD4C3000001
:104010000EC30000034608B9FFF7D2BF012807D03E
:10402000022805D0032803D0042801D0052809D18F
:10403000054800EB4303587820B1044B53F8203077
:10404000002BE9D100207047ECC30000D4C300006E
:1040500072B6024A1368013313607047F0090020FA
:10406000034A1368013B136003B962B6704700BF8F
:10407000F0090020EFF30583C3F308032BB9EFF336
:104080001480C04300F00100704701207047000019
:1040900008B5FFF7EFFF012803D00449432000F0E3
:1040A0009DFABDE80840FFF7D3BF00BFF8C300008A
:1040B00008B5FFF7DFFF012803D00449512000F0C5
:1040C0008DFABDE80840FFF7CBBF00BFF8C3000082
:1040D000EFF30583C3F308038BB1103B5AB2002AF8
:1040E000ABBF02F16043074A03F5614303F00F03DE
:1040F000ACBF93F80003D05C4009C0B270470F20FA
:10410000704700BF14ED00E038B50C46054618B9FD
:104110000449B32000F062FA2B68C3F84843C3F89F
:10412000084338BD60C4000070B50C46164605460D
:1041300018B90549A92000F051FA2B68C3F8444387
:104140000EB1C3F8044370BD60C4000037B50C461F
:10415000054618B90749BA2000F040FA2B681859EB
:1041600028B100221A511B590193019B012003B071
:1041700030BD00BF60C400002DE9F8430F4615466E
:10418000044618B93249552000F028FA1FB93049C1
:10419000562000F023FA1DB92D49572000F01EFAD1
:1041A00063792C4ADFF8D08042F823502A4E2B4AFC
:1041B00008EBC303B61A1B79F60836043BB146F088
:1041C00002002749FCF774FC0820BDE8F8833D880D
:1041D000D4F80090B5F5805F04D322494FF4BE7047
:1041E00000F0FCF9C9F80855BF7894F90450072F7E
:1041F00003D91D496B2000F0F1F9002DB6BF1B4B10
:1042000005F1604505F00F054FEA4717FFB2AABF59
:1042100005F561455F5585F8007394F90430002B6E
:1042200008DB0122590903F01F0302FA03F3104AC5
:1042300042F82130637908EBC3020121117146F085
:1042400003000C4948F83340FCF732FC0020BCE77F
:1042500060C40000FC09002008BB0000C0BA0000D8
:10426000BFC40000E1C400000EC5000014ED00E072
:1042700000E100E03DC50000F409002010B504464F
:1042800018B90449872000F0A9F9236801221A60AF
:1042900010BD00BF60C4000010B5044618B9044941
:1042A0008D2000F09BF9236801225A6010BD00BFE9
:1042B00060C400002DE9F3410C4616461F468046B7
:1042C00018B91249962000F089F904F150018900CB
:1042D000D8F8002089B24FF48035A5400023C2F8F9
:1042E0000853C2F84853535004F5A8745358019327
:1042F00026F07F46019B42F82460C2F844530FB178
:10430000C2F8045302B0BDE8F08100BF60C40000F1
:104310002DE9F74F0D4614469846074618B9394916
:10432000CD2000F05BF94FF4803909FA05F94946D0
:104330003846FFF7E9FE3A6805F1500602EB8500C2
:10434000B600B6B2D2F80415D0F84035C0F8401522
:104350004FF0000B42F806B05B1A9259009223F01E
:104360007F43012B009A24F07F444FEA850A0BD14A
:10437000254B4FF4806043F0010398473B6843F8B6
:1043800006B09B590193019B3868D0F80465C0F8CA
:104390004493A31B23F07F43012B1AD11A4B05F53D
:1043A000A875013440F8254043F001034FF48060C4
:1043B00098473B68D3F804359E4208D1384601221D
:1043C0004946FFF7B1FE002003B0BDE8F08F0D2095
:1043D000FAE700EB0A03621EC3F84045D0F8041563
:1043E000C8F1FF18521A22F07F4208F57F48904525
:1043F000EDD3002AE2D10134C3F84045D0F80435AA
:104400009942DAE760C4000050C500000A46022164
:10441000FFF78ABE4FF48271FFF798BE4FF48033E6
:1044200003FA01F1FFF770BE5031890089B2FFF73E
:104430008DBE036801F5A87153F821007047036829
:10444000D3F804057047000090F90430002B09DB15
:104450005A09012103F01F0301FA03F34032024914
:1044600041F82230704700BF00E100E0024B034AF0
:104470001B681068184700BFFC090020F4090020E1
:104480001EF0040F1CBFEFF309800AE0EFF3088071
:104490000549064A884201D8904202D88D464FF01D
:1044A0000000034B184700000000042000E0032038
:1044B000D9440000BFF34F8F0549064BCA6802F488
:1044C000E0621343CB60BFF34F8F00BFFDE700BF37
:1044D00000ED00E00400FA052DE9F3470546FCF77E
:1044E0004BFBFCF77FF90028FBD1304C3048314BB7
:1044F000241AE40824049F6A44F00104002D4FD0DC
:10450000AA692D492046FCF7D7FAEB680193AB68FE
:104510002A4900932046D5E90023FCF7ECFAEB6921
:1045200000932749D5E904232046FCF7D8FA214B0C
:10453000DB6A990703D523492046FCF7B9FADFF86F
:104540009490DFF894A000264FF0010808FA06F3D3
:104550003B4206D059F826201AB151462046FCF7B6
:10456000ABFA01361A2EF1D13A0605D5114B164990
:104570005A6B2046FCF7A0FA17F4004F0D4E04D0FA
:10458000B26B12492046FCF797FAD6F8F030DB07F9
:1045900000D500BE2846FFF78DFF02B0BDE8F087CA
:1045A0000B492046FCF784FAC1E700BF28BB000096
:1045B000C0BA000000ED00E056C500006BC5000069
:1045C000A0C50000FBC500004AC600006AC6000086
:1045D000C8C5000044CB00003FC6000007B5CDE9C8
:1045E00000016A46002144F20200FCF7E7FE03B036
:1045F0005DF804FB10B561B1B2FBF3F403FB1424C6
:10460000A4B244B9C0E9001484608281C381204609
:1046100010BD0E20FCE70920FAE737B550E8013F4E
:104620009DB2C48925448489A54228BF2D1B0489D5
:10463000A54202BFBFF32F8F002207E0C5EA0305A2
:1046400040E80154002CE9D14FF001028DF803201D
:104650000193019A0A609DF8031001F0FF0321B154
:10466000006810FA82F003B030BD1846FBE70A88F4
:104670004B889A4209D150E8012FC2EA024240E831
:104680000123002BF7D1012070470020704737B578
:1046900050E8023F1FFAA3F5C488A54202BFBFF34A
:1046A0002F8F00220DE0C48925448489A54228BFAC
:1046B0002D1BC3EA054540E80254002CE8D14FF019
:1046C00001028DF803200193019A0A609DF80310FE
:1046D00001F0FF0321B1006800EB124003B030BDD0
:1046E0001846FBE70A884B889A4209D150E8022F06
:1046F000C2EA224240E80223002BF7D10120704792
:104700000020704710B5034653E8000F0A4643E8FF
:10471000002494F0000FF7D110BD10B5034653E804
:10472000002F42EA010043E8000494F0000FF6D1A4
:1047300010BD10B5034653E8000F00EA010243E83C
:10474000002494F0000FF6D110BD10B5034653E8D5
:10475000002F02EB010043E8000494F0000FF6D1B3
:1047600010BD10B5034653E8002FA2EB010043E84B
:10477000000494F0000FF6D110BD10B5034653E8C5
:10478000002F8A422CBF501A104643E8000494F0D0
:10479000000FF4D110BD0121FFF7BFBF0021FFF7CB
:1047A000C8BF000010B50446002834D003681BB908
:1047B0001A49FF20FFF712FF636823B917494FF426
:1047C0008070FFF70BFFA36823B9144940F2011072
:1047D000FFF704FFE36823B910494FF48170FFF736
:1047E000FDFE238A23B90D4940F20310FFF7F6FEC0
:1047F000D4E9012321689B1ADBB20A60013BDBB2DA
:10480000FF2B226802D10020107110BD1168481CD6
:1048100010600B70F2E70E20F7E700BFACCB000092
:1048200038B5044620B911494FF49270FFF7D6FE0F
:104830000020FFF72DFC226863681168994213D9A4
:10484000481E106011F8013CE568218A01FB035500
:10485000A36811791B1ADBB2994200D213710020B0
:10486000FFF726FC284638BD0025F8E7ACCB000052
:1048700038B50C46054620B90E4940F24710FFF7FF
:10488000ADFE24B90B494FF4A470FFF7A7FE00203A
:10489000FFF7FEFB2A681368591C1160E968641A67
:1048A000298AB4FBF1F41C70BDE838400020FFF702
:1048B000FFBB00BFACCB000019B1012905D0062019
:1048C000704702B111700020704712B104301060BF
:1048D000F9E707207047000010B5044618B90349EE
:1048E000FB20FFF77BFEA06910BD00BF0FCC0000CE
:1048F00030B50C4685B0054618B91149AC20FFF714
:104900006DFE1CB90E49AD20FFF768FED4E90031F9
:10491000AA690B4411688B420DD893686BB1D268B9
:1049200002940321ADF804102846039201A9984788
:10493000002005B030BD1020FBE71846F9E700BFA6
:104940000FCC00007FB50D461646044618B90B493A
:104950004520FFF743FEA36922695A6062691A6025
:10496000C3E902563DB1002301A92046CDE9023634
:10497000ADF80430A847002004B070BD0FCC000093
:104980007FB50C46054618B913497F20FFF726FE70
:104990001CB911498020FFF721FED4E90032AE692D
:1049A000316813448B4213D87368A0685A430021BE
:1049B00006F006FDB3686BB10222ADF80420F26880
:1049C00002942846039201A99847002004B070BDC4
:1049D0001020FBE71846F9E70FCC000030B504467D
:1049E00085B018B90C496420FFF7F8FDA569AB68DC
:1049F0004BB10122ADF8042000220292EA68039232
:104A000001A92046984710220021284606F0D8FC2C
:104A1000002005B030BD00BF0FCC000010B504462B
:104A200020B9044940F22D30FFF7D8FDE06A043088
:104A300010BD00BF9CCC00007FB5044620B91449CE
:104A400040F2AB10FFF7CAFD124E3368A3421DD1EE
:104A5000E56A2B78012BDAB218D1EB6843B1ADF8D7
:104A60000420002202922A69039201A92046984755
:104A700000242C7001F014FF41F238022146284630
:104A800006F09EFC3460204604B070BD1120FBE7A8
:104A90009CCC0000000A00202DE9F0470F4686B0AC
:104AA0009046054620B9464940F22B10FFF796FD87
:104AB0002A69D3B223B10624204606B0BDE8F087A8
:104AC0004FF48053B3FBF2F35343B3F5805FF2D15D
:104AD000DFF8F490D9F80030002B6FD13949EE6A35
:104AE0002A4605F1180001F0A3FD04460028E3D191
:104AF000DFF8D8A0DAF80000BAF8043001902246B6
:104B0000214601A8ADF8083001F07EFE04460028D9
:104B1000D2D199230246014601A88DF8043001F054
:104B200073FE04460028C7D19AF808308DF8023089
:104B30009F23BAF806208DF804300423ADF8002036
:104B400001466A460DEB03008DF8053001F05CFE6E
:104B500004460028B0D1684600F038FE0028AAD0EC
:104B60008368B3F5805FA6D12B694168B1FBF3F28E
:104B70008B42A0D84FF48050B0FBF3F0B2FBF0F4BE
:104B800000FB1424002C96D1C6E9012301233370C5
:104B90004FF0FF3333632B7DC9F8005003F001035E
:104BA000C6E9037886F82D30002F85D003A9284662
:104BB000CDE90448ADF80C40B8477DE711247BE708
:104BC0009CCC0000254E0000000A00200FCD000004
:104BD000026B90F82E3010B412037BB9436B93FA3A
:104BE000A3F30524816800F8384BB3FA83F34B43F1
:104BF0005DF8044B1A44184401F0AEBE0423037060
:104C0000002380F82E305DF8044B1146184601F061
:104C1000FFBE00002DE9FF470A68C46AD1F808A06A
:104C2000A7684FF48055B5FBF7F5B2FBF5F905FB26
:104C300019294A68A5EB0905954228BF154609FBC5
:104C400007F96F43BB0780460E4604D0334940F254
:104C50002120FFF7C3FCD8F82CC00CEB0902BB08DD
:104C60003432AAF1040A00274FF0010E52F8041F53
:104C70005AF8040F81420ED0DCF834000131DCF820
:104C80000810B9FBF1F10EFA01F141EA000118BF79
:104C90000127CCF83410DAF800101160013B09F15B
:104CA0000409E3D117B1012384F82E303368776803
:104CB000A268B1682B44336094F82E307F1B02FB4E
:104CC00005117760B1604BB14FF48053B3FBF2F242
:104CD00001239340626B013B13436363636B13B126
:104CE00094F82D3013B1E36803B137B1D8F82C0034
:104CF00004B0BDE8F047FFF76BBF0322ADF8042016
:104D000004F11402029222690392012240462270A9
:104D100001A99847384604B0BDE8F0879CCC000054
:104D200070B50E461446054620B9164940F2F320E8
:104D3000FFF754FC1EB1012E1AD0062070BDED6A9B
:104D40002B78012BDEB218D195F82D300BB16B6B9F
:104D50001BB900207CB12070F0E72846FFF738FF30
:104D60000028EBD104B12670012385F82C30E5E74B
:104D70002CB1043525600020E0E71120DEE7072094
:104D8000DCE700BF9CCC0000F8B50D46064620B914
:104D9000224940F2D710FFF721FC25B91F494FF4F3
:104DA000EC70FFF71BFCD5E90032F46A134462682B
:104DB00093422ED81A4B1B68B3422CD12378012B77
:104DC000DFB228D195E8070004F1200383E807004B
:104DD00095E8070004F1140383E807000223D4E9EF
:104DE00008212370A368A06A5A43594301F0E2FDE9
:104DF00008B12770F8BDE368C4E90900002BF9D1B8
:104E00002378012BF6D0F26A1378012BF2D030BF51
:104E1000FAE71020EEE71120ECE700BF9CCC000081
:104E2000000A00202DE9FF47674B1B688B420D46A7
:104E300073D1CC6A2278032AD3B200F0838005D8DC
:104E4000022B2AD0614940F219108FE0043B012B5C
:104E5000F8D8616B91FAA1F3B3FA83F22378052BAA
:104E600001BF012393404B406363606B002840F017
:104E70009880636A002B7ED0A368226A20465A433A
:104E8000120B0323226300F8383B12034FF48051C6
:104E900004B0BDE8F04701F08DBD94F82D306BB340
:104EA000D4F81480A668D4F830E006FB08F3BEEB13
:104EB000133F4FEA133A21D3A76908EB070C0CFB09
:104EC00006F3BEEB133F4FEA133917D8F2454FF400
:104ED0008052E069B2FBF6F304F1380120D1B8FB4F
:104EE000F3F203FB1288A3EB08039F4228BF1F467F
:104EF00006FB07F208FB061106F039FA01232370BE
:104F0000E36853B10222ADF8042004F114020292C6
:104F10002269039201A92846984704B0BDE8F087AA
:104F200003FB0EFAAAEB0808F14506FB0800E3D1E3
:104F3000BCFBF3F203FB12C39F4228BF1F4606FBD4
:104F400007F2D9E7A268236A5343226BB2EB133FFF
:104F500003D01E49CF20FFF741FB04F12001284672
:104F6000FFF758FE0028D8D01849D32004B0BDE878
:104F7000F047FFF733BB01232370E3686BB194F86C
:104F80002C2052B90322ADF8042004F1140202923D
:104F90002269039201A928469847002384F82C30FF
:104FA000BBE790FAA0F00523A168226B04F8383B18
:104FB000B0FA80F0484300EB0232204404B0BDE870
:104FC000F04701F0C9BC00BF000A00209CCC0000E3
:104FD000F8B50D46064620B92F4940F29620FFF756
:104FE000FDFA25B92C4940F29720FFF7F7FAD5E9E9
:104FF0000032F46A13446268934248D8274B1B6816
:10500000B34246D12378012B43D195E8070004F140
:10501000200787E8070095E8070004F1140383E8F8
:105020000700A368226A5A43236BB3EB123F4FEA8F
:10503000123107D139463046FFF7ECFDD8B10123D4
:105040002370F8BD94F82D0038B1013305D0636B9F
:105050001BB1F06AFFF7BCFDF0E72046032322F402
:105060007F62216322F00F0200F8383B4FF4805139
:1050700001F0A0FCE2E7E368002BE2D12378012BEA
:10508000DFD0F26A1378012BDBD030BFFAE71020B3
:10509000D7E71120D5E700BF9CCC0000000A002014
:1050A00019B1012905D00620704702B11170002006
:1050B000704712B104301060F9E707207047000014
:1050C00010B5044618B90349E320FFF787FAE069F1
:1050D00010BD00BF30CD00007FB50D46164604461A
:1050E00018B90C494220FFF779FAE3692169A269EE
:1050F0005960B2FBF1F2C3E902561A603DB10023D8
:1051000001A92046CDE90236ADF80430A8470020B9
:1051100004B070BD30CD00002DE9FF410C461746AC
:10512000054618B91A497A20FFF758FA1CB91849E8
:105130007B20FFF753FAD4E90013EE693268C818F0
:10514000904220D872686869022F02FB0100A168B2
:1051500008BF844603FB02F204BF0846614606F01E
:1051600006F9B3684FF000087BB1F2688DF804705F
:1051700028468DF805800294039201A9984740467D
:1051800004B0BDE8F0811020FAE71846F8E700BF48
:1051900030CD00000322FFF7BFBF0222FFF7BCBFE4
:1051A00030B5044685B018B90C496020FFF716FAEF
:1051B000E569AB684BB10122ADF8042000220292F0
:1051C000EA68039201A92046984710220021284648
:1051D00006F0F6F8002005B030BD00BF30CD00006D
:1051E00010B5044618B906493120FFF7F7F9A2684F
:1051F0002AB163692168206998470023A36010BD24
:10520000BCCD00000EB433B5059D044618B9114954
:105210004220FFF7E3F963691BB90E494320FFF70A
:10522000DDF923681BB90B494420FFF7D7F9636800
:105230001BB908494520FFF7D1F935B106AB01AAE2
:1052400029462046019300F079F802B0BDE83040CD
:1052500003B07047BCCD00000A2938B504460D469E
:1052600002D10D21FFF7F8FFA3682268591CA16045
:10527000D554D4E901329A4204D32046BDE83840DF
:10528000FFF7AEBF38BD00002DE9F84F9846DDE9C5
:105290000A43154682460F460A464FF00109AA42C4
:1052A0000FD2C14538BFC14613F0010B01D16CB913
:1052B00000240126B8F1010F1BD908F1FF386E4315
:1052C000F8E709F10109B2FBF5F2E8E79B070ED513
:1052D000B8F1000F0CBF30262026A145E9D2013CD1
:1052E00031465046FFF7B8FF002CF6D1E0E7202604
:1052F000F3E7B7FBF6F39D42E1D9DFF83C80B7FB5B
:10530000F6F3504618F8031006FB1377FFF7A4FFD7
:105310003346AB42B6FBF5F6F1D2BBF1000F02D03B
:105320000CB1A14501D3BDE8F88F20215046013CC6
:10533000FFF792FFF4E700BF75CE00002DE9F74FAD
:1053400088461746054620B9AF4940F25220FFF77C
:1053500045F96B6923B9AC494FF41570FFF73EF975
:105360002B6823B9A84940F25520FFF737F96B683D
:1053700023B9A54940F25620FFF730F9B8F1000FE4
:1053800000F03E8118F8011B49B92B7B002B00F07F
:105390003781284603B0BDE8F04FFFF721BF25292C
:1053A00040F0B780002698F800302D2B424608F1D7
:1053B000010823D0302B24D02B2B25D000242A2BDE
:1053C00002F1010123D13B681A1D1B683A601C449D
:1053D0000A4613782E2B26D101324FF0000A1046D0
:1053E00010F8011BA1F1300CBCF1090F1DD80A23E4
:1053F00003FB0A13A3F1300A0246F0E746F0010668
:10540000D1E746F00206CEE746F00406CBE711F8F6
:10541000013CA3F130000928DBD80A2202FB043446
:10542000303C0A46CBE74FF0000A12F8011B01F0AE
:10543000FB0068289046F8D0782909D86F290CD845
:10544000632962D022D8252963D0582900F08880AA
:1054500098F80030002B95D197E770390829F7D8D4
:1054600001A353F821F000BFDB55000051540000A8
:105470005154000071550000515400004F55000078
:10548000515400005154000061550000642901D0BE
:105490006929DDD13A68D2F80090111D89EAE972D4
:1054A0003960A2EBE9724FF0010B092A35DCD345D4
:1054B00038BFD3462CB1B9F1000F01DB720700D51C
:1054C000013CB30702D5BAF1000F03D0F00701D4B5
:1054D0004CBB0024B9F1000F2DDAC9F100092D21D0
:1054E0002846FFF7B9FE06F00302022A04D1BAF1FA
:1054F000000F01D11CBB0024CDE9004653460A220F
:1055000049462846FFF7C0FEA2E73B681A1D1978F6
:105510003A602846FFF7A0FE9AE70A230BF1010B39
:10552000B2FBF3F2C1E7A345D4D220212846013CC7
:10553000FFF792FECCE77107D5D52B21D0E7A34525
:10554000DAD230212846013CFFF786FED2E73968DF
:10555000CDE900460A1D3A6053460A220968D0E7A1
:1055600039680A1D3A60CDE9004653461022F5E736
:105570003B681A1D3A6016F00106D3F8009024D15A
:10558000B9F1000F03D0484605F04DFF0646B4427E
:105590001DD809F1FF3919F8011F00293FF458AF50
:1055A0002846FFF759FEF6E728460136FFF754FE76
:1055B00019F806100029F7D1A642BFF449AF2021FF
:1055C0002846013CFFF748FEF6E70026F0E72021D9
:1055D0002846013CFFF740FED9E73B681A1D3A60B8
:1055E000302128461C68FFF737FE78212846FFF750
:1055F00033FE00220823CDE900322146102280E745
:1056000003B0BDE8F08F00BF15CE00002DE9F74FC5
:1056100099469DF83030009388469346064618B95F
:105620002349B620FEF7DAFFF28871794A43043A3B
:105630004A4505D81E490192C420FEF7CFFF019AC2
:10564000DBF80070B6F806A007EB0901914209F1FA
:10565000040488BFA2EB0907B4FBFAF5CBF800708D
:105660000AFB154445B9AAEB040BBB4528BFBB4652
:105670002FB903B0BDE8F08F3668013DF2E7009B1B
:10568000043408EB050034445A466BB12146A7EBBD
:105690000B0705F06CFEBA455D443668D3464FF003
:1056A000000428BFBB46E3E701462046EFE700BF02
:1056B00085CE0000FFF776B8F8B546790146721E30
:1056C0000546002393422D6803D30024A64202D846
:1056D000F8BD0133F6E70F682846FFF7C9F8013433
:1056E0003946F3E72DE9F843068ACD1C0746FFF754
:1056F00097F8043E35440446B5FBF6F5F0B14FF497
:105700008073EDB28380C680013D076081464FF013
:105710000008A84512D23846FFF782F8064648B17D
:1057200063790133637108F10108C9F8000007606B
:105730008146EEE72046FFF7BFFF34462046BDE82E
:10574000F88301210430FFF700B810B501210446A9
:105750000430FFF706F8C0B220B92046BDE810407B
:10576000FFF7AABF10BD00001FB514460392002228
:10577000009203AAFFF74AFF039BA34203D0034909
:10578000F620FEF72BFF04B010BD00BF85CE000051
:105790001FB5144603920122009203AAFFF736FFB9
:1057A000039BA34204D003494FF48070FEF716FF19
:1057B00004B010BD85CE0000836800225A60C3E9A2
:1057C00004229A60DA601A6070470000014608B54A
:1057D0000322044805F044FD0028024818BF0020B9
:1057E00008BD00BFE8CE000070B50C46064618B9EB
:1057F0000A493A20FEF7F2FE1CB908493B20FEF7A1
:10580000EDFE7568286818B1B3682146984718B945
:105810002B6823602C6070BD2D68F3E7F8CE000084
:1058200010B5044618B905495120FEF7D7FE636844
:10583000186808B102681A6010BD00BFF8CE0000F9
:1058400010B5044618B903495D20FEF7C7FE63682A
:10585000186810BDF8CE000038B50C46054618B9DA
:105860000A496920FEF7BAFE1CB908496A20FEF70A
:10587000B5FE6B68186820B1A04203D102681A60B7
:10588000012038BD03460068F5E700BFF8CE0000F0
:1058900010B50D49A1F58C72914201D800200FE09E
:1058A0008C1AE30F03EBE4035B1002EBC30452F822
:1058B0003330834205D802D204F10802ECE7606875
:1058C00010BD2146E8E700BF24D4000008B5FFF76B
:1058D000DFFF024B002808BF184608BDF9D20000C0
:1058E00038B5074C051E04F1080318BF1C46236891
:1058F0002BB11A6822605B6828469847F7E738BDE5
:105900000C0A002020B9054B01225A70FFF7E8BFAE
:10591000012802D1014A9070F8E77047040A00207C
:10592000014B1878704700BF040A002038B50C4CB2
:1059300023789BB90B486360A3602361E36000F0A8
:105940006DF9054600F07EF901232370064BD3F86C
:1059500000340BB10123A370284638BD8525F5E737
:10596000040A0020055900000000014038B51A4C17
:10597000237805461BB91949F620FEF72FFEA378B8
:1059800003F0FF00ABB115B16B6801209847002010
:10599000FEF77EFBE36800200133E360FEF788FB3F
:1059A000E368C3B9BDE838400C494FF48970FEF78D
:1059B00015BEFEF76DFB25B1226913463BB92A607F
:1059C0002561E368002BE5D100F05EF9E2E79D4236
:1059D000F7D01B68F2E738BD040A002024D4000089
:1059E00038B51B4C2378054623B91A4940F23310C9
:1059F000FEF7F4FD637803F0FF00ABB115B16B68FF
:105A0000002098470020FEF743FB63680020013325
:105A10006360FEF74DFB6368C3B9BDE838400D49CC
:105A200040F24F10FEF7DABDFEF732FB25B1A26857
:105A300013463BB92A60A5606368002BE5D100F0EE
:105A40003BF9E2E79D42F7D01B68F2E738BD00BFA3
:105A5000040A002024D4000038B50F4C237823B961
:105A60000E494FF4AA70FEF7B9FD636823B90B49DC
:105A700040F25510FEF7B2FD0020FEF709FB636807
:105A8000013B6360656815B900F02EF96570BDE8EB
:105A900038400020FEF70CBB040A002024D400008C
:105AA00010B5074C23784BB9064B002808BF1846A1
:105AB00000F0E4FB08B90123237010BD8520FCE74A
:105AC000180A00208CD4000008B500F01AFCBDE8CC
:105AD000084000F01DBC07B50190FFF7F5FF0198E5
:105AE00000F0F8FB00F006FC002003B05DF804FBBA
:105AF0001FB503788DF800304368019383688DF8F3
:105B00000830C368054A0393054B684653F82130B3
:105B100052F82110984705B05DF804FB1C0A0020DC
:105B2000240A00201FB503788DF8003043680193E4
:105B300083688DF80830C368054A0393054B6846AF
:105B400053F8213052F82110984705B05DF804FB56
:105B50001C0A0020240A00202DE9F0411E4B90F879
:105B6000008043F828201D4B1646B8F1010F0A6942
:105B700043F8282088B007460C4605D14B7F1BB957
:105B800017497620FEF72AFDDFF860C0637F0CF826
:105B900008300FCC6D460FC594E80F0085E80F0064
:105BA0003B78CDF810801CF8033053B1002E0D4A1D
:105BB000694608BF3246381D01F07AFB08B0BDE8DF
:105BC000F081002E084A694608BF324607F10C00F2
:105BD00001F0D4F8F2E700BF240A00201C0A0020DC
:105BE0008DD40000F15A0000255B00002C0A002033
:105BF00010B5034653E8000F00EA010243E8002411
:105C000094F0000FF6D110BD00F18040002382B067
:105C1000036003680193019B02B0704710B504460E
:105C200018B90649A420FEF7D9FC054A107918B91D
:105C300001211460918010BD8520FCE7EED40000A6
:105C4000300A002008B50C4B1B791BB90B49BD204D
:105C5000FEF7C4FC0A4B1A68D20704D4C02283F8AA
:105C6000002301221A604FF080420123C2F8183548
:105C7000044A137008BD00BF300A0020EED40000B3
:105C800000E100E0380A002008B5094B1B791BB978
:105C90000849EA20FEF7A2FC4FF48270FFF7B4FF38
:105CA0004FF080430222C3F8042301229A6008BD0A
:105CB000300A0020EED4000008B5094B1B7923B947
:105CC00008494FF48170FEF789FC4FF48070FFF7AC
:105CD0009BFF4FF080430122C3F804231A6008BDE4
:105CE000300A0020EED4000010B50E4C237923B901
:105CF0000D494FF48570FEF771FC4FF08042012191
:105D0000C2F808134FF48070FFF77EFF5160D2F89D
:105D10000C3403F00113B3F1011FF8D000236371B9
:105D200010BD00BF300A0020EED400004FF08041CB
:105D300010B5D1F8003163B14FF48070FFF764FF04
:105D40000D4B58790122C1F8082310B95A711B680C
:105D500098474FF08042D2F8043163B14FF482701B
:105D6000FFF752FF0223C2F80833034BBDE810408F
:105D70001B680120184710BD300A002000F1804048
:105D800000F5C040002382B0036003680193019BCB
:105D900002B0704743090BD0012B4FF6FF7318BFB9
:105DA000002300F01F0023FA00F000F0010070470C
:105DB0004FF0FF33F5E70000054B4FF0FF320728A7
:105DC00043F8202084BFC01880F85820704700BFD7
:105DD0003C0A002010B504460068FFF7DBFF20B93D
:105DE00007494FF4F670FEF7F9FB23681F2B83BFBA
:105DF00003F01F03034823604FF0A04010BD00BF15
:105E0000ECBD00000003005013B5019001A80C4642
:105E1000FFF7E0FF019B00EB8300D0F8003723F48D
:105E20004033C0F80037D0F8003743EA0443C0F8E5
:105E3000003702B010BD000010B5184C94F86A206D
:105E400052BBFF211046FFF7A5FF10B1A31883F83E
:105E500030100132302AF5D10021C8B20131FFF7EC
:105E6000ABFF0C29F9D1062200210D4805F0A8FA54
:105E70000C4BC02283F8062340221A604FF4BE70F8
:105E8000FFF77CFF084B4FF00042C3F804230123C7
:105E900084F86A30002010BD0820FCE73C0A00208E
:105EA000A00A002000E100E000600040034B93F8EE
:105EB0006A00003818BF0120704700BF3C0A00206C
:105EC0002DE9F74304460F469146FFF763FF20B9DB
:105ED00041494FF40C70FEF781FBDFF8048108EBB9
:105EE000040393F93030002B73DABB78C3F340031B
:105EF000002B15BF0025082508220C22954203D14E
:105F0000042003B0BDE8F08358F82510013146D1D4
:105F100008EB04026EB248F8259082F830601BB995
:105F200008EB050383F85840BB785A0717D4D90704
:105F300037D501A80194FFF74DFF019B00EB8300CB
:105F4000D0F8003723F00203C0F800372349E208F5
:105F500004F0070001238340885C03438B54B87826
:105F60003B7810F002002AD0AD0005F1804505F520
:105F7000C0452402D5F8102522F44F3222F4407295
:105F8000C5F810251B04D5F8102504F47C5403F43F
:105F900040331C431443C5F810450020B1E70135D8
:105FA000ACE701A897F801900194FFF713FF019B5C
:105FB00003F5E0734FEA890240F82320C6E7083E64
:105FC00048FA86F898F8604044EA831388F860300D
:105FD00097E7082095E700BF54D50000A00A0020ED
:105FE0003C0A002073B505460C46FFF7D3FE20B9E6
:105FF0002A494FF41870FEF7F1FA294E731993F9F4
:106000003030002B04DA254940F26120FEF7E6FA31
:10601000711991F93020072A1DDD083A46FA82F6F7
:1060200096F860309B09032B10D101A80195FFF76A
:10603000D1FE019BD0F81015D94001F001010231C9
:10604000284602B0BDE87040FFF7DEBE012B0CBF52
:1060500002210321F4E7D3B2072B1DD8930003F1EB
:10606000804303F5C043D3F8100540F00100C3F8A6
:10607000100502F1400040B2800080B2FFF77EFEC2
:1060800054B191F9303056F823302BB1012303FA83
:1060900002F2044BC3F8042302B070BD54D50000D3
:1060A0003C0A00200060004013B50446FFF772FE72
:1060B00020B9084940F2B220FEF790FA01A80194F5
:1060C000FFF788FE019BD0F81005D84000F00100D2
:1060D00002B010BD54D500002DE9F04F002485B06A
:1060E000CDE90244594D4FF48072012102F1804301
:1060F00003F5C04390B21B68012B06D1D5F80433D9
:106100000B4202D0FFF73AFE0C430432B2F5907F07
:106110004FEA4101EAD14D4BD3F87C31012B11D12B
:106120004FF4BE70FFF72AFE4FF0A04344F0004446
:10613000D3F820250292C3F82025D3F82028039213
:10614000C3F82028E3B2D3B1414F002501263442E1
:1061500010D0AB0003F1804303F5C043D3F8100522
:10616000D3F8101557F8253023B1C1F30141C0F31E
:10617000052098470135082D4FEA4606E7D1002C47
:106180005CDA334D334C344E4FF00009012716F9D9
:10619000013B5A1C3FD0C3F3C20204A90A445FFA70
:1061A00083FA12F8082C03F03F0803F0070307FAFC
:1061B00003F31A422FD001A8CDF80480FFF70AFE9E
:1061C000019B03F5E07350F82330C3F3014BBBF19F
:1061D000020F0CBF032102214046FFF715FE01A864
:1061E000CDF80480FFF7F6FD019B07FA03F3C0F832
:1061F000203505EB080393F9303055F8233053B1BF
:106200004FEA9A11032904D0BBF1020F19D10129D9
:1062100001D14046984709F10109B9F1040FB6D1FF
:106220004FF0A043D3F820250292C3F82025D4F8DC
:1062300020350393C4F820351343A4D105B0BDE83D
:10624000F08FBBF1030FE6D10229E1E700600040C7
:106250003C0A0020000300509C0A002000F180430B
:1062600082B01A68002A14BF0120002004D0002246
:106270001A601B680193019B02B0704710B5044679
:1062800018B911497020FEF7A9F9104A1378C3B95B
:1062900023784FF08041C3F34003C1F88035237861
:1062A00003F00103C1F87835094B1968C90704D414
:1062B000C02183F80013012119600123137000200D
:1062C00010BD8520FCE700BFBCD50000B40A00204B
:1062D00000E100E010B5044618B90449ED20FEF7CE
:1062E0007DF9034B22681A6010BD00BFBCD50000C9
:1062F000B00A00204FF080434FF46072C3F80423CB
:1063000070474FF080434FF46072C3F80823704722
:10631000014B00221A607047B00A00204FF0804302
:1063200070B5D3F8044366070ED54FF48470FFF7B9
:1063300095FF48B1334D2B6823B933494FF48B7027
:10634000FEF74CF92B689847A5060FD54FF48A70D5
:10635000FFF784FF50B12D4D2B6823B92A4940F235
:106360001F10FEF73BF92B680020984760060FD5F9
:106370004FF48C70FFF772FF50B1244D2B6823B996
:1063800021494FF49370FEF729F92B6801209847B3
:1063900021060FD54FF48E70FFF760FF50B11C4DF2
:1063A0002B6823B9184940F22F10FEF717F92B6814
:1063B00000209847E2050FD54FF49070FFF74EFF8D
:1063C00050B1134D2B6823B90F494FF49B70FEF762
:1063D00005F92B6801209847A30511D54FF4927059
:1063E000FFF73CFF60B10A4C236823B9064940F22D
:1063F0003D10FEF7F3F823680220BDE8704018470F
:1064000070BD00BFA80A0020BCD50000AC0A002067
:10641000B00A002008B5FFF781FFBDE80840FFF78C
:1064200085BC000010B5054C23681BB904495120F8
:10643000FEF7D4F82368BDE810401847B80A0020DA
:106440001CD6000038B50D4628B90C497720FEF758
:10645000C5F8002038BD0A4B9842FAD10020FDF75C
:1064600017FE084B1C7914B901221D601A71002017
:10647000FDF71EFE002CECD01120EBE71CD600002F
:1064800000200040B80A002018B906499B20FEF7FA
:10649000A5B8054B984201BF044B00221A601A713F
:1064A000704700BF1CD6000000200040B80A002042
:1064B0000268530910B5044618D0012B4FF6FF733C
:1064C00018BF002302F01F02D340DB0704D40949A0
:1064D0004FF4F670FEF782F823681F2B83BF03F09A
:1064E0001F03054823604FF0A04010BD4FF0FF335D
:1064F000E8E700BFECBD00000003005007B50190C5
:1065000001A8FFF7D5FF019B03F5E073022240F8D5
:10651000232003B05DF804FB0F4B5A7910B502F04D
:10652000FF04B2B90D491A68C1F800411AB101243B
:106530005C71C1F8044300F1804000F52430012370
:10654000036022B9054AD2F80031002BFBD00020AD
:1065500000E0112010BD00BFC00A002000900240E2
:106560000E4B0238D3F83C26D3F83836072813D818
:10657000DFE800F0110F0D0B0A080604100EC871B9
:10658000100C8871100A48710A711A0ECA701A0C20
:106590008A701A0A4A700B70704700BF0090024060
:1065A000023807281FD8DFE800F02927251123210A
:1065B0001F04CB791B068A7943EA02434A7943EAEE
:1065C00002230A7913430E4AC2F83C36CB781B06E5
:1065D0008A7843EA02434A7843EA02230A7813435B
:1065E000074AC2F8383670470023E4E70023E5E79E
:1065F0000023E6E70023EBE70023ECE70023EDE7C9
:106600000090024070B5084D084E642445F0010525
:10661000D6F8003133B94FF42070A847013CF7D1C8
:106620000D2070BD0020FCE7F0D600000090024075
:106630002DE9F3410E461746044618B96D49B020BE
:10664000FDF7CCFF6C4D2B79002B40F0CD802379EA
:10665000FF2B00F0CD806279FF2A00F0C980A2797B
:10666000FF2A00F0C580E279FF2A00F0C18001A86E
:106670000193FFF71DFF019B03F5E07340F2023821
:1066800040F8238001A863790193FFF711FF019B74
:1066900003F5E07340F8238001A8A3790193FFF785
:1066A00007FF019B03F5E07340F8238001A8E3791D
:1066B0000193FFF7FDFE019B03F5E07340F8238093
:1066C000237AFF2B08D001A80193FFF7F1FE019B6D
:1066D00003F5E07340F82380637AFF2B0AD001A80A
:1066E0000193FFF7E5FE019B03F5E07340F20232F0
:1066F00040F8232023794149FF2B08BF4FF0FF3397
:10670000C1F824356379FF2B08BF4FF0FF33C1F880
:106710002835A379FF2B08BF4FF0FF33C1F8303580
:10672000E379FF2B08BF4FF0FF33C1F83435237AEC
:10673000FF2B08BF4FF0FF33C1F83835637AFF2BCA
:1067400008BF4FF0FF33C1F83C352368C1F840352E
:10675000237BE07AA27A9B0143EAC0031343627B66
:10676000002A14BF802200221343C1F84435D1F817
:106770000036A27B94F810C0607C23F07F4323F0A6
:10678000FF031343E27B43EA4C63002A14BF4FF03C
:106790008072002243EA00731343C1F800360023DD
:1067A0006B7101232E60AF60C1F8083376B1A47C11
:1067B000072C03D912496B20FDF710FF114B640120
:1067C000E4B283F829434FF400725A600B4B012264
:1067D00000212A71C3F80025C3F800111A6002B025
:1067E000BDE8F041FFF70EBF082002B0BDE8F08120
:1067F0000720FAE782D60000C00A0020009002407D
:106800000EC5000000E100E0F8B5224E33790546E0
:106810000F4614461BB92049DD20FDF7DFFE7379D2
:1068200003F0FF0293BB1D4EC6F800211FB168782C
:106830003946FFF7B5FE0123C6F80833AB786A780E
:106840001B0343EA02232A781343EA7843EA4233DC
:106850002A7943EA82336A7943EAC233C6F8343686
:10686000FFF7D0FE0D28074607D12B791BB90A493F
:10687000F620FDF7B3FE3846F8BD0027C6F80071D4
:1068800034B168782146FFF76BFEF4E71127F2E791
:106890002746F0E7C00A002082D6000000900240A0
:1068A0002DE9F843274E337923B927494FF4BE70B9
:1068B000FDF794FE254BD3F8342602F44032B2F5AE
:1068C000803F04BF224AC3F83426224A4FF40071A5
:1068D000C2F88410BFF34F8FBFF36F8F0122C3F84C
:1068E00008231A615A650022C3F80025C3F8002165
:1068F000D3F82405D3F82895D3F83085D3F8347528
:10690000D3F83855D3F83C45C0B2FFF7F7FD5FFA2E
:1069100089F0FFF7F3FD5FFA88F0FFF7EFFDF8B2BB
:10692000FFF7ECFDE8B2FF28E4B201D0FFF7E6FD87
:10693000FF2C02D02046FFF7E1FD00233371BDE8B4
:10694000F88300BFC00A002082D6000000900240F9
:106950000001030000E100E070B5134B1B79044611
:106960000D46164623B911494FF4CB70FDF736FE9C
:1069700024B90E4940F29710FDF730FE04F0604351
:10698000B3F1005F0DD1A3070BD1094B0820C3F869
:106990001065C3F81445C3F81855BDE87040FFF7FB
:1069A000BBBD102070BD00BFC00A002082D6000011
:1069B0000090024070B5134B1B7904460D461646F5
:1069C00023B911494FF4D370FDF708FE24B90E49DD
:1069D00040F2A710FDF702FE04F06043B3F1005F40
:1069E0000DD1A3070BD1094B0420C3F80465C3F8EC
:1069F0000845C3F80C55BDE87040FFF78DBD102069
:106A000070BD00BFC00A002082D600000090024086
:106A100038B50C4B1B7905460C4623B90A4940F2A0
:106A2000B510FDF7DBFDA30709D1084B0C20C3F817
:106A30001C45C3F82055BDE83840FFF76DBD102058
:106A400038BD00BFC00A002082D60000009002407E
:106A5000064AD2F800313BB1054B002058719968C5
:106A6000C2F800011A681047704700BF009002404A
:106A7000C00A00200268530910B5044618D0012B43
:106A80004FF6FF7318BF002302F01F02D340DB074D
:106A900004D409494FF4F670FDF7A0FD23681F2BBD
:106AA00083BF03F01F03054823604FF0A04010BDD3
:106AB0004FF0FF33E8E700BFECBD000000030050DB
:106AC00007B5019001A8FFF7D5FF019A0123934074
:106AD000C0F80C3503B05DF804FB07B5019001A8C0
:106AE000FFF7C8FF019A01239340C0F8083503B0AF
:106AF0005DF804FB144BD3F8182113B512B3002230
:106B0000C3F81821D3F81831104C0193019B236866
:106B100023B90F4940F29720FDF760FDE07FFF2881
:106B200003D0A37F5BB1FFF7CBFF00236377237212
:106B3000D4E90031074802B0BDE810401847FFF71C
:106B4000CCFFF2E702B010BD00300040CC0A0020BC
:106B5000F6D60000D40A00200023435082B04358E8
:106B60000193019B02B070470A4610B54FF48E7135
:106B7000FFF7F2FF136A9168C95C136A013313626D
:106B8000C0F81C1510BD00000268530910B504467A
:106B900018D0012B4FF6FF7318BF002302F01F021D
:106BA000D340DB0704D409494FF4F670FDF716FD16
:106BB00023681F2B83BF03F01F03054823604FF09A
:106BC000A04010BD4FF0FF33E8E700BFECBD000070
:106BD0000003005007B5019001A8FFF7D5FF019B06
:106BE00003F5E073022240F8232003B05DF804FBB4
:106BF0008B690A4610B54FF4847123B9FFF7ACFFD7
:106C0000D0F8183510BDFFF7A7FF536AD168D0F848
:106C10001805C854536A01335362F3E71FB50123C3
:106C20008DF80030044BCDE90110D3E9001268461D
:106C3000904705B05DF804FBF00A002030B54D4DDB
:106C4000D5F804339A0585B051D5D5F82431002BF9
:106C50004DD04FF492712846FFF77EFF4FF4017339
:106C6000C5F80833444B93F829200AB901226A6019
:106C7000404902228DF80020D1F88024C1F88024F8
:106C800003929A690292DA6801920022C3E906220D
:106C90006846D3E9001290473648D0F81C315BB102
:106CA000354A5169136A99424DD992F82830002B20
:106CB00049D11146FFF758FF2E48D0F84431002B38
:106CC00056D04FF4A271FFF747FF2B4B93F82920C2
:106CD0000AB1012202609A69002A49D0586AD9682B
:106CE00000229A6105B0BDE83040FFF797BFD5F8A4
:106CF00004335B07D0D5D5F80831002BCCD01E4C1F
:106D00001C482146FFF774FF636AA2699A42C3D107
:106D1000E369E1684BB1A3612369E3600023606A22
:106D2000E3616362FFF77AFFB6E794F829300BB9A5
:106D300001236B600F4B4FF40172C3F8082300234B
:106D4000606AA361EEE70B484FF48E71FFF704FF12
:106D50005369002BB0D051690291002391688DF8DE
:106D60000030019153616846D2E900139847A3E7C8
:106D700005B030BD00200040F00A00202DE9F347A7
:106D8000054691460C4619B96A49AA20FDF726FC2A
:106D900095F80480684E2C2303FB086393F82A308F
:106DA000002B40F0C38065492868FFF74BFB07467E
:106DB000002840F0BD8023685A1C13D001A801931D
:106DC000FFF7E2FE019A01239340C0F808352368DB
:106DD000019301A8FFF7D8FE019B03F5E07303229E
:106DE00040F823206368581C09D001A80193FFF7DD
:106DF000CBFE019B03F5E073002240F823202B68B3
:106E0000A269C3F82425217D627D0A43C3F86C255D
:106E1000D4E900020129C3F81425C3F80C052AD1CE
:106E2000A368591C09D001A80193FFF7ADFE019B8F
:106E300003F5E073002240F82320E3685A1C13D0C6
:106E400001A80193FFF7A0FE019A01239340C0F827
:106E50000835E368019301A8FFF796FE019B03F54F
:106E6000E073032240F82320D4E902212B68C3F801
:106E70000815C3F810252C2303FB08F3F218C2F8F9
:106E800004902269F250B9F1000F3BD0286894F8C1
:106E90001C902B4A4FF48E71FFF75EFE28684FF46A
:106EA000A271FFF759FE2C68B9F1070FC4F804234B
:106EB0004FEA143A44F3073403D922496B20FDF713
:106EC0008DFB002CAEBF04F160431F4B0AF00F0A8C
:106ED0004FEA4919A8BF03F561435FFA89F9B4BFC6
:106EE00003F80A9083F800932B681A0B43F30733D7
:106EF000002B07DB02F01F0101228A405B091349C6
:106F000041F823202B680422C3F800252C2303FB1F
:106F100008630022C3E9062283F829205A6101226E
:106F200083F82A20384602B0BDE8F0870827F9E741
:106F30001127F7E75AD70000F00A00203D6C000047
:106F4000800002000EC5000014ED00E000E100E04A
:106F50002DE9F84303680679294D0022C3F800257E
:106F60002C2202FB065204465268A2B1254AC3F8FD
:106F700008231A0B43F30733002B0CDB02F01F012D
:106F80005B0901228A4020331F4941F82320BFF3C7
:106F90004F8FBFF36F8F2368D3F80C05D3F8149588
:106FA000D3F80875D3F810854FF0FF329042C3F83C
:106FB0001425C3F80C25C3F80825C3F8102501D003
:106FC000FFF708FEB9F1FF3F02D04846FFF702FE87
:106FD000B8F1FF3F02D04046FFF7FCFD7B1C02D01A
:106FE0003846FFF7F7FD2068FFF74EFA2C2303FB26
:106FF0000655002385F82A306B60BDE8F88300BF92
:10700000F00A00208402020000E100E00279044B53
:107010002C2101FB02335869003818BF012070474A
:10702000F00A00202DE9F84F334F90F804802C230C
:1070300003FB0873064693F82A30012B89469246D3
:1070400004D02E494FF48C70FDF7C8FAB9F1000F47
:1070500004D12A4940F21910FDF7C0FABAF1000F25
:1070600004D126494FF48D70FDF7B8FA3046FFF78A
:10707000CDFF044600283BD12C2508FB057B4FF4AF
:107080008E71CBF814A0CBF80890CBF820008BF8C9
:1070900028003068FFF760FD30680123836059469F
:1070A000FFF762FDDBF804305D461BBB3068DBF8A0
:1070B00014402B6A9C4211D83368D3F81C21002A53
:1070C000FBD00122DA6000202C2303FB0877002389
:1070D0007B61BDE8F88F95F828303BB9D0F81C31BA
:1070E000002BF8D05946FFF73FFDE2E70F20EBE712
:1070F0001120EEE72046ECE7F00A00205AD7000006
:107100000023435082B043580193019B02B0704763
:107110000268530910B5044618D0012B4FF6FF73CF
:1071200018BF002302F01F02D340DB0704D4094933
:107130004FF4F670FDF752FA23681F2B83BF03F05C
:107140001F03054823604FF0A04010BD4FF0FF33F0
:10715000E8E700BFECBD00000003005007B5019058
:1071600001A8FFF7D5FF019B03F5E073022240F869
:10717000232003B05DF804FB1FB501238DF8003018
:10718000044BCDE90110D3E900126846904705B0E1
:107190005DF804FB1C0B00207FB5434AD2F8246144
:1071A000002E60D010464FF49271FFF7A9FF022322
:1071B0008DF80030D2F88034C2F880340393D2F8CE
:1071C0003C350293394BDA6801920022C3E906226A
:1071D0006846D3E9001290473348D0F8443173B180
:1071E0004FF4A271FFF78CFF304B9A693AB100223D
:1071F000C3E90622D968D0F83C05FFF7BDFF2A484D
:10720000D0F82031ABB14FF49071FFF779FF012333
:10721000C360264B5A6962B1D0F84C150291002226
:1072200099688DF8002001915A616846D3E90012EF
:1072300090471D48D0F858319BB14FF4AC71FFF71F
:107240005FFF1A4B5A6962B1D0F84C1502910022C7
:1072500099688DF8002001915A616846D3E90012BF
:10726000904704B070BDD2F81031002BB4D04FF469
:1072700088711046FFF744FF0C4BD2F83C05996922
:107280008842A9D1DC69D96864B1D2F8005225F0EE
:107290002005C2F800521A699C61DA60DE61FFF7CE
:1072A0006BFF99E79C61FAE7002000401C0B00206F
:1072B0002DE9F347054691460C4619B97149CF208F
:1072C000FDF78CF995F804806F4E242303FB0863C7
:1072D00093F82030002B40F0D0806C492868FFF7ED
:1072E000B1F80746002840F0CA8023685A1C13D022
:1072F00001A80193FFF70CFF019A01239340C0F806
:1073000008352368019301A8FFF702FF019B03F5ED
:10731000E073032240F823206368581C09D001A8B9
:107320000193FFF7F5FE019B03F5E073002240F89F
:1073300023202B68A269C3F82425217D627D0A439E
:10734000C3F86C25D4E900200129C3F80C25C3F843
:1073500014052AD1A368591C09D001A80193FFF78D
:10736000D7FE019B03F5E073002240F82320E36879
:107370005A1C13D001A80193FFF7CAFE019A0123FA
:107380009340C0F80835E368019301A8FFF7C0FEF9
:10739000019B03F5E073032240F82320D4E9022186
:1073A0002B68C3F80815C3F81025242303FB08F342
:1073B000F218C2F804902269F250B9F1000F4AD0D5
:1073C000286894F81C90324A4FF48871FFF798FEB1
:1073D00028684FF49071FFF793FE28684FF492717C
:1073E000FFF78EFE28684FF4A271FFF789FE286828
:1073F0004FF4AC71FFF784FE2C68B9F1070FC4F8A5
:1074000004234FEA143A44F3073403D921496B208B
:10741000FDF7E4F8002CAEBF04F160431E4B0AF008
:107420000F0A4FEA4919A8BF03F561435FFA89F9CA
:10743000B4BF03F80A9083F800932B681A0B43F348
:107440000733002B07DB02F01F0101228A405B0992
:10745000124941F823202B680822C3F80025242371
:1074600003FB08660023C6E906337361012386F82F
:107470002030384602B0BDE8F0870827F9E7112729
:10748000F7E700BFBED700001C0B00209971000079
:10749000100342000EC5000014ED00E000E100E022
:1074A0002DE9F8433D4D06790468242303FB065378
:1074B00002465B68ABB13A4BC4F8083344F3073378
:1074C000002B4FEA14310CDB01F01F005B09012196
:1074D00081402033334840F82310BFF34F8FBFF370
:1074E0006F8FD4F8003223F02003C4F80032242335
:1074F00003FB06539B6933B14FF4A2712046FFF79B
:10750000FFFD012363604FF4AC712046FFF7F8FDE7
:107510000123E360242303FB0653D4F85811002908
:10752000FBD0996919B1D4F844110029F5D0002392
:10753000C4F800351368D3F80C05D3F81495D3F8C4
:107540000875D3F810854FF0FF329042C3F80C2530
:10755000C3F81425C3F80825C3F8102501D0FFF798
:10756000FDFDB9F1FF3F02D04846FFF7F7FDB8F146
:10757000FF3F02D04046FFF7F1FD7B1C02D03846AA
:10758000FFF7ECFD2046FEF77FFF242303FB0655A3
:10759000002385F820306B60BDE8F8831C0B0020C9
:1075A0001003420000E100E00279044B242101FBBA
:1075B00002335869003818BF012070471C0B0020A7
:1075C0002DE9F047384F90F80490242303FB09730A
:1075D000054693F82030012B8846924604D0334963
:1075E00040F25310FCF7FAFFB8F1000F04D12F4915
:1075F0004FF4AA70FCF7F2FFBAF1000F04D12B4947
:1076000040F25510FCF7EAFF2B7913B9BAF5803F29
:1076100004D326494FF4AB70FCF7E0FF08F0604359
:10762000B3F1005F39D12846FFF7BEFF04460028BA
:1076300035D1242606FB09762868C6F814A04FF435
:107640009071C6F80880FFF75BFD4FF4AC712868B5
:10765000FFF756FD2B687269B168C3F84415C3F88B
:10766000482501229A607268DAB9D3F82021D3F84C
:1076700058011AB90028F8D00F2007E00028FBD1E4
:107680000122DA60D3F85821002AFBD0242303FB1F
:10769000097700237B61BDE8F0871020FBE711200C
:1076A000F9E72046F7E700BF1C0B0020BED700001B
:1076B0004FF08053D3F83001A0F1080358425841ED
:1076C000704700004FF08053D3F83021082A06D1CC
:1076D000D3F83431052B04D8034AD05C704700201E
:1076E00070470120704700BFB6D8000008B5FFF70B
:1076F000DFFF18B1034B0022C3F81C2C024B002201
:107700001A7008BD00700240410B002007B5094AFD
:1077100000231370084AADF8053013708DF8073058
:1077200001238DF80430054B01A81B68984703B06E
:107730005DF804FB400B0020480D0020440D0020A4
:10774000704700009A422DE9E84107460E469046F0
:107750001D4604D213494FF4E970FCF73FFF33682C
:107760004BB103F06043B3F1005F04D00D4940F228
:10777000D310FCF733FF70683368854297BFC7E9C1
:1077800000350022401B5B198EBFC7E900327060D4
:107790003360A84504D1003818BF0120BDE8E88156
:1077A0000020FBE724D800000B6803F06043B3F12E
:1077B000005F70B506460C46154604D00A4940F2F3
:1077C000F910FCF70BFF606821682368854228BF29
:1077D0000546401BC6E900155A1960600038226052
:1077E00018BF012070BD00BF24D800000B6803F053
:1077F0006043B3F1005F70B506460D46144604D0F1
:107800000C4940F21A20FCF7E9FE69682A688C42AC
:1078100028BF0C46002C14BF10460020A1EB040129
:107820002244C6E9000469602A6014BF01200020D8
:1078300070BD00BF24D8000038B500F00F05082D3A
:10784000044604D9074940F2A220FCF7C7FE064BC4
:1078500014F0800FA3F1900018BF184600EB05103C
:1078600038BD00BF24D80000B40C002038B500F0AB
:107870000F05082D044604D9054940F2B520FCF750
:10788000ADFE14F0800F14BF00201020284438BD36
:1078900024D8000038B500F00F05082D044604D99F
:1078A00006494FF4B970FCF799FE054A054B14F0F0
:1078B000800F08BF134633F8150038BD24D80000E8
:1078C000E2D80000C6D80000294B37B5D3F80044F1
:1078D000C3F80044BFF36F8FBFF34F8FBFF36F8FB9
:1078E000BFF34F8FE1050ED5224B01221A70002302
:1078F000ADF805308DF8073002238DF804301E4BAB
:1079000001A81B689847A2050DD51A4A00231370D9
:10791000ADF805308DF8073003238DF80430164B91
:1079200001A81B689847630520D5124D2B78EBB151
:107930000F4CD4F82C3523B1104940F2F540FCF738
:107940004DFE012200232B70C4F80825A265BFF369
:107950006F8FBFF34F8FADF805308DF807300423DC
:107960008DF80430044B01A81B68984703B030BD64
:1079700000700240400B0020440D002024D800007D
:1079800038B500F00F05082D044604D9084940F227
:10799000B740FCF723FE074B14F0800F14BFD3F859
:1079A0001005D3F81405E84000F0010038BD00BF11
:1079B00083D800000070024038B500F00F05082D94
:1079C000044604D9074940F29B10FCF707FE064A1B
:1079D000064B14F0800F08BF134601205B5D9840F2
:1079E00038BD00BF24D80000D8D80000BCD80000A3
:1079F000F8B50B6803F06043B3F1005F06460C4630
:107A0000174604D110494FF40E70FCF7E7FD656886
:107A1000BD4228BF3D46402D04D90B4940F24220CB
:107A2000FCF7DCFD094F21682A46384603F09FFC2D
:107A300060682368401BC6E900752B44606000380D
:107A4000236018BF0120F8BD24D800004C0D002091
:107A5000F8B50B6803F06043B3F1005F06460D46CE
:107A6000174604D1124940F25B20FCF7B7FD6C6861
:107A7000BC4228BF3C46402C16D90D4940F2652037
:107A8000FCF7ACFD0B4F29682246384603F06FFC2B
:107A900037606B6874601B1B6B602B68201E23446F
:107AA0002B6018BF0120F8BD002CEBD13460F0E74B
:107AB00024D800004C0D002008B50020FCF7E8FA9F
:107AC0000A4BD3F8001C032261B949F27531C3F89F
:107AD000001CC3F8142DC3F8001CBDE808400020AA
:107AE000FCF7E6BAC3F8142DF7E700BF00E0064044
:107AF00008B50020FCF7CCFA0A4BD3F8001C61B99A
:107B000049F27532C3F8002CC3F8141DC3F8002CD9
:107B1000BDE808400020FCF7CBBA0022C3F8142DC2
:107B2000F6E700BF00E0064000F00F03082B10B599
:107B3000044604D9034940F28520FCF74FFD204656
:107B400010BD00BF24D80000010610B5044604D4BF
:107B5000144940F2B630FCF741FD220704D5114923
:107B600040F2B730FCF73AFD230704D10D494FF43A
:107B70006E70FCF733FDFFF7B9FD2046FFF75CFEA2
:107B8000837B032B0AD12046FFF770FE0121814041
:107B9000BDE810400448C943FEF72AB80368002B2B
:107BA000F1D010BD24D80000B00B00208720FFF7D3
:107BB000CBBF8620FFF7C8BF8520FFF7C5BF842055
:107BC000FFF7C2BF8320FFF7BFBF8220FFF7BCBF14
:107BD0008120FFF7B9BF000008B5FFF787FD084B0C
:107BE00093F89E20032A06D1BDE8084005486FF0AF
:107BF0000101FDF7FDBFD3F89030002BF4D008BD94
:107C0000240C0020B00B0020012273B502FA01F50C
:107C10001D491E4E0B6810F0800F43EA0503044611
:107C20000B6025D0FFF736FE00F1804000F51C30D8
:107C3000036853B100230360BFF36F8FBFF34F8F0F
:107C4000802C12D02046FFF77FFF316829400AD1EF
:107C500006238DF804308DF806408DF807100C4B84
:107C600001A81B68984702B070BDFFF7B5FFECE7AD
:107C700033681D42F7D106238DF804308DF80600D5
:107C80008DF80720EBE700BF200C0020B00B002090
:107C9000440D002010B5054B1C782046FFF7E6FD8B
:107CA00001462046BDE81040FFF7AEBF480D00205A
:107CB000FFF792BF07B500238DF804300B4BD3F8C4
:107CC0002025ADF80620D3F8C034094A002B1368EC
:107CD0000CBF4FF480714FF001210B431360054B33
:107CE00001A81B68984703B05DF804FB00700240D0
:107CF000200C0020440D002007B5FFF7F7FC0D4BCA
:107D000093F88E20032A11D0D3F8803073B90A4833
:107D10006FF08071FDF76CFF06238DF804300823A7
:107D2000ADF80630054B01A81B68984703B05DF815
:107D300004FB00BF240C0020B00B0020440D0020E9
:107D400007B5FFF7D3FC114B93F81E21032A07D187
:107D50000F486FF4807103B05DF804EBFDF748BF86
:107D6000D3F8103173B90A486FF48071FDF740FF02
:107D700006238DF804308823ADF80630054B01A8A2
:107D80001B68984703B05DF804FB00BF240C00207B
:107D9000B00B0020440D002010B5074C2378012BB8
:107DA00004D0064940F2AA60FCF718FC044A0023FC
:107DB0001360237010BD00BF420B002024D80000C8
:107DC000440D002010B5494C2378012B04D04849BC
:107DD00040F2B360FCF702FC464B4FF40062C3F87C
:107DE0000024BFF36F8FBFF34F8FFFF76BFC08B119
:107DF000FFF762FEFFF75CFC98B10020FCF748F942
:107E00003D4BD3F8001CC022002966D149F27531E0
:107E1000C3F8001CC3F8142CC3F8001C0020FCF7A6
:107E200047F9344B0122C3F80025BFF36F8FBFF32E
:107E30004F8FD3F800241205FBD54FF40062C3F82E
:107E40000024BFF36F8FBFF34F8FFFF731FC90B16A
:107E50000020FCF71DF9284BD3F8001C00293FD166
:107E600049F27532C3F8002CC3F8141CC3F8002C77
:107E70000020FCF71DF9FFF725FC30B1FFF738FEB5
:107E8000FFF720FC08B1FFF717FEFFF711FC194BB5
:107E900050B140F2E372C3F800284022C3F804282E
:107EA000BFF36F8FBFF34F8F00218022C3F81C25D3
:107EB000C3F83015114B40F2FF121A60104B1960D5
:107EC000FFF714FC0F4B197002232370FFF7FAFB26
:107ED00050B1BDE81040FFF70BBEC3F8142C9DE76E
:107EE0000022C3F8142CC3E710BD00BF420B0020D2
:107EF00024D800000070024000E00640200C002062
:107F0000B00B0020480D002010B5114B1B78022B40
:107F1000044604D00F4940F20770FCF75FFB0E4B9C
:107F200000221A700D4A0E4B002C18BF13460D4A42
:107F3000C2F804330C4BC02183F827138021596009
:107F40000123C2F80435BFF36F8FBFF34F8F10BD0D
:107F5000420B002024D80000400B00200714E00151
:107F60000714C0010070024000E100E0024B1878E5
:107F7000003818BF01207047420B0020034B1878CF
:107F8000012894BF00200120704700BF420B002051
:107F9000044B1B78012B83BF034B5868C0F3C01000
:107FA00000207047420B002000E100E010B50020E7
:107FB000FCF76EF8134B1B7803F0FF04BBB1124AB9
:107FC000D2F82C35DBB10023C2F82C35FFF770FB5B
:107FD00068B10E4BD3F8001CC02269B949F2753163
:107FE000C3F8001CC3F8142CC3F8001C044600207E
:107FF000FCF75EF8204610BDC3F8142CF6E71C46CB
:10800000F5E700BF400B00200070024000E0064092
:10801000024B034AC3F80823704700BF00700240B8
:1080200004148001024B034AC3F80423704700BFC5
:108030000070024004148001014B00221A70704746
:10804000400B0020CB0770B505460C4600F0080633
:1080500007D5124940F29F70FCF7C0FA26B9402CB0
:108060000DE00029FAD17EB10D4BD3F81C35DBB2FF
:10807000802B0CBF4FF400734FF480639C4208D9EF
:10808000064940F2A37002E0044940F2A170FCF7F7
:10809000A5FA2846FFF7D0FB848170BD24D80000E4
:1080A0000070024073B5054620B91F4940F2856053
:1080B000FCF794FA1D4B1C78002C33D11C4A156038
:1080C00001221A702546264615F0080F65F07F003C
:1080D000C0B20CBF40214FF400710190FFF7B2FF16
:1080E0000198FFF7A9FB0135092D867306608660AC
:1080F000EAD1402100252046FFF7A4FF2046FFF7E4
:108100009BFB0134E4B2092C85730560856002D1C4
:10811000002002B070BD14F0080F14BF4FF40071BE
:108120004021E8E70820F4E724D80000420B0020B3
:10813000440D002008B5FFF77FFB808908BD08B516
:10814000FFF7F2FCBDE80840FFF71ABC2DE9F04745
:1081500081460F46FFF78AFB804627B9344940F233
:10816000EE70FCF73BFA0020FBF792FF19F00F06C8
:1081700003D1304B1B784B4555D12F4BDFF8DCA09A
:108180001C68DAF80030E4430120A4B200FA08F8D1
:108190001C4314EA080448D14846FFF74DFB0C2362
:1081A00019F0800F054603FB06F62CD0234B3A68E6
:1081B0001E4402F06042BB68B2F1005F03F00103AD
:1081C0001CD1CBB91E4B2B6097E80700002386E833
:1081D0000700AB60AB73DAF800306E6043EA080367
:1081E000CAF80030174B8022C3F804210020FBF7A7
:1081F0005FFF2046BDE8F087134BE4E70BB9134B54
:10820000E1E7134BDFE7134B1E443B684BB103F030
:108210006043B3F1005F04D0054940F64800FCF725
:10822000DDF90D4BCFE71024E0E71124DEE700BFB6
:1082300024D80000480D0020200C0020B40B0020A2
:10824000A977000000E100E0ED770000F17900007F
:10825000517A0000440B002045770000B00B00204D
:108260002DE9F04107460D46FFF700FB064625B90C
:108270001B4940F65E00FCF7B1F90020FBF708FF50
:108280003B0703D1174B1B78BB4225D1164BDFF8B8
:1082900060801C68D8F80030E4430120A4B200FAE2
:1082A00006F61C43344019D13846FFF7C5FA2B684F
:1082B00003606B684360D8F8003084603343C8F8CB
:1082C00000300A4B84738022C3F804210020FBF79E
:1082D000EFFE2046BDE8F0811024F7E71124F5E712
:1082E00024D80000480D0020200C002000E100E010
:1082F000B00B0020004870474C0D002038B50D46EB
:10830000FFF79AFA04460020FBF7C2FEA3682B6031
:1083100023682BB9A47B0020FBF7CAFE204638BD9A
:108320000424F8E738B5FFF7FFFB00F00F05082D30
:10833000044604D90D4940F25F40FCF74FF923068B
:1083400004D50A494FF48C60FCF748F914F0080F83
:10835000074B06D0D3F8C00410F4803F18BF0020AC
:1083600038BD05F5947553F82500F9E783D800006A
:10837000007002402DE9F04FDFF8CC9199F8003001
:1083800087B0002B7AD1DFF8C4816B4FD8F800405A
:108390003B681C4072D014F0012372D093FAA3F40E
:1083A000002C71D0B4FA84F40F2C6FD9A4F110050D
:1083B000EDB22846FFF740FA0368824623B95F49C9
:1083C00040F26150FCF70AF901236EB203FA04F49B
:1083D000E343002E00935CDADAF80030BAF80C20A0
:1083E000DAF8041004A8984708B9CAF80000FFF7A3
:1083F0005FF918B1524B8222C3F81C2C0123009C58
:1084000089F800303B68059A04991C40DAF8083076
:108410003C601344002ECAF8083005F00800484BB1
:1084200005F00F0475DA00286BD0C3F8A016C3F866
:10843000A426082C7ED9414940F29220FCF7CEF8C0
:10844000002EB4BF0423282303EB840303F18043ED
:1084500003F51C3301221A60BFF36F8FBFF34F8FF8
:10846000374C2846FFF716FA00F1804000F51C3023
:1084700003681BB9D4F80031002BF2D007B0BDE877
:10848000F08F94FAA4F48BE720248FE744F0800562
:108490008FE72846FFF746FFBAF80C20DAF80410F9
:1084A00001900346DAF8004004A8A047DDE9041271
:1084B000019B834659B922B1204940F27D50FCF717
:1084C0008DF8BBF1000F92D1CAF800B08FE793424C
:1084D00012D9022600998AF80E604046FDF788FB03
:1084E00006238DF80C30174B8DF80E501B688DF855
:1084F0000F6003A8984749E7E3D0104940F28C5039
:10850000DDE7142000FB0433C3F80016C3F804268B
:108510008FE738B1C3F8A017C3F8A427082C8AD86E
:10852000282391E7142000FB0433C3F80017C3F895
:108530000427F3E7042387E7200C002024D8000059
:1085400000700240440D0020410B0020B00B0020C1
:1085500038B5134BD3F86C44C3F86C44BFF36F8F3A
:10856000BFF34F8F01251CB9BDE83840FFF702BFAC
:1085700094FAA4F171B1B1FA81F30F2B19460BDD16
:10858000A1F11000C0B205FA01F324EA0304FFF7D9
:108590003BFBE8E72021F3E743F08000F3E700BF6F
:1085A0000070024037B50446FFF7A0F82046FFF7F9
:1085B00043F9837B032B0DD12046FFF757F90121A7
:1085C0008140C9430F48FDF713FB03B0BDE83040BD
:1085D000FFF7D0BE0568002DF7D12046FFF746F91A
:1085E00001218140C9430748FDF702FB06238DF8AE
:1085F0000430054B8DF806401B688DF8075001A824
:108600009847E2E7B00B0020440D00200720FFF759
:10861000C9BF0620FFF7C6BF0520FFF7C3BF042070
:10862000FFF7C0BF0320FFF7BDBF0220FFF7BABFAF
:108630000120FFF7B7BF000010B5FFF775FA030779
:10864000044604D507494FF49E60FBF7C7FF064B6D
:1086500044F48074C3F81845BFF36F8FBFF34F8F96
:1086600010BD00BF83D800000070024008B5FFF7BE
:108670005BFA020713D400F00F0310F0800F094AD1
:108680000BBF03F5887303F5847302EB830352F881
:10869000230008BF5868431E5842584108BD0020B7
:1086A000FCE700BF0070024000F00F03082B10B57C
:1086B000044604D90C4940F2A340FBF78FFF23077F
:1086C00004D5094940F2A440FBF788FF074BC3F8E3
:1086D0000C45BFF34F8F44F48074C3F80C45BFF3CF
:1086E0006F8FBFF34F8F10BD83D800000070024022
:1086F00010B508220021044602F062FE0E4BD3F8AA
:1087000080242270D3F884246270D3F88824D3F8AC
:108710008C1442EA01226280D3F89024D3F8941496
:1087200042EA0122A280D3F89824D3F89C3442EA8A
:108730000323E38010BD00BF00700240034B012201
:10874000DA64BFF36F8FBFF34F8F70470070024042
:1087500013B5FEF7CBFF114B9A7B032A07D11048C4
:108760006FF4803102B0BDE81040FDF741BA1C68DB
:108770007CB96FF480310A48FDF73AFA06238DF888
:108780000430084BADF806401B6801A8984702B0BA
:1087900010BD02B0BDE81040FFF7D0BF240C002090
:1087A000B00B0020440D0020034B01221A65BFF3DB
:1087B0006F8FBFF34F8F704700700240034B012251
:1087C0005A65BFF36F8FBFF34F8F70470070024041
:1087D000014B1878704700BF480D002038B545B2EE
:1087E000002D044604DA164940F6DF00FBF7F6FEDA
:1087F0000020FBF74DFC2046FFF738F81149012215
:108800000B6802FA00F023EA00030B60230712D47E
:10881000002D04DA0C4940F28340FBF7DFFE04F040
:108820000F040A4B04F59474002243F82420BFF38C
:108830006F8FBFF34F8FBDE838400020FBF738BC87
:1088400024D80000200C002083D8000000700240D3
:108850002DE9F74304460020FBF71AFC2046FEF7FB
:10886000EBFF14F0800F434E05462BD130686FEAC2
:1088700000082046FEF7FAFF012707FA00F010EA89
:1088800008000AD02046FFF7A9FF0323AB7300209E
:1088900003B0BDE8F043FBF70BBC28602046FEF7B1
:1088A000E5FF336807FA00F023EA0003204633604F
:1088B000FEF7DCFF304B07FA00F01F6827EA0007DD
:1088C0001F60E2E7230715D4802C2C4B45D004F021
:1088D0000F0202F2DA325200C3F80028D3F804285B
:1088E000D3F80418D2B242F002020A43C3F80428B3
:1088F000D3F80438DFF880803368D8F800202046A9
:1089000063EA0209FEF7B2FF012707FA00F010EA56
:10891000090FBCD02046FEF7A9FF336807FA00F024
:1089200023EA000320463360FEF7A0FF00232B60FC
:10893000032307FA00F0AB73D8F800708DF8073006
:108940000F4B8DF80640062207431B688DF8042064
:1089500001A8C8F80070984799E740F2B472C3F8CC
:108960000028D3F80428D3F80418D2B242F0040245
:10897000BBE700BFB00B0020200C002000700240BD
:10898000440D0020FFF764BFF7B5184B184DD3F81E
:1089900080742B68174EDC43174B30781B68A4B2E9
:1089A0001C43FEF763FF012303FA00F0204202D0CC
:1089B0003078FFF74DFF6FF0011107F080070E4888
:1089C0003770FDF715F92B6843F001032B60002386
:1089D000ADF805308DF8073005238DF80430074BCE
:1089E00001A81B68984703B0F0BD00BF00700240AB
:1089F000200C0020480D0020B00B0020440D00206A
:108A00001C4BD3F8041300232DE9F04101241D462B
:108A100071B9194F03F4000623F400044FF0010864
:108A2000D4B9FFF7A7FC1EB3BDE8F041FFF7ACBF18
:108A300091FAA1F21148B2FA82F29600304404FA97
:108A400002F206682EB10560BFF36F8FBFF34F8F40
:108A5000134321EA0201DBE794FAA4F5B5FA85F5A0
:108A600057F8253008FA05F5984724EA0504D7E7B2
:108A7000BDE8F08100700240F4D8000000710240AF
:108A8000F8B5134E134B34681B68240C24041C43A4
:108A900001271CB940F2FF133360F8BD94FAA4F526
:108AA00085B1B5FA85F30F2B1D460DDDA5F110003C
:108AB000C0B2030701D4FFF7CBFE07FA05F524EA9D
:108AC0000504E6E72025F1E743F08000F1E700BF69
:108AD000200C0020B00B002038B5124B1B78022B65
:108AE00004D0114940F22670FBF778FD0F4C802529
:108AF000C4F8845163681B0613D5FFF7C1FF0C4B04
:108B00000022C3F80425BFF36F8FBFF34F8FC4F863
:108B10008450BFF34F8FBFF36F8F4FF0FF32C3F816
:108B2000082338BD420B002024D8000000E100E0FB
:108B30000070024010B50D4C237823B90C4940F267
:108B4000F260FBF74BFDFFF7C7FF0A4BD3F8042396
:108B5000C3F808230022C3F80025BFF36F8FBFF3CB
:108B60004F8FFEF7C3FD0123237010BD420B002081
:108B700024D800000070024010B50020FBF788FAEE
:108B80000E4B1B7803F0FF042BB900240020FBF7E9
:108B90008FFA204610BDFFF773FF094AD2F8003460
:108BA00013F40073F1D10121C2F82C15D2F800148E
:108BB000890544BFC2F82C351C46E7E7400B00206E
:108BC0000070024070B50446FFF742FE2046FEF7F3
:108BD000ABFF00F00F06082E054604D9124940F2FB
:108BE000D740FBF7FBFC114A15F0800F4FF0010353
:108BF00014BFD2F81015D2F8141503FA06F36FEA71
:108C0000030315BF0B400B40C2F81035C2F81435F2
:108C1000BFF36F8FBFF34F8F2046FEF7CDFE034BA0
:108C2000C3F8080370BD00BF83D800000070024085
:108C300070B50446FEF7C0FE244BC3F8040320467B
:108C4000FEF79EFE002840D12046FEF76DFF00F0A3
:108C50000F06082E054604D91D4940F2C640FBF711
:108C6000BDFC1A4B15F0800F14BFD3F81015D3F8C4
:108C700014154FF0010202FA06F215BF0A430A4327
:108C8000C3F81025C3F81425BFF36F8FBFF34F8FC0
:108C900022071AD0230618D414F0080515D1284647
:108CA000FBF7F6F92046FFF799FD2046FEF7DEFDBB
:108CB000084901220B6802FA00F023EA0003284663
:108CC000BDE870400B60FBF7F3B970BD0070024067
:108CD00083D80000B00B0020020610B5044605D46E
:108CE000FFF7C4FC10B12046FFF778FD2046FEF7E1
:108CF0001BFF0307044604D506494FF49F60FBF7AA
:108D00006DFC054BC3F81845BFF36F8FBFF34F8F52
:108D100010BD00BF83D80000007002400220F8F7A9
:108D20003BB900002DE9F04780460D46F8F754F9AD
:108D30000328044610D8012D10D0022D30D05DB983
:108D40001A48F8F7AFFC1A4B04EB440213449D7821
:108D5000184B1B5DAB4219D0BDE8F087144E00EBF9
:108D60004003F218F55C5378470053B1DFF84C909C
:108D70000E484A464FF48041F8F762FC08B989F87A
:108D8000008027443E440B4BB2781A55002DE3D0A7
:108D9000094B1B68002BDFD02846BDE8F047184779
:108DA00000EB4004024804446578EFE770000020BF
:108DB0008E0D0020A90D0020A40D00208C0D002098
:108DC00000780221FFF7AEBF08B5094B1B7853B1FD
:108DD0000020F8F7A9F80120F8F7A6F8BDE8084048
:108DE0000320F8F7A1B8BDE80840F8F7B7B800BF0E
:108DF0008D0D0020F8B57A4C237805461BB1002371
:108E00002370FFF7E1FF172D00F28780DFE805F000
:108E10000C1717425364757F878C878C94999999A6
:108E20009999C3C8D0D8E3E3FFF7CEFF6D48F8F7B0
:108E300039FC6D4B002204461A702046F8BD002014
:108E4000F8F73CF8F0B10020F8F76EF8022D0CBFEF
:108E50004FF4E1644FF47A64634B1D7000254FF4C6
:108E600000464FF47A7029464FF4FA620023E4FB7F
:108E7000060102F0F5F82A460146BDE8F8405948D7
:108E8000F8F7DEBBF8F736F8022D0CBFC8244FF414
:108E9000C874E1E70020F8F711F840B10020F8F7B6
:108EA00043F84FF44874504B03221A70D6E7F8F792
:108EB00021F8C824F7E70020F8F700F838B10020BF
:108EC000F8F732F84FF47A64474B0422EDE7F8F7ED
:108ED00011F84FF4C874F7E70020F7F7EFFF48B137
:108EE0000020F8F721F8404B05221A7040F6CD41DA
:108EF0000022C2E7F7F7FEFFF5E70020F8F74CF88D
:108F0000394B06221A70002240F26661B5E7002054
:108F1000F7F7F0FF344B07221A7000248DE7012089
:108F20002070F8F739F8EEE701202070F8F734F8F0
:108F300000224FF40051A0E7F8F71FF82A4B0C224B
:108F4000EAE72A482A4EF8F7ADFBD5F111050446A9
:108F50001CD0D8B9012D13D0C820454321464FF469
:108F600000474FF47A704FF4FA620023C5FB070103
:108F700002F076F8224601461C48F8F761FB0446E9
:108F80000220F7F7B7FF0123337056E70220F7F707
:108F9000CBFF0023F8E7FFF717FF134B1222BBE7C5
:108FA000FFF712FF0020F7F7A5FF0F4B1322B3E7DF
:108FB000FFF70AFF0120F7F79DFF0B4B1422ABE7E9
:108FC000FFF702FF0020F7F795FF0120F7F792FF68
:108FD000054B1522A0E7F7F7D0FF034B1D709CE768
:108FE000A00D002090000020A80D002050000020BF
:108FF0008D0D0020044B1B68DB0703D5034B18784D
:10900000FFF7F8BE704700BF9C0D0020A80D0020A0
:1090100038B51C4B18601C4B10F002040546196053
:109020001AD01A4B1A480E221A700F22DA70102228
:109030009A7111225A72042140F23332F8F70EF974
:10904000044648B9F8F762F9044628B90146114ABE
:109050001148F8F7D3FA0446EB0711D50120F7F7CA
:10906000CDFF6CB921460D4A0D48F8F7C7FA044602
:1090700030B9BDE838400B4A0B480121F8F7BEBAB9
:10908000204638BD9C0D0020A40D00208E0D002030
:1090900058D90000C18D00007CD90000F58F000078
:1090A00080D900001D8D000078D9000070470000B5
:1090B00070B54FF40C72002119481A4C02F080F977
:1090C0001948012100F070FC18481949241AE408D5
:1090D000240444F003063046F7F7EAFC002000F0D1
:1090E0008FFA30B1134944F00100F7F7E1FC00209A
:1090F00070BD11493046F7F7DBFC01220F490848E3
:1091000001F026FA024648B10D2A44F0010001D1CF
:109110000B49EAE70B49F7F7CFFCE8E70120E7E75F
:1091200094200320F8BA0000B0000020C0BA00006C
:1091300084D90000A2D90000BED90000BEDA000028
:10914000D1D900000BDA000030B5264B264CE41ACA
:10915000264B1B78E408ADF50F7D240443B1244968
:1091600044F001000DF50F7DBDE83040F7F7A0BCDD
:1091700002F0AEF844F005051E4A03461021684689
:1091800002F0B6F81C496A462846F7F795FCF7F74F
:1091900029FB0028FBD10A22694604A801F0FEF948
:1091A000024658B1154944F00100F7F785FCF7F77E
:1091B00019FB0028FBD10DF50F7D30BD04A801F08F
:1091C00015FB024648B10E4944F00100F7F774FC64
:1091D000F7F708FB0028FBD1EDE70A492846F7F727
:1091E00067FCE8E7C0BA0000F8BA0000C822032014
:1091F0001CDA000053DA00005CDA000079DA0000C3
:109200009DDA0000B8DA0000F0B5284B284CE41ACB
:10921000284B1B78E40893B024043BB1264944F062
:10922000010013B0BDE8F040F7F742BC234944F019
:109230000300F7F73DFC224907A801F0E4FA0246D3
:1092400030B1204944F00100F7F736FC13B0F0BD0F
:109250001D4E1E4F054601A907A801F007FB024657
:1092600008B11B49EEE79DF80D3053B19DF80C3065
:10927000DB0644F0050012D50DF10D023946F7F773
:109280001BFC0135F7F7AEFA0028FBD19DF80D3035
:10929000002BE0D10F492A4644F00500D4E7019A9B
:1092A0000DF10D033146F7F710FCEAE7C0BA0000F4
:1092B000F8BA0000C82203201CDA0000BFDA000060
:1092C000D4DA0000D6DA00001DDB00000DDB000060
:1092D000F3DA000028DB0000023838B50C2845D846
:1092E000DFE800F0070C444444441B354544441176
:1092F0001300BDE838400020F7F716BE0020BDE897
:109300003840F7F7F7BD0120F9E7FFF7D1FEF8F78E
:1093100073FDBDE83840F7F721BE1C4B1C4C1D49BE
:10932000E41AE408240444F003042046F7F7C0FBE1
:10933000FEF724FE0546C8B920461749F7F7B8FBE3
:10934000284600F0ADF9BDE83840F8F753BD0F4BA3
:109350000F481249C01AC008000440F00300F7F794
:10936000A7FBF8F777FD0E4B00221A7038BD074BAC
:1093700007480C49C01AC008000440F00300F7F782
:1093800097FBF8F749FD064B0122EEE7C0BA000053
:10939000F8BA00003CDB00004FDB000070DB00008F
:1093A000C822032082DB00000F2807D0102807D036
:1093B0000E2807D101210448FBF7AFB90221FAE7D3
:1093C0000421F8E7704700BFC42203202DE9F743CA
:1093D00052484FF48041F7F7A9F920B1504A4FF4B1
:1093E0000071F7F7DDFFF7F7D7F8FCF79FFA20B128
:1093F0004B4A4FF40171F7F7D3FF4A4A002302F8B2
:10940000013B0133B3F53E3FF9D10020FCF7AEFA42
:10941000F8F7C2F820B1424A40F20F21F7F7C0FF37
:1094200041490220FFF7F4FD20B13D4A40F21121ED
:10943000F7F7B6FF0120F7F7E1FDFFF739FE18B1A6
:10944000FFF7E2FEFFF780FE3848F8F739FC20B15D
:10945000334A40F21B21F7F7A3FF3548F8F704FD24
:1094600020B12F4A40F21F21F7F79AFF314B324CBF
:109470003249E41AE408240444F003063046F7F7BE
:1094800017FBF8F799FC20B1254A40F22621F7F79F
:1094900087FF2B4FDFF8CC80DFF8CC90F8F7D2FFB6
:1094A00001460028FAD13846FBF72CF9C1070546DA
:1094B00001D5FFF749FEAA0701D5FFF7A5FE6B0707
:1094C00008D598F8003044F001053BB11D49284605
:1094D000F7F7EEFAF7F786F920BFDFE7494630469F
:1094E000F7F7E6FA4FF4007300931748174B4FF461
:1094F0008062012101F0DCF908B11549E7E715495F
:109500003046F7F7D5FA10491348012201F020F848
:1095100008B11249DBE712493046D9E7B51C000013
:109520008CDB000084280020A9930000ECDC000004
:1095300054DC0000C0BA0000F8BA0000EADB00000A
:10954000C42203201CDA0000BEDA0000AD0D0020AA
:109550001DDC0000BED90000942003202ADC00009E
:1095600038DC0000C822032004DC000020BF704764
:1095700038B50B4B0D7A1B78AB420C4603D8094922
:109580003F20FBF72BF82378032B08D8064B1B68EA
:109590000C2202FB053362781A7200229A7238BDDF
:1095A000D0220320F8DC0000CC22032003685B6992
:1095B00010B5044623B905494FF4AA70FBF70EF81D
:1095C000236820465B69BDE8104018479BC2000035
:1095D00003681B6913B50A46044633B901914FF479
:1095E000A3700649FAF7FAFF019A23681B69002164
:1095F000204602B0BDE81040184700BF9BC20000E3
:10960000F8B5214D2B6804461BB920495920FAF7BB
:10961000E5FF1F4B1B78A34234D904EB44032A68AF
:109620009F0002EB8303D659002E2BD05A7AD20723
:1096300002D4587AC0B2F8BD5A680AB9154A5A60BD
:1096400001229A7233681B681BB91349F020FAF79C
:10965000C5FF336811491B6822463046984720B140
:109660002B683B44E5E75B6898472B683B449A7A54
:10967000002AF8D11A7A002AF2D15A7A02F0FE02B0
:109680005A72EDE70320D6E7CC220320F8DC000075
:10969000D02203206D9500009BC200007195000050
:1096A000F8B5224D2B6804461BB921498620FAF7EC
:1096B00095FF204B1B78A34235D904EB44042B685B
:1096C000A60003EB8404985900282CD0617A11F08D
:1096D000010102D0607AC0B2F8BDFFF779FF164FE2
:1096E0002B689C5923685B681BB93946FD20FAF743
:1096F00075FF236820465B6898471128F0D038B181
:109700002B6833441A7A4AB1587AE4E75B68984781
:109710002B6833449A7A002AF8D1F1E75A7A42F05A
:1097200001025A72F0E70320D6E700BFCC220320E3
:10973000F8DC0000D02203209BC2000038B50B4D9E
:109740002B6804461BB90A49B320FAF747FF094BB7
:109750001B78A34283BF286804EB440400EB840415
:10976000012084BF607AC0B238BD00BFCC22032084
:10977000F8DC0000D02203202DE9FF472B4F1E46C6
:109780003B680446894692461BB92949BE20FAF730
:1097900025FF284B1B78A34244D9002E42D004EB6E
:1097A00044043B684FEA840803EB840453F80850F0
:1097B000002D39D0637ADB0736D40123CDF80C9025
:1097C000A3722B689B68CDE901A623B91A494FF40F
:1097D0008970FAF703FF2B685B6923B9164940F2D9
:1097E0001310FAF7FBFE2B68019C5B69284698472B
:1097F00003689C4203D3012004B0BDE8F0872B68C6
:1098000001A99B68284698470028F4D13B68434447
:109810009A7A22B9187A003818BF0120ECE75B6801
:109820009847F3E70420E7E70320E5E7CC2203208D
:10983000F8DC0000D02203209BC200002DE9FF4786
:109840002E4F1E463B680446894692461BB92C495A
:10985000E520FAF7C3FE2B4B1B78A34247D9002E15
:1098600045D004EB44043B684FEA840803EB8404CE
:1098700053F80850002D3CD0637ADA0739D4637A64
:109880005B0738D40123CDF80C90A3722B68DB68FA
:10989000CDE901A623B91C494FF49770FAF79EFE53
:1098A0002B685B6923B9184940F22F10FAF796FE2E
:1098B0002B68019C5B692846984703689C4203D348
:1098C000012004B0BDE8F0872B6801A9DB682846B9
:1098D00098470028F4D13B6843449A7A22B9187A11
:1098E000003818BF0120ECE75B689847F3E70420D5
:1098F000E7E70320E5E70220E3E700BFCC220320EF
:10990000F8DC0000D02203209BC20000F7B5234EF4
:10991000336804460F46154623B921494FF4887031
:10992000FAF75CFE1F4B1B78A34231D9012F18D0E8
:10993000022F22D001236FBB04EB44048DF80730C3
:10994000A40033680DF107011859FFF741FE08B173
:10995000112803D19DF80730002BF2D1384603B00F
:10996000F0BD336804EB440453F82400A0B1FFF7C2
:109970001DFE03682B600027F0E7336804EB440406
:1099800053F8240040B1FFF711FE43682B80F2E743
:109990000427E3E71F46E1E70327DFE7CC220320A4
:1099A000F8DC0000D022032038B50D46044620B96B
:1099B00004494FF4A470FAF711FE034B1C60034BEB
:1099C0001D7038BDF8DC0000CC220320D02203201B
:1099D000006870470B0A017043700B0C090E83700E
:1099E000C1707047024400F8011B9042FBD17047E0
:1099F00043690239023B8B4283BF4389806A01FB82
:109A0000030000207047C2F307238A76CB760378E1
:109A1000032B01BF120C0A75120A4A7570470268BF
:109A200010B552B111460B4611F8014B202C0CD940
:109A30003A2CF8D1511C8B4202D04FF0FF3005E098
:109A40001278302AF9D101330360002010BD38B5F7
:109A50000D46044618B9002309202B6038BD036861
:109A6000002BF8D01A78002AF5D0D9888288914244
:109A7000F1D15878FFF762FE10F00100EBD12368B6
:109A8000EBE701380A4411F8013B00F8013F91422D
:109A9000F9D170472DE9F041C66A00F1300804465B
:109AA0000123407832464146FFF7C8FE0546A8B973
:109AB000236AA269E070F31A934202D2A778012FB9
:109AC00002D82846BDE8F081A36960781E4432467A
:109AD00001234146FFF7B2FE013FF0E70125F0E721
:109AE000C3780BB1FFF7D6BF1846704738B5C36AC5
:109AF0008B4205460C4610D0FFF7F2FF60B92246B4
:109B00006878012305F13001FFF736FE00281CBFFD
:109B10004FF0FF340120EC6238BD0020FCE700006C
:109B2000002310B5C3704FF0FF33C3620446FFF744
:109B3000DDFF034618BBB4F82E124AF655229142B7
:109B40001FD194F83020E92A05D0226B0F4902F08A
:109B5000FF128A4217D104F16600FFF739FF0C4A61
:109B600020F07F40904208D004F18200FFF730FFE0
:109B700002F14C52904218BF0223184610BD042334
:109B8000FBE70323F9E70223F7E700BFEB009000B0
:109B9000464154002DE9FF4100230B600F46154656
:109BA000FFF73DFF061EC0F210818B4B53F8264095
:109BB000002C00F00C813C60237805F0FE056BB1B1
:109BC0006078FFF7BBFDC10708D41DB110F0040594
:109BD00000D00A25284604B0BDE8F0810023F0B289
:109BE00023706070FFF70CFDC20700F1F2800DB129
:109BF0004307EED400212046FFF792FF022840F0F1
:109C0000C8806F4604F5FB7304F236213A4613F818
:109C1000040C10B11846FFF7DBFE10338B4242F8FC
:109C2000040BF4D1002557F8046B002E00F0A88037
:109C300031462046FFF774FF012800F2A280B4F8F5
:109C40003B30B3F5007F40F0A880B4F8461021B94E
:109C500004F15400FFF7BCFE014694F84030A161C6
:109C60005A1E012AA37000F2988094F83D50658135
:109C7000002D00F092806A1E2A4240F08E80B4F8D7
:109C80004180A4F8088018F00F0F40F08680B4F8E7
:109C9000430018B904F15000FFF79AFEE78F002F38
:109CA0007BD001FB03FE07EB181CF444604574D322
:109CB000A0EB0C02AA42B2FBF5F36ED34FF6F5729D
:109CC00093426ED840F6F575AB428CBF0225012554
:109CD000023337440CEB0602032D6361E661276211
:109CE000A26260D1B4F85A2052EA080255D104F1B8
:109CF0005C00FFF76DFE9B00606203F2FF13B1EBA7
:109D0000532F4AD34FF0FF33C4E90333032D4FF0F1
:109D1000800323712BD1B4F86030012B27D1711C43
:109D20002046FFF7E3FE10BBB4F82E2220714AF65E
:109D300055239A421BD104F13000FFF749FE274B0F
:109D4000984214D104F50570FFF742FE03F1FF536A
:109D500003F500532033984209D104F50670FFF74C
:109D600037FE206104F50770FFF732FEE0601C4A01
:109D70002570138801339BB21380E380002529E707
:109D800003200135042D7FF44EAF042805D10125B1
:109D900020E70428FBD0012801D90D251AE7002669
:109DA0004DE7032594E7B8F1000FF6D0022D4FEAF6
:109DB000430218BFD218774418BF03F0010367624B
:109DC0000CBF134603EB520397E70B2502E70C2564
:109DD00000E70325FEE600BFD42203205252614172
:109DE000D822032001292DE9F04706460C461746E4
:109DF00073D943698B4270D90378022B3FD0032B70
:109E000050D0012B69D101EB5108016A01EB5821B7
:109E1000FFF76CFE054638BB06F1300908F1010A70
:109E2000C8F3080814F001041FBF19F8083003F044
:109E30000F023B0103F0F00314BF1343FBB209F818
:109E40000830316A0123F37001EB5A213046FFF7E5
:109E50004DFE054640B9CAF3080A44B1C7F30717D7
:109E600009F80A700123F3702846BDE8F08719F855
:109E70000A30C7F3032723F00F031F43F0E7016AFB
:109E800001EB1421FFF732FE05460028ECD16400F7
:109E900006F1300304F4FF7418191F55C7F30727A0
:109EA0004770DFE7016A01EBD411FFF71FFE05469B
:109EB0000028D9D1A40006F1300304F4FE741C4438
:109EC0002046FFF785FD27F0704700F0704047EA15
:109ED00000012046FFF77EFDC4E70225C4E7F8B580
:109EE0000446FFF7FDFD0546002842D12378032BE9
:109EF00037D12779012F34D104F1300601464FF4D0
:109F0000007230465523FFF76DFD84F82E32AA23E8
:109F100084F82F3252234122722184F8303084F8A1
:109F20003130612384F8323084F8173284F83320DA
:109F300084F8141284F8151284F81622216904F5A5
:109F40000670FFF747FDE16804F50770FFF742FD73
:109F5000E26960780132E2623B463146FFF76EFC0F
:109F60002571002260781146FFF7D0FC003818BF39
:109F70000120F8BDF8B500230246451E1C462E26DA
:109F800015F8010F202804F101040AD0052808BFA4
:109F9000E520092C02BFCF1801337E72CF180133A0
:109FA00078720B2CECD10B4400205872D37A0B72D0
:109FB00002F11C00FFF70CFD086002F11600FFF72C
:109FC00007FDC880000C8880F8BD03284B8B04BFB8
:109FD0008A8A43EA0243184670470129F8B50646C3
:109FE0000C464ED9436999424BD20378022B29D0B3
:109FF000032B34D0012B44D101EB5105016A01EB55
:10A000005521FFF773FD10B14FF0FF30F8BD6F1C05
:10A01000316AC5F30805354401EB5721304695F800
:10A020003050FFF763FD0028EED1C7F308073E4428
:10A03000E30796F8300045EA00204CBF0009C0F362
:10A040000B00E3E7016A01EB1421FFF74FFD002845
:10A05000DAD1640004F4FF742644308ED6E7016A36
:10A0600001EBD411FFF742FD0028CDD1A40006F189
:10A07000300004F4FE742044FFF7AAFC20F0704086
:10A08000C4E70120C2E737B50C46012C054611464E
:10A090002BD943699C4228D222B14FF0FF32FFF7FF
:10A0A000A1FE40B9214628460194FFF796FF019989
:10A0B000044610B9002003B030BD012815D0431C60
:10A0C00015D000222846FFF78DFE0028F3D1D5E9F0
:10A0D0000432911E8B4205D201332B612B7943F060
:10A0E00001032B719442DDD3E4E70220E3E7012072
:10A0F000E1E7F8B505460F4671B9C668DEB14369B8
:10A100009E4228BF012634466B6901349C4215D318
:10A11000012E12D8002405E0FFF75FFF0128044656
:10A1200002D801242046F8BD431C2FD06B69984209
:10A13000F8D33E46E7E70126E5E702242146284614
:10A14000FFF74BFF30B10128EBD001301ED0A64203
:10A15000DAD1DFE74FF0FF3221462846FFF742FE13
:10A1600090B957B9D5E90432023A9342EC6010D362
:10A170002B7943F001032B71D4E722463946284658
:10A18000FFF730FE0028EDD00128CAD14FF0FF3490
:10A19000C8E7013B2B61EBE7826838B5002305680F
:10A1A000036104469AB92B78022B01D96B6A6BB90B
:10A1B0002B890BB9022038BD6B6AA361A369626168
:10A1C000002BF7D03035E5610020F4E71A466B89A3
:10A1D00063B911462068FFF700FF431C02460BD00D
:10A1E0000128E7D96B699842F3D3E3E71146284683
:10A1F000FFF7FEFBA061E1E70120DCE703692DE941
:10A20000F04703F12008836905468A4693B1B8F503
:10A21000001F0FD2C8F308090468B9F1000F4DD12F
:10A2200041690133836139B92389B3EB581F45D89C
:10A230000023AB6104200BE06789013F17EA582730
:10A240003CD12046FFF7C9FE0128064602D802206D
:10A25000BDE8F087421C01D10120F9E76369834220
:10A2600026D8BAF1000FE3D069692868FFF741FFEB
:10A270000646002835D00128E9D0431CECD0204602
:10A28000FFF72EFC01460028E6D104F130004FF420
:10A290000072FFF7A7FB31462046FFF7A9FB4FF0FE
:10A2A000010AE06263899F420FD3E36ADB1BE3622A
:10A2B0006E6131462046FFF79BFBA86130344C4469
:10A2C000C5F81080EC610020C2E784F803A02046A6
:10A2D000FFF7E0FB0028BFD1E36A01330137E362F7
:10A2E000E0E70720B4E700002DE9F041066880466A
:10A2F0000C4611F8013B2F2BFAD05C2BF8D0002331
:10A30000C8F8083023781F2B55D908F120050B22F7
:10A3100028462021FFF766FB002210460827235C11
:10A32000202B00F1010108D92F2B01D05C2B4CD13F
:10A33000605C2F2847D05C2845D00C44002A5ED0B2
:10A3400098F82020D8F80070E52A04BF052288F884
:10A350002020212B34BF0423002388F82B304046D3
:10A36000FFF71AFF002865D1D8F818103846FFF714
:10A37000BDFB00285ED1D8F81C201378002B64D0D8
:10A38000D37A03F03F0388F80630D37A13F008003D
:10A390000CD102F10B0C294612F8013B11F801EB2C
:10A3A0006245A3EB0E0343D0002BF5D000214046BD
:10A3B000FFF724FFD6E7802388F82B304046BDE81E
:10A3C000F041FFF7E9BE0131B2E72E2B54D097429E
:10A3D00015D903F17F0C5FFA8CFCBCF11E0F10D96C
:10A3E00003F1200C5FFA8CFCBCF11C0F09D9DFF8DB
:10A3F000A4C01CF8010B002843D08342F9D10620E9
:10A4000021E014F801C0ACF140013E2900F1020046
:10A4100003D98CF080017C29F1D8791E8A42EED2D2
:10A42000511CAB5405F801C002320146084676E7DC
:10A43000002BBBD198F82B3048B1042803D113F07E
:10A44000040F08BF0520BDE8F0810420F2E75A0799
:10A45000F9D498F80630DB060CD5D8F8101030780F
:10A4600006F13003C1F308011944FFF7AEFDC8F847
:10A4700008004CE70520E6E70B2FC0D008220B2789
:10A48000D4E7A3F16100192801D8203BDBB2AB541B
:10A490000132CBE756DD000038B5056804460420DC
:10A4A000A16909B9A8B11CE02846FFF71FFBC0B994
:10A4B000E3691A78C2B1DB7AE52A03F03F03A3719E
:10A4C00009D02E2A07D00F2B05D023F02003082B0C
:10A4D00001D0002038BD00212046FFF78FFE002864
:10A4E000DED00023A361F5E70420FAE770B5066823
:10A4F0000546FFF751FE044628BBA9693046FFF721
:10A50000F5FA0446F8B9EB691B78E52B14D1A96973
:10A510003046FFF7EBFA044660B901462022E869AD
:10A52000FFF760FAE8690B2205F12001FFF7A9FAAD
:10A530000123F370204670BD002BE8D0012128468E
:10A54000FFF75CFED7E7042C08BF0724F2E7000002
:10A550001FB5CDE9001003A814460391FFF75FFA79
:10A56000031E15DB0C4A52F8231009B100200870B5
:10A57000019808B10021017042F8230030B1012C8C
:10A5800008D1002201A96846FFF704FB04B010BD02
:10A590000B20FBE70020F9E7D42203202DE9F0434C
:10A5A0008FB0174601910446002800F0D68002F0D3
:10A5B0003F052A4602A901A8FFF7ECFA0646002843
:10A5C00052D1029B0199039303A8FFF78DFE20B996
:10A5D0009DF93730002BB8BF062017F01C0F00F094
:10A5E0009C80002847D004283ED103A8FFF77EFFB7
:10A5F000002839D145F008050A9BDDF808900027AE
:10A60000212148225A749F73DF7319740A9B5A766A
:10A610009F75DF7519760A9B2022DA720A9999F8DC
:10A620000000FFF7D2FC3A4680464846FFF7EBF9B8
:10A630000A9B1F775F779F77DF77029B0122DA7093
:10A64000B8F1000F20D00398D3F82C903A46414639
:10A65000FFF719FD40B902984946FFF747FA029AF9
:10A6600008F1FF33D36078B10023236006463046FB
:10A670000FB0BDE8F0839DF8123013F0110F56D1E2
:10A68000780764D43907B7D4029F2907FB6A0A996F
:10A6900023626162387848BF45F04005FFF795FCBA
:10A6A000A06001F11C00FFF793F90021FB882760EF
:10A6B00004F12807E0604FF40072A38025746174F0
:10A6C000E16161613846FFF78DF9AA06CFD5D4F86C
:10A6D0000C80B8F1000FCAD0029BA1685D89C4F854
:10A6E00014806D02454524D30020A1610028BBD110
:10A6F000C8F30803002BBAD0029D2846FFF778F96B
:10A7000048B300EB5822E261687801233946FFF72D
:10A7100033F80028ABD00120A6E70028A4D19DF88B
:10A720001230DA0615D4BF07AED5D807ACD507204E
:10A730009AE72068FFF751FC01280146A8EB0508BD
:10A7400003D9431CCED10120CFE70220CDE708205A
:10A750008AE7042088E7022086E7092687E773B5A1
:10A7600001A90546FFF773F90446002839D12B7C6F
:10A7700013F0400435D01B060CD50198EA694078E7
:10A78000012305F12801FFF759F868BB2B7C03F082
:10A790007F032B74296A0198FFF7A8F9044600BBD0
:10A7A0006E6AF37A43F02003F372AA682868314690
:10A7B000FFF729F9E96806F11C00FFF70BF92123DF
:10A7C00033760198B475482373760123F475B47415
:10A7D000F474C370FFF783FB2B7C23F04003044623
:10A7E0002B74204602B070BD0124FAE713B504466D
:10A7F000FFF7B5FF28B901A92046FFF728F900B9EE
:10A80000206002B010BD1FB50446019148B300227C
:10A8100003A901A8FFF7BEF970B9039B0199236052
:10A820002046FFF761FDF0B994F92B30002B0CDBCB
:10A83000A379DB0603D40520002323600FE0039BEC
:10A84000E1691878FFF7C1FBA060039BDB88A38058
:10A850002046FFF7A1FC0428EDD00028ECD104B07D
:10A8600010BD0920FBE70428E5D0E5E737B50D4624
:10A8700001A90446FFF7EBF818B920461DB9FFF708
:10A880008BFC03B030BDFFF707FE10F0FB03F8D1DF
:10A890006B72A3691BB1E0692946FFF76BFB0021CE
:10A8A0002046FFF7ABFC042808BF0020E9E70000C2
:10A8B0002DE9F04F89B00D46059005A816461C46B7
:10A8C000FFF7ADF80028C0F24082A44B53F82030C7
:10A8D0000BB100221A70C7B23846FEF791FEC207CC
:10A8E00000F13582430700F1348206AA032138467D
:10A8F000FFF70CF830B9069A531EB3F5004F01D29A
:10A900001A4201D0012306935EB1954BA6F5007261
:10A910009A4203D9132009B0BDE8F08F731E334269
:10A92000F8D1129B23F4FF7323F0010304930BB9B6
:10A930000E20F0E707AA01213846FEF7E7FF0028BE
:10A9400040F0ED8015F008030193079B14BF4FF012
:10A9500000094FF03F094B45EAD3A3EB09037F2BD6
:10A960000793E5D9B6F5813FD4D215F0020E4FEA30
:10A9700056222CD005F00701022900F0F081E807EB
:10A9800040F1ED8162BB77481D0B012630F8021BB8
:10A9900009B1A94222D940F6F571B3FBF6F58D4213
:10A9A0009BBF05EB4505013502356D088CBF6D0079
:10A9B000033505F2FF154FF020018CBF4FF0020860
:10A9C0004FF001086D0A03914FF0010BEAE1E9072E
:10A9D000D8D49FE75200C8E11146CDE17600D5E713
:10A9E0001646D8E7B8F1020F18D102984FF6F57164
:10A9F000884208D9002A40F0AE817600402E00F24D
:10AA000008823246BEE7029840F6F57188420CD8BB
:10AA1000002A8DD17200802AB4D989E7029A40F6C3
:10AA2000F5739A4284D84FF001084FF40072002168
:10AA30002046FEF7D7FF4C490B222046FFF721F8AE
:10AA400002230022B8F1030F079923734FF001038B
:10AA500023740CBF13464FF4007384F80EB01B0A26
:10AA6000CBF3072BB1F5803FE272667384F80FB029
:10AA70006274A37455D2E174C1F307212175F823E0
:10AA800063753F2323760022FF23A3766276E27666
:10AA9000494604F11C00FEF79DFFB8F1030F4FF08B
:10AAA000210343D184F84530482384F8432084F8B7
:10AAB000442084F84630294604F12400FEF78AFF3A
:10AAC000022384F82C30012384F83030062384F8E4
:10AAD0003230802384F84030244984F82D20292303
:10AAE00084F82E2084F82F2084F8312084F8332035
:10AAF00084F84230132204F14700FEF7C2FF4FF002
:10AB0000550384F8FE316FF0550384F8FF314A464F
:10AB1000012321463846FEF791FE834650B30120BB
:10AB2000F9E604F12000FEF755FFA8E784F8293084
:10AB3000482384F82A30C5F30723E375802384F87B
:10AB40002430292384F8272084F828200849A57573
:10AB500084F82630132204F12B00CEE7D422032000
:10AB600000FEFF009ADD000065DD000071DD0000E1
:10AB700085DD0000B8F1030F41D1012309F1060280
:10AB800021463846FEF75AFE52234FF400725946CA
:10AB90002046FEF727FF237063706123A37084F8BB
:10ABA000E731029B41227221E27084F8E41184F8BB
:10ABB000E51184F8E621591E04F5F470FEF70AFF4A
:10ABC000022384F8EC314FF0550384F8FE316FF026
:10ABD000550384F8FF3109F107020123214684F867
:10ABE000EDB184F8EEB184F8EFB13846FEF726FEF9
:10ABF000012309EB030221463846FEF71FFE049AA3
:10AC000000212046FEF7EEFEB8F1030F54D1F823E1
:10AC10002370FF236370A370E37023716371A371CA
:10AC2000E37123726372A3720F23E372129B5B0AB8
:10AC30000293029BAB4228BF2B4621465246384620
:10AC40009B46FEF7FBFD014600287FF468AF4FF4FA
:10AC500000722046FEF7C6FEB5EB0B05DA44E8D1DC
:10AC6000039BB8F1030F18BF1E46029BB34228BFD7
:10AC700033465246214638461D46FEF7DFFD002882
:10AC80007FF44DAF761BAA44EFD1B8F1030F1DD06E
:10AC9000079BB3F5803F1BD2B8F1020F0CBF042312
:10ACA0000123019AB2B1002211463846FEF72EFE6A
:10ACB000003818BF01202EE6B8F1010F594920468F
:10ACC00018BF6FF00701FEF785FEAFE70C23E8E73A
:10ACD0000623E6E701994FF400722046FEF782FE54
:10ACE000552284F8FE21AA2284F8FF21019A84F8D3
:10ACF000BE2184F8C121079A84F8C2314A4443F640
:10AD0000C163B2FBF3F2FE2384F8C331930843F02E
:10AD10003F03012584F8C43184F8C521494604F570
:10AD2000E37084F8BF5184F8C051FEF753FE0799D1
:10AD300004F5E570FEF74EFE019A2B462146384693
:10AD4000FEF77CFD0028AED0E9E60B20E3E503200A
:10AD5000E1E50A20DFE5BEF1000F3FF4E9AD002A8E
:10AD60007FF43AAE30485D0C012230F8021B19B175
:10AD7000A9427FF62FAE0021B3FBF2F02B4E8500E7
:10AD8000A0F57F40F63805F20725B0424FEA552579
:10AD90003FF6CEAD16460A46002103914FF0200B38
:10ADA0004FF003080399DDF818C00BEB090A4819A6
:10ADB00050440CF1FF310144CCF1000C01EA0C0CC1
:10ADC000C9EB0611ACEB000CB8F1030F084406BF49
:10ADD000E344E24465448342FFF4AAAD0399591A5F
:10ADE000A1EB0B01B8F1030FA1EB0501B1FBF6F1EB
:10ADF00002917FF4F7AD02984FF6F57188423FF665
:10AE000014AE002A7FF494AD012E7FF691AD720846
:10AE1000A5E7BEF1000FA5D1802E3FF689AD3246E1
:10AE2000B9E500BFF8FFFF00A8DD0000FFFFFE0F3F
:10AE30004FF08053D3F83001A0F108035842584135
:10AE4000704700004FF08053D3F83021082A06D114
:10AE5000D3F83431052B02D8024AD05C7047002069
:10AE6000704700BFBCDD0000024AD2F80034002B5E
:10AE7000FBD0704700E0014010B5FFF7D9FF40B1AB
:10AE80004FF080430022C3F80C21C3F81021C3F80F
:10AE90003825FFF7CDFF002846D04FF08052654B94
:10AEA000D2F80414C3F82015D2F80814C3F82415F6
:10AEB000D2F80C14C3F82815D2F81014C3F82C15C6
:10AEC000D2F81414C3F83015D2F81814C3F8341596
:10AED000D2F81C14C3F84015D2F82014C3F8441556
:10AEE000D2F82414C3F84815D2F82814C3F84C1526
:10AEF000D2F82C14C3F85015D2F83014C3F85415F6
:10AF0000D2F83414C3F86015D2F83814C3F86415B5
:10AF1000D2F83C14C3F86815D2F84014C3F86C1585
:10AF2000D2F84424C3F87025FFF78CFF18B1424BC8
:10AF3000424AC3F88C26FFF785FF18B1404BFB222D
:10AF4000C3F81825FFF77EFF70B14FF080414FF036
:10AF50008053D1F8E42ED3F8583222F00F0203F0D8
:10AF60000F031343C1F8E43EFFF76CFF20B1354BEC
:10AF70004FF40072C3F84026FFF75AFF48B14FF074
:10AF80008043D3F80024D20744BF6FF00102C3F816
:10AF900000242D4AD2F8883043F47003C2F8883078
:10AFA000BFF34F8FBFF36F8F4FF08053D3F8302133
:10AFB000082A0ED1D3F83431052B02D8234AD35CAA
:10AFC0003BB14FF01023D3F808224FF08043C3F871
:10AFD00058254FF01023D3F80022002A03DBD3F8C2
:10AFE0000432002B22DA1A4901234FF01020C1F855
:10AFF00004351224FFF738FFC0F80042FFF734FF92
:10B00000C0F80442FFF730FF0023C1F80435FFF712
:10B010002BFFBFF34F8F0C490E4BCA6802F4E0625E
:10B020001343CB60BFF34F8F00BFFDE70A4B0B4AC2
:10B030001A6010BD00C0004000500040488103006D
:10B0400000F000400090024000ED00E0B6DD00009E
:10B0500000E001400400FA05C80000200090D00381
:10B0600053EA020C61D02DE9F04BB3FA83F51E00D0
:10B0700007BFB2FA82F502FA05F403FA05F41646A0
:10B08000C5F120051EBF22FA05F73C43203556EADC
:10B09000044C4FEA144418BF0134A3464FF0000992
:10B0A000C846904271EB030C39D3094207BFB0FA8E
:10B0B00080F700FA07F6B1FA81F701FA07F6C7F14F
:10B0C00020071EBF20FA07FC46EA0C062037B6FB15
:10B0D000FBFC7F1B103F07F01F04C4F120060CFA95
:10B0E00004F42CFA06F644BF34460026202FA4BFF1
:10B0F0002646002454EA060C08BF012418EB040875
:10B1000049EB0609A4FB027CC01B06FB02CC04FB36
:10B1100003CC71EB0C01904271EB030CC5D20B46D2
:10B12000024649464046BDE8F08BB2FBF3F2000010
:10B130007F2805D8034B185C034B5B5C18407047B5
:10B1400000207047D0DD000050DE0000A0F1610358
:10B15000192B98BF20387047A0F14103192B98BFD5
:10B16000203070477F2805D8034B185C034B5B5C8D
:10B170001840704700207047D0DD000050DE00000E
:10B18000A0F16103192B98BF20387047A0F141034B
:10B19000192B98BF203070477F299ABF017001207A
:10B1A0006FF02E0070475AB10A787F2A0AD800B192
:10B1B0000260002119605960501A18BF01207047C1
:10B1C000002070476FF02E00704710B50446084607
:10B1D000A2684AB12368616803F1010C8C4508BF7D
:10B1E00000208B4208D2D054E3682BB121686268FA
:10B1F000914201D22146984723680133236010BD54
:10B2000070B54C1E09D41646C5B229463046FFF724
:10B21000DCFF013CB4F1FF3FF7D170BD10F0100F1F
:10B2200008D108B510F4007F14BF30202020FFF7AC
:10B23000E7FF08BD7047000008B5034B5B689B68DB
:10B240001B68984708BD00BFCC00002008B50C2142
:10B25000FFF7F2FF08BD08B50921FFF7EDFF08BDB4
:10B260009AB330B594460F2A18D902460B4640EAE5
:10B27000010414F0030F02D00CF1FF3C11E0194659
:10B280001046043204330C680568A54206D1104606
:10B290001946ACF1040CBCF1040FF0D8BCF1010C60
:10B2A0000FD00A4603468444114618460133013242
:10B2B000047891F800E0744503D1184611466345BF
:10B2C000F2D100780B78C01A30BD00207047000022
:10B2D000054B1A68054943F2390001FB020018606A
:10B2E000C0F30E40704700BFE00000206D4EC64125
:10B2F0000CB400B587B008AA52F8043B059203903D
:10B30000002004900291194601A800F0BDF807B092
:10B310005DF804EB02B07047BAB100B5944601394C
:10B3200003469E4611F8012F03F8012B22B1BCF110
:10B33000010CF6D15DF804FBBCF1010FFAD9F4441D
:10B3400003F8012B6345FBD1F4E77047037853B151
:10B3500059B10144034613F8012F12B18B42FAD1BF
:10B360000B46181A70470346FBE70346F9E7844685
:10B3700040EA010313F0030F18D18446202A0BD3AF
:10B380002DE9F007B1E8F807A0E8F807A2F12002DC
:10B39000202AF7D2BDE8F007042A07D351F8043B6E
:10B3A00040F8043BA2F10402042AF7D2002A05D097
:10B3B00011F8013B00F8013B013AF9D160467047B2
:10B3C0008446002A2DD010F0030F04D000F8011B92
:10B3D000013A26D0F7E7C9B241EA012141EA014129
:10B3E000202A12D3A2F120022DE9F0030B460C46CD
:10B3F0000D460E460F4688468946A0E8FA03203AD5
:10B40000FBD2BDE8F00320320BD0042A05D340F86C
:10B41000041B043A05D0042AF9D200F8011B013AB2
:10B42000FBD16046704700F1010110F0030F11D00D
:10B4300010F8012B002A23D010F0030F0AD010F8C7
:10B44000012B002A1CD010F0030F03D010F8012BA1
:10B45000002A15D02DE970004FF001324FF08033F3
:10B4600050F8044BA4EB020525EA04051D4000D169
:10B47000F6E7A0F1040070BC10F8012B002AFBD104
:10B48000A0EB0100704700002DE9F04F89B007469E
:10B490000392002303600C4614F8011B002900F0FE
:10B4A000FC82DFF818B5EBE2002507E05E2868D1E2
:10B4B00045F4805501E045F040051C46234613F84D
:10B4C000010B3028F2D81F2837D9A0F12002102A0A
:10B4D00033D801A151F822F0B7B400003BB5000009
:10B4E0003BB500001DB500003BB500003BB50000BA
:10B4F0003BB5000023B500003BB500003BB50000A4
:10B500003BB5000029B500003BB500002FB5000099
:10B510003BB500003BB5000035B5000045F08005A7
:10B52000CBE745F40045C8E745F02005C5E745F001
:10B530001005C2E745F40075BFE72A2821D1039A18
:10B54000111D0391D2F800A0BAF1000FBCBFCAF1DF
:10B55000000A45F010051878A31C2AEAEA7A2E287A
:10B5600026D00021742847D07A2845D06C2800F0D6
:10B57000A8804C2800F0AB80682800F0B8801C46FA
:10B580003DE0A0F13002D2B2092A88BF4FF0000A94
:10B59000E3D84FF0000A0AEB8A0A303800EB4A0A77
:10B5A00013F8010BA0F13002D2B2092AF3D9D4E783
:10B5B00018782A280AD1039A111D03911168587826
:10B5C00002330029CEDB45F48075CBE70133A0F1CF
:10B5D0003002D2B2092A88BF0021F4D8002101EB41
:10B5E0008101303800EB410113F8010BA0F130026A
:10B5F000D2B2092AF3D9E4E71C4614F8010B00285B
:10B6000000F05782A0F12503DBB2532B62D8A0F1E2
:10B610002503532B5ED8DFE813F076005D005D0054
:10B620005D005D005D005D005D005D005D005D0032
:10B630005D005D005D005D005D005D005D005D0022
:10B640005D005D005D005D005D005D005D005D0012
:10B650005D005D005D005D005D005D005D005D0002
:10B660005D005D005D005D005D005D005D005D00F2
:10B670005D005D005D005D005D005D005D005D00E2
:10B68000EC005D005D005D005D005D005D005D0043
:10B690005D005D005D007B0021015D005D005D00DF
:10B6A0005D0021015D005D005D005D0095000F0102
:10B6B000D2005D005D00A6005D001A015D005D0026
:10B6C000EE001C4614F8010B45F0010597E745F024
:10B6D00001051C46B54B1E68002E00F0CE8103AB61
:10B6E0000193009153462A463946B047C5E1187880
:10B6F000682803D05C1C45F0040580E745F0080588
:10B700009C1C58787BE725213846FFF75EFDB4E1A5
:10B71000039B1A1D03921E780AF1FF3A3A465146DE
:10B720002846FFF77BFD31463846FFF74EFDA94618
:10B7300019F0100F00F0A1813A4651462020FFF782
:10B740005FFD9AE115F0080F06D03A68039B191DBA
:10B7500003911B681A7090E1039B1A1D03921B68EA
:10B760003A681A6089E1039B1A1D0392D3F800809E
:10B770008F4BB8F1000F08BF9846464625F4007974
:10B7800015F4807F16D04046FFF7E0FD0546AAEB92
:10B79000050A3A4651464846FFF740FD002DC7D0FE
:10B7A00016F8011B3846FFF710FDA8EB0603EB4225
:10B7B000F6D1BDE74046FFF736FE0546E7E7039BB7
:10B7C0001A1D03921B6815F0800F0CBF002623265C
:10B7D00045F4807508211A46002B00F02A8105AB3C
:10B7E0004FF0000805F4005CA64660468C46014612
:10B7F000D2E045F4005515F0800F1BD043F27806D7
:10B8000043F25803782818BF1E4615F4807F01D0F4
:10B8100025F4007515F4804F32D0039B1A1D039256
:10B820001B6815F0040F1FD01BB2002B20DA5B42FF
:10B830002D262DE00026E8E715F0800F0CBF00262E
:10B84000302615F4807FE5D025F40075E2E715F485
:10B85000807F07D025F400750026DBE745F480459E
:10B860000026D7E70026D5E715F0080FDDD0DBB2BC
:10B8700015F0200F61D115F0400F18BF202607E00A
:10B88000039B1A1D03921B6815F0040F50D09BB246
:10B8900015F4807F14BF25F4007501215838202845
:10B8A00000F2AF8001A252F820F000BFD7B700002D
:10B8B00003BA000003BA000003BA000003BA000094
:10B8C00003BA000003BA000003BA000003BA000084
:10B8D00003BA000003BA000003BA000067B9000011
:10B8E00003BA000003BA000003BA000003BA000064
:10B8F00067B9000003BA000003BA000003BA0000F1
:10B9000003BA000003BA00003FB90000D7B7000037
:10B9100003BA000003BA000003BA000003BA000033
:10B9200067B9000003BA000003BA0000D7B70000EF
:10B9300015F0080FACD0DBB2AAE72B26A8E71A4611
:10B940004FF00008002B5ED005A84FF0000803F070
:10B950000703303300F8013B08F10108D208134611
:10B96000002AF4D14FE018464FF00008002B4AD0CF
:10B970004FF0000805F4004E4FF02C0973468E4638
:10B9800019462FE002F00F000A4C205C03F8010B6F
:10B9900008F10108120906D00029F3D002F00F00C7
:10B9A000054C205CF2E7744661462CE0DC22032063
:10B9B00024E0000004E0000014E00000CDCCCCCC7A
:10B9C00008AB03EB080CABFB0032D20802EB82039E
:10B9D000A0EB430330330CF80C3C08F101080928B4
:10B9E0000DD910460029EBD008F00303032BE7D153
:10B9F00008AB434403F80C9C08F10108E0E77146EA
:10BA000001E04FF00008A1EB080121EAE179AAEB7F
:10BA1000090AAAEB080AFF2E0ED9AAF1020AC6F3F8
:10BA200007213846FFF7D1FBF1B23846FFF7CDFBCF
:10BA300004E04FF00008E6E7002E3DD13A465146BB
:10BA40002846FFF7EBFB3A4649463020FFF7D8FB84
:10BA5000B8F1000F0EDD0DF1140908F1FF38C844EC
:10BA600098F8001046463846FFF7AFFBC14508F18D
:10BA7000FF38F5D115F0100F09D114F8011B61B191
:10BA800025293FF411AD3846FFF79FFBF5E73A460D
:10BA900051462020FFF7B4FBEFE7BB682BB13A68B3
:10BAA00079688A423CBF00219954386809B0BDE8E2
:10BAB000F08F4FF0FF30F9E70AF1FF3AB4E700BF2B
:10BAC0004ED5000000000000B5D5000000000000C9
:10BAD0007ED600000000000055D7000000000000E6
:10BAE000B9D70000000000001ED8000000000000D0
:10BAF000B1D8000000000000FEBC000000000303FD
:10BB0000DABE000000000000BABF00000000000024
:10BB1000FCC00000000000008AC10000000000001E
:10BB200086D40000000000003ACB000000000303B0
:10BB30005FCF000000000000DCC200000000000039
:10BB4000F4BB00000000000072BC000014000020E4
:10BB500028010020F0010020F80100203001002021
:04BB600018000000C9
:10BB6400433A5C4E6F726469635C6E5246355F5350
:10BB7400444B5F31372E312E305F64646465353653
:10BB8400305C6E5246355F53444B5F31372E312E55
:10BB9400305F646464653536305C636F6D706F6EFE
:10BBA400656E74735C6C69627261726965735C6CF6
:10BBB4006F675C7372635C6E72665F6C6F675F6203
:10BBC40061636B656E645F756172742E630000005F
:10BBD400FFFFFFFFFFFFFFFFFFFFFFFFFFFFFFFF71
:10BBE40000000000000000000000D6010601000073
:10BBF400F904000065050000A1040000433A5C4E0E
:10BC04006F726469635C6E5246355F53444B5F31B7
:10BC1400372E312E305F646464653536305C6E5285
:10BC240046355F53444B5F31372E312E305F6464A9
:10BC340064653536305C636F6D706F6E656E7473FA
:10BC44005C6C69627261726965735C6C6F675C736A
:10BC540072635C6E72665F6C6F675F646566617564
:10BC64006C745F6261636B656E64732E63007561EF
:10BC740072745F6C6F675F6261636B656E640043CF
:10BC84003A5C4E6F726469635C6E5246355F53442E
:10BC94004B5F31372E312E305F6464646535363046
:10BCA4005C6E5246355F53444B5F31372E312E3034
:10BCB4005F646464653536305C636F6D706F6E65A8
:10BCC4006E74735C6C69627261726965735C6C6FCB
:10BCD400675C7372635C6E72665F6C6F675F6672DB
:10BCE4006F6E74656E642E63004261636B656E648F
:10BCF4007320666C75736865640061707000000081
:10BD0400180600207F000000980600201B5B313BD2
:10BD140033316D0025734C6F67732064726F7070DC
:10BD24006564202825642925730D0A001B5B306D8A
:10BD3400002573005B253032643A253032643A259D
:10BD44003032642E253033642C253033645D20007A
:10BD54003C25733E2025733A20002025303278009C
:10BD64007C002563001B5B313B33306D001B5B3172
:10BD74003B33326D001B5B313B33336D001B5B3156
:10BD84003B33346D001B5B313B33356D001B5B3142
:10BD94003B33366D001B5B313B33376D007761728B
:10BDA4006E696E6700696E666F0064656275670030
:10BDB40030BD000069BD000010BD000071BD000071
:10BDC40079BD000081BD000089BD000091BD000067
:10BDD40099BD00000000000008C80000A1BD0000DB
:10BDE400A9BD0000AEBD00002E2E2F2E2E2F2E2E0C
:10BDF4002F2E2E2F2E2E2F2E2E2F6D6F64756C65E9
:10BE0400732F6E7266782F68616C2F6E72665F672F
:10BE140070696F2E6800433A5C4E6F726469635CAC
:10BE24006E5246355F53444B5F31372E312E305FAF
:10BE3400646464653536305C6E5246355F53444BFA
:10BE44005F31372E312E305F646464653536305C83
:10BE5400636F6D706F6E656E74735C626F61726434
:10BE6400735C626F617264732E63000B0C18190D9E
:10BE74000E0F10433A5C4E6F726469635C6E5246F7
:10BE8400355F53444B5F31372E312E305F64646429
:10BE9400653536305C6E5246355F53444B5F3137FF
:10BEA4002E312E305F646464653536305C636F6DAB
:10BEB400706F6E656E74735C6C69627261726965D1
:10BEC400735C627574746F6E5C6170705F627574BC
:10BED400746F6E2E63006170705F627574746F6E40
:10BEE4000000000020000020415353455254494FA4
:10BEF4004E204641494C45442061742025733A251F
:10BF040075004552524F52202575205B25735D20E4
:10BF140061742025733A25750D0A50432061743AE3
:10BF24002030782530387800456E64206F662065AF
:10BF340072726F72207265706F727400554E4B4E40
:10BF44004F574E204641554C54206174203078257B
:10BF540030385800433A5C4E6F726469635C6E52C9
:10BF640046355F53444B5F31372E312E305F646466
:10BF740064653536305C6E5246355F53444B5F31F1
:10BF8400372E312E305F646464653536305C636F00
:10BF94006D706F6E656E74735C6C696272617269E8
:10BFA40065735C74696D65725C6170705F74696DF2
:10BFB4006572322E63006170705F74696D65720022
:10BFC40001000600000000000C0700206D140000B2
:10BFD400433A5C4E6F726469635C6E5246355F53DC
:10BFE400444B5F31372E312E305F646464653536DF
:10BFF400305C6E5246355F53444B5F31372E312EE1
:10C00400305F646464653536305C636F6D706F6E89
:10C01400656E74735C6C69627261726965735C7578
:10C024007362645C6170705F757362645F636C619A
:10C0340073735F626173652E6800433A5C4E6F727E
:10C044006469635C6E5246355F53444B5F31372EEF
:10C05400312E305F646464653536305C6E5246352B
:10C064005F53444B5F31372E312E305F6464646517
:10C074003536305C636F6D706F6E656E74735C6CB7
:10C0840069627261726965735C757362645C617024
:10C09400705F757362642E6300433A5C4E6F726422
:10C0A40069635C6E5246355F53444B5F31372E31C2
:10C0B4002E305F646464653536305C6E5246355F9D
:10C0C40053444B5F31372E312E305F6464646535E1
:10C0D40036305C636F6D706F6E656E74735C6C6923
:10C0E400627261726965735C757362645C617070BD
:10C0F4005F757362642E68006170705F757362644B
:10C104000001000001010101B91B00000900000049
:10C11400080000000A000000850000008003030EF0
:10C124000D81433A5C4E6F726469635C6E524635AE
:10C134005F53444B5F31372E312E305F6464646546
:10C144003536305C6E5246355F53444B5F31372E83
:10C15400312E305F646464653536305C636F6D70B6
:10C164006F6E656E74735C6C69627261726965731B
:10C174005C757362645C6170705F757362645F6345
:10C184006F72652E63006170705F757362645F63C4
:10C194006F72650070090020B4C100000100020341
:10C1A400008000000F09020000000104C0320000FA
:10C1B400ED26000000000000000000000000000068
:10C1C40000000000120100020000004015190D5289
:10C1D4000001010203010000E5240000000000004A
:10C1E40005250000800900202E2E2F2E2E2F2E2E06
:10C1F4002F2E2E2F2E2E2F2E2E2F636F6D706F6EDF
:10C20400656E74732F6C69627261726965732F75E0
:10C214007362642F6170705F757362645F636C61D5
:10C2240073735F626173652E6800433A5C4E6F728C
:10C234006469635C6E5246355F53444B5F31372EFD
:10C24400312E305F646464653536305C6E52463539
:10C254005F53444B5F31372E312E305F6464646525
:10C264003536305C636F6D706F6E656E74735C6CC5
:10C2740069627261726965735C757362645C636C34
:10C284006173735C6D73635C6170705F757362641A
:10C294005F6D73632E63002E2E2F2E2E2F2E2E2FC6
:10C2A4002E2E2F2E2E2F2E2E2F636F6D706F6E65F8
:10C2B4006E74732F6C69627261726965732F626C3C
:10C2C4006F636B5F6465762F6E72665F626C6F631B
:10C2D4006B5F6465762E6800757362645F6D73636B
:10C2E40000000000FD3600005D2C0000000000008E
:10C2F4000000000000000000000000000338FDD82A
:10C3040070475553424355534253433A5C4E6F7200
:10C314006469635C6E5246355F53444B5F31372E1C
:10C32400312E305F646464653536305C6E52463558
:10C334005F53444B5F31372E312E305F6464646544
:10C344003536305C636F6D706F6E656E74735C6CE4
:10C3540069627261726965735C757362645C617051
:10C36400705F757362645F737472696E675F64652E
:10C3740073632E6300000000040309044E6F7264AB
:10C3840069632053656D69636F6E647563746F725E
:10C39400006E5246353220555342204D53432044BB
:10C3A400656D6F0030303030303030303030303107
:10C3B4000044656661756C7420636F6E66696775A9
:10C3C400726174696F6E00557365722031000000EC
:10C3D4007AC3000080C3000095C30000A8C3000016
:10C3E400B5C30000CBC30000000001010202030337
:10C3F40004040505433A5C4E6F726469635C6E52D3
:10C4040046355F53444B5F31372E312E305F6464C1
:10C4140064653536305C6E5246355F53444B5F314C
:10C42400372E312E305F646464653536305C636F5B
:10C434006D706F6E656E74735C6C69627261726943
:10C4440065735C7574696C5C6170705F7574696C3C
:10C454005F706C6174666F726D2E6300433A5C4E5C
:10C464006F726469635C6E5246355F53444B5F314F
:10C47400372E312E305F646464653536305C6E521D
:10C4840046355F53444B5F31372E312E305F646441
:10C4940064653536305C636F6D706F6E656E747392
:10C4A4005C6C69627261726965735C74696D6572F2
:10C4B4005C6472765F7274632E6300525443206925
:10C4C4006E7374616E636520616C7265616479205A
:10C4D400696E697469616C697A65642E002E2E2F09
:10C4E4002E2E2F2E2E2F2E2E2F2E2E2F2E2E2F6D24
:10C4F4006F64756C65732F6E7266782F68616C2F2C
:10C504006E72665F7274632E68002E2E2F2E2E2F8D
:10C514002E2E2F2E2E2F2E2E2F2E2E2F696E74653B
:10C5240067726174696F6E2F6E7266782F6E7266B1
:10C53400785F676C75652E68005254433A20696EC3
:10C54400697469616C697A65642E00000338FDD8EA
:10C55400704748415244204641554C542061742050
:10C5640030782530385800202052303A2020307856
:10C5740025303858202052313A2020307825303860
:10C5840058202052323A2020307825303858202044
:10C5940052333A2020307825303858002020523148
:10C5A400323A2030782530385820204C523A202016
:10C5B40030782530385820205053523A203078258E
:10C5C40030385800537461636B2076696F6C617402
:10C5D400696F6E3A20737461636B20706F696E7457
:10C5E4006572206F75747369646520737461636B1D
:10C5F40020617265612E0043617573653A2042754E
:10C60400734661756C74206F6E2061207665637467
:10C614006F72207461626C65207265616420647558
:10C6240072696E6720657863657074696F6E2070D7
:10C63400726F63657373696E672E0043617573650A
:10C644003A2025732E004D656D4D616E616765203E
:10C654004661756C7420416464726573733A20306A
:10C66400782530385800427573204661756C742003
:10C67400416464726573733A203078253038580009
:10C684005468652070726F636573736F722068619C
:10C694007320617474656D7074656420746F2065B3
:10C6A40078656375746520616E20756E646566696E
:10C6B4006E656420696E737472756374696F6E005D
:10C6C4005468652070726F636573736F7220617450
:10C6D40074656D707465642061206C6F6164206F93
:10C6E400722073746F72652061742061206C6F63B3
:10C6F4006174696F6E207468617420646F6573205F
:10C704006E6F74207065726D697420746865206F33
:10C714007065726174696F6E00556E737461636BDA
:10C7240020666F7220616E20657863657074696F2E
:10C734006E2072657475726E206861732063617512
:10C74400736564206F6E65206F72206D6F72652053
:10C754006163636573732076696F6C6174696F6E6E
:10C764007300537461636B696E6720666F72206136
:10C774006E20657863657074696F6E20656E74727F
:10C78400792068617320636175736564206F6E65D9
:10C79400206F72206D6F726520616363657373200F
:10C7A40076696F6C6174696F6E730041204D656DBD
:10C7B4004D616E616765206661756C74206F63639B
:10C7C400757272656420647572696E6720666C6F39
:10C7D4006174696E672D706F696E74206C617A790B
:10C7E4002073746174652070726573657276617408
:10C7F400696F6E00496E737472756374696F6E202D
:10C80400627573206572726F720044617461206294
:10C814007573206572726F72202850432076616CA4
:10C82400756520737461636B656420666F72207430
:10C83400686520657863657074696F6E20726574CD
:10C8440075726E20706F696E747320746F207468D3
:10C854006520696E737472756374696F6E20746891
:10C864006174206361757365642074686520666112
:10C87400756C74290044617461206275732065725B
:10C88400726F72202872657475726E2061646472AE
:10C8940065737320696E2074686520737461636BBB
:10C8A400206672616D65206973206E6F74207265F5
:10C8B4006C6174656420746F2074686520696E739C
:10C8C4007472756374696F6E207468617420636137
:10C8D4007573656420746865206572726F722900CF
:10C8E400556E737461636B20666F7220616E206590
:10C8F4007863657074696F6E2072657475726E20EA
:10C9040068617320636175736564206F6E65206F61
:10C9140072206D6F7265204275734661756C747315
:10C9240000537461636B696E6720666F7220616E79
:10C9340020657863657074696F6E20656E747279B2
:10C944002068617320636175736564206F6E652070
:10C954006F72206D6F7265204275734661756C74D9
:10C9640073004120627573206661756C74206F6377
:10C9740063757272656420647572696E6720666C93
:10C984006F6174696E672D706F696E74206C617A63
:10C994007920737461746520707265736572766151
:10C9A40074696F6E005468652070726F6365737389
:10C9B4006F722068617320617474656D707465644E
:10C9C40020746F206578656375746520616E2069D5
:10C9D4006E737472756374696F6E20746861742009
:10C9E4006D616B657320696C6C6567616C20757330
:10C9F40065206F6620746865204550535200546862
:10CA0400652070726F636573736F72206861732041
:10CA1400617474656D7074656420616E20696C6CFA
:10CA24006567616C206C6F6164206F6620455843B4
:10CA34005F52455455524E20746F207468652050DF
:10CA4400432C206173206120726573756C74206FB0
:10CA54006620616E20696E76616C696420636F6E16
:10CA6400746578742C206F7220616E20696E766113
:10CA74006C6964204558435F52455455524E2076A4
:10CA8400616C7565005468652070726F63657373BB
:10CA94006F722068617320617474656D707465646D
:10CAA40020746F20616363657373206120636F700A
:10CAB400726F636573736F72005468652070726F70
:10CAC400636573736F7220686173206D61646520A0
:10CAD400616E20756E616C69676E6564206D656D4D
:10CAE4006F727920616363657373005468652070A5
:10CAF400726F636573736F72206861732065786504
:10CB0400637574656420616E2053444956206F72C6
:10CB1400205544495620696E737472756374696F45
:10CB24006E207769746820612064697669736F7216
:10CB3400206F66203000686172646661756C7400F1
:10CB440084C60000C4C60000000000001DC7000029
:10CB540066C70000AFC7000000000000000000002E
:10CB6400F8C700000EC8000079C80000E4C800003F
:10CB740025C9000066C90000000000000000000094
:10CB840084C60000A9C9000002CA000089CA0000C6
:10CB94000000000000000000000000000000000091
:10CBA400BDCA0000EFCA0000433A5C4E6F7264696C
:10CBB400635C6E5246355F53444B5F31372E312EE2
:10CBC400305F646464653536305C6E5246355F535D
:10CBD400444B5F31372E312E305F646464653536E3
:10CBE400305C636F6D706F6E656E74735C6C6962DC
:10CBF4007261726965735C62616C6C6F635C6E72A6
:10CC0400665F62616C6C6F632E6300433A5C4E6FC7
:10CC1400726469635C6E5246355F53444B5F3137CF
:10CC24002E312E305F646464653536305C6E524656
:10CC3400355F53444B5F31372E312E305F6464646B
:10CC4400653536305C636F6D706F6E656E74735CE2
:10CC54006C69627261726965735C626C6F636B5F4D
:10CC64006465765C656D7074795C6E72665F626C27
:10CC74006F636B5F6465765F656D7074792E6300B6
:10CC840045490000DD49000081490000F1480000E9
:10CC9400B9480000D9480000433A5C4E6F72646999
:10CCA400635C6E5246355F53444B5F31372E312EF1
:10CCB400305F646464653536305C6E5246355F536C
:10CCC400444B5F31372E312E305F646464653536F2
:10CCD400305C636F6D706F6E656E74735C6C6962EB
:10CCE4007261726965735C626C6F636B5F646576B5
:10CCF4005C717370695C6E72665F626C6F636B5FAC
:10CD04006465765F717370692E63006601010101C9
:10CD140001000000994A0000394A0000894D0000D2
:10CD2400D14F0000214D00001D4A0000433A5C4EE3
:10CD34006F726469635C6E5246355F53444B5F3176
:10CD4400372E312E305F646464653536305C6E5244
:10CD540046355F53444B5F31372E312E305F646468
:10CD640064653536305C636F6D706F6E656E7473B9
:10CD74005C6C69627261726965735C626C6F636B2F
:10CD84005F6465765C72616D5C6E72665F626C6F27
:10CD9400636B5F6465765F72616D2E6300000000F3
:10CDA400D9500000A15100009B5100009551000092
:10CDB400A1500000C1500000433A5C4E6F72646998
:10CDC400635C6E5246355F53444B5F31372E312ED0
:10CDD400305F646464653536305C6E5246355F534B
:10CDE400444B5F31372E312E305F646464653536D1
:10CDF400305C65787465726E616C5C667072696EC5
:10CE040074665C6E72665F667072696E74662E63B9
:10CE140000433A5C4E6F726469635C6E5246355FE0
:10CE240053444B5F31372E312E305F646464653573
:10CE340036305C6E5246355F53444B5F31372E318A
:10CE44002E305F646464653536305C657874657271
:10CE54006E616C5C667072696E74665C6E72665F3D
:10CE6400667072696E74665F666F726D61742E634C
:10CE74000030313233343536373839414243444552
:10CE840046433A5C4E6F726469635C6E5246355F2A
:10CE940053444B5F31372E312E305F646464653503
:10CEA40036305C6E5246355F53444B5F31372E311A
:10CEB4002E305F646464653536305C636F6D706F0B
:10CEC4006E656E74735C6C69627261726965735CC1
:10CED4006D656D6F626A5C6E72665F6D656D6F62C3
:10CEE4006A2E6300C22817000000800000100000B2
:10CEF40000010000433A5C4E6F726469635C6E52D9
:10CF040046355F53444B5F31372E312E305F6464B6
:10CF140064653536305C6E5246355F53444B5F3141
:10CF2400372E312E305F646464653536305C636F50
:10CF34006D706F6E656E74735C6C69627261726938
:10CF440065735C736F72746C6973745C6E72665F24
:10CF5400736F72746C6973742E6300736F72746C84
:10CF6400697374004E52465F53554343455353000F
:10CF74004E52465F4552524F525F5356435F4841AB
:10CF84004E444C45525F4D495353494E47004E520F
:10CF9400465F4552524F525F534F4654444556499B
:10CFA40043455F4E4F545F454E41424C4544004E0D
:10CFB40052465F4552524F525F494E5445524E417C
:10CFC4004C004E52465F4552524F525F4E4F5F4D9A
:10CFD400454D004E52465F4552524F525F4E4F549C
:10CFE4005F464F554E44004E52465F4552524F5293
:10CFF4005F4E4F545F535550504F52544544004E6A
:10D0040052465F4552524F525F494E56414C494435
:10D014005F504152414D004E52465F4552524F526D
:10D024005F494E56414C49445F5354415445004E68
:10D0340052465F4552524F525F494E56414C494405
:10D044005F4C454E475448004E52465F4552524F3E
:10D05400525F494E56414C49445F464C4147530048
:10D064004E52465F4552524F525F494E56414C49CB
:10D07400445F44415441004E52465F4552524F5220
:10D084005F444154415F53495A45004E52465F45FF
:10D0940052524F525F54494D454F5554004E5246DB
:10D0A4005F4552524F525F4E554C4C004E52465FB4
:10D0B4004552524F525F464F5242494444454E00F6
:10D0C4004E52465F4552524F525F494E56414C496B
:10D0D400445F41444452004E52465F4552524F52BF
:10D0E4005F42555359004E52465F4552524F525F6C
:10D0F4004D4F44554C455F4E4F545F494E4954493A
:10D10400414C495A4544004E52465F4552524F5293
:10D114005F4D555445585F494E49545F4641494C0B
:10D124004544004E52465F4552524F525F4D55544E
:10D1340045585F4C4F434B5F4641494C4544004E74
:10D1440052465F4552524F525F4D555445585F55B4
:10D154004E4C4F434B5F4641494C4544004E52466A
:10D164005F4552524F525F4D555445585F434F4EA1
:10D17400445F494E49545F4641494C4544004E5230
:10D18400465F4552524F525F4D4F44554C455F41A7
:10D194004C52454144595F494E495449414C495ABE
:10D1A4004544004E52465F4552524F525F53544FCE
:10D1B400524147455F46554C4C004E52465F4552DE
:10D1C400524F525F4150495F4E4F545F494D504C4E
:10D1D400454D454E544544004E52465F4552524FCC
:10D1E400525F464541545552455F4E4F545F454E3C
:10D1F40041424C4544004E52465F4552524F525FA5
:10D20400494F5F50454E44494E47004E52465F4594
:10D2140052524F525F4452565F5457495F455252DF
:10D224005F4F56455252554E004E52465F4552523C
:10D234004F525F4452565F5457495F4552525F41C3
:10D244004E41434B004E52465F4552524F525F444B
:10D2540052565F5457495F4552525F444E41434BC7
:10D26400004E52465F4552524F525F424C455F4911
:10D274005053505F52585F504B545F5452554E4375
:10D2840041544544004E52465F4552524F525F420C
:10D294004C455F495053505F4348414E4E454C5FA7
:10D2A400414C52454144595F455849535453004EEB
:10D2B40052465F4552524F525F424C455F4950536C
:10D2C400505F4C494E4B5F444953434F4E4E454388
:10D2D400544544004E52465F4552524F525F424CB1
:10D2E400455F495053505F504545525F52454A454A
:10D2F4004354454400556E6B6E6F776E20657272B1
:10D304006F7220636F6465000000000068CF000046
:10D314000100000074CF00000200000092CF000062
:10D3240003000000B3CF000004000000C6CF0000DB
:10D3340005000000D7CF000006000000EBCF00007E
:10D344000700000003D00000080000001BD000000C
:10D354000900000033D000000A0000004CD0000097
:10D364000B00000064D000000C0000007BD0000023
:10D374000D0000008FD000000E000000A1D00000BE
:10D384000F000000B0D0000010000000C4D0000066
:10D3940011000000DBD0000080000000EAD0000093
:10D3A400810000000BD100008200000027D10000A2
:10D3B4008300000043D100008400000061D100001C
:10D3C4008500000082D1000086000000A7D1000083
:10D3D40090000000BED1000091000000DCD10000EC
:10D3E40092000000FAD10000008200000FD2000079
:10D3F400018200002DD200000282000049D2000008
:10D404000084000065D200000184000089D200007D
:10D4140002840000B3D2000003840000D8D20000CC
:10D42400433A5C4E6F726469635C6E5246355F5377
:10D43400444B5F31372E312E305F6464646535367A
:10D44400305C6E5246355F53444B5F31372E312E7C
:10D45400305F646464653536305C696E7465677228
:10D464006174696F6E5C6E7266785C6C656761632B
:10D47400795C6E72665F6472765F636C6F636B2E49
:10D484006300636C6F636B0000433A5C4E6F7264BD
:10D4940069635C6E5246355F53444B5F31372E31BE
:10D4A4002E305F646464653536305C6E5246355F99
:10D4B40053444B5F31372E312E305F6464646535DD
:10D4C40036305C696E746567726174696F6E5C6E28
:10D4D4007266785C6C65676163795C6E72665F64C2
:10D4E40072765F756172742E6300433A5C4E6F729C
:10D4F4006469635C6E5246355F53444B5F31372E2B
:10D50400312E305F646464653536305C6E52463566
:10D514005F53444B5F31372E312E305F6464646552
:10D524003536305C6D6F64756C65735C6E726678ED
:10D534005C647269766572735C7372635C6E726646
:10D54400785F636C6F636B2E6300434C4F434B00F7
:10D55400433A5C4E6F726469635C6E5246355F5346
:10D56400444B5F31372E312E305F64646465353649
:10D57400305C6E5246355F53444B5F31372E312E4B
:10D58400305F646464653536305C6D6F64756C65FA
:10D59400735C6E7266785C647269766572735C73D0
:10D5A40072635C6E7266785F6770696F74652E6310
:10D5B400004750494F544500433A5C4E6F726469CA
:10D5C400635C6E5246355F53444B5F31372E312EC8
:10D5D400305F646464653536305C6E5246355F5343
:10D5E400444B5F31372E312E305F646464653536C9
:10D5F400305C6D6F64756C65735C6E7266785C64C8
:10D604007269766572735C7372635C6E7266785F5E
:10D61400706F7765722E6300433A5C4E6F72646973
:10D62400635C6E5246355F53444B5F31372E312E67
:10D63400305F646464653536305C6E5246355F53E2
:10D64400444B5F31372E312E305F64646465353668
:10D65400305C6D6F64756C65735C6E7266785C6467
:10D664007269766572735C7372635C7072735C6EFC
:10D674007266785F7072732E630050525300433A9F
:10D684005C4E6F726469635C6E5246355F53444B03
:10D694005F31372E312E305F646464653536305C1B
:10D6A4006E5246355F53444B5F31372E312E305F17
:10D6B400646464653536305C6D6F64756C65735C89
:10D6C4006E7266785C647269766572735C73726399
:10D6D4005C6E7266785F717370692E63000000007F
:10D6E4000000000000000000000000000338FDD826
:10D6F4007047433A5C4E6F726469635C6E524635A0
:10D704005F53444B5F31372E312E305F6464646560
:10D714003536305C6E5246355F53444B5F31372E9D
:10D72400312E305F646464653536305C6D6F6475CA
:10D734006C65735C6E7266785C647269766572732C
:10D744005C7372635C6E7266785F7370696D2E636E
:10D75400005350494D00433A5C4E6F726469635CF8
:10D764006E5246355F53444B5F31372E312E305F56
:10D77400646464653536305C6E5246355F53444BA1
:10D784005F31372E312E305F646464653536305C2A
:10D794006D6F64756C65735C6E7266785C647269D7
:10D7A400766572735C7372635C6E7266785F7561C2
:10D7B40072742E63005541525400433A5C4E6F72AA
:10D7C4006469635C6E5246355F53444B5F31372E58
:10D7D400312E305F646464653536305C6E52463594
:10D7E4005F53444B5F31372E312E305F6464646580
:10D7F4003536305C6D6F64756C65735C6E7266781B
:10D804005C647269766572735C7372635C6E726673
:10D81400785F75617274652E6300554152544500FA
:10D82400433A5C4E6F726469635C6E5246355F5373
:10D83400444B5F31372E312E305F64646465353676
:10D84400305C6E5246355F53444B5F31372E312E78
:10D85400305F646464653536305C6D6F64756C6527
:10D86400735C6E7266785C647269766572735C73FD
:10D8740072635C6E7266785F757362642E63002EE9
:10D884002E2F2E2E2F2E2E2F2E2E2F2E2E2F2E2EAF
:10D894002F6D6F64756C65732F6E7266782F686177
:10D8A4006C2F6E72665F757362642E680055534206
:10D8B40044000001010101010203040506070809EF
:10D8C4000B0008010C011001140118011C012001B6
:10D8D40024012C010C0D0E0F101112131400300131
:10D8E400340138013C014001440148014C0150011C
:10D8F4000D77000041770000B17C0000D17B00006F
:10D90400CB7B0000C57B0000BF7B0000B97B00001F
:10D91400B37B0000AD7B0000957C0000417D0000DE
:10D9240051870000318600002B8600002586000008
:10D934001F86000019860000138600000D86000073
:10D94400F97C0000B57C0000C978000089890000DA
:10D95400518500000B000300258D00000C0003001E
:10D96400258D000018000300258D00001900030018
:10D97400258D000050000020700000209000002041
:10D98400496E697469616C697A696E672064697348
:10D994006B2030202851535049292E2E2E004469E3
:10D9A400736B20696E697469616C697A6174696FFB
:10D9B4006E206661696C65642E004D6F756E7469C6
:10D9C4006E6720766F6C756D652E2E2E004D6F750B
:10D9D4006E74206661696C65642E2046696C65739B
:10D9E400797374656D206E6F7420666F756E642E26
:10D9F40020506C6561736520666F726D617420647C
:10DA040065766963652E004D6F756E742066616975
:10DA14006C65643A20257500556E61626C652074EE
:10DA24006F206F706572617465206F6E2066696C1B
:10DA34006573797374656D207768696C65205553D7
:10DA44004220697320636F6E6E656374656400259C
:10DA54003038782E747874004372656174696E6727
:10DA64002072616E646F6D2066696C653A2025735F
:10DA7400202E2E2E000D0A556E61626C6520746F87
:10DA8400206F70656E206F7220637265617465200B
:10DA940066696C653A202575000D0A556E61626CE5
:10DAA4006520746F20636C6F73652066696C653ADA
:10DAB40020257500646F6E650D0A000D0A4C6973AC
:10DAC40074696E67206469726563746F72793A2051
:10DAD4002F004469726563746F7279206C69737482
:10DAE400696E67206661696C65643A202575004437
:10DAF40069726563746F727920726561642066610E
:10DB0400696C65643A202575002020203C44495204
:10DB14003E20202025730D0A0025396C7520202510
:10DB2400730D0A00456E747269657320636F756EB8
:10DB3400743A2025750D0A0055534220706F77659D
:10DB44007220646574656374656400556E2D696E36
:10DB5400697469616C697A696E67206469736B20A2
:10DB640030202851535049292E2E2E00555342203F
:10DB7400706F7765722072656D6F766564005553BA
:10DB84004220726561647900433A5C4E6F72646945
:10DB9400635C6E5246355F53444B5F31372E312EF2
:10DBA400305F646464653536305C6E5246355F536D
:10DBB400444B5F31372E312E305F646464653536F3
:10DBC400305C6578616D706C65735C7065726970EA
:10DBD400686572616C5C757362645F6D73635C6DC0
:10DBE40061696E2E630055534244204D53432065B2
:10DBF40078616D706C6520737461727465642E0055
:10DC04000D0A4372656174696E672066696C657399
:10DC1400797374656D2E2E2E004D6B6673206661CC
:10DC2400696C65642E004D6F756E74206661696C55
:10DC340065642E00446F6E65004E6F726469630004
:10DC44005153504900312E303000454D5054590045
:10DC5400B0170020E8C200000100020381010000A7
:10DC6400B00F00200004000002000000BC000020EF
:10DC740003000000AD9000000650000084CC0000BA
:10DC84003DDC00004EDC000049DC00000002000026
:10DC9400000010003C18002018CD00003DDC0000FE
:10DCA40044DC000049DC0000000200000100000028
:10DCB40000000000131114151617000000000100E5
:10DCC400000F06004C180020A4CD00003DDC00002D
:10DCD40017D0000049DC0000000200008428002066
:10DCE40000F802008420032000000000D992000004
:10DCF40000000000433A5C4E6F726469635C6E52CC
:10DD040046355F53444B5F31372E312E305F6464A8
:10DD140064653536305C6E5246355F53444B5F3133
:10DD2400372E312E305F646464653536305C657837
:10DD34007465726E616C5C66617466735C706F723C
:10DD4400745C6469736B696F5F626C6B6465762E77
:10DD54006300222A2B2C3A3B3C3D3E3F5B5D7C7F9B
:10DD640000EBFE904D53444F53352E30004E4F2060
:10DD74004E414D452020202046415433322020205E
:10DD8400004E4F204E414D45202020204641542036
:10DD940020202020000001000400100040000001A9
:10DDA400000200000100020004000800100020002E
:10DDB400000000000000010101000000000000005C
:10DDC40043000000504F53495800000020202020F9
:10DDD40020202020206828282828202020202020D7
:10DDE4002020202020202020202020204810101037
:10DDF400101010101010101010101010848484844F
:10DE04008484848484841010101010101081818103
:10DE1400818181010101010101010101010101016E
:10DE24000101010101010110101010101082828201
:10DE3400828282020202020202020202020202023E
:10DE44000202020202020210101010200007032036
:10DE5400041702010857104080000000C4DD0000D0
:10DE6400C8DE0000DCDF000053756E004D6F6E00ED
:10DE740054756500576564005468750046726900FE
:10DE840053617400000000004A616E004665620040
:10DE94004D617200417072004D6179004A756E00E7
:10DEA4004A756C0041756700536570004F637400D8
:10DEB4004E6F76004465630000000000414D005041
:10DEC4004D00000000E00000FCDF0000FCDF00006B
:10DED400FCDF0000FCDF0000FCDF0000FCDF0000D2
:10DEE400FCDF0000FCDF0000FCDF0000FFFFFFFFA1
:10DEF400FFFFFFFFFFFFFFFFFFFF00003CDF00000D
:10DF04006CDE000078DF00008CDE0000C0DE000064
:10DF140020DF0000D0DF00002CDF0000256D2F255E
:10DF2400642F2579000000002561202562202565E5
:10DF3400202554202559000053756E646179004DE5
:10DF44006F6E646179005475657364617900576517
:10DF5400646E657364617900546875727364617981
:10DF64000046726964617900536174757264617901
:10DF7400000000004A616E75617279004665627244
:10DF840075617279004D6172636800417072696CE9
:10DF9400004D6179004A756E65004A756C790041DF
:10DFA40075677573740053657074656D626572008E
:10DFB4004F63746F626572004E6F76656D62657251
:10DFC40000446563656D62657200000025483A256A
:10DFD4004D3A25530000000031B100004DB100005E
:10DFE40059B1000065B1000081B100008DB100009D
:10DFF40099B10000A7B10000000000002E0000004D
:10E0040030313233343536373839616263646566AA
:10E01400303132333435363738394142434445465A
:08E02400286E756C6C290000E8
:10E02C000000000000200040000000000020004024
:10E03C000000000000000000FF00000000000000D5
:10E04C000000000000000000FFFFFFFFFFFFFFFFCC
:10E05C0000000000000000000000000000000000B4
:10E06C00001001401100040000000000ED1B000036
:10E07C000000000000000000FFFFFFFFFFFFFFFF9C
:10E08C000000000000000000000000000000000084
:10E09C000000000000000000FFFFFFFFFFFFFFFF7C
:10E0AC000000000000000000000000000000000064
:10E0BC000000000000000000FFFFFFFFFFFFFFFF5C
:10E0CC000000000000000000000000000000000044
:10E0DC009CDC00000000000000010000CCDC000013
:10E0EC0080DC00009CDC00000090D00360DE0000AF
:10E0FC0060DE000060DE000060DE000060DE00001C
:04E10C00010000000E
:040000030000037581
:00000001FF
